물품별_AI순위,전체_AI순위,candidate_id,물품번호,물품명,사업자번호,사업자번호_정규화,업체명,AI예측점수,대표물품,제조업체,공급품목등록후_경과일수,공급품목등록후_경과일수_log,업체_등록품목수,업체_동일대분류등록수,업체_동일분류공급품목수,업체_동일중분류등록수,업체_동일소분류등록수,업체_대표물품등록수,업체_제조품목등록수,품목_공급업체수,품목_대표물품업체수,품목_제조업체수,품목_제조업체비율,품목_대표물품비율,품목_평균참가업체수,품목_평균참가업체수_log,품목_경쟁강도,이전전체낙찰건수,이전동일품목낙찰건수,해당물품_과거낙찰건수,이전동일대분류낙찰건수,최근365일낙찰건수,최근낙찰일_경과일수,최근낙찰일_경과일수_log,이전낙찰금액합계_log,참가업체수_log,물품번호_prefix2,물품번호_prefix4,물품번호_prefix6,창업기업,장애인표준사업장,사회적기업,부정당제재,제재종료후_경과일수,제재종료후_경과일수_log
1,86,301,4010160101,송풍기,3050743164,3050743164,컴텍시스템,0.166767,0.0,0.0,1499.0,7.313220387090301,14.0,2.0,2.0,2.0,1.0,0.0,0.0,1127.0,23.0,0.0,0.0,0.02040816326530612,43.17134831460674,3.7880763507166106,0.03830643151251707,99.0,0.0,0.0,0.0,11.0,151.0,5.0238805208462765,22.77545809127964,0.0,40.0,4010.0,401016.0,0.0,0.0,0.0,0.0,0.0,0.0
2,120,302,4010160101,송풍기,2048197877,2048197877,주식회사 그린주의,0.088165,0.0,0.0,382.0,5.948034989180646,87.0,4.0,4.0,4.0,1.0,0.0,4.0,1127.0,23.0,0.0,0.0,0.02040816326530612,43.17134831460674,3.7880763507166106,0.03830643151251707,78.0,0.0,0.0,0.0,19.0,131.0,4.882801922586371,22.792293343997162,0.0,40.0,4010.0,401016.0,0.0,0.0,0.0,0.0,0.0,0.0
3,129,349,4010160101,송풍기,3271901186,3271901186,엠에이치테크,0.067316,0.0,0.0,1124.0,7.025538314638521,17.0,1.0,1.0,1.0,1.0,0.0,0.0,1127.0,23.0,0.0,0.0,0.02040816326530612,43.17134831460674,3.7880763507166106,0.03830643151251707,16.0,0.0,0.0,0.0,3.0,344.0,5.84354441703136,20.996259562611176,0.0,40.0,4010.0,401016.0,0.0,0.0,0.0,0.0,0.0,0.0
4,147,338,4010160101,송풍기,2292401057,2292401057,클로버,0.040038,0.0,0.0,1114.0,7.016609683894219,279.0,10.0,2.0,2.0,1.0,0.0,0.0,1127.0,23.0,0.0,0.0,0.02040816326530612,43.17134831460674,3.7880763507166106,0.03830643151251707,19.0,1.0,1.0,1.0,1.0,285.0,5.655991810819852,20.455692291260235,0.0,40.0,4010.0,401016.0,0.0,0.0,0.0,0.0,0.0,0.0
5,149,304,4010160101,송풍기,1228646713,1228646713,주식회사 새론아이,0.038777,0.0,0.0,1112.0,7.014814351275545,285.0,10.0,3.0,3.0,1.0,0.0,0.0,1127.0,23.0,0.0,0.0,0.02040816326530612,43.17134831460674,3.7880763507166106,0.03830643151251707,58.0,1.0,1.0,1.0,1.0,311.0,5.7430031878094825,22.295208575475716,0.0,40.0,4010.0,401016.0,0.0,0.0,0.0,0.0,0.0,0.0
6,164,334,4010160101,송풍기,3020561946,3020561946,다옴,0.02801,0.0,0.0,1124.0,7.025538314638521,41.0,1.0,1.0,1.0,1.0,0.0,0.0,1127.0,23.0,0.0,0.0,0.02040816326530612,43.17134831460674,3.7880763507166106,0.03830643151251707,19.0,0.0,0.0,0.0,5.0,190.0,5.25227342804663,20.962367222824298,0.0,40.0,4010.0,401016.0,0.0,0.0,0.0,0.0,0.0,0.0
7,190,314,4010160101,송풍기,1428800715,1428800715,주식회사 유진랩,0.018788,0.0,0.0,1124.0,7.025538314638521,40.0,3.0,3.0,3.0,1.0,0.0,0.0,1127.0,23.0,0.0,0.0,0.02040816326530612,43.17134831460674,3.7880763507166106,0.03830643151251707,41.0,0.0,0.0,0.0,2.0,155.0,5.049856007249537,21.73819116607521,0.0,40.0,4010.0,401016.0,0.0,0.0,0.0,0.0,0.0,0.0
8,218,320,4010160101,송풍기,1288686770,1288686770,주식회사 메디시온,0.014902,0.0,0.0,1114.0,7.016609683894219,228.0,10.0,2.0,2.0,1.0,0.0,12.0,1127.0,23.0,0.0,0.0,0.02040816326530612,43.17134831460674,3.7880763507166106,0.03830643151251707,32.0,0.0,0.0,1.0,2.0,344.0,5.84354441703136,22.250080599499526,0.0,40.0,4010.0,401016.0,0.0,0.0,0.0,0.0,0.0,0.0
9,228,344,4010160101,송풍기,7807000278,7807000278,번개상사,0.013908,0.0,0.0,1114.0,7.016609683894219,206.0,9.0,2.0,2.0,1.0,0.0,0.0,1127.0,23.0,0.0,0.0,0.02040816326530612,43.17134831460674,3.7880763507166106,0.03830643151251707,17.0,0.0,0.0,1.0,1.0,365.0,5.902633333401366,21.24000779801876,0.0,40.0,4010.0,401016.0,0.0,0.0,0.0,0.0,0.0,0.0
10,236,311,4010160101,송풍기,5295500699,5295500699,비에스에스,0.012634,0.0,0.0,1121.0,7.022868086082641,230.0,7.0,3.0,3.0,1.0,0.0,0.0,1127.0,23.0,0.0,0.0,0.02040816326530612,43.17134831460674,3.7880763507166106,0.03830643151251707,46.0,0.0,0.0,1.0,7.0,150.0,5.017279836814924,21.438613923494515,0.0,40.0,4010.0,401016.0,0.0,0.0,0.0,0.0,0.0,0.0
11,238,305,4010160101,송풍기,7620400047,7620400047,에스지에스,0.01261,0.0,0.0,1115.0,7.017506142941256,262.0,16.0,5.0,5.0,2.0,0.0,0.0,1127.0,23.0,0.0,0.0,0.02040816326530612,43.17134831460674,3.7880763507166106,0.03830643151251707,57.0,0.0,0.0,1.0,5.0,164.0,5.10594547390058,21.71871914472189,0.0,40.0,4010.0,401016.0,0.0,0.0,0.0,0.0,0.0,0.0
12,239,322,4010160101,송풍기,6671900936,6671900936,제이디아이(JDI),0.012454,0.0,0.0,1115.0,7.017506142941256,299.0,20.0,4.0,4.0,2.0,0.0,0.0,1127.0,23.0,0.0,0.0,0.02040816326530612,43.17134831460674,3.7880763507166106,0.03830643151251707,32.0,0.0,0.0,2.0,2.0,225.0,5.420534999272286,20.594452881255116,0.0,40.0,4010.0,401016.0,0.0,0.0,0.0,0.0,0.0,0.0
13,241,340,4010160101,송풍기,8891000019,8891000019,동행상사,0.012045,0.0,0.0,383.0,5.950642552587727,154.0,8.0,4.0,4.0,1.0,0.0,0.0,1127.0,23.0,0.0,0.0,0.02040816326530612,43.17134831460674,3.7880763507166106,0.03830643151251707,18.0,0.0,0.0,0.0,2.0,183.0,5.214935757608986,20.268259466114905,0.0,40.0,4010.0,401016.0,0.0,0.0,0.0,0.0,0.0,0.0
14,254,328,4010160101,송풍기,2273001106,2273001106,서이트레이드,0.010589,0.0,0.0,1114.0,7.016609683894219,385.0,19.0,6.0,6.0,1.0,6.0,0.0,1127.0,23.0,0.0,0.0,0.02040816326530612,43.17134831460674,3.7880763507166106,0.03830643151251707,25.0,0.0,0.0,0.0,10.0,156.0,5.056245805348308,21.808402134622703,0.0,40.0,4010.0,401016.0,0.0,0.0,0.0,0.0,0.0,0.0
15,284,332,4010160101,송풍기,1218641961,1218641961,주식회사 이안코리아,0.00789,0.0,0.0,1116.0,7.018401799069201,142.0,5.0,2.0,2.0,1.0,0.0,51.0,1127.0,23.0,0.0,0.0,0.02040816326530612,43.17134831460674,3.7880763507166106,0.03830643151251707,19.0,0.0,0.0,0.0,1.0,145.0,4.983606621708336,22.09862390699156,0.0,40.0,4010.0,401016.0,0.0,0.0,0.0,0.0,0.0,0.0
16,294,307,4010160101,송풍기,7394000782,7394000782,더원컴퍼니,0.007468,0.0,0.0,1111.0,7.013915474810528,355.0,13.0,3.0,3.0,1.0,0.0,0.0,1127.0,23.0,0.0,0.0,0.02040816326530612,43.17134831460674,3.7880763507166106,0.03830643151251707,51.0,0.0,0.0,1.0,1.0,323.0,5.780743515792329,21.923790094980987,0.0,40.0,4010.0,401016.0,0.0,0.0,0.0,0.0,0.0,0.0
17,297,330,4010160101,송풍기,2068693703,2068693703,(주)원포인트 듀오,0.007353,0.0,0.0,1114.0,7.016609683894219,169.0,5.0,3.0,3.0,1.0,0.0,21.0,1127.0,23.0,0.0,0.0,0.02040816326530612,43.17134831460674,3.7880763507166106,0.03830643151251707,23.0,0.0,0.0,0.0,6.0,137.0,4.927253685157205,20.88693703882531,0.0,40.0,4010.0,401016.0,0.0,0.0,0.0,0.0,0.0,0.0
18,300,342,4010160101,송풍기,1218186809,1218186809,(주)씨티원서비스,0.007177,0.0,0.0,1114.0,7.016609683894219,358.0,14.0,4.0,4.0,1.0,9.0,0.0,1127.0,23.0,0.0,0.0,0.02040816326530612,43.17134831460674,3.7880763507166106,0.03830643151251707,17.0,0.0,0.0,1.0,0.0,501.0,6.218600119691729,21.49733424009571,0.0,40.0,4010.0,401016.0,0.0,0.0,0.0,0.0,0.0,0.0
19,302,327,4010160101,송풍기,2166700331,2166700331,디오세이프티(DO SAFETY),0.006949,0.0,0.0,1114.0,7.016609683894219,113.0,3.0,2.0,2.0,1.0,0.0,0.0,1127.0,23.0,0.0,0.0,0.02040816326530612,43.17134831460674,3.7880763507166106,0.03830643151251707,26.0,0.0,0.0,0.0,3.0,165.0,5.111987788356544,21.05476175075794,0.0,40.0,4010.0,401016.0,0.0,0.0,0.0,0.0,0.0,0.0
20,303,313,4010160101,송풍기,6122552599,6122552599,안가,0.006942,0.0,0.0,1116.0,7.018401799069201,456.0,17.0,6.0,6.0,1.0,0.0,0.0,1127.0,23.0,0.0,0.0,0.02040816326530612,43.17134831460674,3.7880763507166106,0.03830643151251707,42.0,0.0,0.0,0.0,10.0,143.0,4.969813299576001,22.152199330031827,0.0,40.0,4010.0,401016.0,0.0,0.0,0.0,0.0,0.0,0.0
21,312,333,4010160101,송풍기,2803701009,2803701009,오성,0.00661,0.0,0.0,1114.0,7.016609683894219,127.0,8.0,3.0,3.0,1.0,1.0,0.0,1127.0,23.0,0.0,0.0,0.02040816326530612,43.17134831460674,3.7880763507166106,0.03830643151251707,19.0,0.0,0.0,0.0,1.0,355.0,5.87493073085203,21.65578388052157,0.0,40.0,4010.0,401016.0,0.0,0.0,0.0,0.0,0.0,0.0
22,313,309,4010160101,송풍기,4858601669,4858601669,주식회사 모아텍,0.006586,0.0,0.0,1114.0,7.016609683894219,401.0,19.0,7.0,7.0,2.0,8.0,0.0,1127.0,23.0,0.0,0.0,0.02040816326530612,43.17134831460674,3.7880763507166106,0.03830643151251707,47.0,0.0,0.0,0.0,5.0,155.0,5.049856007249537,22.43652595380409,0.0,40.0,4010.0,401016.0,0.0,0.0,0.0,0.0,0.0,0.0
23,326,337,4010160101,송풍기,3532200610,3532200610,자한티씨,0.005992,0.0,0.0,1111.0,7.013915474810528,107.0,2.0,2.0,2.0,1.0,0.0,0.0,1127.0,23.0,0.0,0.0,0.02040816326530612,43.17134831460674,3.7880763507166106,0.03830643151251707,19.0,0.0,0.0,0.0,0.0,375.0,5.929589143389895,20.51315249872568,0.0,40.0,4010.0,401016.0,0.0,0.0,0.0,0.0,0.0,0.0
24,331,321,4010160101,송풍기,7958701414,7958701414,주식회사 씨티원 충남,0.005737,0.0,0.0,1114.0,7.016609683894219,409.0,19.0,6.0,6.0,1.0,3.0,0.0,1127.0,23.0,0.0,0.0,0.02040816326530612,43.17134831460674,3.7880763507166106,0.03830643151251707,32.0,0.0,0.0,0.0,6.0,138.0,4.9344739331306915,21.47605125013972,0.0,40.0,4010.0,401016.0,0.0,0.0,0.0,0.0,0.0,0.0
25,337,323,4010160101,송풍기,3091861646,3091861646,모아상사,0.005542,0.0,0.0,1114.0,7.016609683894219,368.0,15.0,5.0,5.0,1.0,6.0,0.0,1127.0,23.0,0.0,0.0,0.02040816326530612,43.17134831460674,3.7880763507166106,0.03830643151251707,29.0,0.0,0.0,0.0,6.0,163.0,5.099866427824199,21.80680664664505,0.0,40.0,4010.0,401016.0,0.0,0.0,0.0,0.0,0.0,0.0
26,339,347,4010160101,송풍기,3682700131,3682700131,경은상회,0.005478,0.0,0.0,1114.0,7.016609683894219,155.0,6.0,2.0,2.0,1.0,0.0,0.0,1127.0,23.0,0.0,0.0,0.02040816326530612,43.17134831460674,3.7880763507166106,0.03830643151251707,16.0,0.0,0.0,0.0,0.0,400.0,5.993961427306569,21.320160922288956,0.0,40.0,4010.0,401016.0,0.0,0.0,0.0,0.0,0.0,0.0
27,341,336,4010160101,송풍기,4088166210,4088166210,주식회사 엔디,0.005424,0.0,0.0,1112.0,7.014814351275545,212.0,8.0,2.0,2.0,1.0,0.0,0.0,1127.0,23.0,0.0,0.0,0.02040816326530612,43.17134831460674,3.7880763507166106,0.03830643151251707,19.0,0.0,0.0,0.0,1.0,303.0,5.717027701406222,20.66161223947856,0.0,40.0,4010.0,401016.0,0.0,0.0,0.0,0.0,0.0,0.0
28,350,324,4010160101,송풍기,7254000347,7254000347,마린아트,0.005234,0.0,0.0,750.0,6.621405651764134,94.0,6.0,2.0,2.0,1.0,0.0,0.0,1127.0,23.0,0.0,0.0,0.02040816326530612,43.17134831460674,3.7880763507166106,0.03830643151251707,28.0,0.0,0.0,0.0,2.0,283.0,5.648974238161206,21.0776668700083,0.0,40.0,4010.0,401016.0,0.0,0.0,0.0,0.0,0.0,0.0
29,352,317,4010160101,송풍기,7481801052,7481801052,제스트,0.005223,0.0,0.0,1114.0,7.016609683894219,73.0,4.0,1.0,1.0,1.0,0.0,0.0,1127.0,23.0,0.0,0.0,0.02040816326530612,43.17134831460674,3.7880763507166106,0.03830643151251707,37.0,0.0,0.0,0.0,1.0,334.0,5.814130531825066,21.1192762392261,0.0,40.0,4010.0,401016.0,0.0,0.0,0.0,0.0,0.0,0.0
30,354,325,4010160101,송풍기,5118127226,5118127226,주식회사 마크온탑,0.00519,0.0,0.0,1374.0,7.226209010100671,1602.0,66.0,16.0,16.0,2.0,2.0,49.0,1127.0,23.0,0.0,0.0,0.02040816326530612,43.17134831460674,3.7880763507166106,0.03830643151251707,27.0,0.0,0.0,0.0,4.0,184.0,5.220355825078325,21.731939902532034,0.0,40.0,4010.0,401016.0,0.0,0.0,0.0,0.0,0.0,0.0
31,361,303,4010160101,송풍기,8278602014,8278602014,주식회사 혼정보통신,0.004863,0.0,0.0,1114.0,7.016609683894219,550.0,28.0,7.0,7.0,2.0,1.0,0.0,1127.0,23.0,0.0,0.0,0.02040816326530612,43.17134831460674,3.7880763507166106,0.03830643151251707,69.0,0.0,0.0,0.0,7.0,191.0,5.2574953720277815,21.98506464302589,0.0,40.0,4010.0,401016.0,0.0,0.0,0.0,0.0,0.0,0.0
32,362,326,4010160101,송풍기,8878102928,8878102928,주식회사 제이디폼,0.00484,0.0,0.0,1116.0,7.018401799069201,505.0,15.0,4.0,4.0,2.0,0.0,0.0,1127.0,23.0,0.0,0.0,0.02040816326530612,43.17134831460674,3.7880763507166106,0.03830643151251707,27.0,0.0,0.0,0.0,1.0,292.0,5.680172609017068,21.536205245317035,0.0,40.0,4010.0,401016.0,0.0,0.0,0.0,0.0,0.0,0.0
33,366,348,4010160101,송풍기,1430175713,1430175713,에스와이컴퍼니,0.004753,0.0,0.0,1114.0,7.016609683894219,184.0,7.0,3.0,3.0,1.0,0.0,0.0,1127.0,23.0,0.0,0.0,0.02040816326530612,43.17134831460674,3.7880763507166106,0.03830643151251707,16.0,0.0,0.0,0.0,0.0,372.0,5.921578419643816,21.199859531433567,0.0,40.0,4010.0,401016.0,0.0,0.0,0.0,0.0,0.0,0.0
34,369,331,4010160101,송풍기,4721301373,4721301373,어진컴퍼니,0.004698,0.0,0.0,1112.0,7.014814351275545,298.0,7.0,3.0,3.0,1.0,0.0,0.0,1127.0,23.0,0.0,0.0,0.02040816326530612,43.17134831460674,3.7880763507166106,0.03830643151251707,21.0,0.0,0.0,0.0,0.0,547.0,6.306275286948016,21.61567268652967,0.0,40.0,4010.0,401016.0,0.0,0.0,0.0,0.0,0.0,0.0
35,370,306,4010160101,송풍기,2117400300,2117400300,에닐트 (HENNILT),0.00467,0.0,0.0,1487.0,7.305188215393037,115.0,6.0,1.0,1.0,1.0,0.0,0.0,1127.0,23.0,0.0,0.0,0.02040816326530612,43.17134831460674,3.7880763507166106,0.03830643151251707,56.0,0.0,0.0,0.0,0.0,437.0,6.082218910376446,22.125663358904415,0.0,40.0,4010.0,401016.0,0.0,0.0,0.0,0.0,0.0,0.0
36,371,310,4010160101,송풍기,1308685487,1308685487,바이오퍼스글로벌 주식회사,0.004668,0.0,0.0,1116.0,7.018401799069201,284.0,23.0,8.0,8.0,1.0,0.0,0.0,1127.0,23.0,0.0,0.0,0.02040816326530612,43.17134831460674,3.7880763507166106,0.03830643151251707,46.0,0.0,0.0,0.0,3.0,316.0,5.75890177387728,22.099802480507,0.0,40.0,4010.0,401016.0,0.0,0.0,0.0,0.0,0.0,0.0
37,372,350,4010160101,송풍기,7342601117,7342601117,에벤에셀,0.004662,0.0,0.0,1114.0,7.016609683894219,198.0,9.0,2.0,2.0,1.0,0.0,0.0,1127.0,23.0,0.0,0.0,0.02040816326530612,43.17134831460674,3.7880763507166106,0.03830643151251707,16.0,0.0,0.0,0.0,1.0,201.0,5.308267697401205,20.860626926536117,0.0,40.0,4010.0,401016.0,0.0,0.0,0.0,0.0,0.0,0.0
38,373,335,4010160101,송풍기,1408161167,1408161167,(주)협성산업,0.004653,0.0,0.0,1120.0,7.02197642307216,238.0,18.0,5.0,5.0,1.0,0.0,0.0,1127.0,23.0,0.0,0.0,0.02040816326530612,43.17134831460674,3.7880763507166106,0.03830643151251707,19.0,0.0,0.0,0.0,1.0,311.0,5.7430031878094825,20.732386428611704,0.0,40.0,4010.0,401016.0,0.0,0.0,0.0,0.0,0.0,0.0
39,375,308,4010160101,송풍기,7278602368,7278602368,주식회사 숨,0.004607,0.0,0.0,1114.0,7.016609683894219,596.0,29.0,9.0,9.0,3.0,1.0,0.0,1127.0,23.0,0.0,0.0,0.02040816326530612,43.17134831460674,3.7880763507166106,0.03830643151251707,48.0,0.0,0.0,0.0,4.0,165.0,5.111987788356544,21.692833985055888,0.0,40.0,4010.0,401016.0,0.0,0.0,0.0,0.0,0.0,0.0
40,380,343,4010160101,송풍기,5568101156,5568101156,주식회사 우리에이치알컴퍼니,0.004506,0.0,0.0,1115.0,7.017506142941256,283.0,16.0,4.0,4.0,2.0,0.0,0.0,1127.0,23.0,0.0,0.0,0.02040816326530612,43.17134831460674,3.7880763507166106,0.03830643151251707,17.0,0.0,0.0,0.0,4.0,177.0,5.181783550292085,21.445408952630057,0.0,40.0,4010.0,401016.0,0.0,0.0,0.0,0.0,0.0,0.0
41,383,316,4010160101,송풍기,7810302068,7810302068,에이스건설산업,0.004418,0.0,0.0,1111.0,7.013915474810528,392.0,17.0,4.0,4.0,1.0,0.0,0.0,1127.0,23.0,0.0,0.0,0.02040816326530612,43.17134831460674,3.7880763507166106,0.03830643151251707,39.0,0.0,0.0,0.0,7.0,176.0,5.176149732573829,21.52980287770553,0.0,40.0,4010.0,401016.0,0.0,0.0,0.0,0.0,0.0,0.0
42,385,312,4010160101,송풍기,6978702327,6978702327,주식회사 크리스탈소프트,0.004405,0.0,0.0,1114.0,7.016609683894219,710.0,28.0,8.0,8.0,2.0,1.0,0.0,1127.0,23.0,0.0,0.0,0.02040816326530612,43.17134831460674,3.7880763507166106,0.03830643151251707,45.0,0.0,0.0,0.0,9.0,150.0,5.017279836814924,21.51739492036517,0.0,40.0,4010.0,401016.0,0.0,0.0,0.0,0.0,0.0,0.0
43,397,329,4010160101,송풍기,5323701365,5323701365,케이엘컴퍼니,0.004006,0.0,0.0,1116.0,7.018401799069201,486.0,19.0,6.0,6.0,1.0,1.0,0.0,1127.0,23.0,0.0,0.0,0.02040816326530612,43.17134831460674,3.7880763507166106,0.03830643151251707,25.0,0.0,0.0,0.0,4.0,148.0,5.003946305945459,21.17086788329727,0.0,40.0,4010.0,401016.0,0.0,0.0,0.0,0.0,0.0,0.0
44,399,318,4010160101,송풍기,3328802499,3328802499,주식회사 루트텍,0.003959,0.0,0.0,1114.0,7.016609683894219,504.0,15.0,6.0,6.0,1.0,0.0,0.0,1127.0,23.0,0.0,0.0,0.02040816326530612,43.17134831460674,3.7880763507166106,0.03830643151251707,35.0,0.0,0.0,0.0,1.0,345.0,5.846438775057724,21.21858131628369,0.0,40.0,4010.0,401016.0,0.0,0.0,0.0,0.0,0.0,0.0
45,404,339,4010160101,송풍기,3061864998,3061864998,에스코,0.003934,0.0,0.0,617.0,6.42648845745769,414.0,21.0,6.0,6.0,1.0,0.0,0.0,1127.0,23.0,0.0,0.0,0.02040816326530612,43.17134831460674,3.7880763507166106,0.03830643151251707,18.0,0.0,0.0,0.0,1.0,201.0,5.308267697401205,20.90664891096488,0.0,40.0,4010.0,401016.0,0.0,0.0,0.0,0.0,0.0,0.0
46,413,345,4010160101,송풍기,5073600534,5073600534,엔젤테크,0.003817,0.0,0.0,1118.0,7.020190708311925,391.0,18.0,7.0,7.0,1.0,0.0,0.0,1127.0,23.0,0.0,0.0,0.02040816326530612,43.17134831460674,3.7880763507166106,0.03830643151251707,17.0,0.0,0.0,0.0,1.0,184.0,5.220355825078325,21.02970667662079,0.0,40.0,4010.0,401016.0,0.0,0.0,0.0,0.0,0.0,0.0
47,416,346,4010160101,송풍기,6502401417,6502401417,선유통,0.003772,0.0,0.0,1356.0,7.213031659834869,1955.0,101.0,32.0,32.0,4.0,1.0,0.0,1127.0,23.0,0.0,0.0,0.02040816326530612,43.17134831460674,3.7880763507166106,0.03830643151251707,17.0,0.0,0.0,0.0,2.0,284.0,5.652489180268651,20.748738594900335,0.0,40.0,4010.0,401016.0,0.0,0.0,0.0,0.0,0.0,0.0
48,418,319,4010160101,송풍기,6870700558,6870700558,에스엠제이,0.00373,0.0,0.0,1115.0,7.017506142941256,268.0,14.0,3.0,3.0,2.0,0.0,0.0,1127.0,23.0,0.0,0.0,0.02040816326530612,43.17134831460674,3.7880763507166106,0.03830643151251707,35.0,0.0,0.0,0.0,4.0,166.0,5.117993812416755,20.997428775579056,0.0,40.0,4010.0,401016.0,0.0,0.0,0.0,0.0,0.0,0.0
49,421,315,4010160101,송풍기,2078802795,2078802795,주식회사 클라우드소프트,0.003652,0.0,0.0,1114.0,7.016609683894219,711.0,29.0,9.0,9.0,2.0,1.0,0.0,1127.0,23.0,0.0,0.0,0.02040816326530612,43.17134831460674,3.7880763507166106,0.03830643151251707,41.0,0.0,0.0,0.0,6.0,193.0,5.267858159063328,21.429539536553,0.0,40.0,4010.0,401016.0,0.0,0.0,0.0,0.0,0.0,0.0
50,446,341,4010160101,송풍기,2011525821,2011525821,주앤주,0.003225,0.0,0.0,1116.0,7.018401799069201,585.0,19.0,7.0,7.0,2.0,0.0,0.0,1127.0,23.0,0.0,0.0,0.02040816326530612,43.17134831460674,3.7880763507166106,0.03830643151251707,17.0,0.0,0.0,0.0,2.0,318.0,5.765191102784844,21.755792737940002,0.0,40.0,4010.0,401016.0,0.0,0.0,0.0,0.0,0.0,0.0
1,162,462,4014169401,제수밸브,6502401417,6502401417,선유통,0.029296,0.0,0.0,268.0,5.594711379601839,1955.0,101.0,39.0,39.0,10.0,1.0,0.0,518.0,2.0,2.0,0.003861003861003861,0.003861003861003861,2.56,1.269760544863939,0.004942084942084942,17.0,0.0,0.0,0.0,2.0,284.0,5.652489180268651,20.748738594900335,0.0,40.0,4014.0,401416.0,0.0,0.0,0.0,0.0,0.0,0.0
2,212,486,4014169401,제수밸브,7180103124,7180103124,제이와이시스템,0.015885,0.0,0.0,268.0,5.594711379601839,2104.0,111.0,44.0,44.0,12.0,1.0,0.0,518.0,2.0,2.0,0.003861003861003861,0.003861003861003861,2.56,1.269760544863939,0.004942084942084942,9.0,0.0,0.0,0.0,2.0,179.0,5.19295685089021,19.658094922988802,0.0,40.0,4014.0,401416.0,0.0,0.0,0.0,0.0,0.0,0.0
3,226,500,4014169401,제수밸브,3253301264,3253301264,미정유통,0.014232,0.0,0.0,268.0,5.594711379601839,1048.0,50.0,16.0,16.0,5.0,1.0,0.0,518.0,2.0,2.0,0.003861003861003861,0.003861003861003861,2.56,1.269760544863939,0.004942084942084942,7.0,0.0,0.0,0.0,3.0,197.0,5.288267030694535,19.99791554981183,0.0,40.0,4014.0,401416.0,0.0,0.0,0.0,0.0,0.0,0.0
4,230,473,4014169401,제수밸브,1084674027,1084674027,한컴퍼니,0.013841,0.0,0.0,268.0,5.594711379601839,907.0,49.0,16.0,16.0,5.0,0.0,0.0,518.0,2.0,2.0,0.003861003861003861,0.003861003861003861,2.56,1.269760544863939,0.004942084942084942,11.0,0.0,0.0,0.0,4.0,137.0,4.927253685157205,21.288737037018947,0.0,40.0,4014.0,401416.0,0.0,0.0,0.0,0.0,0.0,0.0
5,242,459,4014169401,제수밸브,3294700944,3294700944,우주유통,0.011808,0.0,0.0,268.0,5.594711379601839,909.0,49.0,16.0,16.0,5.0,0.0,0.0,518.0,2.0,2.0,0.003861003861003861,0.003861003861003861,2.56,1.269760544863939,0.004942084942084942,19.0,0.0,0.0,0.0,2.0,200.0,5.303304908059076,20.616570145771657,0.0,40.0,4014.0,401416.0,0.0,0.0,0.0,0.0,0.0,0.0
6,247,491,4014169401,제수밸브,6276300509,6276300509,이루리,0.011026,0.0,0.0,264.0,5.579729825986222,909.0,52.0,20.0,20.0,5.0,0.0,0.0,518.0,2.0,2.0,0.003861003861003861,0.003861003861003861,2.56,1.269760544863939,0.004942084942084942,8.0,0.0,0.0,0.0,2.0,226.0,5.424950017481403,20.237834613606434,0.0,40.0,4014.0,401416.0,0.0,0.0,0.0,0.0,0.0,0.0
7,250,467,4014169401,제수밸브,4031435175,4031435175,세화,0.01082,0.0,0.0,268.0,5.594711379601839,424.0,21.0,6.0,6.0,2.0,0.0,0.0,518.0,2.0,2.0,0.003861003861003861,0.003861003861003861,2.56,1.269760544863939,0.004942084942084942,13.0,0.0,0.0,0.0,4.0,148.0,5.003946305945459,21.004052481086063,0.0,40.0,4014.0,401416.0,0.0,0.0,0.0,0.0,0.0,0.0
8,252,451,4014169401,제수밸브,8278602014,8278602014,주식회사 혼정보통신,0.010787,0.0,0.0,757.0,6.630683385642372,550.0,28.0,9.0,9.0,8.0,1.0,0.0,518.0,2.0,2.0,0.003861003861003861,0.003861003861003861,2.56,1.269760544863939,0.004942084942084942,69.0,0.0,0.0,0.0,7.0,191.0,5.2574953720277815,21.98506464302589,0.0,40.0,4014.0,401416.0,0.0,0.0,0.0,0.0,0.0,0.0
9,264,453,4014169401,제수밸브,6978702327,6978702327,주식회사 크리스탈소프트,0.009479,0.0,0.0,757.0,6.630683385642372,710.0,28.0,7.0,7.0,6.0,1.0,0.0,518.0,2.0,2.0,0.003861003861003861,0.003861003861003861,2.56,1.269760544863939,0.004942084942084942,45.0,0.0,0.0,0.0,9.0,150.0,5.017279836814924,21.51739492036517,0.0,40.0,4014.0,401416.0,0.0,0.0,0.0,0.0,0.0,0.0
10,265,452,4014169401,제수밸브,7278602368,7278602368,주식회사 숨,0.009371,0.0,0.0,757.0,6.630683385642372,596.0,29.0,10.0,10.0,7.0,1.0,0.0,518.0,2.0,2.0,0.003861003861003861,0.003861003861003861,2.56,1.269760544863939,0.004942084942084942,48.0,0.0,0.0,0.0,4.0,165.0,5.111987788356544,21.692833985055888,0.0,40.0,4014.0,401416.0,0.0,0.0,0.0,0.0,0.0,0.0
11,273,471,4014169401,제수밸브,5494300900,5494300900,심이유통,0.008828,0.0,0.0,268.0,5.594711379601839,232.0,10.0,5.0,5.0,2.0,0.0,0.0,518.0,2.0,2.0,0.003861003861003861,0.003861003861003861,2.56,1.269760544863939,0.004942084942084942,12.0,0.0,0.0,1.0,2.0,156.0,5.056245805348308,19.72267129658136,0.0,40.0,4014.0,401416.0,0.0,0.0,0.0,0.0,0.0,0.0
12,285,454,4014169401,제수밸브,2078802795,2078802795,주식회사 클라우드소프트,0.007775,0.0,0.0,755.0,6.628041376179533,711.0,29.0,7.0,7.0,6.0,1.0,0.0,518.0,2.0,2.0,0.003861003861003861,0.003861003861003861,2.56,1.269760544863939,0.004942084942084942,41.0,0.0,0.0,0.0,6.0,193.0,5.267858159063328,21.429539536553,0.0,40.0,4014.0,401416.0,0.0,0.0,0.0,0.0,0.0,0.0
13,306,477,4014169401,제수밸브,5500201944,5500201944,엔와이씨(NYC),0.006817,0.0,0.0,267.0,5.5909869805108565,578.0,30.0,12.0,12.0,4.0,0.0,0.0,518.0,2.0,2.0,0.003861003861003861,0.003861003861003861,2.56,1.269760544863939,0.004942084942084942,10.0,0.0,0.0,0.0,2.0,187.0,5.236441962829949,20.518457453157346,0.0,40.0,4014.0,401416.0,0.0,0.0,0.0,0.0,0.0,0.0
14,307,488,4014169401,제수밸브,4530901680,4530901680,케이시라,0.006754,0.0,0.0,268.0,5.594711379601839,783.0,52.0,19.0,19.0,4.0,0.0,0.0,518.0,2.0,2.0,0.003861003861003861,0.003861003861003861,2.56,1.269760544863939,0.004942084942084942,8.0,0.0,0.0,0.0,2.0,283.0,5.648974238161206,20.55583887213572,0.0,40.0,4014.0,401416.0,0.0,0.0,0.0,0.0,0.0,0.0
15,308,479,4014169401,제수밸브,2963400907,2963400907,재이컴퍼니,0.006747,0.0,0.0,268.0,5.594711379601839,562.0,35.0,13.0,13.0,4.0,0.0,0.0,518.0,2.0,2.0,0.003861003861003861,0.003861003861003861,2.56,1.269760544863939,0.004942084942084942,10.0,0.0,0.0,0.0,3.0,199.0,5.298317366548036,20.116801408551538,0.0,40.0,4014.0,401416.0,0.0,0.0,0.0,0.0,0.0,0.0
16,314,489,4014169401,제수밸브,4801701799,4801701799,와이에스컴퍼니,0.006384,0.0,0.0,264.0,5.579729825986222,543.0,32.0,9.0,9.0,4.0,0.0,0.0,518.0,2.0,2.0,0.003861003861003861,0.003861003861003861,2.56,1.269760544863939,0.004942084942084942,8.0,0.0,0.0,0.0,2.0,183.0,5.214935757608986,20.374006422848083,0.0,40.0,4014.0,401416.0,0.0,0.0,0.0,0.0,0.0,0.0
17,319,466,4014169401,제수밸브,4410801337,4410801337,엔플,0.006261,0.0,0.0,268.0,5.594711379601839,436.0,25.0,7.0,7.0,2.0,0.0,0.0,518.0,2.0,2.0,0.003861003861003861,0.003861003861003861,2.56,1.269760544863939,0.004942084942084942,13.0,0.0,0.0,0.0,2.0,234.0,5.459585514144159,21.15329455550339,0.0,40.0,4014.0,401416.0,0.0,0.0,0.0,0.0,0.0,0.0
18,324,496,4014169401,제수밸브,7850902363,7850902363,레몬,0.006126,0.0,0.0,268.0,5.594711379601839,2042.0,106.0,41.0,41.0,11.0,1.0,0.0,518.0,2.0,2.0,0.003861003861003861,0.003861003861003861,2.56,1.269760544863939,0.004942084942084942,8.0,0.0,0.0,0.0,0.0,407.0,6.0112671744041615,19.49004954976055,0.0,40.0,4014.0,401416.0,0.0,0.0,0.0,0.0,0.0,0.0
19,325,478,4014169401,제수밸브,4991402199,4991402199,제이에이치물산,0.006095,0.0,0.0,268.0,5.594711379601839,210.0,10.0,5.0,5.0,2.0,0.0,0.0,518.0,2.0,2.0,0.003861003861003861,0.003861003861003861,2.56,1.269760544863939,0.004942084942084942,10.0,0.0,0.0,0.0,2.0,134.0,4.90527477843843,20.242896306910282,0.0,40.0,4014.0,401416.0,0.0,0.0,0.0,0.0,0.0,0.0
20,332,482,4014169401,제수밸브,3201402122,3201402122,나도상사,0.005709,0.0,0.0,268.0,5.594711379601839,230.0,10.0,5.0,5.0,2.0,0.0,0.0,518.0,2.0,2.0,0.003861003861003861,0.003861003861003861,2.56,1.269760544863939,0.004942084942084942,10.0,0.0,0.0,0.0,0.0,474.0,6.163314804034641,19.820259058868427,0.0,40.0,4014.0,401416.0,0.0,0.0,0.0,0.0,0.0,0.0
21,334,468,4014169401,제수밸브,3303500956,3303500956,제이유컴퍼니,0.00564,0.0,0.0,268.0,5.594711379601839,210.0,8.0,3.0,3.0,2.0,0.0,0.0,518.0,2.0,2.0,0.003861003861003861,0.003861003861003861,2.56,1.269760544863939,0.004942084942084942,13.0,0.0,0.0,0.0,1.0,152.0,5.030437921392435,19.781180162764667,0.0,40.0,4014.0,401416.0,0.0,0.0,0.0,0.0,0.0,0.0
22,335,493,4014169401,제수밸브,6083693694,6083693694,재동상사,0.005616,0.0,0.0,267.0,5.5909869805108565,561.0,34.0,13.0,13.0,5.0,0.0,0.0,518.0,2.0,2.0,0.003861003861003861,0.003861003861003861,2.56,1.269760544863939,0.004942084942084942,8.0,0.0,0.0,0.0,2.0,130.0,4.875197323201151,19.88246594124114,0.0,40.0,4014.0,401416.0,0.0,0.0,0.0,0.0,0.0,0.0
23,336,474,4014169401,제수밸브,6850301723,6850301723,대호컴퍼니,0.0056,0.0,0.0,268.0,5.594711379601839,478.0,28.0,10.0,10.0,3.0,0.0,0.0,518.0,2.0,2.0,0.003861003861003861,0.003861003861003861,2.56,1.269760544863939,0.004942084942084942,11.0,0.0,0.0,0.0,2.0,298.0,5.700443573390686,21.100370860017733,0.0,40.0,4014.0,401416.0,0.0,0.0,0.0,0.0,0.0,0.0
24,344,457,4014169401,제수밸브,1222645933,1222645933,디자인 청호,0.005354,0.0,0.0,754.0,6.626717749249025,118.0,7.0,3.0,3.0,1.0,0.0,20.0,518.0,2.0,2.0,0.003861003861003861,0.003861003861003861,2.56,1.269760544863939,0.004942084942084942,22.0,0.0,0.0,0.0,4.0,226.0,5.424950017481403,22.12690481157709,0.0,40.0,4014.0,401416.0,0.0,0.0,0.0,0.0,0.0,0.0
25,348,461,4014169401,제수밸브,6068623843,6068623843,주식회사 태원엠티,0.005274,0.0,0.0,266.0,5.58724865840025,227.0,16.0,9.0,9.0,4.0,0.0,1.0,518.0,2.0,2.0,0.003861003861003861,0.003861003861003861,2.56,1.269760544863939,0.004942084942084942,18.0,0.0,0.0,0.0,6.0,186.0,5.231108616854587,21.169287308778095,0.0,40.0,4014.0,401416.0,0.0,0.0,0.0,0.0,0.0,0.0
26,360,481,4014169401,제수밸브,7035400363,7035400363,그린유통,0.004881,0.0,0.0,268.0,5.594711379601839,227.0,10.0,5.0,5.0,2.0,0.0,0.0,518.0,2.0,2.0,0.003861003861003861,0.003861003861003861,2.56,1.269760544863939,0.004942084942084942,10.0,0.0,0.0,0.0,1.0,323.0,5.780743515792329,19.91942625367081,0.0,40.0,4014.0,401416.0,0.0,0.0,0.0,0.0,0.0,0.0
27,364,495,4014169401,제수밸브,2292003061,2292003061,엘라시스템,0.0048,0.0,0.0,268.0,5.594711379601839,217.0,10.0,5.0,5.0,2.0,0.0,0.0,518.0,2.0,2.0,0.003861003861003861,0.003861003861003861,2.56,1.269760544863939,0.004942084942084942,8.0,0.0,0.0,0.0,1.0,232.0,5.4510384535657,19.816343288787884,0.0,40.0,4014.0,401416.0,0.0,0.0,0.0,0.0,0.0,0.0
28,368,485,4014169401,제수밸브,2338601340,2338601340,창조토건주식회사,0.0047,0.0,0.0,757.0,6.630683385642372,363.0,18.0,5.0,5.0,4.0,0.0,0.0,518.0,2.0,2.0,0.003861003861003861,0.003861003861003861,2.56,1.269760544863939,0.004942084942084942,9.0,0.0,0.0,0.0,3.0,193.0,5.267858159063328,20.0373014760624,0.0,40.0,4014.0,401416.0,0.0,0.0,0.0,0.0,0.0,0.0
29,389,472,4014169401,제수밸브,7022701500,7022701500,골드굿즈,0.004193,0.0,0.0,265.0,5.583496308781699,721.0,36.0,10.0,10.0,4.0,1.0,0.0,518.0,2.0,2.0,0.003861003861003861,0.003861003861003861,2.56,1.269760544863939,0.004942084942084942,12.0,0.0,0.0,0.0,0.0,439.0,6.0867747269123065,19.714519904042316,0.0,40.0,4014.0,401416.0,0.0,0.0,0.0,0.0,0.0,0.0
30,391,456,4014169401,제수밸브,8022301103,8022301103,엔에이치물산,0.004163,0.0,0.0,268.0,5.594711379601839,234.0,10.0,5.0,5.0,2.0,0.0,0.0,518.0,2.0,2.0,0.003861003861003861,0.003861003861003861,2.56,1.269760544863939,0.004942084942084942,23.0,0.0,0.0,0.0,1.0,205.0,5.327876168789581,20.472951671788366,0.0,40.0,4014.0,401416.0,0.0,0.0,0.0,0.0,0.0,0.0
31,392,458,4014169401,제수밸브,4552701341,4552701341,선양인터,0.004163,0.0,0.0,268.0,5.594711379601839,232.0,10.0,5.0,5.0,2.0,0.0,0.0,518.0,2.0,2.0,0.003861003861003861,0.003861003861003861,2.56,1.269760544863939,0.004942084942084942,22.0,0.0,0.0,0.0,1.0,206.0,5.332718793265369,20.2910462477948,0.0,40.0,4014.0,401416.0,0.0,0.0,0.0,0.0,0.0,0.0
32,395,492,4014169401,제수밸브,6945900481,6945900481,비앤와이컴퍼니,0.004044,0.0,0.0,268.0,5.594711379601839,199.0,8.0,3.0,3.0,2.0,0.0,0.0,518.0,2.0,2.0,0.003861003861003861,0.003861003861003861,2.56,1.269760544863939,0.004942084942084942,8.0,0.0,0.0,0.0,1.0,331.0,5.805134968916488,20.03775451090445,0.0,40.0,4014.0,401416.0,0.0,0.0,0.0,0.0,0.0,0.0
33,400,484,4014169401,제수밸브,7245500542,7245500542,씨지테크,0.003959,0.0,0.0,268.0,5.594711379601839,194.0,10.0,5.0,5.0,2.0,0.0,0.0,518.0,2.0,2.0,0.003861003861003861,0.003861003861003861,2.56,1.269760544863939,0.004942084942084942,9.0,0.0,0.0,0.0,1.0,204.0,5.3230099791384085,20.323433377148515,0.0,40.0,4014.0,401416.0,0.0,0.0,0.0,0.0,0.0,0.0
34,412,480,4014169401,제수밸브,7761201564,7761201564,솜이네,0.003824,0.0,0.0,268.0,5.594711379601839,227.0,10.0,5.0,5.0,2.0,0.0,0.0,518.0,2.0,2.0,0.003861003861003861,0.003861003861003861,2.56,1.269760544863939,0.004942084942084942,10.0,0.0,0.0,0.0,3.0,236.0,5.4680601411351315,20.091526239373497,0.0,40.0,4014.0,401416.0,0.0,0.0,0.0,0.0,0.0,0.0
35,422,483,4014169401,제수밸브,4154400910,4154400910,히또컴퍼니,0.003651,0.0,0.0,268.0,5.594711379601839,1138.0,42.0,14.0,14.0,5.0,1.0,0.0,518.0,2.0,2.0,0.003861003861003861,0.003861003861003861,2.56,1.269760544863939,0.004942084942084942,10.0,0.0,0.0,0.0,1.0,303.0,5.717027701406222,19.576954699366695,0.0,40.0,4014.0,401416.0,0.0,0.0,0.0,0.0,0.0,0.0
36,426,476,4014169401,제수밸브,3081801330,3081801330,봄상사,0.003527,0.0,0.0,268.0,5.594711379601839,226.0,10.0,5.0,5.0,2.0,0.0,0.0,518.0,2.0,2.0,0.003861003861003861,0.003861003861003861,2.56,1.269760544863939,0.004942084942084942,11.0,0.0,0.0,0.0,1.0,317.0,5.762051382780177,20.222762291758524,0.0,40.0,4014.0,401416.0,0.0,0.0,0.0,0.0,0.0,0.0
37,429,464,4014169401,제수밸브,6132721977,6132721977,나이스컴퍼니,0.003511,0.0,0.0,268.0,5.594711379601839,274.0,13.0,5.0,5.0,2.0,0.0,0.0,518.0,2.0,2.0,0.003861003861003861,0.003861003861003861,2.56,1.269760544863939,0.004942084942084942,14.0,0.0,0.0,0.0,1.0,164.0,5.10594547390058,20.30195492102669,0.0,40.0,4014.0,401416.0,0.0,0.0,0.0,0.0,0.0,0.0
38,434,497,4014169401,제수밸브,5081296304,5081296304,달란트(talent)상사,0.003443,0.0,0.0,268.0,5.594711379601839,1116.0,48.0,16.0,16.0,5.0,1.0,0.0,518.0,2.0,2.0,0.003861003861003861,0.003861003861003861,2.56,1.269760544863939,0.004942084942084942,8.0,0.0,0.0,0.0,1.0,358.0,5.883322388488279,19.137576879754203,0.0,40.0,4014.0,401416.0,0.0,0.0,0.0,0.0,0.0,0.0
39,436,470,4014169401,제수밸브,2876200380,2876200380,고호상사,0.003396,0.0,0.0,268.0,5.594711379601839,229.0,10.0,5.0,5.0,2.0,0.0,0.0,518.0,2.0,2.0,0.003861003861003861,0.003861003861003861,2.56,1.269760544863939,0.004942084942084942,12.0,0.0,0.0,0.0,1.0,192.0,5.262690188904886,20.311734595498617,0.0,40.0,4014.0,401416.0,0.0,0.0,0.0,0.0,0.0,0.0
40,447,460,4014169401,제수밸브,2608603243,2608603243,주식회사 와이에스제이,0.003199,0.0,0.0,757.0,6.630683385642372,289.0,13.0,4.0,4.0,2.0,0.0,0.0,518.0,2.0,2.0,0.003861003861003861,0.003861003861003861,2.56,1.269760544863939,0.004942084942084942,19.0,0.0,0.0,0.0,5.0,171.0,5.147494476813453,20.581406307172184,0.0,40.0,4014.0,401416.0,0.0,0.0,0.0,0.0,0.0,0.0
41,451,494,4014169401,제수밸브,8472101169,8472101169,대일컴퍼니,0.003103,0.0,0.0,268.0,5.594711379601839,509.0,32.0,11.0,11.0,3.0,0.0,0.0,518.0,2.0,2.0,0.003861003861003861,0.003861003861003861,2.56,1.269760544863939,0.004942084942084942,8.0,0.0,0.0,0.0,0.0,688.0,6.535241271013659,19.82471624867618,0.0,40.0,4014.0,401416.0,0.0,0.0,0.0,0.0,0.0,0.0
42,456,499,4014169401,제수밸브,4164200700,4164200700,건영,0.003021,0.0,0.0,267.0,5.5909869805108565,468.0,28.0,10.0,10.0,3.0,0.0,0.0,518.0,2.0,2.0,0.003861003861003861,0.003861003861003861,2.56,1.269760544863939,0.004942084942084942,7.0,0.0,0.0,0.0,0.0,603.0,6.403574197934815,20.165414171281864,0.0,40.0,4014.0,401416.0,0.0,0.0,0.0,0.0,0.0,0.0
43,457,465,4014169401,제수밸브,8800301895,8800301895,베어영컴퍼니,0.002918,0.0,0.0,268.0,5.594711379601839,503.0,29.0,11.0,11.0,3.0,0.0,0.0,518.0,2.0,2.0,0.003861003861003861,0.003861003861003861,2.56,1.269760544863939,0.004942084942084942,14.0,0.0,0.0,0.0,1.0,239.0,5.480638923341991,20.241551528081427,0.0,40.0,4014.0,401416.0,0.0,0.0,0.0,0.0,0.0,0.0
44,458,490,4014169401,제수밸브,3973600790,3973600790,레버너스,0.002918,0.0,0.0,264.0,5.579729825986222,677.0,37.0,15.0,15.0,3.0,0.0,0.0,518.0,2.0,2.0,0.003861003861003861,0.003861003861003861,2.56,1.269760544863939,0.004942084942084942,8.0,0.0,0.0,0.0,1.0,318.0,5.765191102784844,20.325146908961084,0.0,40.0,4014.0,401416.0,0.0,0.0,0.0,0.0,0.0,0.0
45,463,469,4014169401,제수밸브,8466000619,8466000619,정욱,0.00286,0.0,0.0,268.0,5.594711379601839,694.0,35.0,10.0,10.0,4.0,0.0,0.0,518.0,2.0,2.0,0.003861003861003861,0.003861003861003861,2.56,1.269760544863939,0.004942084942084942,12.0,0.0,0.0,0.0,1.0,247.0,5.5134287461649825,20.704198584755666,0.0,40.0,4014.0,401416.0,0.0,0.0,0.0,0.0,0.0,0.0
46,468,475,4014169401,제수밸브,2111395806,2111395806,에그코리아,0.002804,0.0,0.0,264.0,5.579729825986222,638.0,34.0,12.0,12.0,4.0,0.0,0.0,518.0,2.0,2.0,0.003861003861003861,0.003861003861003861,2.56,1.269760544863939,0.004942084942084942,11.0,0.0,0.0,0.0,1.0,172.0,5.153291594497779,20.481449834464566,0.0,40.0,4014.0,401416.0,0.0,0.0,0.0,0.0,0.0,0.0
47,472,498,4014169401,제수밸브,2362501649,2362501649,영재유통,0.002712,0.0,0.0,266.0,5.58724865840025,1319.0,59.0,20.0,20.0,6.0,0.0,0.0,518.0,2.0,2.0,0.003861003861003861,0.003861003861003861,2.56,1.269760544863939,0.004942084942084942,7.0,0.0,0.0,0.0,0.0,366.0,5.905361848054571,20.26900179836839,0.0,40.0,4014.0,401416.0,0.0,0.0,0.0,0.0,0.0,0.0
48,478,487,4014169401,제수밸브,6803001364,6803001364,아프로플러스,0.002563,0.0,0.0,267.0,5.5909869805108565,708.0,38.0,9.0,9.0,4.0,0.0,0.0,518.0,2.0,2.0,0.003861003861003861,0.003861003861003861,2.56,1.269760544863939,0.004942084942084942,9.0,0.0,0.0,0.0,0.0,421.0,6.045005314036012,19.14735744789905,0.0,40.0,4014.0,401416.0,0.0,0.0,0.0,0.0,0.0,0.0
49,493,455,4014169401,제수밸브,3328802499,3328802499,주식회사 루트텍,0.002124,0.0,0.0,757.0,6.630683385642372,504.0,15.0,4.0,4.0,2.0,0.0,0.0,518.0,2.0,2.0,0.003861003861003861,0.003861003861003861,2.56,1.269760544863939,0.004942084942084942,35.0,0.0,0.0,0.0,1.0,345.0,5.846438775057724,21.21858131628369,0.0,40.0,4014.0,401416.0,0.0,0.0,0.0,0.0,0.0,0.0
50,498,463,4014169401,제수밸브,2791401150,2791401150,가우정인,0.001878,0.0,0.0,151.0,5.0238805208462765,5095.0,81.0,29.0,29.0,6.0,0.0,0.0,518.0,2.0,2.0,0.003861003861003861,0.003861003861003861,2.56,1.269760544863939,0.004942084942084942,15.0,0.0,0.0,0.0,0.0,495.0,6.206575926724928,20.6110926129568,0.0,40.0,4014.0,401416.0,0.0,0.0,0.0,0.0,0.0,0.0
1,8,258,4015150501,정량펌프,2632300779,2632300779,천지하이텍,0.814433,0.0,1.0,1116.0,7.018401799069201,4.0,4.0,4.0,4.0,4.0,0.0,3.0,829.0,7.0,17.0,0.020506634499396863,0.008443908323281062,23.753846153846155,3.2089808770967463,0.02865361417834277,18.0,2.0,2.0,8.0,2.0,150.0,5.017279836814924,20.889844167764355,0.0,40.0,4015.0,401515.0,0.0,0.0,0.0,0.0,0.0,0.0
2,15,292,4015150501,정량펌프,4188116911,4188116911,유한회사 일도엔지니어링,0.716573,0.0,1.0,618.0,6.428105272684596,1.0,1.0,1.0,1.0,1.0,0.0,1.0,829.0,7.0,17.0,0.020506634499396863,0.008443908323281062,23.753846153846155,3.2089808770967463,0.02865361417834277,6.0,0.0,0.0,0.0,0.0,696.0,6.546785410760524,21.431610252814536,0.0,40.0,4015.0,401515.0,0.0,0.0,0.0,0.0,0.0,0.0
3,17,300,4015150501,정량펌프,8468101781,8468101781,(주)나인티에스,0.68597,0.0,1.0,1241.0,7.124478262493424,19.0,19.0,19.0,19.0,19.0,1.0,13.0,829.0,7.0,17.0,0.020506634499396863,0.008443908323281062,23.753846153846155,3.2089808770967463,0.02865361417834277,6.0,1.0,1.0,1.0,1.0,171.0,5.147494476813453,19.292167183306123,0.0,40.0,4015.0,401515.0,0.0,0.0,0.0,0.0,0.0,0.0
4,21,275,4015150501,정량펌프,2988102360,2988102360,주식회사 아이수(i-su Inc.),0.65437,0.0,1.0,1474.0,7.29641326877392,13.0,13.0,13.0,13.0,13.0,1.0,13.0,829.0,7.0,17.0,0.020506634499396863,0.008443908323281062,23.753846153846155,3.2089808770967463,0.02865361417834277,9.0,0.0,0.0,2.0,3.0,144.0,4.976733742420574,20.529921533478948,0.0,40.0,4015.0,401515.0,0.0,0.0,0.0,0.0,0.0,0.0
5,28,279,4015150501,정량펌프,1131581453,1131581453,동양펌프,0.51686,0.0,1.0,870.0,6.769641976852503,11.0,11.0,11.0,11.0,11.0,0.0,11.0,829.0,7.0,17.0,0.020506634499396863,0.008443908323281062,23.753846153846155,3.2089808770967463,0.02865361417834277,8.0,0.0,0.0,3.0,2.0,169.0,5.135798437050262,21.539454561607347,0.0,40.0,4015.0,401515.0,0.0,0.0,0.0,0.0,0.0,0.0
6,32,260,4015150501,정량펌프,5688200569,5688200569,사단법인 벗나래복지회사업단,0.459177,0.0,1.0,515.0,6.246106765481563,31.0,14.0,14.0,14.0,14.0,2.0,28.0,829.0,7.0,17.0,0.020506634499396863,0.008443908323281062,23.753846153846155,3.2089808770967463,0.02865361417834277,17.0,0.0,0.0,4.0,12.0,143.0,4.969813299576001,22.077472474805386,0.0,40.0,4015.0,401515.0,0.0,0.0,0.0,0.0,0.0,0.0
7,55,270,4015150501,정량펌프,1348646550,1348646550,주식회사청솔엠테크,0.320296,0.0,0.0,397.0,5.986452005284438,3.0,1.0,1.0,1.0,1.0,0.0,0.0,829.0,7.0,17.0,0.020506634499396863,0.008443908323281062,23.753846153846155,3.2089808770967463,0.02865361417834277,10.0,0.0,0.0,0.0,2.0,193.0,5.267858159063328,21.398093027070754,0.0,40.0,4015.0,401515.0,0.0,0.0,0.0,0.0,0.0,0.0
8,158,259,4015150501,정량펌프,5728702483,5728702483,주식회사 케이제이에스랩,0.032455,0.0,0.0,400.0,5.993961427306569,49.0,2.0,1.0,1.0,1.0,0.0,0.0,829.0,7.0,17.0,0.020506634499396863,0.008443908323281062,23.753846153846155,3.2089808770967463,0.02865361417834277,18.0,0.0,0.0,1.0,3.0,155.0,5.049856007249537,20.675987168940903,0.0,40.0,4015.0,401515.0,0.0,0.0,1.0,0.0,0.0,0.0
9,237,253,4015150501,정량펌프,4098615290,4098615290,(주)서린사이언스,0.012626,0.0,0.0,746.0,6.616065185132817,38.0,3.0,1.0,1.0,1.0,0.0,0.0,829.0,7.0,17.0,0.020506634499396863,0.008443908323281062,23.753846153846155,3.2089808770967463,0.02865361417834277,47.0,0.0,0.0,0.0,7.0,263.0,5.575949103146316,21.857001707296178,0.0,40.0,4015.0,401515.0,0.0,0.0,0.0,0.0,0.0,0.0
10,248,257,4015150501,정량펌프,4020263826,4020263826,바이오필,0.010972,0.0,0.0,746.0,6.616065185132817,49.0,1.0,1.0,1.0,1.0,0.0,0.0,829.0,7.0,17.0,0.020506634499396863,0.008443908323281062,23.753846153846155,3.2089808770967463,0.02865361417834277,20.0,0.0,0.0,0.0,4.0,169.0,5.135798437050262,20.699092810372843,0.0,40.0,4015.0,401515.0,0.0,0.0,0.0,0.0,0.0,0.0
11,253,278,4015150501,정량펌프,3826700550,3826700550,헤븐산업,0.010646,0.0,0.0,393.0,5.976350909297934,47.0,2.0,1.0,1.0,1.0,0.0,0.0,829.0,7.0,17.0,0.020506634499396863,0.008443908323281062,23.753846153846155,3.2089808770967463,0.02865361417834277,9.0,0.0,0.0,0.0,1.0,278.0,5.631211781821365,19.17159411667315,0.0,40.0,4015.0,401515.0,0.0,0.0,0.0,0.0,0.0,0.0
12,258,274,4015150501,정량펌프,1308182281,1308182281,주식회사 상아엠에스디,0.010027,0.0,0.0,390.0,5.968707559985366,134.0,8.0,4.0,4.0,2.0,1.0,27.0,829.0,7.0,17.0,0.020506634499396863,0.008443908323281062,23.753846153846155,3.2089808770967463,0.02865361417834277,9.0,0.0,0.0,0.0,1.0,281.0,5.641907070938114,21.116506976518373,0.0,40.0,4015.0,401515.0,0.0,0.0,0.0,0.0,0.0,0.0
13,267,265,4015150501,정량펌프,8660501030,8660501030,서이과학교육,0.009338,1.0,0.0,393.0,5.976350909297934,259.0,12.0,4.0,4.0,3.0,1.0,0.0,829.0,7.0,17.0,0.020506634499396863,0.008443908323281062,23.753846153846155,3.2089808770967463,0.02865361417834277,14.0,0.0,0.0,0.0,1.0,164.0,5.10594547390058,20.826779920697536,0.0,40.0,4015.0,401515.0,0.0,0.0,0.0,0.0,0.0,0.0
14,280,256,4015150501,정량펌프,1288686770,1288686770,주식회사 메디시온,0.008196,0.0,0.0,393.0,5.976350909297934,228.0,10.0,5.0,5.0,5.0,0.0,12.0,829.0,7.0,17.0,0.020506634499396863,0.008443908323281062,23.753846153846155,3.2089808770967463,0.02865361417834277,32.0,0.0,0.0,0.0,2.0,344.0,5.84354441703136,22.250080599499526,0.0,40.0,4015.0,401515.0,0.0,0.0,0.0,0.0,0.0,0.0
15,295,290,4015150501,정량펌프,4162052579,4162052579,로젠스,0.007373,0.0,0.0,393.0,5.976350909297934,59.0,3.0,1.0,1.0,1.0,0.0,0.0,829.0,7.0,17.0,0.020506634499396863,0.008443908323281062,23.753846153846155,3.2089808770967463,0.02865361417834277,7.0,0.0,0.0,0.0,1.0,180.0,5.198497031265826,19.535409662549053,0.0,40.0,4015.0,401515.0,0.0,0.0,0.0,0.0,0.0,0.0
16,299,268,4015150501,정량펌프,1521801697,1521801697,평온상사,0.007324,0.0,0.0,393.0,5.976350909297934,67.0,2.0,2.0,2.0,1.0,4.0,0.0,829.0,7.0,17.0,0.020506634499396863,0.008443908323281062,23.753846153846155,3.2089808770967463,0.02865361417834277,12.0,0.0,0.0,0.0,1.0,255.0,5.545177444479562,21.0202501277966,0.0,40.0,4015.0,401515.0,0.0,0.0,0.0,0.0,0.0,0.0
17,321,282,4015150501,정량펌프,2184100526,2184100526,씨티원 경기지점,0.006203,0.0,0.0,393.0,5.976350909297934,104.0,7.0,3.0,3.0,2.0,5.0,0.0,829.0,7.0,17.0,0.020506634499396863,0.008443908323281062,23.753846153846155,3.2089808770967463,0.02865361417834277,8.0,0.0,0.0,0.0,0.0,375.0,5.929589143389895,19.997523765829612,0.0,40.0,4015.0,401515.0,0.0,0.0,0.0,0.0,0.0,0.0
18,327,281,4015150501,정량펌프,4848700285,4848700285,주식회사 디케이엔지니어링,0.005907,0.0,0.0,393.0,5.976350909297934,88.0,5.0,3.0,3.0,2.0,0.0,0.0,829.0,7.0,17.0,0.020506634499396863,0.008443908323281062,23.753846153846155,3.2089808770967463,0.02865361417834277,8.0,0.0,0.0,0.0,0.0,431.0,6.068425588244111,20.206854076396972,0.0,40.0,4015.0,401515.0,0.0,0.0,0.0,0.0,0.0,0.0
19,330,277,4015150501,정량펌프,4012901334,4012901334,솔미,0.005738,0.0,0.0,391.0,5.971261839790462,94.0,4.0,1.0,1.0,1.0,1.0,0.0,829.0,7.0,17.0,0.020506634499396863,0.008443908323281062,23.753846153846155,3.2089808770967463,0.02865361417834277,9.0,0.0,0.0,0.0,0.0,502.0,6.220590170099739,19.41093800183721,0.0,40.0,4015.0,401515.0,0.0,0.0,0.0,0.0,0.0,0.0
20,338,251,4015150501,정량펌프,6598802147,6598802147,주식회사 헤이치 인 헤이치(H in H),0.005483,0.0,0.0,397.0,5.986452005284438,901.0,49.0,13.0,13.0,9.0,0.0,0.0,829.0,7.0,17.0,0.020506634499396863,0.008443908323281062,23.753846153846155,3.2089808770967463,0.02865361417834277,99.0,0.0,0.0,0.0,16.0,137.0,4.927253685157205,23.417165065188183,0.0,40.0,4015.0,401515.0,0.0,0.0,0.0,0.0,0.0,0.0
21,340,296,4015150501,정량펌프,5541000898,5541000898,유아이네추럴,0.005428,0.0,0.0,393.0,5.976350909297934,116.0,6.0,3.0,3.0,2.0,0.0,0.0,829.0,7.0,17.0,0.020506634499396863,0.008443908323281062,23.753846153846155,3.2089808770967463,0.02865361417834277,6.0,0.0,0.0,0.0,1.0,148.0,5.003946305945459,19.786044091787993,0.0,40.0,4015.0,401515.0,0.0,0.0,0.0,0.0,0.0,0.0
22,351,291,4015150501,정량펌프,6990802444,6990802444,온그린,0.005224,0.0,0.0,391.0,5.971261839790462,87.0,6.0,2.0,2.0,1.0,1.0,0.0,829.0,7.0,17.0,0.020506634499396863,0.008443908323281062,23.753846153846155,3.2089808770967463,0.02865361417834277,7.0,0.0,0.0,0.0,2.0,158.0,5.0689042022202315,19.147488266549285,0.0,40.0,4015.0,401515.0,0.0,0.0,0.0,0.0,0.0,0.0
23,353,262,4015150501,정량펌프,1058762466,1058762466,(주)케이에이치그룹한국역사문화원,0.005212,0.0,0.0,393.0,5.976350909297934,403.0,18.0,5.0,5.0,3.0,3.0,0.0,829.0,7.0,17.0,0.020506634499396863,0.008443908323281062,23.753846153846155,3.2089808770967463,0.02865361417834277,15.0,0.0,0.0,0.0,6.0,177.0,5.181783550292085,20.851087026222093,0.0,40.0,4015.0,401515.0,0.0,0.0,0.0,0.0,0.0,0.0
24,357,286,4015150501,정량펌프,4874600729,4874600729,신형,0.005068,0.0,0.0,1348.0,7.207118856207756,2713.0,139.0,24.0,24.0,18.0,0.0,0.0,829.0,7.0,17.0,0.020506634499396863,0.008443908323281062,23.753846153846155,3.2089808770967463,0.02865361417834277,7.0,0.0,0.0,0.0,3.0,163.0,5.099866427824199,20.509411792991592,0.0,40.0,4015.0,401515.0,0.0,0.0,0.0,0.0,0.0,0.0
25,359,269,4015150501,정량펌프,3038602497,3038602497,주식회사 대림산업기술,0.004948,0.0,0.0,393.0,5.976350909297934,433.0,16.0,2.0,2.0,1.0,1.0,16.0,829.0,7.0,17.0,0.020506634499396863,0.008443908323281062,23.753846153846155,3.2089808770967463,0.02865361417834277,11.0,0.0,0.0,0.0,1.0,317.0,5.762051382780177,20.821734388385394,0.0,40.0,4015.0,401515.0,0.0,0.0,0.0,0.0,0.0,0.0
26,363,272,4015150501,정량펌프,4556600429,4556600429,승주상사,0.004828,0.0,0.0,393.0,5.976350909297934,331.0,17.0,6.0,6.0,6.0,0.0,0.0,829.0,7.0,17.0,0.020506634499396863,0.008443908323281062,23.753846153846155,3.2089808770967463,0.02865361417834277,10.0,0.0,0.0,0.0,0.0,386.0,5.958424693029782,20.130339379712684,0.0,40.0,4015.0,401515.0,0.0,0.0,0.0,0.0,0.0,0.0
27,367,288,4015150501,정량펌프,8544300608,8544300608,아즈위,0.004719,0.0,0.0,393.0,5.976350909297934,102.0,7.0,4.0,4.0,2.0,0.0,0.0,829.0,7.0,17.0,0.020506634499396863,0.008443908323281062,23.753846153846155,3.2089808770967463,0.02865361417834277,7.0,0.0,0.0,0.0,1.0,249.0,5.521460917862246,19.914745103842822,0.0,40.0,4015.0,401515.0,0.0,0.0,0.0,0.0,0.0,0.0
28,388,287,4015150501,정량펌프,4022170444,4022170444,미래홀딩스,0.004205,0.0,0.0,1355.0,7.212294468500341,1354.0,72.0,12.0,12.0,10.0,0.0,0.0,829.0,7.0,17.0,0.020506634499396863,0.008443908323281062,23.753846153846155,3.2089808770967463,0.02865361417834277,7.0,0.0,0.0,0.0,1.0,264.0,5.579729825986222,20.30289430458337,0.0,40.0,4015.0,401515.0,0.0,0.0,0.0,0.0,0.0,0.0
29,398,271,4015150501,정량펌프,7262601722,7262601722,창원,0.003988,0.0,0.0,393.0,5.976350909297934,288.0,11.0,3.0,3.0,1.0,0.0,0.0,829.0,7.0,17.0,0.020506634499396863,0.008443908323281062,23.753846153846155,3.2089808770967463,0.02865361417834277,10.0,0.0,0.0,0.0,0.0,428.0,6.061456918928017,20.282907583282018,0.0,40.0,4015.0,401515.0,0.0,0.0,0.0,0.0,0.0,0.0
30,401,266,4015150501,정량펌프,1401086324,1401086324,유니솔트,0.003942,0.0,0.0,393.0,5.976350909297934,259.0,14.0,5.0,5.0,5.0,0.0,0.0,829.0,7.0,17.0,0.020506634499396863,0.008443908323281062,23.753846153846155,3.2089808770967463,0.02865361417834277,14.0,0.0,0.0,0.0,1.0,206.0,5.332718793265369,20.65773094759885,0.0,40.0,4015.0,401515.0,0.0,0.0,0.0,0.0,0.0,0.0
31,402,280,4015150501,정량펌프,6555400458,6555400458,애드톡컴퍼니,0.003942,0.0,0.0,394.0,5.978885764901122,316.0,12.0,4.0,4.0,4.0,0.0,0.0,829.0,7.0,17.0,0.020506634499396863,0.008443908323281062,23.753846153846155,3.2089808770967463,0.02865361417834277,8.0,0.0,0.0,0.0,0.0,389.0,5.966146739123692,20.74431481565526,0.0,40.0,4015.0,401515.0,0.0,0.0,0.0,0.0,0.0,0.0
32,419,293,4015150501,정량펌프,8521602190,8521602190,휴먼,0.00368,0.0,0.0,391.0,5.971261839790462,315.0,18.0,3.0,3.0,1.0,0.0,0.0,829.0,7.0,17.0,0.020506634499396863,0.008443908323281062,23.753846153846155,3.2089808770967463,0.02865361417834277,6.0,0.0,0.0,0.0,2.0,309.0,5.736572297479192,20.71326601092838,0.0,40.0,4015.0,401515.0,0.0,0.0,0.0,0.0,0.0,0.0
33,425,252,4015150501,정량펌프,2117400300,2117400300,에닐트 (HENNILT),0.003564,0.0,0.0,1487.0,7.305188215393037,115.0,6.0,2.0,2.0,2.0,0.0,0.0,829.0,7.0,17.0,0.020506634499396863,0.008443908323281062,23.753846153846155,3.2089808770967463,0.02865361417834277,56.0,0.0,0.0,0.0,0.0,437.0,6.082218910376446,22.125663358904415,0.0,40.0,4015.0,401515.0,0.0,0.0,0.0,0.0,0.0,0.0
34,428,255,4015150501,정량펌프,7527500263,7527500263,헤이치 인 헤이치(hand in hand),0.003518,0.0,0.0,397.0,5.986452005284438,403.0,22.0,9.0,9.0,6.0,0.0,0.0,829.0,7.0,17.0,0.020506634499396863,0.008443908323281062,23.753846153846155,3.2089808770967463,0.02865361417834277,33.0,0.0,0.0,0.0,1.0,285.0,5.655991810819852,21.619674020858817,0.0,40.0,4015.0,401515.0,0.0,0.0,0.0,0.0,0.0,0.0
35,432,285,4015150501,정량펌프,7928103347,7928103347,주식회사 프리젠,0.003455,0.0,0.0,393.0,5.976350909297934,286.0,15.0,3.0,3.0,1.0,0.0,0.0,829.0,7.0,17.0,0.020506634499396863,0.008443908323281062,23.753846153846155,3.2089808770967463,0.02865361417834277,7.0,0.0,0.0,0.0,0.0,670.0,6.508769136971682,20.5191662931413,0.0,40.0,4015.0,401515.0,0.0,0.0,0.0,0.0,0.0,0.0
36,439,254,4015150501,정량펌프,2852501641,2852501641,유니플러스,0.003359,0.0,0.0,744.0,6.61338421837956,179.0,8.0,2.0,2.0,1.0,0.0,0.0,829.0,7.0,17.0,0.020506634499396863,0.008443908323281062,23.753846153846155,3.2089808770967463,0.02865361417834277,35.0,0.0,0.0,0.0,9.0,165.0,5.111987788356544,21.274442833083423,0.0,40.0,4015.0,401515.0,0.0,0.0,0.0,0.0,0.0,0.0
37,448,267,4015150501,정량펌프,6868702439,6868702439,주식회사 인팩솔루션,0.003197,0.0,0.0,393.0,5.976350909297934,356.0,16.0,6.0,6.0,5.0,0.0,0.0,829.0,7.0,17.0,0.020506634499396863,0.008443908323281062,23.753846153846155,3.2089808770967463,0.02865361417834277,12.0,0.0,0.0,0.0,0.0,422.0,6.0473721790462776,21.092336316519628,0.0,40.0,4015.0,401515.0,0.0,0.0,0.0,0.0,0.0,0.0
38,454,284,4015150501,정량펌프,2854200988,2854200988,효명엔지니어링,0.003077,0.0,0.0,391.0,5.971261839790462,426.0,25.0,6.0,6.0,3.0,0.0,0.0,829.0,7.0,17.0,0.020506634499396863,0.008443908323281062,23.753846153846155,3.2089808770967463,0.02865361417834277,8.0,0.0,0.0,0.0,2.0,134.0,4.90527477843843,19.4330973462466,0.0,40.0,4015.0,401515.0,0.0,0.0,0.0,0.0,0.0,0.0
39,459,294,4015150501,정량펌프,8821501991,8821501991,지니어스케이,0.002894,0.0,0.0,394.0,5.978885764901122,644.0,34.0,7.0,7.0,7.0,0.0,0.0,829.0,7.0,17.0,0.020506634499396863,0.008443908323281062,23.753846153846155,3.2089808770967463,0.02865361417834277,6.0,0.0,0.0,0.0,1.0,352.0,5.8664680569332965,20.44137407623672,0.0,40.0,4015.0,401515.0,0.0,0.0,0.0,0.0,0.0,0.0
40,466,276,4015150501,정량펌프,4892601333,4892601333,원테크,0.002815,0.0,0.0,393.0,5.976350909297934,381.0,18.0,7.0,7.0,6.0,0.0,0.0,829.0,7.0,17.0,0.020506634499396863,0.008443908323281062,23.753846153846155,3.2089808770967463,0.02865361417834277,9.0,0.0,0.0,0.0,1.0,333.0,5.8111409929767,19.892889787370375,0.0,40.0,4015.0,401515.0,0.0,0.0,0.0,0.0,0.0,0.0
41,469,283,4015150501,정량펌프,6083693694,6083693694,재동상사,0.002776,0.0,0.0,394.0,5.978885764901122,561.0,34.0,4.0,4.0,2.0,0.0,0.0,829.0,7.0,17.0,0.020506634499396863,0.008443908323281062,23.753846153846155,3.2089808770967463,0.02865361417834277,8.0,0.0,0.0,0.0,2.0,130.0,4.875197323201151,19.88246594124114,0.0,40.0,4015.0,401515.0,0.0,0.0,0.0,0.0,0.0,0.0
42,477,264,4015150501,정량펌프,8858700815,8858700815,주식회사 지에코,0.002612,0.0,0.0,393.0,5.976350909297934,761.0,17.0,5.0,5.0,4.0,1.0,0.0,829.0,7.0,17.0,0.020506634499396863,0.008443908323281062,23.753846153846155,3.2089808770967463,0.02865361417834277,14.0,0.0,0.0,0.0,1.0,183.0,5.214935757608986,20.978626659852594,0.0,40.0,4015.0,401515.0,0.0,0.0,0.0,0.0,0.0,0.0
43,481,299,4015150501,정량펌프,6352100820,6352100820,나린아토,0.002484,0.0,0.0,1367.0,7.221105098182496,1618.0,88.0,13.0,13.0,11.0,0.0,0.0,829.0,7.0,17.0,0.020506634499396863,0.008443908323281062,23.753846153846155,3.2089808770967463,0.02865361417834277,6.0,0.0,0.0,0.0,3.0,247.0,5.5134287461649825,19.412851084276905,0.0,40.0,4015.0,401515.0,0.0,0.0,0.0,0.0,0.0,0.0
44,483,261,4015150501,정량펌프,1798102185,1798102185,주식회사 디오르마,0.002409,0.0,0.0,1115.0,7.017506142941256,1649.0,86.0,15.0,15.0,14.0,0.0,0.0,829.0,7.0,17.0,0.020506634499396863,0.008443908323281062,23.753846153846155,3.2089808770967463,0.02865361417834277,16.0,0.0,0.0,0.0,2.0,228.0,5.43372200355424,20.65115740391971,0.0,40.0,4015.0,401515.0,0.0,0.0,0.0,0.0,0.0,0.0
45,484,297,4015150501,정량펌프,1501800090,1501800090,가빈,0.00235,0.0,0.0,1368.0,7.221835825288449,1073.0,58.0,10.0,10.0,8.0,0.0,0.0,829.0,7.0,17.0,0.020506634499396863,0.008443908323281062,23.753846153846155,3.2089808770967463,0.02865361417834277,6.0,0.0,0.0,0.0,2.0,235.0,5.4638318050256105,19.584820942276767,0.0,40.0,4015.0,401515.0,0.0,0.0,0.0,0.0,0.0,0.0
46,485,263,4015150501,정량펌프,2791401150,2791401150,가우정인,0.002347,0.0,0.0,157.0,5.062595033026967,5095.0,81.0,25.0,25.0,23.0,0.0,0.0,829.0,7.0,17.0,0.020506634499396863,0.008443908323281062,23.753846153846155,3.2089808770967463,0.02865361417834277,15.0,0.0,0.0,0.0,0.0,495.0,6.206575926724928,20.6110926129568,0.0,40.0,4015.0,401515.0,0.0,0.0,0.0,0.0,0.0,0.0
47,488,295,4015150501,정량펌프,5612601256,5612601256,엠솔루션,0.002189,0.0,0.0,394.0,5.978885764901122,638.0,42.0,8.0,8.0,6.0,0.0,0.0,829.0,7.0,17.0,0.020506634499396863,0.008443908323281062,23.753846153846155,3.2089808770967463,0.02865361417834277,6.0,0.0,0.0,0.0,1.0,192.0,5.262690188904886,19.946989604682585,0.0,40.0,4015.0,401515.0,0.0,0.0,0.0,0.0,0.0,0.0
48,489,273,4015150501,정량펌프,6870801457,6870801457,굿디자인,0.002165,0.0,0.0,740.0,6.608000625296087,2326.0,130.0,20.0,20.0,14.0,0.0,0.0,829.0,7.0,17.0,0.020506634499396863,0.008443908323281062,23.753846153846155,3.2089808770967463,0.02865361417834277,10.0,0.0,0.0,0.0,2.0,157.0,5.062595033026967,19.526940965814248,0.0,40.0,4015.0,401515.0,0.0,0.0,0.0,0.0,0.0,0.0
49,494,289,4015150501,정량펌프,6413200836,6413200836,양현,0.002108,0.0,0.0,750.0,6.621405651764134,1961.0,108.0,17.0,17.0,12.0,0.0,0.0,829.0,7.0,17.0,0.020506634499396863,0.008443908323281062,23.753846153846155,3.2089808770967463,0.02865361417834277,7.0,0.0,0.0,0.0,1.0,158.0,5.0689042022202315,19.62220816376129,0.0,40.0,4015.0,401515.0,0.0,0.0,0.0,0.0,0.0,0.0
50,499,298,4015150501,정량펌프,2130233834,2130233834,한가람커뮤니케이션즈,0.001564,0.0,0.0,260.0,5.564520407322694,4435.0,160.0,24.0,24.0,19.0,0.0,0.0,829.0,7.0,17.0,0.020506634499396863,0.008443908323281062,23.753846153846155,3.2089808770967463,0.02865361417834277,6.0,0.0,0.0,0.0,0.0,429.0,6.063785208687608,19.494611859548005,0.0,40.0,4015.0,401515.0,0.0,0.0,0.0,0.0,0.0,0.0
1,5,422,4015151301,수중펌프,3978200633,3978200633,(사)한빛장애인협회 환경사업단,0.854671,0.0,1.0,1109.0,7.01211529430638,12.0,11.0,11.0,11.0,11.0,0.0,12.0,535.0,25.0,19.0,0.03551401869158879,0.04672897196261682,9.118716577540107,2.3143868354157573,0.017044330051476837,8.0,4.0,4.0,4.0,5.0,143.0,4.969813299576001,21.84970080386523,0.0,40.0,4015.0,401515.0,0.0,0.0,0.0,0.0,0.0,0.0
2,10,419,4015151301,수중펌프,2988102360,2988102360,주식회사 아이수(i-su Inc.),0.808008,1.0,1.0,1474.0,7.29641326877392,13.0,13.0,13.0,13.0,13.0,1.0,13.0,535.0,25.0,19.0,0.03551401869158879,0.04672897196261682,9.118716577540107,2.3143868354157573,0.017044330051476837,9.0,1.0,1.0,2.0,3.0,144.0,4.976733742420574,20.529921533478948,0.0,40.0,4015.0,401515.0,0.0,0.0,0.0,0.0,0.0,0.0
3,12,423,4015151301,수중펌프,1131581453,1131581453,동양펌프,0.749948,0.0,1.0,870.0,6.769641976852503,11.0,11.0,11.0,11.0,11.0,0.0,11.0,535.0,25.0,19.0,0.03551401869158879,0.04672897196261682,9.118716577540107,2.3143868354157573,0.017044330051476837,8.0,3.0,3.0,3.0,2.0,169.0,5.135798437050262,21.539454561607347,0.0,40.0,4015.0,401515.0,0.0,0.0,0.0,0.0,0.0,0.0
4,14,408,4015151301,수중펌프,5688200569,5688200569,사단법인 벗나래복지회사업단,0.72054,0.0,1.0,515.0,6.246106765481563,31.0,14.0,14.0,14.0,14.0,2.0,28.0,535.0,25.0,19.0,0.03551401869158879,0.04672897196261682,9.118716577540107,2.3143868354157573,0.017044330051476837,17.0,3.0,3.0,4.0,12.0,143.0,4.969813299576001,22.077472474805386,0.0,40.0,4015.0,401515.0,0.0,0.0,0.0,0.0,0.0,0.0
5,29,435,4015151301,수중펌프,4188152426,4188152426,하이스트 주식회사,0.494381,0.0,1.0,752.0,6.6240652277998935,19.0,15.0,12.0,12.0,12.0,1.0,18.0,535.0,25.0,19.0,0.03551401869158879,0.04672897196261682,9.118716577540107,2.3143868354157573,0.017044330051476837,6.0,0.0,0.0,0.0,2.0,176.0,5.176149732573829,20.839598043770547,0.0,40.0,4015.0,401515.0,0.0,0.0,0.0,0.0,0.0,0.0
6,43,401,4015151301,수중펌프,2998200019,2998200019,(사)한빛장애인협회 기전사업단,0.371234,0.0,1.0,1109.0,7.01211529430638,12.0,11.0,11.0,11.0,11.0,0.0,12.0,535.0,25.0,19.0,0.03551401869158879,0.04672897196261682,9.118716577540107,2.3143868354157573,0.017044330051476837,50.0,0.0,0.0,0.0,16.0,148.0,5.003946305945459,23.467360598204905,0.0,40.0,4015.0,401515.0,0.0,0.0,0.0,0.0,0.0,0.0
7,54,440,4015151301,수중펌프,8468101781,8468101781,(주)나인티에스,0.323101,0.0,1.0,1241.0,7.124478262493424,19.0,19.0,19.0,19.0,19.0,1.0,13.0,535.0,25.0,19.0,0.03551401869158879,0.04672897196261682,9.118716577540107,2.3143868354157573,0.017044330051476837,6.0,0.0,0.0,1.0,1.0,171.0,5.147494476813453,19.292167183306123,0.0,40.0,4015.0,401515.0,0.0,0.0,0.0,0.0,0.0,0.0
8,131,404,4015151301,수중펌프,1608803078,1608803078,유명이엔지주식회사,0.06394,0.0,1.0,873.0,6.773080375655535,86.0,26.0,13.0,13.0,13.0,1.0,78.0,535.0,25.0,19.0,0.03551401869158879,0.04672897196261682,9.118716577540107,2.3143868354157573,0.017044330051476837,21.0,0.0,0.0,0.0,7.0,163.0,5.099866427824199,21.799991300626463,0.0,40.0,4015.0,401515.0,0.0,0.0,0.0,0.0,0.0,0.0
9,154,426,4015151301,수중펌프,1138197829,1138197829,주식회사 드림이앤에프,0.035231,0.0,0.0,1248.0,7.130098510125578,5.0,1.0,1.0,1.0,1.0,0.0,0.0,535.0,25.0,19.0,0.03551401869158879,0.04672897196261682,9.118716577540107,2.3143868354157573,0.017044330051476837,7.0,0.0,0.0,0.0,1.0,271.0,5.605802066295998,21.503190098759216,0.0,40.0,4015.0,401515.0,0.0,0.0,0.0,0.0,0.0,0.0
10,155,430,4015151301,수중펌프,2248124586,2248124586,합자회사 영진이엔지,0.034791,0.0,0.0,379.0,5.940171252720432,21.0,5.0,2.0,2.0,1.0,1.0,1.0,535.0,25.0,19.0,0.03551401869158879,0.04672897196261682,9.118716577540107,2.3143868354157573,0.017044330051476837,7.0,0.0,0.0,0.0,1.0,263.0,5.575949103146316,19.807331551537665,0.0,40.0,4015.0,401515.0,0.0,0.0,0.0,0.0,0.0,0.0
11,174,433,4015151301,수중펌프,5038118634,5038118634,광진기공(주),0.024857,0.0,0.0,996.0,6.904750769961838,14.0,5.0,2.0,2.0,1.0,0.0,0.0,535.0,25.0,19.0,0.03551401869158879,0.04672897196261682,9.118716577540107,2.3143868354157573,0.017044330051476837,6.0,0.0,0.0,0.0,2.0,145.0,4.983606621708336,21.26963208235869,0.0,40.0,4015.0,401515.0,0.0,0.0,0.0,0.0,0.0,0.0
12,182,417,4015151301,수중펌프,4108197415,4108197415,지브이산업 주식회사,0.020731,0.0,0.0,382.0,5.948034989180646,59.0,8.0,5.0,5.0,2.0,1.0,0.0,535.0,25.0,19.0,0.03551401869158879,0.04672897196261682,9.118716577540107,2.3143868354157573,0.017044330051476837,9.0,0.0,0.0,0.0,2.0,136.0,4.919980925828125,20.745029090957292,0.0,40.0,4015.0,401515.0,0.0,0.0,0.0,0.0,0.0,0.0
13,219,442,4015151301,수중펌프,3018137471,3018137471,(주)태성,0.014806,0.0,0.0,1124.0,7.025538314638521,46.0,12.0,6.0,6.0,4.0,0.0,0.0,535.0,25.0,19.0,0.03551401869158879,0.04672897196261682,9.118716577540107,2.3143868354157573,0.017044330051476837,5.0,0.0,0.0,0.0,2.0,141.0,4.955827057601261,20.752757317504425,0.0,40.0,4015.0,401515.0,0.0,0.0,0.0,0.0,0.0,0.0
14,221,434,4015151301,수중펌프,1258130442,1258130442,성남건설산업주식회사,0.014569,0.0,0.0,379.0,5.940171252720432,23.0,5.0,3.0,3.0,3.0,0.0,0.0,535.0,25.0,19.0,0.03551401869158879,0.04672897196261682,9.118716577540107,2.3143868354157573,0.017044330051476837,6.0,0.0,0.0,0.0,1.0,150.0,5.017279836814924,21.141935092671385,0.0,40.0,4015.0,401515.0,0.0,0.0,0.0,0.0,0.0,0.0
15,227,413,4015151301,수중펌프,5108119062,5108119062,브이건설 주식회사,0.014087,0.0,0.0,382.0,5.948034989180646,60.0,7.0,4.0,4.0,2.0,0.0,0.0,535.0,25.0,19.0,0.03551401869158879,0.04672897196261682,9.118716577540107,2.3143868354157573,0.017044330051476837,10.0,0.0,0.0,0.0,3.0,131.0,4.882801922586371,21.580444942773568,0.0,40.0,4015.0,401515.0,0.0,0.0,0.0,0.0,0.0,0.0
16,240,412,4015151301,수중펌프,4098145197,4098145197,브이원건설 주식회사,0.012325,0.0,0.0,382.0,5.948034989180646,74.0,8.0,5.0,5.0,2.0,0.0,0.0,535.0,25.0,19.0,0.03551401869158879,0.04672897196261682,9.118716577540107,2.3143868354157573,0.017044330051476837,10.0,0.0,0.0,0.0,1.0,136.0,4.919980925828125,21.58686221382687,0.0,40.0,4015.0,401515.0,0.0,0.0,0.0,0.0,0.0,0.0
17,259,416,4015151301,수중펌프,4098192439,4098192439,에이원산업 주식회사,0.009917,0.0,0.0,382.0,5.948034989180646,61.0,8.0,5.0,5.0,2.0,1.0,0.0,535.0,25.0,19.0,0.03551401869158879,0.04672897196261682,9.118716577540107,2.3143868354157573,0.017044330051476837,9.0,0.0,0.0,0.0,0.0,736.0,6.602587892189336,20.914953652241298,0.0,40.0,4015.0,401515.0,0.0,0.0,0.0,0.0,0.0,0.0
18,282,441,4015151301,수중펌프,1928101651,1928101651,주식회사 진흥,0.008126,0.0,0.0,131.0,4.882801922586371,71.0,5.0,2.0,2.0,2.0,0.0,0.0,535.0,25.0,19.0,0.03551401869158879,0.04672897196261682,9.118716577540107,2.3143868354157573,0.017044330051476837,6.0,0.0,0.0,0.0,3.0,233.0,5.455321115357702,18.64488098477352,0.0,40.0,4015.0,401515.0,0.0,0.0,0.0,0.0,0.0,0.0
19,286,403,4015151301,수중펌프,4018140669,4018140669,(유)신성시엔시,0.007762,0.0,0.0,1108.0,7.011213987350367,77.0,6.0,3.0,3.0,2.0,0.0,0.0,535.0,25.0,19.0,0.03551401869158879,0.04672897196261682,9.118716577540107,2.3143868354157573,0.017044330051476837,26.0,0.0,0.0,0.0,5.0,149.0,5.0106352940962555,21.622196540118082,0.0,40.0,4015.0,401515.0,0.0,0.0,0.0,0.0,0.0,0.0
20,322,410,4015151301,수중펌프,7782600684,7782600684,한마음,0.006189,0.0,0.0,142.0,4.962844630259907,227.0,29.0,5.0,5.0,5.0,0.0,0.0,535.0,25.0,19.0,0.03551401869158879,0.04672897196261682,9.118716577540107,2.3143868354157573,0.017044330051476837,11.0,0.0,0.0,0.0,3.0,141.0,4.955827057601261,20.839941513929652,0.0,40.0,4015.0,401515.0,0.0,0.0,0.0,0.0,0.0,0.0
21,323,402,4015151301,수중펌프,5118127226,5118127226,주식회사 마크온탑,0.006127,0.0,0.0,1374.0,7.226209010100671,1602.0,66.0,12.0,12.0,9.0,2.0,49.0,535.0,25.0,19.0,0.03551401869158879,0.04672897196261682,9.118716577540107,2.3143868354157573,0.017044330051476837,27.0,0.0,0.0,0.0,4.0,184.0,5.220355825078325,21.731939902532034,0.0,40.0,4015.0,401515.0,0.0,0.0,0.0,0.0,0.0,0.0
22,374,427,4015151301,수중펌프,4874600729,4874600729,신형,0.00462,0.0,0.0,1348.0,7.207118856207756,2713.0,139.0,24.0,24.0,18.0,0.0,0.0,535.0,25.0,19.0,0.03551401869158879,0.04672897196261682,9.118716577540107,2.3143868354157573,0.017044330051476837,7.0,0.0,0.0,0.0,3.0,163.0,5.099866427824199,20.509411792991592,0.0,40.0,4015.0,401515.0,0.0,0.0,0.0,0.0,0.0,0.0
23,396,407,4015151301,수중펌프,6938600164,6938600164,주식회사 마한건설조명,0.004011,0.0,0.0,1474.0,7.29641326877392,182.0,6.0,4.0,4.0,4.0,0.0,0.0,535.0,25.0,19.0,0.03551401869158879,0.04672897196261682,9.118716577540107,2.3143868354157573,0.017044330051476837,18.0,0.0,0.0,0.0,0.0,394.0,5.978885764901122,20.8656401380523,0.0,40.0,4015.0,401515.0,0.0,0.0,0.0,0.0,0.0,0.0
24,410,438,4015151301,수중펌프,6514700797,6514700797,다산의료기,0.003841,0.0,0.0,1477.0,7.298445101508147,1750.0,74.0,12.0,12.0,8.0,1.0,0.0,535.0,25.0,19.0,0.03551401869158879,0.04672897196261682,9.118716577540107,2.3143868354157573,0.017044330051476837,6.0,0.0,0.0,0.0,0.0,667.0,6.504288173536645,19.601690169525916,0.0,40.0,4015.0,401515.0,0.0,0.0,0.0,0.0,0.0,0.0
25,411,428,4015151301,수중펌프,2362501649,2362501649,영재유통,0.003833,0.0,0.0,990.0,6.898714534329988,1319.0,59.0,11.0,11.0,9.0,0.0,0.0,535.0,25.0,19.0,0.03551401869158879,0.04672897196261682,9.118716577540107,2.3143868354157573,0.017044330051476837,7.0,0.0,0.0,0.0,0.0,366.0,5.905361848054571,20.26900179836839,0.0,40.0,4015.0,401515.0,0.0,0.0,0.0,0.0,0.0,0.0
26,420,436,4015151301,수중펌프,2201169007,2201169007,대경시스템,0.003668,0.0,0.0,996.0,6.904750769961838,133.0,7.0,1.0,1.0,1.0,0.0,0.0,535.0,25.0,19.0,0.03551401869158879,0.04672897196261682,9.118716577540107,2.3143868354157573,0.017044330051476837,6.0,0.0,0.0,0.0,1.0,137.0,4.927253685157205,19.838299025759717,0.0,40.0,4015.0,401515.0,0.0,0.0,0.0,0.0,0.0,0.0
27,424,447,4015151301,수중펌프,8951202544,8951202544,에스이스페이스,0.003604,0.0,0.0,137.0,4.927253685157205,442.0,20.0,2.0,2.0,2.0,0.0,0.0,535.0,25.0,19.0,0.03551401869158879,0.04672897196261682,9.118716577540107,2.3143868354157573,0.017044330051476837,5.0,0.0,0.0,0.0,4.0,197.0,5.288267030694535,19.679748427327393,0.0,40.0,4015.0,401515.0,0.0,0.0,0.0,0.0,0.0,0.0
28,431,411,4015151301,수중펌프,6586100718,6586100718,대연상사,0.003457,0.0,0.0,996.0,6.904750769961838,199.0,10.0,1.0,1.0,1.0,0.0,0.0,535.0,25.0,19.0,0.03551401869158879,0.04672897196261682,9.118716577540107,2.3143868354157573,0.017044330051476837,11.0,0.0,0.0,0.0,3.0,226.0,5.424950017481403,20.633347913859303,0.0,40.0,4015.0,401515.0,0.0,0.0,0.0,0.0,0.0,0.0
29,433,425,4015151301,수중펌프,7850902363,7850902363,레몬,0.003443,0.0,0.0,999.0,6.907755278982137,2042.0,106.0,15.0,15.0,12.0,1.0,0.0,535.0,25.0,19.0,0.03551401869158879,0.04672897196261682,9.118716577540107,2.3143868354157573,0.017044330051476837,8.0,0.0,0.0,0.0,0.0,407.0,6.0112671744041615,19.49004954976055,0.0,40.0,4015.0,401515.0,0.0,0.0,0.0,0.0,0.0,0.0
30,443,414,4015151301,수중펌프,6561802048,6561802048,에스알퍼포먼스,0.003286,0.0,0.0,137.0,4.927253685157205,632.0,26.0,5.0,5.0,5.0,1.0,0.0,535.0,25.0,19.0,0.03551401869158879,0.04672897196261682,9.118716577540107,2.3143868354157573,0.017044330051476837,10.0,0.0,0.0,0.0,4.0,151.0,5.0238805208462765,19.621025616986763,0.0,40.0,4015.0,401515.0,0.0,0.0,0.0,0.0,0.0,0.0
31,445,432,4015151301,수중펌프,3883501352,3883501352,루아프라임,0.003237,0.0,0.0,137.0,4.927253685157205,479.0,20.0,3.0,3.0,3.0,1.0,0.0,535.0,25.0,19.0,0.03551401869158879,0.04672897196261682,9.118716577540107,2.3143868354157573,0.017044330051476837,7.0,0.0,0.0,0.0,5.0,157.0,5.062595033026967,19.416112167796953,0.0,40.0,4015.0,401515.0,0.0,0.0,0.0,0.0,0.0,0.0
32,453,443,4015151301,수중펌프,7218702921,7218702921,주식회사 이현코리아,0.003083,0.0,0.0,996.0,6.904750769961838,217.0,10.0,1.0,1.0,1.0,0.0,0.0,535.0,25.0,19.0,0.03551401869158879,0.04672897196261682,9.118716577540107,2.3143868354157573,0.017044330051476837,5.0,0.0,0.0,0.0,1.0,163.0,5.099866427824199,20.303237195023197,0.0,40.0,4015.0,401515.0,0.0,0.0,0.0,0.0,0.0,0.0
33,461,449,4015151301,수중펌프,4011891219,4011891219,반도,0.002884,0.0,0.0,1353.0,7.21081845347222,1861.0,103.0,17.0,17.0,14.0,0.0,0.0,535.0,25.0,19.0,0.03551401869158879,0.04672897196261682,9.118716577540107,2.3143868354157573,0.017044330051476837,5.0,0.0,0.0,0.0,1.0,157.0,5.062595033026967,19.259659803146338,0.0,40.0,4015.0,401515.0,0.0,0.0,0.0,0.0,0.0,0.0
34,464,445,4015151301,수중펌프,3018607477,3018607477,아라온정보통신 주식회사,0.002858,0.0,0.0,766.0,6.642486801367256,93.0,9.0,3.0,3.0,2.0,0.0,0.0,535.0,25.0,19.0,0.03551401869158879,0.04672897196261682,9.118716577540107,2.3143868354157573,0.017044330051476837,5.0,0.0,0.0,0.0,0.0,1052.0,6.959398512133975,19.830394641791656,0.0,40.0,4015.0,401515.0,0.0,0.0,0.0,0.0,0.0,0.0
35,467,418,4015151301,수중펌프,5218102275,5218102275,주식회사 유진기업,0.002804,0.0,0.0,996.0,6.904750769961838,220.0,13.0,1.0,1.0,1.0,0.0,0.0,535.0,25.0,19.0,0.03551401869158879,0.04672897196261682,9.118716577540107,2.3143868354157573,0.017044330051476837,9.0,0.0,0.0,0.0,2.0,201.0,5.308267697401205,20.73919172960416,0.0,40.0,4015.0,401515.0,0.0,0.0,0.0,0.0,0.0,0.0
36,470,406,4015151301,수중펌프,2608603243,2608603243,주식회사 와이에스제이,0.002758,0.0,0.0,766.0,6.642486801367256,289.0,13.0,4.0,4.0,1.0,0.0,0.0,535.0,25.0,19.0,0.03551401869158879,0.04672897196261682,9.118716577540107,2.3143868354157573,0.017044330051476837,19.0,0.0,0.0,0.0,5.0,171.0,5.147494476813453,20.581406307172184,0.0,40.0,4015.0,401515.0,0.0,0.0,0.0,0.0,0.0,0.0
37,473,429,4015151301,수중펌프,2318802328,2318802328,주식회사 제이앤에스,0.00271,0.0,0.0,996.0,6.904750769961838,227.0,15.0,1.0,1.0,1.0,0.0,0.0,535.0,25.0,19.0,0.03551401869158879,0.04672897196261682,9.118716577540107,2.3143868354157573,0.017044330051476837,7.0,0.0,0.0,0.0,0.0,411.0,6.021023349349527,20.014356398115353,0.0,40.0,4015.0,401515.0,0.0,0.0,0.0,0.0,0.0,0.0
38,474,409,4015151301,수중펌프,6502401417,6502401417,선유통,0.002707,0.0,0.0,1356.0,7.213031659834869,1955.0,101.0,15.0,15.0,12.0,1.0,0.0,535.0,25.0,19.0,0.03551401869158879,0.04672897196261682,9.118716577540107,2.3143868354157573,0.017044330051476837,17.0,0.0,0.0,0.0,2.0,284.0,5.652489180268651,20.748738594900335,0.0,40.0,4015.0,401515.0,0.0,0.0,0.0,0.0,0.0,0.0
39,475,420,4015151301,수중펌프,2338601340,2338601340,창조토건주식회사,0.0027,0.0,0.0,766.0,6.642486801367256,363.0,18.0,5.0,5.0,2.0,0.0,0.0,535.0,25.0,19.0,0.03551401869158879,0.04672897196261682,9.118716577540107,2.3143868354157573,0.017044330051476837,9.0,0.0,0.0,0.0,3.0,193.0,5.267858159063328,20.0373014760624,0.0,40.0,4015.0,401515.0,0.0,0.0,0.0,0.0,0.0,0.0
40,476,405,4015151301,수중펌프,8612101471,8612101471,테라물라,0.002634,0.0,0.0,1116.0,7.018401799069201,958.0,48.0,16.0,16.0,10.0,0.0,0.0,535.0,25.0,19.0,0.03551401869158879,0.04672897196261682,9.118716577540107,2.3143868354157573,0.017044330051476837,19.0,0.0,0.0,0.0,2.0,156.0,5.056245805348308,21.427324273157037,0.0,40.0,4015.0,401515.0,0.0,0.0,0.0,0.0,0.0,0.0
41,479,421,4015151301,수중펌프,7180103124,7180103124,제이와이시스템,0.002527,0.0,0.0,752.0,6.6240652277998935,2104.0,111.0,15.0,15.0,12.0,1.0,0.0,535.0,25.0,19.0,0.03551401869158879,0.04672897196261682,9.118716577540107,2.3143868354157573,0.017044330051476837,9.0,0.0,0.0,0.0,2.0,179.0,5.19295685089021,19.658094922988802,0.0,40.0,4015.0,401515.0,0.0,0.0,0.0,0.0,0.0,0.0
42,482,437,4015151301,수중펌프,4938702254,4938702254,(주)오니,0.002433,0.0,0.0,766.0,6.642486801367256,404.0,16.0,5.0,5.0,2.0,0.0,0.0,535.0,25.0,19.0,0.03551401869158879,0.04672897196261682,9.118716577540107,2.3143868354157573,0.017044330051476837,6.0,0.0,0.0,0.0,0.0,408.0,6.013715156042802,19.62789622810468,0.0,40.0,4015.0,401515.0,0.0,0.0,0.0,0.0,0.0,0.0
43,486,444,4015151301,수중펌프,3118702821,3118702821,유한회사 은광,0.00223,0.0,0.0,870.0,6.769641976852503,1525.0,68.0,11.0,11.0,8.0,1.0,0.0,535.0,25.0,19.0,0.03551401869158879,0.04672897196261682,9.118716577540107,2.3143868354157573,0.017044330051476837,5.0,0.0,0.0,0.0,2.0,201.0,5.308267697401205,20.009642248065223,0.0,40.0,4015.0,401515.0,0.0,0.0,0.0,0.0,0.0,0.0
44,487,424,4015151301,수중펌프,7648602386,7648602386,유한회사 정석,0.002228,0.0,0.0,860.0,6.7580945044277305,505.0,37.0,6.0,6.0,5.0,0.0,0.0,535.0,25.0,19.0,0.03551401869158879,0.04672897196261682,9.118716577540107,2.3143868354157573,0.017044330051476837,8.0,0.0,0.0,0.0,0.0,373.0,5.924255797414532,20.84964033209348,0.0,40.0,4015.0,401515.0,0.0,0.0,0.0,0.0,0.0,0.0
45,490,448,4015151301,수중펌프,6632301982,6632301982,더보스,0.002161,0.0,0.0,616.0,6.424869023905388,1211.0,114.0,16.0,16.0,12.0,1.0,0.0,535.0,25.0,19.0,0.03551401869158879,0.04672897196261682,9.118716577540107,2.3143868354157573,0.017044330051476837,5.0,0.0,0.0,0.0,1.0,319.0,5.768320995793772,19.607221643494682,0.0,40.0,4015.0,401515.0,0.0,0.0,0.0,0.0,0.0,0.0
46,491,446,4015151301,수중펌프,5172501460,5172501460,기쁜몰,0.00216,0.0,0.0,618.0,6.428105272684596,376.0,11.0,4.0,4.0,4.0,0.0,0.0,535.0,25.0,19.0,0.03551401869158879,0.04672897196261682,9.118716577540107,2.3143868354157573,0.017044330051476837,5.0,0.0,0.0,0.0,1.0,157.0,5.062595033026967,19.749812946225294,0.0,40.0,4015.0,401515.0,0.0,0.0,0.0,0.0,0.0,0.0
47,495,415,4015151301,수중펌프,6870801457,6870801457,굿디자인,0.002016,0.0,0.0,740.0,6.608000625296087,2326.0,130.0,20.0,20.0,14.0,0.0,0.0,535.0,25.0,19.0,0.03551401869158879,0.04672897196261682,9.118716577540107,2.3143868354157573,0.017044330051476837,10.0,0.0,0.0,0.0,2.0,157.0,5.062595033026967,19.526940965814248,0.0,40.0,4015.0,401515.0,0.0,0.0,0.0,0.0,0.0,0.0
48,496,431,4015151301,수중펌프,6413200836,6413200836,양현,0.001921,0.0,0.0,750.0,6.621405651764134,1961.0,108.0,17.0,17.0,12.0,0.0,0.0,535.0,25.0,19.0,0.03551401869158879,0.04672897196261682,9.118716577540107,2.3143868354157573,0.017044330051476837,7.0,0.0,0.0,0.0,1.0,158.0,5.0689042022202315,19.62220816376129,0.0,40.0,4015.0,401515.0,0.0,0.0,0.0,0.0,0.0,0.0
49,497,450,4015151301,수중펌프,1022268268,1022268268,원플랫폼,0.00189,0.0,0.0,617.0,6.42648845745769,366.0,12.0,5.0,5.0,4.0,0.0,0.0,535.0,25.0,19.0,0.03551401869158879,0.04672897196261682,9.118716577540107,2.3143868354157573,0.017044330051476837,5.0,0.0,0.0,0.0,0.0,750.0,6.621405651764134,18.98795564017698,0.0,40.0,4015.0,401515.0,0.0,0.0,0.0,0.0,0.0,0.0
50,500,439,4015151301,수중펌프,2130233834,2130233834,한가람커뮤니케이션즈,0.001311,0.0,0.0,260.0,5.564520407322694,4435.0,160.0,24.0,24.0,19.0,0.0,0.0,535.0,25.0,19.0,0.03551401869158879,0.04672897196261682,9.118716577540107,2.3143868354157573,0.017044330051476837,6.0,0.0,0.0,0.0,0.0,429.0,6.063785208687608,19.494611859548005,0.0,40.0,4015.0,401515.0,0.0,0.0,0.0,0.0,0.0,0.0
1,13,102,4016150601,여과장치,5038134949,5038134949,(주)이코우,0.727805,0.0,1.0,1373.0,7.2254814727822945,1.0,1.0,1.0,1.0,1.0,0.0,1.0,843.0,4.0,20.0,0.02372479240806643,0.004744958481613286,8.757281553398059,2.2780138322635404,0.010388234345667923,60.0,0.0,0.0,1.0,14.0,137.0,4.927253685157205,23.50002942330071,0.0,40.0,4016.0,401615.0,0.0,0.0,0.0,0.0,0.0,0.0
2,34,119,4016150601,여과장치,6068120439,6068120439,(주)네가트론,0.433126,0.0,1.0,138.0,4.9344739331306915,33.0,6.0,2.0,2.0,1.0,0.0,7.0,843.0,4.0,20.0,0.02372479240806643,0.004744958481613286,8.757281553398059,2.2780138322635404,0.010388234345667923,26.0,0.0,0.0,1.0,3.0,241.0,5.488937726156687,22.42129235301068,0.0,40.0,4016.0,401615.0,0.0,0.0,0.0,0.0,0.0,0.0
3,45,115,4016150601,여과장치,4098162406,4098162406,대성이엔이 주식회사,0.364934,0.0,1.0,141.0,4.955827057601261,55.0,6.0,2.0,2.0,1.0,0.0,6.0,843.0,4.0,20.0,0.02372479240806643,0.004744958481613286,8.757281553398059,2.2780138322635404,0.010388234345667923,30.0,0.0,0.0,1.0,4.0,150.0,5.017279836814924,22.974615961746636,0.0,40.0,4016.0,401615.0,0.0,0.0,0.0,0.0,0.0,0.0
4,63,126,4016150601,여과장치,1608803078,1608803078,유명이엔지주식회사,0.233437,0.0,1.0,138.0,4.9344739331306915,86.0,26.0,6.0,6.0,3.0,1.0,78.0,843.0,4.0,20.0,0.02372479240806643,0.004744958481613286,8.757281553398059,2.2780138322635404,0.010388234345667923,21.0,0.0,0.0,0.0,7.0,163.0,5.099866427824199,21.799991300626463,0.0,40.0,4016.0,401615.0,0.0,0.0,0.0,0.0,0.0,0.0
5,69,129,4016150601,여과장치,3978101727,3978101727,디에스엔텍 주식회사,0.210281,0.0,1.0,141.0,4.955827057601261,101.0,12.0,3.0,3.0,1.0,1.0,40.0,843.0,4.0,20.0,0.02372479240806643,0.004744958481613286,8.757281553398059,2.2780138322635404,0.010388234345667923,20.0,0.0,0.0,0.0,3.0,186.0,5.231108616854587,22.40126414200196,0.0,40.0,4016.0,401615.0,0.0,0.0,0.0,0.0,0.0,0.0
6,99,138,4016150601,여과장치,7608100625,7608100625,대신이엔텍 주식회사,0.136298,0.0,1.0,141.0,4.955827057601261,60.0,10.0,2.0,2.0,1.0,0.0,6.0,843.0,4.0,20.0,0.02372479240806643,0.004744958481613286,8.757281553398059,2.2780138322635404,0.010388234345667923,17.0,0.0,0.0,0.0,5.0,176.0,5.176149732573829,22.229586224115707,0.0,40.0,4016.0,401615.0,0.0,0.0,0.0,0.0,0.0,0.0
7,173,101,4016150601,여과장치,8278602014,8278602014,주식회사 혼정보통신,0.02493,0.0,0.0,759.0,6.633318433280377,550.0,28.0,5.0,5.0,4.0,1.0,0.0,843.0,4.0,20.0,0.02372479240806643,0.004744958481613286,8.757281553398059,2.2780138322635404,0.010388234345667923,69.0,0.0,0.0,1.0,7.0,191.0,5.2574953720277815,21.98506464302589,0.0,40.0,4016.0,401615.0,0.0,0.0,0.0,0.0,0.0,0.0
8,181,113,4016150601,여과장치,4578801111,4578801111,주식회사 가경이앤씨,0.021319,0.0,0.0,159.0,5.075173815233827,69.0,1.0,1.0,1.0,1.0,1.0,33.0,843.0,4.0,20.0,0.02372479240806643,0.004744958481613286,8.757281553398059,2.2780138322635404,0.010388234345667923,31.0,0.0,0.0,0.0,6.0,137.0,4.927253685157205,22.66467530554532,0.0,40.0,4016.0,401615.0,0.0,0.0,0.0,0.0,0.0,0.0
9,184,143,4016150601,여과장치,6502401417,6502401417,선유통,0.0205,0.0,0.0,1356.0,7.213031659834869,1955.0,101.0,13.0,13.0,5.0,1.0,0.0,843.0,4.0,20.0,0.02372479240806643,0.004744958481613286,8.757281553398059,2.2780138322635404,0.010388234345667923,17.0,0.0,0.0,0.0,2.0,284.0,5.652489180268651,20.748738594900335,0.0,40.0,4016.0,401615.0,0.0,0.0,0.0,0.0,0.0,0.0
10,205,105,4016150601,여과장치,7278602368,7278602368,주식회사 숨,0.016873,0.0,0.0,759.0,6.633318433280377,596.0,29.0,5.0,5.0,2.0,1.0,0.0,843.0,4.0,20.0,0.02372479240806643,0.004744958481613286,8.757281553398059,2.2780138322635404,0.010388234345667923,48.0,0.0,0.0,0.0,4.0,165.0,5.111987788356544,21.692833985055888,0.0,40.0,4016.0,401615.0,0.0,0.0,0.0,0.0,0.0,0.0
11,210,106,4016150601,여과장치,4858601669,4858601669,주식회사 모아텍,0.016097,0.0,0.0,1124.0,7.025538314638521,401.0,19.0,3.0,3.0,2.0,8.0,0.0,843.0,4.0,20.0,0.02372479240806643,0.004744958481613286,8.757281553398059,2.2780138322635404,0.010388234345667923,47.0,0.0,0.0,1.0,5.0,155.0,5.049856007249537,22.43652595380409,0.0,40.0,4016.0,401615.0,0.0,0.0,0.0,0.0,0.0,0.0
12,224,111,4016150601,여과장치,7958701414,7958701414,주식회사 씨티원 충남,0.014329,0.0,0.0,1124.0,7.025538314638521,409.0,19.0,6.0,6.0,3.0,3.0,0.0,843.0,4.0,20.0,0.02372479240806643,0.004744958481613286,8.757281553398059,2.2780138322635404,0.010388234345667923,32.0,0.0,0.0,1.0,6.0,138.0,4.9344739331306915,21.47605125013972,0.0,40.0,4016.0,401615.0,0.0,0.0,0.0,0.0,0.0,0.0
13,235,108,4016150601,여과장치,2078802795,2078802795,주식회사 클라우드소프트,0.013107,0.0,0.0,759.0,6.633318433280377,711.0,29.0,7.0,7.0,5.0,1.0,0.0,843.0,4.0,20.0,0.02372479240806643,0.004744958481613286,8.757281553398059,2.2780138322635404,0.010388234345667923,41.0,0.0,0.0,0.0,6.0,193.0,5.267858159063328,21.429539536553,0.0,40.0,4016.0,401615.0,0.0,0.0,0.0,0.0,0.0,0.0
14,243,123,4016150601,여과장치,2273001106,2273001106,서이트레이드,0.011615,0.0,0.0,1124.0,7.025538314638521,385.0,19.0,3.0,3.0,2.0,6.0,0.0,843.0,4.0,20.0,0.02372479240806643,0.004744958481613286,8.757281553398059,2.2780138322635404,0.010388234345667923,25.0,0.0,0.0,0.0,10.0,156.0,5.056245805348308,21.808402134622703,0.0,40.0,4016.0,401615.0,0.0,0.0,0.0,0.0,0.0,0.0
15,263,133,4016150601,여과장치,3294700944,3294700944,우주유통,0.009542,0.0,0.0,1369.0,7.222566018822171,909.0,49.0,10.0,10.0,4.0,0.0,0.0,843.0,4.0,20.0,0.02372479240806643,0.004744958481613286,8.757281553398059,2.2780138322635404,0.010388234345667923,19.0,0.0,0.0,0.0,2.0,200.0,5.303304908059076,20.616570145771657,0.0,40.0,4016.0,401615.0,0.0,0.0,0.0,0.0,0.0,0.0
16,268,145,4016150601,여과장치,3148612199,3148612199,주식회사 유노미아,0.009068,0.0,0.0,1125.0,7.026426808699636,44.0,3.0,1.0,1.0,1.0,0.0,5.0,843.0,4.0,20.0,0.02372479240806643,0.004744958481613286,8.757281553398059,2.2780138322635404,0.010388234345667923,16.0,0.0,0.0,0.0,1.0,249.0,5.521460917862246,21.572889063002552,0.0,40.0,4016.0,401615.0,0.0,0.0,0.0,0.0,0.0,0.0
17,269,116,4016150601,여과장치,3091861646,3091861646,모아상사,0.008956,0.0,0.0,1124.0,7.025538314638521,368.0,15.0,3.0,3.0,2.0,6.0,0.0,843.0,4.0,20.0,0.02372479240806643,0.004744958481613286,8.757281553398059,2.2780138322635404,0.010388234345667923,29.0,0.0,0.0,0.0,6.0,163.0,5.099866427824199,21.80680664664505,0.0,40.0,4016.0,401615.0,0.0,0.0,0.0,0.0,0.0,0.0
18,270,125,4016150601,여과장치,2702501178,2702501178,도담,0.00891,0.0,0.0,1368.0,7.221835825288449,38.0,4.0,1.0,1.0,1.0,0.0,0.0,843.0,4.0,20.0,0.02372479240806643,0.004744958481613286,8.757281553398059,2.2780138322635404,0.010388234345667923,22.0,0.0,0.0,0.0,0.0,452.0,6.115892125483034,21.49762556741679,0.0,40.0,4016.0,401615.0,0.0,0.0,0.0,0.0,0.0,0.0
19,274,132,4016150601,여과장치,8612101471,8612101471,테라물라,0.008714,0.0,0.0,1116.0,7.018401799069201,958.0,48.0,11.0,11.0,6.0,0.0,0.0,843.0,4.0,20.0,0.02372479240806643,0.004744958481613286,8.757281553398059,2.2780138322635404,0.010388234345667923,19.0,0.0,0.0,0.0,2.0,156.0,5.056245805348308,21.427324273157037,0.0,40.0,4016.0,401615.0,0.0,0.0,0.0,0.0,0.0,0.0
20,288,128,4016150601,여과장치,7117800297,7117800297,한나유통,0.00773,0.0,0.0,1124.0,7.025538314638521,355.0,14.0,4.0,4.0,2.0,0.0,0.0,843.0,4.0,20.0,0.02372479240806643,0.004744958481613286,8.757281553398059,2.2780138322635404,0.010388234345667923,21.0,0.0,0.0,0.0,4.0,158.0,5.0689042022202315,20.749208530289422,0.0,40.0,4016.0,401615.0,0.0,0.0,0.0,0.0,0.0,0.0
21,290,109,4016150601,여과장치,7810302068,7810302068,에이스건설산업,0.007661,0.0,0.0,1124.0,7.025538314638521,392.0,17.0,2.0,2.0,1.0,0.0,0.0,843.0,4.0,20.0,0.02372479240806643,0.004744958481613286,8.757281553398059,2.2780138322635404,0.010388234345667923,39.0,0.0,0.0,0.0,7.0,176.0,5.176149732573829,21.52980287770553,0.0,40.0,4016.0,401615.0,0.0,0.0,0.0,0.0,0.0,0.0
22,296,137,4016150601,여과장치,3883001492,3883001492,유엔글로벌,0.007364,0.0,0.0,1124.0,7.025538314638521,781.0,37.0,9.0,9.0,3.0,0.0,0.0,843.0,4.0,20.0,0.02372479240806643,0.004744958481613286,8.757281553398059,2.2780138322635404,0.010388234345667923,18.0,0.0,0.0,0.0,4.0,137.0,4.927253685157205,20.792597661515607,0.0,40.0,4016.0,401615.0,0.0,0.0,0.0,0.0,0.0,0.0
23,309,118,4016150601,여과장치,7511001877,7511001877,비피엔,0.006722,0.0,0.0,1124.0,7.025538314638521,589.0,32.0,10.0,10.0,5.0,0.0,0.0,843.0,4.0,20.0,0.02372479240806643,0.004744958481613286,8.757281553398059,2.2780138322635404,0.010388234345667923,28.0,0.0,0.0,0.0,5.0,234.0,5.459585514144159,21.33527638183671,0.0,40.0,4016.0,401615.0,0.0,0.0,0.0,0.0,0.0,0.0
24,315,141,4016150601,여과장치,6990302508,6990302508,해리엔터프라이즈,0.006372,0.0,0.0,1124.0,7.025538314638521,857.0,45.0,10.0,10.0,5.0,0.0,0.0,843.0,4.0,20.0,0.02372479240806643,0.004744958481613286,8.757281553398059,2.2780138322635404,0.010388234345667923,17.0,0.0,0.0,0.0,4.0,179.0,5.19295685089021,21.113836132708272,0.0,40.0,4016.0,401615.0,0.0,0.0,0.0,0.0,0.0,0.0
25,320,124,4016150601,여과장치,7390302693,7390302693,대한시스텍,0.006245,0.0,0.0,1124.0,7.025538314638521,714.0,35.0,9.0,9.0,3.0,0.0,0.0,843.0,4.0,20.0,0.02372479240806643,0.004744958481613286,8.757281553398059,2.2780138322635404,0.010388234345667923,23.0,0.0,0.0,0.0,3.0,242.0,5.493061443340548,20.656164187399888,0.0,40.0,4016.0,401615.0,0.0,0.0,0.0,0.0,0.0,0.0
26,328,114,4016150601,여과장치,3058149402,3058149402,주식회사 아워스,0.005776,0.0,0.0,1125.0,7.026426808699636,61.0,6.0,1.0,1.0,1.0,0.0,12.0,843.0,4.0,20.0,0.02372479240806643,0.004744958481613286,8.757281553398059,2.2780138322635404,0.010388234345667923,31.0,0.0,0.0,0.0,2.0,240.0,5.484796933490655,21.523903467093604,0.0,40.0,4016.0,401615.0,0.0,0.0,0.0,0.0,0.0,0.0
27,333,127,4016150601,여과장치,4551701809,4551701809,니즈스토리,0.005701,0.0,0.0,1124.0,7.025538314638521,742.0,37.0,9.0,9.0,3.0,0.0,0.0,843.0,4.0,20.0,0.02372479240806643,0.004744958481613286,8.757281553398059,2.2780138322635404,0.010388234345667923,21.0,0.0,0.0,0.0,3.0,178.0,5.187385805840755,20.80011790918268,0.0,40.0,4016.0,401615.0,0.0,0.0,0.0,0.0,0.0,0.0
28,342,110,4016150601,여과장치,6870700558,6870700558,에스엠제이,0.005415,0.0,0.0,1125.0,7.026426808699636,268.0,14.0,2.0,2.0,1.0,0.0,0.0,843.0,4.0,20.0,0.02372479240806643,0.004744958481613286,8.757281553398059,2.2780138322635404,0.010388234345667923,35.0,0.0,0.0,1.0,4.0,166.0,5.117993812416755,20.997428775579056,0.0,40.0,4016.0,401615.0,0.0,0.0,0.0,0.0,0.0,0.0
29,346,144,4016150601,여과장치,4210602677,4210602677,구름미디어,0.005325,0.0,0.0,1124.0,7.025538314638521,695.0,39.0,10.0,10.0,5.0,0.0,0.0,843.0,4.0,20.0,0.02372479240806643,0.004744958481613286,8.757281553398059,2.2780138322635404,0.010388234345667923,17.0,0.0,0.0,0.0,2.0,206.0,5.332718793265369,20.649911360689497,0.0,40.0,4016.0,401615.0,0.0,0.0,0.0,0.0,0.0,0.0
30,355,120,4016150601,여과장치,6231501484,6231501484,다온상사,0.005167,0.0,0.0,1124.0,7.025538314638521,140.0,7.0,4.0,4.0,1.0,6.0,0.0,843.0,4.0,20.0,0.02372479240806643,0.004744958481613286,8.757281553398059,2.2780138322635404,0.010388234345667923,26.0,0.0,0.0,0.0,1.0,354.0,5.872117789475416,21.83284244979341,0.0,40.0,4016.0,401615.0,0.0,0.0,0.0,0.0,0.0,0.0
31,356,148,4016150601,여과장치,2081552260,2081552260,제주드림코리아,0.005074,0.0,0.0,1124.0,7.025538314638521,320.0,17.0,5.0,5.0,2.0,0.0,0.0,843.0,4.0,20.0,0.02372479240806643,0.004744958481613286,8.757281553398059,2.2780138322635404,0.010388234345667923,16.0,0.0,0.0,1.0,0.0,731.0,6.595780513961311,20.69178961350718,0.0,40.0,4016.0,401615.0,0.0,0.0,0.0,0.0,0.0,0.0
32,376,122,4016150601,여과장치,7820901711,7820901711,모아테크,0.004606,0.0,0.0,1124.0,7.025538314638521,327.0,11.0,3.0,3.0,2.0,8.0,0.0,843.0,4.0,20.0,0.02372479240806643,0.004744958481613286,8.757281553398059,2.2780138322635404,0.010388234345667923,25.0,0.0,0.0,0.0,3.0,200.0,5.303304908059076,21.98005429854726,0.0,40.0,4016.0,401615.0,0.0,0.0,0.0,0.0,0.0,0.0
33,378,147,4016150601,여과장치,6706200447,6706200447,에스엔컴퍼니,0.004552,0.0,0.0,1124.0,7.025538314638521,769.0,40.0,10.0,10.0,5.0,0.0,0.0,843.0,4.0,20.0,0.02372479240806643,0.004744958481613286,8.757281553398059,2.2780138322635404,0.010388234345667923,16.0,0.0,0.0,0.0,2.0,205.0,5.327876168789581,20.921022007394654,0.0,40.0,4016.0,401615.0,0.0,0.0,0.0,0.0,0.0,0.0
34,379,131,4016150601,여과장치,2803701009,2803701009,오성,0.004506,0.0,0.0,1124.0,7.025538314638521,127.0,8.0,2.0,2.0,1.0,1.0,0.0,843.0,4.0,20.0,0.02372479240806643,0.004744958481613286,8.757281553398059,2.2780138322635404,0.010388234345667923,19.0,0.0,0.0,0.0,1.0,355.0,5.87493073085203,21.65578388052157,0.0,40.0,4016.0,401615.0,0.0,0.0,0.0,0.0,0.0,0.0
35,390,150,4016150601,여과장치,2010989673,2010989673,사회문화＆세무정보사,0.004189,0.0,0.0,1373.0,7.2254814727822945,200.0,15.0,4.0,4.0,3.0,0.0,0.0,843.0,4.0,20.0,0.02372479240806643,0.004744958481613286,8.757281553398059,2.2780138322635404,0.010388234345667923,16.0,0.0,0.0,0.0,2.0,156.0,5.056245805348308,20.634358315410395,0.0,40.0,4016.0,401615.0,0.0,0.0,0.0,0.0,0.0,0.0
36,394,135,4016150601,여과장치,1371217543,1371217543,청진유통,0.00406,0.0,0.0,1368.0,7.221835825288449,112.0,6.0,2.0,2.0,2.0,0.0,0.0,843.0,4.0,20.0,0.02372479240806643,0.004744958481613286,8.757281553398059,2.2780138322635404,0.010388234345667923,18.0,0.0,0.0,0.0,3.0,191.0,5.2574953720277815,20.95913097289983,0.0,40.0,4016.0,401615.0,0.0,0.0,0.0,0.0,0.0,0.0
37,408,149,4016150601,여과장치,7342101806,7342101806,나노시스,0.00386,0.0,0.0,1124.0,7.025538314638521,468.0,27.0,4.0,4.0,2.0,0.0,0.0,843.0,4.0,20.0,0.02372479240806643,0.004744958481613286,8.757281553398059,2.2780138322635404,0.010388234345667923,16.0,0.0,0.0,0.0,1.0,241.0,5.488937726156687,20.64596498636159,0.0,40.0,4016.0,401615.0,0.0,0.0,0.0,0.0,0.0,0.0
38,409,104,4016150601,여과장치,7394000782,7394000782,더원컴퍼니,0.003855,0.0,0.0,1124.0,7.025538314638521,355.0,13.0,1.0,1.0,1.0,0.0,0.0,843.0,4.0,20.0,0.02372479240806643,0.004744958481613286,8.757281553398059,2.2780138322635404,0.010388234345667923,51.0,0.0,0.0,0.0,1.0,323.0,5.780743515792329,21.923790094980987,0.0,40.0,4016.0,401615.0,0.0,0.0,0.0,0.0,0.0,0.0
39,414,121,4016150601,여과장치,1138196062,1138196062,주식회사 케이에스엔텍,0.0038,0.0,0.0,1124.0,7.025538314638521,119.0,9.0,3.0,3.0,1.0,0.0,0.0,843.0,4.0,20.0,0.02372479240806643,0.004744958481613286,8.757281553398059,2.2780138322635404,0.010388234345667923,26.0,0.0,0.0,0.0,2.0,200.0,5.303304908059076,21.505630653124907,0.0,40.0,4016.0,401615.0,0.0,0.0,0.0,0.0,0.0,0.0
40,427,107,4016150601,여과장치,4555100293,4555100293,로드파크,0.003521,0.0,0.0,1124.0,7.025538314638521,290.0,13.0,2.0,2.0,1.0,0.0,0.0,843.0,4.0,20.0,0.02372479240806643,0.004744958481613286,8.757281553398059,2.2780138322635404,0.010388234345667923,44.0,0.0,0.0,0.0,5.0,176.0,5.176149732573829,22.332322156783317,0.0,40.0,4016.0,401615.0,0.0,0.0,0.0,0.0,0.0,0.0
41,435,146,4016150601,여과장치,5918100427,5918100427,주식회사 수연티앤씨,0.003415,0.0,0.0,1373.0,7.2254814727822945,256.0,21.0,4.0,4.0,3.0,0.0,0.0,843.0,4.0,20.0,0.02372479240806643,0.004744958481613286,8.757281553398059,2.2780138322635404,0.010388234345667923,16.0,0.0,0.0,0.0,1.0,274.0,5.616771097666572,21.380391819760433,0.0,40.0,4016.0,401615.0,0.0,0.0,0.0,0.0,0.0,0.0
42,440,117,4016150601,여과장치,8578100569,8578100569,(주)제이인터내셔날,0.003343,0.0,0.0,1124.0,7.025538314638521,239.0,10.0,2.0,2.0,1.0,0.0,0.0,843.0,4.0,20.0,0.02372479240806643,0.004744958481613286,8.757281553398059,2.2780138322635404,0.010388234345667923,28.0,0.0,0.0,0.0,1.0,242.0,5.493061443340548,22.515421736085745,0.0,40.0,4016.0,401615.0,0.0,0.0,0.0,0.0,0.0,0.0
43,441,103,4016150601,여과장치,7620400047,7620400047,에스지에스,0.003328,0.0,0.0,1125.0,7.026426808699636,262.0,16.0,2.0,2.0,1.0,0.0,0.0,843.0,4.0,20.0,0.02372479240806643,0.004744958481613286,8.757281553398059,2.2780138322635404,0.010388234345667923,57.0,0.0,0.0,0.0,5.0,164.0,5.10594547390058,21.71871914472189,0.0,40.0,4016.0,401615.0,0.0,0.0,0.0,0.0,0.0,0.0
44,444,134,4016150601,여과장치,2168148122,2168148122,주식회사 르몽드인터내셔널,0.003278,0.0,0.0,1124.0,7.025538314638521,438.0,24.0,7.0,7.0,5.0,1.0,22.0,843.0,4.0,20.0,0.02372479240806643,0.004744958481613286,8.757281553398059,2.2780138322635404,0.010388234345667923,18.0,0.0,0.0,0.0,0.0,865.0,6.763884908562435,22.820278825183948,0.0,40.0,4016.0,401615.0,0.0,0.0,0.0,0.0,0.0,0.0
45,450,139,4016150601,여과장치,1218186809,1218186809,(주)씨티원서비스,0.003123,0.0,0.0,1124.0,7.025538314638521,358.0,14.0,3.0,3.0,2.0,9.0,0.0,843.0,4.0,20.0,0.02372479240806643,0.004744958481613286,8.757281553398059,2.2780138322635404,0.010388234345667923,17.0,0.0,0.0,0.0,0.0,501.0,6.218600119691729,21.49733424009571,0.0,40.0,4016.0,401615.0,0.0,0.0,0.0,0.0,0.0,0.0
46,452,130,4016150601,여과장치,4601501321,4601501321,토마토,0.003088,0.0,0.0,1125.0,7.026426808699636,270.0,9.0,2.0,2.0,2.0,0.0,0.0,843.0,4.0,20.0,0.02372479240806643,0.004744958481613286,8.757281553398059,2.2780138322635404,0.010388234345667923,20.0,0.0,0.0,0.0,2.0,242.0,5.493061443340548,20.515259952084808,0.0,40.0,4016.0,401615.0,0.0,0.0,0.0,0.0,0.0,0.0
47,455,112,4016150601,여과장치,6671900936,6671900936,제이디아이(JDI),0.003054,0.0,0.0,1125.0,7.026426808699636,299.0,20.0,3.0,3.0,1.0,0.0,0.0,843.0,4.0,20.0,0.02372479240806643,0.004744958481613286,8.757281553398059,2.2780138322635404,0.010388234345667923,32.0,0.0,0.0,0.0,2.0,225.0,5.420534999272286,20.594452881255116,0.0,40.0,4016.0,401615.0,0.0,0.0,0.0,0.0,0.0,0.0
48,460,142,4016150601,여과장치,5073600534,5073600534,엔젤테크,0.002892,0.0,0.0,1130.0,7.030857476116121,391.0,18.0,3.0,3.0,1.0,0.0,0.0,843.0,4.0,20.0,0.02372479240806643,0.004744958481613286,8.757281553398059,2.2780138322635404,0.010388234345667923,17.0,0.0,0.0,0.0,1.0,184.0,5.220355825078325,21.02970667662079,0.0,40.0,4016.0,401615.0,0.0,0.0,0.0,0.0,0.0,0.0
49,465,140,4016150601,여과장치,5568101156,5568101156,주식회사 우리에이치알컴퍼니,0.002816,0.0,0.0,1125.0,7.026426808699636,283.0,16.0,3.0,3.0,1.0,0.0,0.0,843.0,4.0,20.0,0.02372479240806643,0.004744958481613286,8.757281553398059,2.2780138322635404,0.010388234345667923,17.0,0.0,0.0,0.0,4.0,177.0,5.181783550292085,21.445408952630057,0.0,40.0,4016.0,401615.0,0.0,0.0,0.0,0.0,0.0,0.0
50,471,136,4016150601,여과장치,3061864998,3061864998,에스코,0.002736,0.0,0.0,1124.0,7.025538314638521,414.0,21.0,4.0,4.0,2.0,0.0,0.0,843.0,4.0,20.0,0.02372479240806643,0.004744958481613286,8.757281553398059,2.2780138322635404,0.010388234345667923,18.0,0.0,0.0,0.0,1.0,201.0,5.308267697401205,20.90664891096488,0.0,40.0,4016.0,401615.0,0.0,0.0,0.0,0.0,0.0,0.0
1,18,364,4111250101,유량계,2138639269,2138639269,주식회사 하이드로넷,0.68417,0.0,1.0,761.0,6.635946555686647,3.0,1.0,1.0,1.0,1.0,0.0,2.0,605.0,13.0,11.0,0.01818181818181818,0.021487603305785124,21.854166666666668,3.1291334493673393,0.03612258953168044,19.0,0.0,0.0,2.0,5.0,144.0,4.976733742420574,21.4133812769217,0.0,41.0,4111.0,411125.0,0.0,0.0,0.0,0.0,0.0,0.0
2,67,353,4111250101,유량계,2108159349,2108159349,주식회사 피디원 (PDONE),0.217099,0.0,0.0,253.0,5.537334267018537,6.0,2.0,2.0,2.0,1.0,0.0,0.0,605.0,13.0,11.0,0.01818181818181818,0.021487603305785124,21.854166666666668,3.1291334493673393,0.03612258953168044,53.0,0.0,0.0,2.0,7.0,194.0,5.272999558563747,23.344993641257616,0.0,41.0,4111.0,411125.0,0.0,0.0,0.0,0.0,0.0,0.0
3,73,384,4111250101,유량계,1248137874,1248137874,한양이엔지 주식회사,0.199574,0.0,0.0,1237.0,7.121252453244542,2.0,1.0,1.0,1.0,1.0,0.0,0.0,605.0,13.0,11.0,0.01818181818181818,0.021487603305785124,21.854166666666668,3.1291334493673393,0.03612258953168044,11.0,0.0,0.0,0.0,3.0,142.0,4.962844630259907,24.373479505718144,0.0,41.0,4111.0,411125.0,0.0,0.0,0.0,0.0,0.0,0.0
4,136,379,4111250101,유량계,2060684804,2060684804,인텍시스템,0.05637,0.0,0.0,1005.0,6.913737350659685,5.0,2.0,2.0,2.0,1.0,0.0,0.0,605.0,13.0,11.0,0.01818181818181818,0.021487603305785124,21.854166666666668,3.1291334493673393,0.03612258953168044,12.0,0.0,0.0,1.0,0.0,550.0,6.311734809152915,20.848505448447213,0.0,41.0,4111.0,411125.0,0.0,0.0,0.0,0.0,0.0,0.0
5,194,352,4111250101,유량계,1160724873,1160724873,나산상사,0.018232,0.0,0.0,134.0,4.90527477843843,168.0,30.0,19.0,19.0,1.0,0.0,0.0,605.0,13.0,11.0,0.01818181818181818,0.021487603305785124,21.854166666666668,3.1291334493673393,0.03612258953168044,54.0,0.0,0.0,5.0,6.0,137.0,4.927253685157205,21.96635296983237,0.0,41.0,4111.0,411125.0,0.0,0.0,0.0,0.0,0.0,0.0
6,251,381,4111250101,유량계,7038601174,7038601174,주식회사 제이디글로벌,0.010798,0.0,0.0,1494.0,7.3098814858247865,143.0,19.0,13.0,13.0,2.0,1.0,0.0,605.0,13.0,11.0,0.01818181818181818,0.021487603305785124,21.854166666666668,3.1291334493673393,0.03612258953168044,12.0,0.0,0.0,1.0,1.0,331.0,5.805134968916488,20.668296690675145,0.0,41.0,4111.0,411125.0,0.0,0.0,0.0,0.0,0.0,0.0
7,260,392,4111250101,유량계,6140801143,6140801143,명지산업,0.009597,0.0,0.0,983.0,6.891625897052253,101.0,37.0,24.0,24.0,1.0,1.0,4.0,605.0,13.0,11.0,0.01818181818181818,0.021487603305785124,21.854166666666668,3.1291334493673393,0.03612258953168044,10.0,0.0,0.0,3.0,0.0,722.0,6.583409222158765,20.90567319089302,0.0,41.0,4111.0,411125.0,0.0,0.0,0.0,0.0,0.0,0.0
8,262,354,4111250101,유량계,5295500699,5295500699,비에스에스,0.009567,0.0,0.0,1470.0,7.293697720601438,230.0,78.0,42.0,42.0,1.0,0.0,0.0,605.0,13.0,11.0,0.01818181818181818,0.021487603305785124,21.854166666666668,3.1291334493673393,0.03612258953168044,46.0,0.0,0.0,1.0,7.0,150.0,5.017279836814924,21.438613923494515,0.0,41.0,4111.0,411125.0,0.0,0.0,0.0,0.0,0.0,0.0
9,271,368,4111250101,유량계,1690402168,1690402168,세렌디피티,0.008896,0.0,0.0,1362.0,7.217443431696533,269.0,43.0,30.0,30.0,1.0,0.0,0.0,605.0,13.0,11.0,0.01818181818181818,0.021487603305785124,21.854166666666668,3.1291334493673393,0.03612258953168044,16.0,0.0,0.0,1.0,5.0,136.0,4.919980925828125,21.2347911826499,0.0,41.0,4111.0,411125.0,0.0,0.0,0.0,0.0,0.0,0.0
10,275,399,4111250101,유량계,5218102275,5218102275,주식회사 유진기업,0.008655,0.0,0.0,1495.0,7.310550158534422,220.0,35.0,26.0,26.0,2.0,0.0,0.0,605.0,13.0,11.0,0.01818181818181818,0.021487603305785124,21.854166666666668,3.1291334493673393,0.03612258953168044,9.0,0.0,0.0,1.0,2.0,201.0,5.308267697401205,20.73919172960416,0.0,41.0,4111.0,411125.0,0.0,0.0,0.0,0.0,0.0,0.0
11,276,360,4111250101,유량계,1312045032,1312045032,툴데포,0.008579,0.0,0.0,1110.0,7.01301578963963,116.0,15.0,9.0,9.0,1.0,0.0,0.0,605.0,13.0,11.0,0.01818181818181818,0.021487603305785124,21.854166666666668,3.1291334493673393,0.03612258953168044,27.0,0.0,0.0,1.0,3.0,148.0,5.003946305945459,21.42272348505727,0.0,41.0,4111.0,411125.0,0.0,0.0,0.0,0.0,0.0,0.0
12,279,395,4111250101,유량계,5180600482,5180600482,리얼야구존평거점,0.008275,0.0,0.0,1486.0,7.304515946460155,114.0,14.0,11.0,11.0,1.0,0.0,0.0,605.0,13.0,11.0,0.01818181818181818,0.021487603305785124,21.854166666666668,3.1291334493673393,0.03612258953168044,10.0,0.0,0.0,1.0,0.0,414.0,6.028278520230698,19.912376517143812,0.0,41.0,4111.0,411125.0,0.0,0.0,0.0,0.0,0.0,0.0
13,281,358,4111250101,유량계,3091861646,3091861646,모아상사,0.008182,0.0,0.0,1132.0,7.0326242610280065,368.0,69.0,45.0,45.0,2.0,6.0,0.0,605.0,13.0,11.0,0.01818181818181818,0.021487603305785124,21.854166666666668,3.1291334493673393,0.03612258953168044,29.0,0.0,0.0,2.0,6.0,163.0,5.099866427824199,21.80680664664505,0.0,41.0,4111.0,411125.0,0.0,0.0,0.0,0.0,0.0,0.0
14,283,351,4111250101,유량계,1228646713,1228646713,주식회사 새론아이,0.008031,0.0,0.0,1004.0,6.912742820493176,285.0,63.0,39.0,39.0,1.0,0.0,0.0,605.0,13.0,11.0,0.01818181818181818,0.021487603305785124,21.854166666666668,3.1291334493673393,0.03612258953168044,58.0,0.0,0.0,4.0,1.0,311.0,5.7430031878094825,22.295208575475716,0.0,41.0,4111.0,411125.0,0.0,0.0,0.0,0.0,0.0,0.0
15,287,361,4111250101,유량계,4721301373,4721301373,어진컴퍼니,0.007741,0.0,0.0,983.0,6.891625897052253,298.0,75.0,51.0,51.0,1.0,0.0,0.0,605.0,13.0,11.0,0.01818181818181818,0.021487603305785124,21.854166666666668,3.1291334493673393,0.03612258953168044,21.0,0.0,0.0,4.0,0.0,547.0,6.306275286948016,21.61567268652967,0.0,41.0,4111.0,411125.0,0.0,0.0,0.0,0.0,0.0,0.0
16,289,374,4111250101,유량계,2158662413,2158662413,(주)동건,0.00771,0.0,0.0,1004.0,6.912742820493176,86.0,23.0,10.0,10.0,1.0,0.0,0.0,605.0,13.0,11.0,0.01818181818181818,0.021487603305785124,21.854166666666668,3.1291334493673393,0.03612258953168044,14.0,0.0,0.0,2.0,2.0,247.0,5.5134287461649825,20.600882361601034,0.0,41.0,4111.0,411125.0,0.0,0.0,0.0,0.0,0.0,0.0
17,292,394,4111250101,유량계,4556600429,4556600429,승주상사,0.007573,0.0,0.0,1362.0,7.217443431696533,331.0,73.0,47.0,47.0,1.0,0.0,0.0,605.0,13.0,11.0,0.01818181818181818,0.021487603305785124,21.854166666666668,3.1291334493673393,0.03612258953168044,10.0,0.0,0.0,1.0,0.0,386.0,5.958424693029782,20.130339379712684,0.0,41.0,4111.0,411125.0,0.0,0.0,0.0,0.0,0.0,0.0
18,298,373,4111250101,유량계,5250802328,5250802328,일호컴퍼니,0.007353,0.0,0.0,1486.0,7.304515946460155,669.0,146.0,99.0,99.0,2.0,0.0,0.0,605.0,13.0,11.0,0.01818181818181818,0.021487603305785124,21.854166666666668,3.1291334493673393,0.03612258953168044,14.0,0.0,0.0,0.0,0.0,767.0,6.643789733147672,21.300397814500112,0.0,41.0,4111.0,411125.0,0.0,0.0,0.0,0.0,0.0,0.0
19,301,355,4111250101,유량계,2521201281,2521201281,에이디 커머스,0.006953,0.0,0.0,1348.0,7.207118856207756,223.0,39.0,25.0,25.0,1.0,0.0,0.0,605.0,13.0,11.0,0.01818181818181818,0.021487603305785124,21.854166666666668,3.1291334493673393,0.03612258953168044,37.0,0.0,0.0,2.0,5.0,169.0,5.135798437050262,21.0045945645773,0.0,41.0,4111.0,411125.0,0.0,0.0,0.0,0.0,0.0,0.0
20,304,397,4111250101,유량계,1308665007,1308665007,주식회사아이디에프,0.006921,0.0,0.0,1362.0,7.217443431696533,193.0,31.0,23.0,23.0,1.0,0.0,0.0,605.0,13.0,11.0,0.01818181818181818,0.021487603305785124,21.854166666666668,3.1291334493673393,0.03612258953168044,9.0,0.0,0.0,1.0,0.0,403.0,6.0014148779611505,21.307829888135736,0.0,41.0,4111.0,411125.0,0.0,0.0,0.0,0.0,0.0,0.0
21,305,377,4111250101,유량계,6044071787,6044071787,에이치엠,0.006875,0.0,0.0,982.0,6.890609120147166,371.0,72.0,38.0,38.0,1.0,0.0,0.0,605.0,13.0,11.0,0.01818181818181818,0.021487603305785124,21.854166666666668,3.1291334493673393,0.03612258953168044,13.0,0.0,0.0,1.0,1.0,232.0,5.4510384535657,20.08122247342432,0.0,41.0,4111.0,411125.0,0.0,0.0,0.0,0.0,0.0,0.0
22,310,386,4111250101,유량계,6088188906,6088188906,주식회사 모네스틸,0.006718,0.0,0.0,761.0,6.635946555686647,177.0,19.0,13.0,13.0,1.0,0.0,0.0,605.0,13.0,11.0,0.01818181818181818,0.021487603305785124,21.854166666666668,3.1291334493673393,0.03612258953168044,11.0,0.0,0.0,1.0,1.0,304.0,5.720311776607412,21.096762051185184,0.0,41.0,4111.0,411125.0,0.0,0.0,0.0,0.0,0.0,0.0
23,316,359,4111250101,유량계,5118127226,5118127226,주식회사 마크온탑,0.006365,0.0,0.0,1374.0,7.226209010100671,1602.0,193.0,133.0,133.0,1.0,2.0,49.0,605.0,13.0,11.0,0.01818181818181818,0.021487603305785124,21.854166666666668,3.1291334493673393,0.03612258953168044,27.0,0.0,0.0,0.0,4.0,184.0,5.220355825078325,21.731939902532034,0.0,41.0,4111.0,411125.0,0.0,0.0,0.0,0.0,0.0,0.0
24,329,357,4111250101,유량계,4193201276,4193201276,태화기업,0.005743,0.0,0.0,1486.0,7.304515946460155,471.0,99.0,71.0,71.0,2.0,0.0,0.0,605.0,13.0,11.0,0.01818181818181818,0.021487603305785124,21.854166666666668,3.1291334493673393,0.03612258953168044,29.0,0.0,0.0,1.0,7.0,149.0,5.0106352940962555,22.099730272011683,0.0,41.0,4111.0,411125.0,0.0,0.0,0.0,0.0,0.0,0.0
25,347,398,4111250101,유량계,4038183460,4038183460,주식회사 진성하이텍,0.005313,0.0,0.0,1494.0,7.3098814858247865,129.0,21.0,16.0,16.0,2.0,1.0,0.0,605.0,13.0,11.0,0.01818181818181818,0.021487603305785124,21.854166666666668,3.1291334493673393,0.03612258953168044,9.0,0.0,0.0,0.0,2.0,330.0,5.802118375377063,21.208832420847386,0.0,41.0,4111.0,411125.0,0.0,0.0,0.0,0.0,0.0,0.0
26,349,387,4111250101,유량계,8143300824,8143300824,현진테크,0.005238,0.0,0.0,1486.0,7.304515946460155,199.0,27.0,19.0,19.0,1.0,0.0,0.0,605.0,13.0,11.0,0.01818181818181818,0.021487603305785124,21.854166666666668,3.1291334493673393,0.03612258953168044,11.0,0.0,0.0,0.0,4.0,155.0,5.049856007249537,20.742732398955447,0.0,41.0,4111.0,411125.0,0.0,0.0,0.0,0.0,0.0,0.0
27,358,366,4111250101,유량계,3883001492,3883001492,유엔글로벌,0.005059,0.0,0.0,1110.0,7.01301578963963,781.0,120.0,77.0,77.0,2.0,0.0,0.0,605.0,13.0,11.0,0.01818181818181818,0.021487603305785124,21.854166666666668,3.1291334493673393,0.03612258953168044,18.0,0.0,0.0,1.0,4.0,137.0,4.927253685157205,20.792597661515607,0.0,41.0,4111.0,411125.0,0.0,0.0,0.0,0.0,0.0,0.0
28,365,356,4111250101,유량계,3328802499,3328802499,주식회사 루트텍,0.004756,0.0,0.0,1003.0,6.911747300251674,504.0,99.0,65.0,65.0,2.0,0.0,0.0,605.0,13.0,11.0,0.01818181818181818,0.021487603305785124,21.854166666666668,3.1291334493673393,0.03612258953168044,35.0,0.0,0.0,4.0,1.0,345.0,5.846438775057724,21.21858131628369,0.0,41.0,4111.0,411125.0,0.0,0.0,0.0,0.0,0.0,0.0
29,377,400,4111250101,유량계,7201301326,7201301326,차가운 탁구공,0.004558,0.0,0.0,1362.0,7.217443431696533,193.0,34.0,22.0,22.0,1.0,0.0,0.0,605.0,13.0,11.0,0.01818181818181818,0.021487603305785124,21.854166666666668,3.1291334493673393,0.03612258953168044,9.0,0.0,0.0,0.0,1.0,248.0,5.517452896464707,20.650785576581576,0.0,41.0,4111.0,411125.0,0.0,0.0,0.0,0.0,0.0,0.0
30,381,388,4111250101,유량계,1022395874,1022395874,월드코리아,0.004457,0.0,0.0,1362.0,7.217443431696533,547.0,106.0,69.0,69.0,1.0,1.0,0.0,605.0,13.0,11.0,0.01818181818181818,0.021487603305785124,21.854166666666668,3.1291334493673393,0.03612258953168044,11.0,0.0,0.0,1.0,2.0,296.0,5.6937321388027,20.098290701498268,0.0,41.0,4111.0,411125.0,0.0,0.0,0.0,0.0,0.0,0.0
31,382,380,4111250101,유량계,8466000619,8466000619,정욱,0.004427,0.0,0.0,983.0,6.891625897052253,694.0,108.0,77.0,77.0,2.0,0.0,0.0,605.0,13.0,11.0,0.01818181818181818,0.021487603305785124,21.854166666666668,3.1291334493673393,0.03612258953168044,12.0,0.0,0.0,0.0,1.0,247.0,5.5134287461649825,20.704198584755666,0.0,41.0,4111.0,411125.0,0.0,0.0,0.0,0.0,0.0,0.0
32,384,376,4111250101,유량계,1868702400,1868702400,주식회사 그린아이앤티,0.004416,0.0,0.0,1363.0,7.218176838403408,588.0,123.0,84.0,84.0,3.0,1.0,0.0,605.0,13.0,11.0,0.01818181818181818,0.021487603305785124,21.854166666666668,3.1291334493673393,0.03612258953168044,13.0,0.0,0.0,1.0,2.0,338.0,5.82600010738045,20.605709667928846,0.0,41.0,4111.0,411125.0,0.0,0.0,0.0,0.0,0.0,0.0
33,386,382,4111250101,유량계,2198800975,2198800975,주식회사 동빈글로벌,0.004262,0.0,0.0,1494.0,7.3098814858247865,120.0,18.0,14.0,14.0,2.0,0.0,0.0,605.0,13.0,11.0,0.01818181818181818,0.021487603305785124,21.854166666666668,3.1291334493673393,0.03612258953168044,12.0,0.0,0.0,0.0,1.0,338.0,5.82600010738045,20.615826507607455,0.0,41.0,4111.0,411125.0,0.0,0.0,0.0,0.0,0.0,0.0
34,387,383,4111250101,유량계,7022701500,7022701500,골드굿즈,0.004259,0.0,0.0,983.0,6.891625897052253,721.0,115.0,79.0,79.0,2.0,1.0,0.0,605.0,13.0,11.0,0.01818181818181818,0.021487603305785124,21.854166666666668,3.1291334493673393,0.03612258953168044,12.0,0.0,0.0,0.0,0.0,439.0,6.0867747269123065,19.714519904042316,0.0,41.0,4111.0,411125.0,0.0,0.0,0.0,0.0,0.0,0.0
35,393,369,4111250101,유량계,6418702417,6418702417,주식회사 원스타,0.004069,0.0,0.0,1362.0,7.217443431696533,361.0,66.0,48.0,48.0,1.0,0.0,0.0,605.0,13.0,11.0,0.01818181818181818,0.021487603305785124,21.854166666666668,3.1291334493673393,0.03612258953168044,16.0,0.0,0.0,0.0,0.0,452.0,6.115892125483034,20.676322902395825,0.0,41.0,4111.0,411125.0,0.0,0.0,0.0,0.0,0.0,0.0
36,403,389,4111250101,유량계,7398102236,7398102236,주식회사 정운씨앤씨,0.003937,0.0,0.0,1363.0,7.218176838403408,492.0,97.0,61.0,61.0,3.0,0.0,0.0,605.0,13.0,11.0,0.01818181818181818,0.021487603305785124,21.854166666666668,3.1291334493673393,0.03612258953168044,11.0,0.0,0.0,0.0,0.0,507.0,6.230481447578482,19.886837121806785,0.0,41.0,4111.0,411125.0,0.0,0.0,0.0,0.0,0.0,0.0
37,405,393,4111250101,유량계,4614300522,4614300522,다이아나,0.003934,0.0,0.0,1362.0,7.217443431696533,162.0,31.0,20.0,20.0,1.0,0.0,0.0,605.0,13.0,11.0,0.01818181818181818,0.021487603305785124,21.854166666666668,3.1291334493673393,0.03612258953168044,10.0,0.0,0.0,0.0,2.0,191.0,5.2574953720277815,20.69691296731674,0.0,41.0,4111.0,411125.0,0.0,0.0,0.0,0.0,0.0,0.0
38,406,396,4111250101,유량계,4154400910,4154400910,히또컴퍼니,0.003928,0.0,0.0,1111.0,7.013915474810528,1138.0,178.0,113.0,113.0,2.0,1.0,0.0,605.0,13.0,11.0,0.01818181818181818,0.021487603305785124,21.854166666666668,3.1291334493673393,0.03612258953168044,10.0,0.0,0.0,0.0,1.0,303.0,5.717027701406222,19.576954699366695,0.0,41.0,4111.0,411125.0,0.0,0.0,0.0,0.0,0.0,0.0
39,407,378,4111250101,유량계,6868702439,6868702439,주식회사 인팩솔루션,0.003888,0.0,0.0,1362.0,7.217443431696533,356.0,76.0,54.0,54.0,1.0,0.0,0.0,605.0,13.0,11.0,0.01818181818181818,0.021487603305785124,21.854166666666668,3.1291334493673393,0.03612258953168044,12.0,0.0,0.0,0.0,0.0,422.0,6.0473721790462776,21.092336316519628,0.0,41.0,4111.0,411125.0,0.0,0.0,0.0,0.0,0.0,0.0
40,415,390,4111250101,유량계,3854700702,3854700702,에스디씨,0.003784,0.0,0.0,1348.0,7.207118856207756,116.0,27.0,18.0,18.0,1.0,0.0,0.0,605.0,13.0,11.0,0.01818181818181818,0.021487603305785124,21.854166666666668,3.1291334493673393,0.03612258953168044,11.0,0.0,0.0,0.0,0.0,1026.0,6.934397209928558,19.843939095857422,0.0,41.0,4111.0,411125.0,0.0,0.0,0.0,0.0,0.0,0.0
41,417,362,4111250101,유량계,4551701809,4551701809,니즈스토리,0.003756,0.0,0.0,1110.0,7.01301578963963,742.0,120.0,77.0,77.0,2.0,0.0,0.0,605.0,13.0,11.0,0.01818181818181818,0.021487603305785124,21.854166666666668,3.1291334493673393,0.03612258953168044,21.0,0.0,0.0,2.0,3.0,178.0,5.187385805840755,20.80011790918268,0.0,41.0,4111.0,411125.0,0.0,0.0,0.0,0.0,0.0,0.0
42,423,372,4111250101,유량계,8350601275,8350601275,옥이커피,0.003618,0.0,0.0,1366.0,7.220373836723949,314.0,58.0,37.0,37.0,1.0,0.0,0.0,605.0,13.0,11.0,0.01818181818181818,0.021487603305785124,21.854166666666668,3.1291334493673393,0.03612258953168044,15.0,0.0,0.0,0.0,0.0,619.0,6.429719478039138,20.317651739739922,0.0,41.0,4111.0,411125.0,0.0,0.0,0.0,0.0,0.0,0.0
43,430,385,4111250101,유량계,1084674027,1084674027,한컴퍼니,0.003496,0.0,0.0,1366.0,7.220373836723949,907.0,159.0,98.0,98.0,2.0,0.0,0.0,605.0,13.0,11.0,0.01818181818181818,0.021487603305785124,21.854166666666668,3.1291334493673393,0.03612258953168044,11.0,0.0,0.0,0.0,4.0,137.0,4.927253685157205,21.288737037018947,0.0,41.0,4111.0,411125.0,0.0,0.0,0.0,0.0,0.0,0.0
44,437,391,4111250101,유량계,7658101712,7658101712,주식회사 다은컴퍼니,0.003369,0.0,0.0,1493.0,7.309212365692763,93.0,13.0,7.0,7.0,1.0,0.0,0.0,605.0,13.0,11.0,0.01818181818181818,0.021487603305785124,21.854166666666668,3.1291334493673393,0.03612258953168044,10.0,0.0,0.0,0.0,1.0,284.0,5.652489180268651,21.10103343268689,0.0,41.0,4111.0,411125.0,0.0,0.0,0.0,0.0,0.0,0.0
45,438,375,4111250101,유량계,2638802174,2638802174,제이컴주식회사,0.003366,0.0,0.0,1363.0,7.218176838403408,575.0,117.0,79.0,79.0,2.0,1.0,0.0,605.0,13.0,11.0,0.01818181818181818,0.021487603305785124,21.854166666666668,3.1291334493673393,0.03612258953168044,14.0,0.0,0.0,0.0,2.0,166.0,5.117993812416755,20.5435740724156,0.0,41.0,4111.0,411125.0,0.0,0.0,0.0,0.0,0.0,0.0
46,442,370,4111250101,유량계,2872501915,2872501915,유누 컴퍼니,0.003312,0.0,0.0,1004.0,6.912742820493176,401.0,62.0,39.0,39.0,2.0,1.0,0.0,605.0,13.0,11.0,0.01818181818181818,0.021487603305785124,21.854166666666668,3.1291334493673393,0.03612258953168044,15.0,0.0,0.0,0.0,3.0,233.0,5.455321115357702,20.841839778420983,0.0,41.0,4111.0,411125.0,0.0,0.0,0.0,0.0,0.0,0.0
47,449,367,4111250101,유량계,6502401417,6502401417,선유통,0.003125,0.0,0.0,1356.0,7.213031659834869,1955.0,301.0,212.0,212.0,3.0,1.0,0.0,605.0,13.0,11.0,0.01818181818181818,0.021487603305785124,21.854166666666668,3.1291334493673393,0.03612258953168044,17.0,0.0,0.0,0.0,2.0,284.0,5.652489180268651,20.748738594900335,0.0,41.0,4111.0,411125.0,0.0,0.0,0.0,0.0,0.0,0.0
48,462,365,4111250101,유량계,3294700944,3294700944,우주유통,0.002869,0.0,0.0,1366.0,7.220373836723949,909.0,154.0,99.0,99.0,2.0,0.0,0.0,605.0,13.0,11.0,0.01818181818181818,0.021487603305785124,21.854166666666668,3.1291334493673393,0.03612258953168044,19.0,0.0,0.0,0.0,2.0,200.0,5.303304908059076,20.616570145771657,0.0,41.0,4111.0,411125.0,0.0,0.0,0.0,0.0,0.0,0.0
49,480,363,4111250101,유량계,8612101471,8612101471,테라물라,0.002525,0.0,0.0,1109.0,7.01211529430638,958.0,387.0,258.0,258.0,4.0,0.0,0.0,605.0,13.0,11.0,0.01818181818181818,0.021487603305785124,21.854166666666668,3.1291334493673393,0.03612258953168044,19.0,0.0,0.0,0.0,2.0,156.0,5.056245805348308,21.427324273157037,0.0,41.0,4111.0,411125.0,0.0,0.0,0.0,0.0,0.0,0.0
50,492,371,4111250101,유량계,2791401150,2791401150,가우정인,0.002136,0.0,0.0,401.0,5.996452088619021,5095.0,186.0,135.0,135.0,1.0,0.0,0.0,605.0,13.0,11.0,0.01818181818181818,0.021487603305785124,21.854166666666668,3.1291334493673393,0.03612258953168044,15.0,0.0,0.0,0.0,0.0,495.0,6.206575926724928,20.6110926129568,0.0,41.0,4111.0,411125.0,0.0,0.0,0.0,0.0,0.0,0.0
1,1,78,4111331901,기타수질분석기,1238154375,1238154375,주식회사 씨케이테크피아,0.920838,0.0,1.0,1128.0,7.029087564149662,1.0,1.0,1.0,1.0,1.0,0.0,1.0,5163.0,41.0,10.0,0.001936858415649816,0.007941119504164245,159.42105263157896,5.077801937640096,0.030877600742122594,22.0,0.0,0.0,4.0,5.0,148.0,5.003946305945459,22.449380842329866,0.0,41.0,4111.0,411133.0,0.0,0.0,0.0,0.0,0.0,0.0
2,6,74,4111331901,기타수질분석기,5828101679,5828101679,주식회사 비에이치,0.834073,1.0,0.0,991.0,6.899723107284872,2.0,1.0,1.0,1.0,1.0,1.0,0.0,5163.0,41.0,10.0,0.001936858415649816,0.007941119504164245,159.42105263157896,5.077801937640096,0.030877600742122594,25.0,0.0,0.0,4.0,3.0,171.0,5.147494476813453,22.541172470310347,0.0,41.0,4111.0,411133.0,0.0,0.0,0.0,0.0,0.0,0.0
3,9,55,4111331901,기타수질분석기,1308123448,1308123448,호리바코리아(주),0.813152,0.0,0.0,1496.0,7.311218384419629,1.0,1.0,1.0,1.0,1.0,0.0,0.0,5163.0,41.0,10.0,0.001936858415649816,0.007941119504164245,159.42105263157896,5.077801937640096,0.030877600742122594,47.0,0.0,0.0,7.0,8.0,137.0,4.927253685157205,24.77734910501323,0.0,41.0,4111.0,411133.0,0.0,0.0,0.0,0.0,0.0,0.0
4,11,65,4111331901,기타수질분석기,6168157632,6168157632,주식회사 대은계전,0.806361,0.0,1.0,374.0,5.926926025970411,3.0,1.0,1.0,1.0,1.0,0.0,3.0,5163.0,41.0,10.0,0.001936858415649816,0.007941119504164245,159.42105263157896,5.077801937640096,0.030877600742122594,30.0,0.0,0.0,0.0,9.0,151.0,5.0238805208462765,23.136555281927293,0.0,41.0,4111.0,411133.0,0.0,0.0,0.0,0.0,0.0,0.0
5,19,72,4111331901,기타수질분석기,2188101953,2188101953,주식회사 비츠로시스,0.681302,0.0,0.0,746.0,6.616065185132817,2.0,1.0,1.0,1.0,1.0,0.0,0.0,5163.0,41.0,10.0,0.001936858415649816,0.007941119504164245,159.42105263157896,5.077801937640096,0.030877600742122594,26.0,0.0,0.0,2.0,5.0,144.0,4.976733742420574,23.08478644422939,0.0,41.0,4111.0,411133.0,0.0,0.0,0.0,0.0,0.0,0.0
6,20,99,4111331901,기타수질분석기,2363501430,2363501430,디피에스테크놀로지,0.671925,0.0,0.0,269.0,5.598421958998375,12.0,2.0,2.0,2.0,1.0,2.0,4.0,5163.0,41.0,10.0,0.001936858415649816,0.007941119504164245,159.42105263157896,5.077801937640096,0.030877600742122594,14.0,0.0,0.0,0.0,11.0,142.0,4.962844630259907,22.15340721283578,0.0,41.0,4111.0,411133.0,0.0,0.0,0.0,0.0,0.0,0.0
7,22,92,4111331901,기타수질분석기,1378604597,1378604597,주식회사 선진일렉텍,0.635065,0.0,0.0,1472.0,7.29505641646263,2.0,2.0,2.0,2.0,2.0,0.0,0.0,5163.0,41.0,10.0,0.001936858415649816,0.007941119504164245,159.42105263157896,5.077801937640096,0.030877600742122594,17.0,0.0,0.0,2.0,3.0,170.0,5.14166355650266,21.70104804154258,0.0,41.0,4111.0,411133.0,0.0,0.0,0.0,0.0,0.0,0.0
8,23,51,4111331901,기타수질분석기,1148604783,1148604783,써모피셔사이언티픽솔루션스 유한회사,0.630261,0.0,0.0,1494.0,7.3098814858247865,8.0,7.0,4.0,4.0,1.0,0.0,0.0,5163.0,41.0,10.0,0.001936858415649816,0.007941119504164245,159.42105263157896,5.077801937640096,0.030877600742122594,68.0,0.0,0.0,2.0,15.0,185.0,5.225746673713202,23.978906193753687,0.0,41.0,4111.0,411133.0,0.0,0.0,0.0,0.0,0.0,0.0
9,25,73,4111331901,기타수질분석기,6348600656,6348600656,주식회사비전제어시스템,0.603564,0.0,0.0,1250.0,7.1316985104669115,8.0,3.0,3.0,3.0,1.0,1.0,3.0,5163.0,41.0,10.0,0.001936858415649816,0.007941119504164245,159.42105263157896,5.077801937640096,0.030877600742122594,26.0,0.0,0.0,0.0,4.0,143.0,4.969813299576001,22.066432934130216,0.0,41.0,4111.0,411133.0,0.0,0.0,0.0,0.0,0.0,0.0
10,33,52,4111331901,기타수질분석기,6218701961,6218701961,주식회사이지랩,0.449763,0.0,0.0,1495.0,7.310550158534422,6.0,4.0,2.0,2.0,1.0,0.0,0.0,5163.0,41.0,10.0,0.001936858415649816,0.007941119504164245,159.42105263157896,5.077801937640096,0.030877600742122594,59.0,0.0,0.0,1.0,7.0,170.0,5.14166355650266,21.87677323598476,0.0,41.0,4111.0,411133.0,0.0,0.0,0.0,0.0,0.0,0.0
11,35,93,4111331901,기타수질분석기,1458102877,1458102877,주식회사 오성테크,0.416346,0.0,0.0,873.0,6.773080375655535,325.0,78.0,44.0,44.0,4.0,4.0,0.0,5163.0,41.0,10.0,0.001936858415649816,0.007941119504164245,159.42105263157896,5.077801937640096,0.030877600742122594,17.0,0.0,0.0,3.0,3.0,288.0,5.666426688112432,21.115289465768285,0.0,41.0,4111.0,411133.0,0.0,0.0,0.0,0.0,0.0,0.0
12,36,59,4111331901,기타수질분석기,1348121423,1348121423,주식회사 서전기전,0.415772,0.0,0.0,754.0,6.626717749249025,10.0,2.0,2.0,2.0,1.0,0.0,6.0,5163.0,41.0,10.0,0.001936858415649816,0.007941119504164245,159.42105263157896,5.077801937640096,0.030877600742122594,37.0,0.0,0.0,0.0,11.0,152.0,5.030437921392435,25.020594342576544,0.0,41.0,4111.0,411133.0,0.0,0.0,0.0,0.0,0.0,0.0
13,37,53,4111331901,기타수질분석기,2108159349,2108159349,주식회사 피디원 (PDONE),0.409454,0.0,0.0,1479.0,7.299797366758161,6.0,2.0,2.0,2.0,1.0,0.0,0.0,5163.0,41.0,10.0,0.001936858415649816,0.007941119504164245,159.42105263157896,5.077801937640096,0.030877600742122594,53.0,0.0,0.0,2.0,7.0,194.0,5.272999558563747,23.344993641257616,0.0,41.0,4111.0,411133.0,0.0,0.0,0.0,0.0,0.0,0.0
14,38,79,4111331901,기타수질분석기,6918600192,6918600192,주식회사 엘티에스바이오,0.396082,0.0,0.0,885.0,6.786716950605081,6.0,5.0,1.0,1.0,1.0,0.0,0.0,5163.0,41.0,10.0,0.001936858415649816,0.007941119504164245,159.42105263157896,5.077801937640096,0.030877600742122594,22.0,0.0,0.0,0.0,4.0,162.0,5.093750200806762,21.179416755160908,0.0,41.0,4111.0,411133.0,0.0,0.0,0.0,0.0,0.0,0.0
15,40,82,4111331901,기타수질분석기,4721301373,4721301373,어진컴퍼니,0.383061,0.0,0.0,1355.0,7.212294468500341,298.0,75.0,51.0,51.0,5.0,0.0,0.0,5163.0,41.0,10.0,0.001936858415649816,0.007941119504164245,159.42105263157896,5.077801937640096,0.030877600742122594,21.0,0.0,0.0,4.0,0.0,547.0,6.306275286948016,21.61567268652967,0.0,41.0,4111.0,411133.0,0.0,0.0,0.0,0.0,0.0,0.0
16,42,68,4111331901,기타수질분석기,5151604381,5151604381,연택테크,0.376533,0.0,0.0,1475.0,7.297091005160418,268.0,51.0,31.0,31.0,5.0,0.0,0.0,5163.0,41.0,10.0,0.001936858415649816,0.007941119504164245,159.42105263157896,5.077801937640096,0.030877600742122594,29.0,0.0,0.0,1.0,6.0,186.0,5.231108616854587,21.140225845482078,0.0,41.0,4111.0,411133.0,0.0,0.0,0.0,0.0,0.0,0.0
17,47,56,4111331901,기타수질분석기,2068627654,2068627654,주식회사 원캐스트,0.363494,0.0,0.0,747.0,6.617402977974478,7.0,2.0,2.0,2.0,1.0,0.0,2.0,5163.0,41.0,10.0,0.001936858415649816,0.007941119504164245,159.42105263157896,5.077801937640096,0.030877600742122594,46.0,0.0,0.0,0.0,7.0,178.0,5.187385805840755,23.55002887792528,0.0,41.0,4111.0,411133.0,0.0,0.0,0.0,0.0,0.0,0.0
18,49,54,4111331901,기타수질분석기,1728603252,1728603252,주식회사 리즈너스,0.357092,0.0,0.0,643.0,6.467698726104354,448.0,118.0,72.0,72.0,1.0,0.0,0.0,5163.0,41.0,10.0,0.001936858415649816,0.007941119504164245,159.42105263157896,5.077801937640096,0.030877600742122594,50.0,0.0,0.0,3.0,23.0,150.0,5.017279836814924,21.787765825870956,0.0,41.0,4111.0,411133.0,0.0,0.0,0.0,0.0,0.0,0.0
19,50,63,4111331901,기타수질분석기,2852501641,2852501641,유니플러스,0.351637,0.0,0.0,519.0,6.253828811575473,179.0,42.0,24.0,24.0,2.0,0.0,0.0,5163.0,41.0,10.0,0.001936858415649816,0.007941119504164245,159.42105263157896,5.077801937640096,0.030877600742122594,35.0,0.0,0.0,3.0,9.0,165.0,5.111987788356544,21.274442833083423,0.0,41.0,4111.0,411133.0,0.0,0.0,0.0,0.0,0.0,0.0
20,51,57,4111331901,기타수질분석기,5938702267,5938702267,주식회사 이솔사이언스,0.338041,0.0,0.0,1243.0,7.126087273299125,19.0,14.0,5.0,5.0,1.0,0.0,0.0,5163.0,41.0,10.0,0.001936858415649816,0.007941119504164245,159.42105263157896,5.077801937640096,0.030877600742122594,45.0,0.0,0.0,2.0,6.0,205.0,5.327876168789581,22.28780261333836,0.0,41.0,4111.0,411133.0,0.0,0.0,0.0,0.0,0.0,0.0
21,52,86,4111331901,기타수질분석기,6938600164,6938600164,주식회사 마한건설조명,0.334118,0.0,0.0,1475.0,7.297091005160418,182.0,42.0,20.0,20.0,2.0,0.0,0.0,5163.0,41.0,10.0,0.001936858415649816,0.007941119504164245,159.42105263157896,5.077801937640096,0.030877600742122594,18.0,0.0,0.0,1.0,0.0,394.0,5.978885764901122,20.8656401380523,0.0,41.0,4111.0,411133.0,0.0,0.0,0.0,0.0,0.0,0.0
22,53,95,4111331901,기타수질분석기,2081552260,2081552260,제주드림코리아,0.323243,0.0,0.0,1475.0,7.297091005160418,320.0,72.0,48.0,48.0,2.0,0.0,0.0,5163.0,41.0,10.0,0.001936858415649816,0.007941119504164245,159.42105263157896,5.077801937640096,0.030877600742122594,16.0,0.0,0.0,2.0,0.0,731.0,6.595780513961311,20.69178961350718,0.0,41.0,4111.0,411133.0,0.0,0.0,0.0,0.0,0.0,0.0
23,58,97,4111331901,기타수질분석기,6108108303,6108108303,대성자원개발 주식회사,0.27578,0.0,0.0,159.0,5.075173815233827,20.0,3.0,2.0,2.0,1.0,0.0,0.0,5163.0,41.0,10.0,0.001936858415649816,0.007941119504164245,159.42105263157896,5.077801937640096,0.030877600742122594,16.0,0.0,0.0,0.0,3.0,130.0,4.875197323201151,17.006869705773205,0.0,41.0,4111.0,411133.0,0.0,0.0,0.0,0.0,0.0,0.0
24,60,91,4111331901,기타수질분석기,2938701844,2938701844,주식회사 성은공조,0.263774,0.0,0.0,1368.0,7.221835825288449,117.0,15.0,12.0,12.0,1.0,0.0,0.0,5163.0,41.0,10.0,0.001936858415649816,0.007941119504164245,159.42105263157896,5.077801937640096,0.030877600742122594,17.0,0.0,0.0,1.0,2.0,151.0,5.0238805208462765,21.70392218663622,0.0,41.0,4111.0,411133.0,0.0,0.0,0.0,0.0,0.0,0.0
25,61,67,4111331901,기타수질분석기,2051667999,2051667999,만선테크,0.261142,0.0,0.0,380.0,5.942799375126701,87.0,54.0,29.0,29.0,1.0,0.0,0.0,5163.0,41.0,10.0,0.001936858415649816,0.007941119504164245,159.42105263157896,5.077801937640096,0.030877600742122594,29.0,0.0,0.0,11.0,3.0,347.0,5.8522024797744745,21.5167464238476,0.0,41.0,4111.0,411133.0,0.0,0.0,0.0,0.0,0.0,0.0
26,64,89,4111331901,기타수질분석기,4040197932,4040197932,삼미상사,0.231957,0.0,0.0,1475.0,7.297091005160418,273.0,49.0,31.0,31.0,5.0,0.0,0.0,5163.0,41.0,10.0,0.001936858415649816,0.007941119504164245,159.42105263157896,5.077801937640096,0.030877600742122594,18.0,0.0,0.0,0.0,4.0,179.0,5.19295685089021,20.239292998234404,0.0,41.0,4111.0,411133.0,0.0,0.0,0.0,0.0,0.0,0.0
27,72,60,4111331901,기타수질분석기,8235600263,8235600263,제이퍼블리코,0.200285,0.0,0.0,1481.0,7.301147805856032,11.0,3.0,2.0,2.0,1.0,0.0,0.0,5163.0,41.0,10.0,0.001936858415649816,0.007941119504164245,159.42105263157896,5.077801937640096,0.030877600742122594,37.0,0.0,0.0,0.0,6.0,190.0,5.25227342804663,21.434629581786957,0.0,41.0,4111.0,411133.0,0.0,0.0,0.0,0.0,0.0,0.0
28,75,77,4111331901,기타수질분석기,2150235895,2150235895,모두사랑,0.190908,0.0,0.0,1112.0,7.014814351275545,118.0,29.0,13.0,13.0,2.0,0.0,0.0,5163.0,41.0,10.0,0.001936858415649816,0.007941119504164245,159.42105263157896,5.077801937640096,0.030877600742122594,24.0,0.0,0.0,0.0,2.0,277.0,5.627621113690637,20.77968590210738,0.0,41.0,4111.0,411133.0,0.0,0.0,0.0,0.0,0.0,0.0
29,78,71,4111331901,기타수질분석기,6200244688,6200244688,피앤에스,0.183015,0.0,0.0,143.0,4.969813299576001,36.0,4.0,4.0,4.0,1.0,0.0,0.0,5163.0,41.0,10.0,0.001936858415649816,0.007941119504164245,159.42105263157896,5.077801937640096,0.030877600742122594,27.0,0.0,0.0,1.0,3.0,150.0,5.017279836814924,21.169361234160522,0.0,41.0,4111.0,411133.0,0.0,0.0,0.0,0.0,0.0,0.0
30,79,96,4111331901,기타수질분석기,2023505919,2023505919,연홍코퍼레이션,0.175542,0.0,0.0,269.0,5.598421958998375,268.0,19.0,13.0,13.0,1.0,1.0,7.0,5163.0,41.0,10.0,0.001936858415649816,0.007941119504164245,159.42105263157896,5.077801937640096,0.030877600742122594,16.0,0.0,0.0,0.0,9.0,204.0,5.3230099791384085,20.61310665653029,0.0,41.0,4111.0,411133.0,0.0,0.0,0.0,0.0,0.0,0.0
31,80,84,4111331901,기타수질분석기,2903101270,2903101270,다인에스티,0.174922,0.0,0.0,1111.0,7.013915474810528,120.0,24.0,14.0,14.0,2.0,0.0,0.0,5163.0,41.0,10.0,0.001936858415649816,0.007941119504164245,159.42105263157896,5.077801937640096,0.030877600742122594,21.0,0.0,0.0,0.0,8.0,187.0,5.236441962829949,21.015470313645185,0.0,41.0,4111.0,411133.0,0.0,0.0,0.0,0.0,0.0,0.0
32,82,76,4111331901,기타수질분석기,4038183209,4038183209,탑아이티 주식회사,0.174283,0.0,0.0,751.0,6.62273632394984,127.0,11.0,7.0,7.0,1.0,0.0,2.0,5163.0,41.0,10.0,0.001936858415649816,0.007941119504164245,159.42105263157896,5.077801937640096,0.030877600742122594,24.0,0.0,0.0,0.0,7.0,227.0,5.429345628954441,21.872103741886587,0.0,41.0,4111.0,411133.0,0.0,0.0,0.0,0.0,0.0,0.0
33,89,80,4111331901,기타수질분석기,1322366711,1322366711,드림팩토리,0.162606,0.0,0.0,159.0,5.075173815233827,125.0,23.0,15.0,15.0,1.0,0.0,0.0,5163.0,41.0,10.0,0.001936858415649816,0.007941119504164245,159.42105263157896,5.077801937640096,0.030877600742122594,22.0,0.0,0.0,0.0,3.0,137.0,4.927253685157205,21.04747920586801,0.0,41.0,4111.0,411133.0,0.0,0.0,0.0,0.0,0.0,0.0
34,90,98,4111331901,기타수질분석기,3052389947,3052389947,미래코리아비지니스,0.161898,0.0,0.0,1485.0,7.303843225277705,45.0,8.0,5.0,5.0,1.0,0.0,0.0,5163.0,41.0,10.0,0.001936858415649816,0.007941119504164245,159.42105263157896,5.077801937640096,0.030877600742122594,15.0,0.0,0.0,1.0,2.0,305.0,5.723585101952381,20.380196234889663,0.0,41.0,4111.0,411133.0,0.0,0.0,0.0,0.0,0.0,0.0
35,91,75,4111331901,기타수질분석기,4181202459,4181202459,아이들문구,0.159861,0.0,0.0,1112.0,7.014814351275545,118.0,28.0,12.0,12.0,2.0,0.0,0.0,5163.0,41.0,10.0,0.001936858415649816,0.007941119504164245,159.42105263157896,5.077801937640096,0.030877600742122594,25.0,0.0,0.0,0.0,1.0,289.0,5.66988092298052,20.938640404507016,0.0,41.0,4111.0,411133.0,0.0,0.0,0.0,0.0,0.0,0.0
36,92,88,4111331901,기타수질분석기,8891000019,8891000019,동행상사,0.15853,0.0,0.0,387.0,5.961005339623274,154.0,18.0,13.0,13.0,2.0,0.0,0.0,5163.0,41.0,10.0,0.001936858415649816,0.007941119504164245,159.42105263157896,5.077801937640096,0.030877600742122594,18.0,0.0,0.0,0.0,2.0,183.0,5.214935757608986,20.268259466114905,0.0,41.0,4111.0,411133.0,0.0,0.0,0.0,0.0,0.0,0.0
37,106,87,4111331901,기타수질분석기,6091669087,6091669087,대광산업,0.116587,0.0,0.0,141.0,4.955827057601261,132.0,15.0,9.0,9.0,1.0,0.0,0.0,5163.0,41.0,10.0,0.001936858415649816,0.007941119504164245,159.42105263157896,5.077801937640096,0.030877600742122594,18.0,0.0,0.0,0.0,2.0,257.0,5.552959584921617,20.747747742461556,0.0,41.0,4111.0,411133.0,0.0,0.0,0.0,0.0,0.0,0.0
38,110,81,4111331901,기타수질분석기,8218801326,8218801326,주식회사 가은메탈,0.110153,0.0,0.0,159.0,5.075173815233827,74.0,1.0,1.0,1.0,1.0,0.0,38.0,5163.0,41.0,10.0,0.001936858415649816,0.007941119504164245,159.42105263157896,5.077801937640096,0.030877600742122594,21.0,0.0,0.0,0.0,3.0,155.0,5.049856007249537,22.39003502768965,0.0,41.0,4111.0,411133.0,0.0,0.0,0.0,0.0,0.0,0.0
39,115,69,4111331901,기타수질분석기,3658800905,3658800905,주식회사 가나이엔지,0.099669,0.0,0.0,159.0,5.075173815233827,42.0,2.0,2.0,2.0,2.0,0.0,3.0,5163.0,41.0,10.0,0.001936858415649816,0.007941119504164245,159.42105263157896,5.077801937640096,0.030877600742122594,28.0,0.0,0.0,0.0,8.0,136.0,4.919980925828125,22.470464118291144,0.0,41.0,4111.0,411133.0,0.0,0.0,0.0,0.0,0.0,0.0
40,118,70,4111331901,기타수질분석기,5118127226,5118127226,주식회사 마크온탑,0.091832,0.0,0.0,1373.0,7.2254814727822945,1602.0,193.0,133.0,133.0,3.0,2.0,49.0,5163.0,41.0,10.0,0.001936858415649816,0.007941119504164245,159.42105263157896,5.077801937640096,0.030877600742122594,27.0,0.0,0.0,0.0,4.0,184.0,5.220355825078325,21.731939902532034,0.0,41.0,4111.0,411133.0,0.0,0.0,0.0,0.0,0.0,0.0
41,121,66,4111331901,기타수질분석기,2568802462,2568802462,주식회사 연승,0.086325,0.0,0.0,1499.0,7.313220387090301,97.0,14.0,7.0,7.0,1.0,0.0,0.0,5163.0,41.0,10.0,0.001936858415649816,0.007941119504164245,159.42105263157896,5.077801937640096,0.030877600742122594,29.0,0.0,0.0,0.0,0.0,827.0,6.71901315438526,22.280978446111614,0.0,41.0,4111.0,411133.0,0.0,0.0,0.0,0.0,0.0,0.0
42,122,83,4111331901,기타수질분석기,5102410281,5102410281,세진싸이언스,0.084434,0.0,0.0,1354.0,7.2115567333138015,55.0,8.0,5.0,5.0,1.0,0.0,0.0,5163.0,41.0,10.0,0.001936858415649816,0.007941119504164245,159.42105263157896,5.077801937640096,0.030877600742122594,21.0,0.0,0.0,2.0,2.0,198.0,5.293304824724492,21.179424560637393,0.0,41.0,4111.0,411133.0,0.0,0.0,0.0,0.0,0.0,0.0
43,124,64,4111331901,기타수질분석기,3328802499,3328802499,주식회사 루트텍,0.077205,0.0,0.0,1114.0,7.016609683894219,504.0,99.0,65.0,65.0,5.0,0.0,0.0,5163.0,41.0,10.0,0.001936858415649816,0.007941119504164245,159.42105263157896,5.077801937640096,0.030877600742122594,35.0,0.0,0.0,4.0,1.0,345.0,5.846438775057724,21.21858131628369,0.0,41.0,4111.0,411133.0,0.0,0.0,0.0,0.0,0.0,0.0
44,126,100,4111331901,기타수질분석기,1308646112,1308646112,주식회사아이티베이스,0.072149,0.0,0.0,255.0,5.545177444479562,13.0,3.0,3.0,3.0,1.0,0.0,0.0,5163.0,41.0,10.0,0.001936858415649816,0.007941119504164245,159.42105263157896,5.077801937640096,0.030877600742122594,14.0,0.0,0.0,0.0,1.0,232.0,5.4510384535657,21.54080108119343,0.0,41.0,4111.0,411133.0,0.0,0.0,0.0,0.0,0.0,0.0
45,132,58,4111331901,기타수질분석기,2078802795,2078802795,주식회사 클라우드소프트,0.060367,0.0,0.0,1374.0,7.226209010100671,711.0,157.0,97.0,97.0,3.0,1.0,0.0,5163.0,41.0,10.0,0.001936858415649816,0.007941119504164245,159.42105263157896,5.077801937640096,0.030877600742122594,41.0,0.0,0.0,0.0,6.0,193.0,5.267858159063328,21.429539536553,0.0,41.0,4111.0,411133.0,0.0,0.0,0.0,0.0,0.0,0.0
46,141,94,4111331901,기타수질분석기,6502401417,6502401417,선유통,0.054578,0.0,0.0,1356.0,7.213031659834869,1955.0,301.0,212.0,212.0,8.0,1.0,0.0,5163.0,41.0,10.0,0.001936858415649816,0.007941119504164245,159.42105263157896,5.077801937640096,0.030877600742122594,17.0,0.0,0.0,0.0,2.0,284.0,5.652489180268651,20.748738594900335,0.0,41.0,4111.0,411133.0,0.0,0.0,0.0,0.0,0.0,0.0
47,144,85,4111331901,기타수질분석기,8612101471,8612101471,테라물라,0.04212,0.0,0.0,1109.0,7.01211529430638,958.0,387.0,258.0,258.0,16.0,0.0,0.0,5163.0,41.0,10.0,0.001936858415649816,0.007941119504164245,159.42105263157896,5.077801937640096,0.030877600742122594,19.0,0.0,0.0,0.0,2.0,156.0,5.056245805348308,21.427324273157037,0.0,41.0,4111.0,411133.0,0.0,0.0,0.0,0.0,0.0,0.0
48,146,61,4111331901,기타수질분석기,2824900315,2824900315,서울우유 신안동 고객센터,0.040246,0.0,0.0,1475.0,7.297091005160418,33.0,2.0,1.0,1.0,1.0,0.0,0.0,5163.0,41.0,10.0,0.001936858415649816,0.007941119504164245,159.42105263157896,5.077801937640096,0.030877600742122594,37.0,0.0,0.0,0.0,4.0,142.0,4.962844630259907,20.465858569012024,0.0,41.0,4111.0,411133.0,0.0,0.0,0.0,0.0,0.0,0.0
49,148,62,4111331901,기타수질분석기,7600201935,7600201935,남양우유신안동가정대리점,0.039546,0.0,0.0,1475.0,7.297091005160418,44.0,3.0,3.0,3.0,1.0,0.0,0.0,5163.0,41.0,10.0,0.001936858415649816,0.007941119504164245,159.42105263157896,5.077801937640096,0.030877600742122594,36.0,0.0,0.0,0.0,3.0,136.0,4.919980925828125,20.16380942613728,0.0,41.0,4111.0,411133.0,0.0,0.0,0.0,0.0,0.0,0.0
50,150,90,4111331901,기타수질분석기,4098116407,4098116407,주식회사탑원산업,0.038622,0.0,0.0,1373.0,7.2254814727822945,28.0,1.0,1.0,1.0,1.0,0.0,7.0,5163.0,41.0,10.0,0.001936858415649816,0.007941119504164245,159.42105263157896,5.077801937640096,0.030877600742122594,17.0,0.0,0.0,0.0,3.0,249.0,5.521460917862246,22.04824732545962,0.0,41.0,4111.0,411133.0,0.0,0.0,0.0,0.0,0.0,0.0
1,2,48,4710160801,유기응집제,2838102688,2838102688,주식회사 비젼바이오,0.914792,0.0,1.0,1109.0,7.01211529430638,6.0,4.0,2.0,2.0,2.0,1.0,3.0,5879.0,20.0,2.0,0.0003401939105290015,0.0034019391052900155,1288.6,7.162087371752364,0.21918693655383567,22.0,0.0,0.0,0.0,10.0,143.0,4.969813299576001,20.170181303110756,0.0,47.0,4710.0,471016.0,0.0,0.0,0.0,0.0,0.0,0.0
2,16,21,4710160801,유기응집제,1138136157,1138136157,금성이엔씨(주),0.695706,0.0,0.0,877.0,6.777646593635117,5.0,1.0,1.0,1.0,1.0,0.0,0.0,5879.0,20.0,2.0,0.0003401939105290015,0.0034019391052900155,1288.6,7.162087371752364,0.21918693655383567,31.0,0.0,0.0,25.0,2.0,138.0,4.9344739331306915,22.04833767447081,0.0,47.0,4710.0,471016.0,0.0,0.0,0.0,0.0,0.0,0.0
3,26,40,4710160801,유기응집제,1074471440,1074471440,선경에스엔티,0.530174,0.0,0.0,750.0,6.621405651764134,3.0,1.0,1.0,1.0,1.0,0.0,0.0,5879.0,20.0,2.0,0.0003401939105290015,0.0034019391052900155,1288.6,7.162087371752364,0.21918693655383567,25.0,0.0,0.0,0.0,2.0,191.0,5.2574953720277815,20.841682235541693,0.0,47.0,4710.0,471016.0,0.0,0.0,0.0,0.0,0.0,0.0
4,30,35,4710160801,유기응집제,3968701707,3968701707,주식회사 명신테크,0.484703,0.0,0.0,747.0,6.617402977974478,130.0,6.0,3.0,3.0,2.0,0.0,2.0,5879.0,20.0,2.0,0.0003401939105290015,0.0034019391052900155,1288.6,7.162087371752364,0.21918693655383567,25.0,0.0,0.0,6.0,3.0,143.0,4.969813299576001,22.375840496584473,0.0,47.0,4710.0,471016.0,0.0,0.0,0.0,0.0,0.0,0.0
5,31,37,4710160801,유기응집제,7498801586,7498801586,(주)에이치비바이오,0.459573,0.0,0.0,750.0,6.621405651764134,2.0,1.0,1.0,1.0,1.0,0.0,0.0,5879.0,20.0,2.0,0.0003401939105290015,0.0034019391052900155,1288.6,7.162087371752364,0.21918693655383567,25.0,0.0,0.0,0.0,0.0,389.0,5.966146739123692,21.906008181610517,0.0,47.0,4710.0,471016.0,0.0,0.0,0.0,0.0,0.0,0.0
6,39,2,4710160801,유기응집제,2048197877,2048197877,주식회사 그린주의,0.386027,0.0,0.0,1247.0,7.129297548929373,87.0,6.0,1.0,1.0,1.0,0.0,4.0,5879.0,20.0,2.0,0.0003401939105290015,0.0034019391052900155,1288.6,7.162087371752364,0.21918693655383567,78.0,0.0,0.0,0.0,19.0,131.0,4.882801922586371,22.792293343997162,0.0,47.0,4710.0,471016.0,0.0,0.0,0.0,0.0,0.0,0.0
7,41,28,4710160801,유기응집제,7800601918,7800601918,서울우유안동급식고객센터,0.379984,0.0,0.0,508.0,6.2324480165505225,12.0,1.0,1.0,1.0,1.0,0.0,0.0,5879.0,20.0,2.0,0.0003401939105290015,0.0034019391052900155,1288.6,7.162087371752364,0.21918693655383567,29.0,0.0,0.0,0.0,3.0,137.0,4.927253685157205,19.683867691988596,0.0,47.0,4710.0,471016.0,0.0,0.0,0.0,0.0,0.0,0.0
8,44,9,4710160801,유기응집제,1178186004,1178186004,주식회사 와풀,0.369457,0.0,0.0,1250.0,7.1316985104669115,16.0,3.0,3.0,3.0,3.0,0.0,4.0,5879.0,20.0,2.0,0.0003401939105290015,0.0034019391052900155,1288.6,7.162087371752364,0.21918693655383567,44.0,0.0,0.0,0.0,11.0,255.0,5.545177444479562,22.960175459040382,0.0,47.0,4710.0,471016.0,0.0,0.0,0.0,0.0,0.0,0.0
9,46,15,4710160801,유기응집제,1488701170,1488701170,주식회사 세진에코텍,0.364123,0.0,0.0,1249.0,7.1308988302963465,47.0,4.0,2.0,2.0,2.0,0.0,0.0,5879.0,20.0,2.0,0.0003401939105290015,0.0034019391052900155,1288.6,7.162087371752364,0.21918693655383567,36.0,0.0,0.0,8.0,9.0,136.0,4.919980925828125,22.499618562976682,0.0,47.0,4710.0,471016.0,0.0,0.0,0.0,0.0,0.0,0.0
10,48,24,4710160801,유기응집제,1942600358,1942600358,유신약품,0.359044,0.0,0.0,508.0,6.2324480165505225,11.0,1.0,1.0,1.0,1.0,0.0,0.0,5879.0,20.0,2.0,0.0003401939105290015,0.0034019391052900155,1288.6,7.162087371752364,0.21918693655383567,30.0,0.0,0.0,0.0,8.0,151.0,5.0238805208462765,20.263074068769324,0.0,47.0,4710.0,471016.0,0.0,0.0,0.0,0.0,0.0,0.0
11,57,38,4710160801,유기응집제,2273001106,2273001106,서이트레이드,0.27885,0.0,0.0,1247.0,7.129297548929373,385.0,8.0,3.0,3.0,2.0,6.0,0.0,5879.0,20.0,2.0,0.0003401939105290015,0.0034019391052900155,1288.6,7.162087371752364,0.21918693655383567,25.0,0.0,0.0,0.0,10.0,156.0,5.056245805348308,21.808402134622703,0.0,47.0,4710.0,471016.0,0.0,0.0,0.0,0.0,0.0,0.0
12,59,29,4710160801,유기응집제,3141879298,3141879298,주성테크,0.271458,0.0,0.0,523.0,6.261491684321042,30.0,1.0,1.0,1.0,1.0,1.0,0.0,5879.0,20.0,2.0,0.0003401939105290015,0.0034019391052900155,1288.6,7.162087371752364,0.21918693655383567,27.0,0.0,0.0,11.0,5.0,145.0,4.983606621708336,22.127537268134652,0.0,47.0,4710.0,471016.0,0.0,0.0,0.0,0.0,0.0,0.0
13,65,5,4710160801,유기응집제,1728603252,1728603252,주식회사 리즈너스,0.226276,0.0,0.0,522.0,6.259581464064923,448.0,11.0,6.0,6.0,2.0,0.0,0.0,5879.0,20.0,2.0,0.0003401939105290015,0.0034019391052900155,1288.6,7.162087371752364,0.21918693655383567,50.0,0.0,0.0,0.0,23.0,150.0,5.017279836814924,21.787765825870956,0.0,47.0,4710.0,471016.0,0.0,0.0,0.0,0.0,0.0,0.0
14,66,42,4710160801,유기응집제,8062001161,8062001161,거성산업,0.222047,0.0,0.0,747.0,6.617402977974478,254.0,9.0,3.0,3.0,3.0,0.0,0.0,5879.0,20.0,2.0,0.0003401939105290015,0.0034019391052900155,1288.6,7.162087371752364,0.21918693655383567,23.0,0.0,0.0,0.0,1.0,157.0,5.062595033026967,20.70298649710086,0.0,47.0,4710.0,471016.0,0.0,0.0,0.0,0.0,0.0,0.0
15,70,30,4710160801,유기응집제,5118127226,5118127226,주식회사 마크온탑,0.204452,0.0,0.0,1373.0,7.2254814727822945,1602.0,46.0,17.0,17.0,4.0,2.0,49.0,5879.0,20.0,2.0,0.0003401939105290015,0.0034019391052900155,1288.6,7.162087371752364,0.21918693655383567,27.0,0.0,0.0,0.0,4.0,184.0,5.220355825078325,21.731939902532034,0.0,47.0,4710.0,471016.0,0.0,0.0,0.0,0.0,0.0,0.0
16,71,36,4710160801,유기응집제,7820901711,7820901711,모아테크,0.201564,0.0,0.0,521.0,6.257667587882639,327.0,6.0,3.0,3.0,3.0,8.0,0.0,5879.0,20.0,2.0,0.0003401939105290015,0.0034019391052900155,1288.6,7.162087371752364,0.21918693655383567,25.0,0.0,0.0,0.0,3.0,200.0,5.303304908059076,21.98005429854726,0.0,47.0,4710.0,471016.0,0.0,0.0,0.0,0.0,0.0,0.0
17,74,47,4710160801,유기응집제,4344300627,4344300627,대산이엔지,0.193064,0.0,0.0,747.0,6.617402977974478,199.0,7.0,2.0,2.0,2.0,0.0,0.0,5879.0,20.0,2.0,0.0003401939105290015,0.0034019391052900155,1288.6,7.162087371752364,0.21918693655383567,22.0,0.0,0.0,0.0,0.0,383.0,5.950642552587727,20.773050678641045,0.0,47.0,4710.0,471016.0,0.0,0.0,0.0,0.0,0.0,0.0
18,76,17,4710160801,유기응집제,4335900794,4335900794,국가대표 선,0.184727,0.0,0.0,142.0,4.962844630259907,63.0,3.0,2.0,2.0,2.0,0.0,0.0,5879.0,20.0,2.0,0.0003401939105290015,0.0034019391052900155,1288.6,7.162087371752364,0.21918693655383567,34.0,0.0,0.0,0.0,11.0,158.0,5.0689042022202315,21.02296755640247,0.0,47.0,4710.0,471016.0,0.0,0.0,0.0,0.0,0.0,0.0
19,77,44,4710160801,유기응집제,5088138412,5088138412,"농업회사법인디엔에이주식회사(D.N.A. Co., Ltd)",0.183786,0.0,0.0,508.0,6.2324480165505225,17.0,1.0,1.0,1.0,1.0,0.0,0.0,5879.0,20.0,2.0,0.0003401939105290015,0.0034019391052900155,1288.6,7.162087371752364,0.21918693655383567,23.0,0.0,0.0,0.0,3.0,200.0,5.303304908059076,20.049994337876868,0.0,47.0,4710.0,471016.0,0.0,0.0,0.0,0.0,0.0,0.0
20,81,41,4710160801,유기응집제,4038183209,4038183209,탑아이티 주식회사,0.17449,0.0,0.0,751.0,6.62273632394984,127.0,7.0,2.0,2.0,1.0,0.0,2.0,5879.0,20.0,2.0,0.0003401939105290015,0.0034019391052900155,1288.6,7.162087371752364,0.21918693655383567,24.0,0.0,0.0,0.0,7.0,227.0,5.429345628954441,21.872103741886587,0.0,47.0,4710.0,471016.0,0.0,0.0,0.0,0.0,0.0,0.0
21,83,19,4710160801,유기응집제,7958701414,7958701414,주식회사 씨티원 충남,0.173,0.0,0.0,1247.0,7.129297548929373,409.0,10.0,5.0,5.0,2.0,3.0,0.0,5879.0,20.0,2.0,0.0003401939105290015,0.0034019391052900155,1288.6,7.162087371752364,0.21918693655383567,32.0,0.0,0.0,0.0,6.0,138.0,4.9344739331306915,21.47605125013972,0.0,47.0,4710.0,471016.0,0.0,0.0,0.0,0.0,0.0,0.0
22,84,26,4710160801,유기응집제,3091861646,3091861646,모아상사,0.173,0.0,0.0,1247.0,7.129297548929373,368.0,10.0,7.0,7.0,3.0,6.0,0.0,5879.0,20.0,2.0,0.0003401939105290015,0.0034019391052900155,1288.6,7.162087371752364,0.21918693655383567,29.0,0.0,0.0,0.0,6.0,163.0,5.099866427824199,21.80680664664505,0.0,47.0,4710.0,471016.0,0.0,0.0,0.0,0.0,0.0,0.0
23,85,7,4710160801,유기응집제,4858601669,4858601669,주식회사 모아텍,0.168031,0.0,0.0,1247.0,7.129297548929373,401.0,11.0,7.0,7.0,3.0,8.0,0.0,5879.0,20.0,2.0,0.0003401939105290015,0.0034019391052900155,1288.6,7.162087371752364,0.21918693655383567,47.0,0.0,0.0,0.0,5.0,155.0,5.049856007249537,22.43652595380409,0.0,47.0,4710.0,471016.0,0.0,0.0,0.0,0.0,0.0,0.0
24,88,1,4710160801,유기응집제,6598802147,6598802147,주식회사 헤이치 인 헤이치(H in H),0.165643,0.0,0.0,1248.0,7.130098510125578,901.0,19.0,13.0,13.0,2.0,0.0,0.0,5879.0,20.0,2.0,0.0003401939105290015,0.0034019391052900155,1288.6,7.162087371752364,0.21918693655383567,99.0,0.0,0.0,0.0,16.0,137.0,4.927253685157205,23.417165065188183,0.0,47.0,4710.0,471016.0,0.0,0.0,0.0,0.0,0.0,0.0
25,93,6,4710160801,유기응집제,1861501398,1861501398,제이에이치테크,0.153941,0.0,0.0,984.0,6.892641641172089,175.0,4.0,3.0,3.0,2.0,0.0,0.0,5879.0,20.0,2.0,0.0003401939105290015,0.0034019391052900155,1288.6,7.162087371752364,0.21918693655383567,48.0,0.0,0.0,0.0,8.0,143.0,4.969813299576001,21.783582049732413,0.0,47.0,4710.0,471016.0,0.0,0.0,0.0,0.0,0.0,0.0
26,95,34,4710160801,유기응집제,1698101874,1698101874,(유)아성개발,0.151836,0.0,0.0,747.0,6.617402977974478,264.0,10.0,3.0,3.0,3.0,0.0,0.0,5879.0,20.0,2.0,0.0003401939105290015,0.0034019391052900155,1288.6,7.162087371752364,0.21918693655383567,26.0,0.0,0.0,0.0,5.0,131.0,4.882801922586371,21.152962892856028,0.0,47.0,4710.0,471016.0,0.0,0.0,0.0,0.0,0.0,0.0
27,96,32,4710160801,유기응집제,4108632912,4108632912,유한회사 창해,0.149781,0.0,0.0,1250.0,7.1316985104669115,220.0,9.0,3.0,3.0,1.0,0.0,0.0,5879.0,20.0,2.0,0.0003401939105290015,0.0034019391052900155,1288.6,7.162087371752364,0.21918693655383567,27.0,0.0,0.0,0.0,2.0,257.0,5.552959584921617,21.105588119782208,0.0,47.0,4710.0,471016.0,0.0,0.0,0.0,0.0,0.0,0.0
28,97,3,4710160801,유기응집제,6768601611,6768601611,주식회사 루트웰,0.147909,0.0,0.0,861.0,6.759255270663693,297.0,10.0,6.0,6.0,2.0,0.0,0.0,5879.0,20.0,2.0,0.0003401939105290015,0.0034019391052900155,1288.6,7.162087371752364,0.21918693655383567,54.0,0.0,0.0,0.0,7.0,149.0,5.0106352940962555,22.19776210132738,0.0,47.0,4710.0,471016.0,0.0,0.0,0.0,0.0,0.0,0.0
29,98,31,4710160801,유기응집제,1312045032,1312045032,툴데포,0.138272,0.0,0.0,1247.0,7.129297548929373,116.0,6.0,2.0,2.0,1.0,0.0,0.0,5879.0,20.0,2.0,0.0003401939105290015,0.0034019391052900155,1288.6,7.162087371752364,0.21918693655383567,27.0,0.0,0.0,0.0,3.0,148.0,5.003946305945459,21.42272348505727,0.0,47.0,4710.0,471016.0,0.0,0.0,0.0,0.0,0.0,0.0
30,100,12,4710160801,유기응집제,2521201281,2521201281,에이디 커머스,0.136146,0.0,0.0,984.0,6.892641641172089,223.0,8.0,5.0,5.0,3.0,0.0,0.0,5879.0,20.0,2.0,0.0003401939105290015,0.0034019391052900155,1288.6,7.162087371752364,0.21918693655383567,37.0,0.0,0.0,0.0,5.0,169.0,5.135798437050262,21.0045945645773,0.0,47.0,4710.0,471016.0,0.0,0.0,0.0,0.0,0.0,0.0
31,102,8,4710160801,유기응집제,1308685487,1308685487,바이오퍼스글로벌 주식회사,0.130699,0.0,0.0,1112.0,7.014814351275545,284.0,11.0,5.0,5.0,1.0,0.0,0.0,5879.0,20.0,2.0,0.0003401939105290015,0.0034019391052900155,1288.6,7.162087371752364,0.21918693655383567,46.0,0.0,0.0,0.0,3.0,316.0,5.75890177387728,22.099802480507,0.0,47.0,4710.0,471016.0,0.0,0.0,0.0,0.0,0.0,0.0
32,103,10,4710160801,유기응집제,5031999741,5031999741,대진통상,0.122166,0.0,0.0,502.0,6.220590170099739,39.0,4.0,4.0,4.0,3.0,0.0,0.0,5879.0,20.0,2.0,0.0003401939105290015,0.0034019391052900155,1288.6,7.162087371752364,0.21918693655383567,41.0,0.0,0.0,0.0,6.0,165.0,5.111987788356544,21.06483192854588,0.0,47.0,4710.0,471016.0,0.0,0.0,0.0,0.0,0.0,0.0
33,104,45,4710160801,유기응집제,1222645933,1222645933,디자인 청호,0.119657,0.0,0.0,1248.0,7.130098510125578,118.0,3.0,1.0,1.0,1.0,0.0,20.0,5879.0,20.0,2.0,0.0003401939105290015,0.0034019391052900155,1288.6,7.162087371752364,0.21918693655383567,22.0,0.0,0.0,0.0,4.0,226.0,5.424950017481403,22.12690481157709,0.0,47.0,4710.0,471016.0,0.0,0.0,0.0,0.0,0.0,0.0
34,105,4,4710160801,유기응집제,1160724873,1160724873,나산상사,0.119585,0.0,0.0,1251.0,7.132497551660044,168.0,9.0,3.0,3.0,3.0,0.0,0.0,5879.0,20.0,2.0,0.0003401939105290015,0.0034019391052900155,1288.6,7.162087371752364,0.21918693655383567,54.0,0.0,0.0,0.0,6.0,137.0,4.927253685157205,21.96635296983237,0.0,47.0,4710.0,471016.0,0.0,0.0,0.0,0.0,0.0,0.0
35,107,39,4710160801,유기응집제,5323701365,5323701365,케이엘컴퍼니,0.115088,0.0,0.0,878.0,6.778784897685177,486.0,11.0,6.0,6.0,1.0,1.0,0.0,5879.0,20.0,2.0,0.0003401939105290015,0.0034019391052900155,1288.6,7.162087371752364,0.21918693655383567,25.0,0.0,0.0,0.0,4.0,148.0,5.003946305945459,21.17086788329727,0.0,47.0,4710.0,471016.0,0.0,0.0,0.0,0.0,0.0,0.0
36,108,23,4710160801,유기응집제,3018193115,3018193115,(주)현일,0.11492,0.0,0.0,1244.0,7.126890808898808,87.0,4.0,2.0,2.0,1.0,0.0,0.0,5879.0,20.0,2.0,0.0003401939105290015,0.0034019391052900155,1288.6,7.162087371752364,0.21918693655383567,30.0,0.0,0.0,0.0,4.0,201.0,5.308267697401205,22.01479045472488,0.0,47.0,4710.0,471016.0,0.0,0.0,0.0,0.0,0.0,0.0
37,109,20,4710160801,유기응집제,4578801111,4578801111,주식회사 가경이앤씨,0.111179,0.0,0.0,159.0,5.075173815233827,69.0,6.0,3.0,3.0,2.0,1.0,33.0,5879.0,20.0,2.0,0.0003401939105290015,0.0034019391052900155,1288.6,7.162087371752364,0.21918693655383567,31.0,0.0,0.0,0.0,6.0,137.0,4.927253685157205,22.66467530554532,0.0,47.0,4710.0,471016.0,0.0,0.0,0.0,0.0,0.0,0.0
38,111,22,4710160801,유기응집제,4098162406,4098162406,대성이엔이 주식회사,0.109831,0.0,0.0,880.0,6.78105762593618,55.0,8.0,6.0,6.0,1.0,0.0,6.0,5879.0,20.0,2.0,0.0003401939105290015,0.0034019391052900155,1288.6,7.162087371752364,0.21918693655383567,30.0,0.0,0.0,3.0,4.0,150.0,5.017279836814924,22.974615961746636,0.0,47.0,4710.0,471016.0,0.0,0.0,0.0,0.0,0.0,0.0
39,113,25,4710160801,유기응집제,4193201276,4193201276,태화기업,0.102093,0.0,0.0,1249.0,7.1308988302963465,471.0,7.0,5.0,5.0,1.0,0.0,0.0,5879.0,20.0,2.0,0.0003401939105290015,0.0034019391052900155,1288.6,7.162087371752364,0.21918693655383567,29.0,0.0,0.0,0.0,7.0,149.0,5.0106352940962555,22.099730272011683,0.0,47.0,4710.0,471016.0,0.0,0.0,0.0,0.0,0.0,0.0
40,116,50,4710160801,유기응집제,1138163993,1138163993,한성중공업(주),0.098632,0.0,0.0,750.0,6.621405651764134,7.0,1.0,1.0,1.0,1.0,0.0,0.0,5879.0,20.0,2.0,0.0003401939105290015,0.0034019391052900155,1288.6,7.162087371752364,0.21918693655383567,21.0,0.0,0.0,0.0,0.0,388.0,5.963579343618446,22.272470699877132,0.0,47.0,4710.0,471016.0,0.0,0.0,0.0,0.0,0.0,0.0
41,117,43,4710160801,유기응집제,7390302693,7390302693,대한시스텍,0.09783,0.0,0.0,1247.0,7.129297548929373,714.0,23.0,11.0,11.0,3.0,0.0,0.0,5879.0,20.0,2.0,0.0003401939105290015,0.0034019391052900155,1288.6,7.162087371752364,0.21918693655383567,23.0,0.0,0.0,1.0,3.0,242.0,5.493061443340548,20.656164187399888,0.0,47.0,4710.0,471016.0,0.0,0.0,0.0,0.0,0.0,0.0
42,119,46,4710160801,유기응집제,1790200940,1790200940,필 글로벌(PHIL GLOBAL),0.091043,0.0,0.0,878.0,6.778784897685177,95.0,6.0,3.0,3.0,3.0,0.0,0.0,5879.0,20.0,2.0,0.0003401939105290015,0.0034019391052900155,1288.6,7.162087371752364,0.21918693655383567,22.0,0.0,0.0,0.0,1.0,333.0,5.8111409929767,21.022080368470313,0.0,47.0,4710.0,471016.0,0.0,0.0,0.0,0.0,0.0,0.0
43,123,49,4710160801,유기응집제,5331002128,5331002128,시지에이치,0.082232,0.0,0.0,502.0,6.220590170099739,72.0,6.0,5.0,5.0,4.0,0.0,0.0,5879.0,20.0,2.0,0.0003401939105290015,0.0034019391052900155,1288.6,7.162087371752364,0.21918693655383567,22.0,0.0,0.0,0.0,0.0,388.0,5.963579343618446,20.124801191990645,0.0,47.0,4710.0,471016.0,0.0,0.0,0.0,0.0,0.0,0.0
44,127,11,4710160801,유기응집제,5061739883,5061739883,연천종합물산,0.068821,0.0,0.0,1230.0,7.115582126184454,35.0,2.0,2.0,2.0,1.0,1.0,0.0,5879.0,20.0,2.0,0.0003401939105290015,0.0034019391052900155,1288.6,7.162087371752364,0.21918693655383567,40.0,0.0,0.0,0.0,4.0,151.0,5.0238805208462765,21.643089090512436,0.0,47.0,4710.0,471016.0,0.0,0.0,0.0,0.0,0.0,0.0
45,128,18,4710160801,유기응집제,8918101078,8918101078,알파유통 주식회사,0.068319,0.0,0.0,1111.0,7.013915474810528,986.0,7.0,4.0,4.0,1.0,0.0,0.0,5879.0,20.0,2.0,0.0003401939105290015,0.0034019391052900155,1288.6,7.162087371752364,0.21918693655383567,33.0,0.0,0.0,0.0,3.0,228.0,5.43372200355424,20.964787657169254,0.0,47.0,4710.0,471016.0,0.0,0.0,0.0,0.0,0.0,0.0
46,133,16,4710160801,유기응집제,7600201935,7600201935,남양우유신안동가정대리점,0.060241,0.0,0.0,508.0,6.2324480165505225,44.0,1.0,1.0,1.0,1.0,0.0,0.0,5879.0,20.0,2.0,0.0003401939105290015,0.0034019391052900155,1288.6,7.162087371752364,0.21918693655383567,36.0,0.0,0.0,0.0,3.0,136.0,4.919980925828125,20.16380942613728,0.0,47.0,4710.0,471016.0,0.0,0.0,0.0,0.0,0.0,0.0
47,134,14,4710160801,유기응집제,2824900315,2824900315,서울우유 신안동 고객센터,0.059544,0.0,0.0,508.0,6.2324480165505225,33.0,1.0,1.0,1.0,1.0,0.0,0.0,5879.0,20.0,2.0,0.0003401939105290015,0.0034019391052900155,1288.6,7.162087371752364,0.21918693655383567,37.0,0.0,0.0,0.0,4.0,142.0,4.962844630259907,20.465858569012024,0.0,47.0,4710.0,471016.0,0.0,0.0,0.0,0.0,0.0,0.0
48,135,13,4710160801,유기응집제,4645800414,4645800414,푸드라인,0.057321,0.0,0.0,508.0,6.2324480165505225,13.0,1.0,1.0,1.0,1.0,0.0,0.0,5879.0,20.0,2.0,0.0003401939105290015,0.0034019391052900155,1288.6,7.162087371752364,0.21918693655383567,37.0,0.0,0.0,0.0,0.0,410.0,6.018593214496234,20.594619700004895,0.0,47.0,4710.0,471016.0,0.0,0.0,0.0,0.0,0.0,0.0
49,139,33,4710160801,유기응집제,5855300211,5855300211,자연가,0.05585,0.0,0.0,510.0,6.236369590203704,44.0,3.0,2.0,2.0,2.0,0.0,0.0,5879.0,20.0,2.0,0.0003401939105290015,0.0034019391052900155,1288.6,7.162087371752364,0.21918693655383567,27.0,0.0,0.0,0.0,1.0,318.0,5.765191102784844,19.787021563725624,0.0,47.0,4710.0,471016.0,0.0,0.0,0.0,0.0,0.0,0.0
50,153,27,4710160801,유기응집제,3791601089,3791601089,수미테크,0.035422,0.0,0.0,1229.0,7.114769448366463,38.0,3.0,1.0,1.0,1.0,0.0,0.0,5879.0,20.0,2.0,0.0003401939105290015,0.0034019391052900155,1288.6,7.162087371752364,0.21918693655383567,29.0,0.0,0.0,0.0,2.0,186.0,5.231108616854587,21.139793980055156,0.0,47.0,4710.0,471016.0,0.0,0.0,0.0,0.0,0.0,0.0
1,4,168,4710160802,무기응집제,2838102688,2838102688,주식회사 비젼바이오,0.880517,0.0,1.0,1109.0,7.01211529430638,6.0,4.0,2.0,2.0,2.0,1.0,3.0,2673.0,15.0,6.0,0.002244668911335578,0.005611672278338945,24.102040816326532,3.2229491502558365,0.009016850286691558,22.0,0.0,0.0,0.0,10.0,143.0,4.969813299576001,20.170181303110756,0.0,47.0,4710.0,471016.0,0.0,0.0,0.0,0.0,0.0,0.0
2,24,199,4710160802,무기응집제,1078738448,1078738448,(주) 정토산업,0.628508,0.0,0.0,516.0,6.248042874508429,1.0,1.0,1.0,1.0,1.0,0.0,0.0,2673.0,15.0,6.0,0.002244668911335578,0.005611672278338945,24.102040816326532,3.2229491502558365,0.009016850286691558,11.0,0.0,0.0,0.0,3.0,151.0,5.0238805208462765,18.590955031269978,0.0,47.0,4710.0,471016.0,0.0,0.0,0.0,0.0,0.0,0.0
3,27,179,4710160802,무기응집제,5038128637,5038128637,(주)로얄정공,0.530034,0.0,0.0,137.0,4.927253685157205,4.0,3.0,3.0,3.0,2.0,0.0,0.0,2673.0,15.0,6.0,0.002244668911335578,0.005611672278338945,24.102040816326532,3.2229491502558365,0.009016850286691558,16.0,0.0,0.0,3.0,4.0,199.0,5.298317366548036,22.86950716247019,0.0,47.0,4710.0,471016.0,0.0,0.0,0.0,0.0,0.0,0.0
4,56,154,4710160802,무기응집제,1178186004,1178186004,주식회사 와풀,0.298209,0.0,0.0,1234.0,7.118826249062078,16.0,3.0,3.0,3.0,3.0,0.0,4.0,2673.0,15.0,6.0,0.002244668911335578,0.005611672278338945,24.102040816326532,3.2229491502558365,0.009016850286691558,44.0,0.0,0.0,0.0,11.0,255.0,5.545177444479562,22.960175459040382,0.0,47.0,4710.0,471016.0,0.0,0.0,0.0,0.0,0.0,0.0
5,68,172,4710160802,무기응집제,4018700204,4018700204,(주)도원에코텍,0.2163,0.0,0.0,1236.0,7.1204443723924875,12.0,3.0,3.0,3.0,3.0,0.0,0.0,2673.0,15.0,6.0,0.002244668911335578,0.005611672278338945,24.102040816326532,3.2229491502558365,0.009016850286691558,20.0,0.0,0.0,6.0,0.0,387.0,5.961005339623274,22.18085122382494,0.0,47.0,4710.0,471016.0,0.0,0.0,0.0,0.0,0.0,0.0
6,87,157,4710160802,무기응집제,1488701170,1488701170,주식회사 세진에코텍,0.166586,0.0,0.0,1236.0,7.1204443723924875,47.0,4.0,2.0,2.0,2.0,0.0,0.0,2673.0,15.0,6.0,0.002244668911335578,0.005611672278338945,24.102040816326532,3.2229491502558365,0.009016850286691558,36.0,0.0,0.0,8.0,9.0,136.0,4.919980925828125,22.499618562976682,0.0,47.0,4710.0,471016.0,0.0,0.0,0.0,0.0,0.0,0.0
7,94,196,4710160802,무기응집제,2218116734,2218116734,(주)용두애브컴,0.151921,1.0,0.0,397.0,5.986452005284438,43.0,2.0,1.0,1.0,1.0,1.0,5.0,2673.0,15.0,6.0,0.002244668911335578,0.005611672278338945,24.102040816326532,3.2229491502558365,0.009016850286691558,11.0,0.0,0.0,0.0,4.0,170.0,5.14166355650266,21.136381915591908,0.0,47.0,4710.0,471016.0,0.0,0.0,0.0,0.0,0.0,0.0
8,101,162,4710160802,무기응집제,5118127226,5118127226,주식회사 마크온탑,0.132058,0.0,0.0,1373.0,7.2254814727822945,1602.0,46.0,17.0,17.0,4.0,2.0,49.0,2673.0,15.0,6.0,0.002244668911335578,0.005611672278338945,24.102040816326532,3.2229491502558365,0.009016850286691558,27.0,0.0,0.0,0.0,4.0,184.0,5.220355825078325,21.731939902532034,0.0,47.0,4710.0,471016.0,0.0,0.0,0.0,0.0,0.0,0.0
9,112,182,4710160802,무기응집제,6062453261,6062453261,대광엘에스,0.106994,0.0,0.0,508.0,6.2324480165505225,10.0,3.0,1.0,1.0,1.0,0.0,0.0,2673.0,15.0,6.0,0.002244668911335578,0.005611672278338945,24.102040816326532,3.2229491502558365,0.009016850286691558,16.0,0.0,0.0,0.0,2.0,318.0,5.765191102784844,20.58004962507031,0.0,47.0,4710.0,471016.0,0.0,0.0,0.0,0.0,0.0,0.0
10,130,178,4710160802,무기응집제,6502401417,6502401417,선유통,0.06408,0.0,0.0,1356.0,7.213031659834869,1955.0,63.0,26.0,26.0,5.0,1.0,0.0,2673.0,15.0,6.0,0.002244668911335578,0.005611672278338945,24.102040816326532,3.2229491502558365,0.009016850286691558,17.0,0.0,0.0,0.0,2.0,284.0,5.652489180268651,20.748738594900335,0.0,47.0,4710.0,471016.0,0.0,0.0,0.0,0.0,0.0,0.0
11,137,155,4710160802,무기응집제,5031999741,5031999741,대진통상,0.056106,0.0,0.0,502.0,6.220590170099739,39.0,4.0,4.0,4.0,3.0,0.0,0.0,2673.0,15.0,6.0,0.002244668911335578,0.005611672278338945,24.102040816326532,3.2229491502558365,0.009016850286691558,41.0,0.0,0.0,0.0,6.0,165.0,5.111987788356544,21.06483192854588,0.0,47.0,4710.0,471016.0,0.0,0.0,0.0,0.0,0.0,0.0
12,143,153,4710160802,무기응집제,1728603252,1728603252,주식회사 리즈너스,0.043015,0.0,0.0,522.0,6.259581464064923,448.0,11.0,6.0,6.0,2.0,0.0,0.0,2673.0,15.0,6.0,0.002244668911335578,0.005611672278338945,24.102040816326532,3.2229491502558365,0.009016850286691558,50.0,0.0,0.0,0.0,23.0,150.0,5.017279836814924,21.787765825870956,0.0,47.0,4710.0,471016.0,0.0,0.0,0.0,0.0,0.0,0.0
13,151,193,4710160802,무기응집제,1081832612,1081832612,에이치아이엠,0.036915,0.0,0.0,1108.0,7.011213987350367,180.0,6.0,3.0,3.0,1.0,0.0,0.0,2673.0,15.0,6.0,0.002244668911335578,0.005611672278338945,24.102040816326532,3.2229491502558365,0.009016850286691558,12.0,0.0,0.0,0.0,0.0,446.0,6.102558594613569,20.071180752000146,0.0,47.0,4710.0,471016.0,0.0,0.0,0.0,0.0,0.0,0.0
14,152,176,4710160802,무기응집제,1170866553,1170866553,대지come,0.035647,0.0,0.0,501.0,6.218600119691729,148.0,5.0,1.0,1.0,1.0,0.0,35.0,2673.0,15.0,6.0,0.002244668911335578,0.005611672278338945,24.102040816326532,3.2229491502558365,0.009016850286691558,17.0,0.0,0.0,0.0,4.0,150.0,5.017279836814924,22.069758658746156,0.0,47.0,4710.0,471016.0,0.0,0.0,0.0,0.0,0.0,0.0
15,156,160,4710160802,무기응집제,2092569555,2092569555,탑에스씨,0.033521,0.0,0.0,501.0,6.218600119691729,108.0,9.0,1.0,1.0,1.0,0.0,14.0,2673.0,15.0,6.0,0.002244668911335578,0.005611672278338945,24.102040816326532,3.2229491502558365,0.009016850286691558,29.0,0.0,0.0,0.0,8.0,149.0,5.0106352940962555,21.988685088309673,0.0,47.0,4710.0,471016.0,0.0,0.0,0.0,0.0,0.0,0.0
16,160,186,4710160802,무기응집제,2638802174,2638802174,제이컴주식회사,0.031821,0.0,0.0,1109.0,7.01211529430638,575.0,20.0,9.0,9.0,4.0,1.0,0.0,2673.0,15.0,6.0,0.002244668911335578,0.005611672278338945,24.102040816326532,3.2229491502558365,0.009016850286691558,14.0,0.0,0.0,0.0,2.0,166.0,5.117993812416755,20.5435740724156,0.0,47.0,4710.0,471016.0,0.0,0.0,0.0,0.0,0.0,0.0
17,161,189,4710160802,무기응집제,1868702400,1868702400,주식회사 그린아이앤티,0.031544,0.0,0.0,1230.0,7.115582126184454,588.0,18.0,8.0,8.0,4.0,1.0,0.0,2673.0,15.0,6.0,0.002244668911335578,0.005611672278338945,24.102040816326532,3.2229491502558365,0.009016850286691558,13.0,0.0,0.0,0.0,2.0,338.0,5.82600010738045,20.605709667928846,0.0,47.0,4710.0,471016.0,0.0,0.0,0.0,0.0,0.0,0.0
18,163,161,4710160802,무기응집제,3091861646,3091861646,모아상사,0.02866,0.0,0.0,1235.0,7.119635638017636,368.0,10.0,7.0,7.0,3.0,6.0,0.0,2673.0,15.0,6.0,0.002244668911335578,0.005611672278338945,24.102040816326532,3.2229491502558365,0.009016850286691558,29.0,0.0,0.0,0.0,6.0,163.0,5.099866427824199,21.80680664664505,0.0,47.0,4710.0,471016.0,0.0,0.0,0.0,0.0,0.0,0.0
19,167,159,4710160802,무기응집제,1058649262,1058649262,주식회사 노하우전기통신,0.027533,0.0,0.0,502.0,6.220590170099739,193.0,10.0,4.0,4.0,2.0,0.0,2.0,2673.0,15.0,6.0,0.002244668911335578,0.005611672278338945,24.102040816326532,3.2229491502558365,0.009016850286691558,32.0,0.0,0.0,0.0,7.0,148.0,5.003946305945459,22.37591281864951,0.0,47.0,4710.0,471016.0,0.0,0.0,0.0,0.0,0.0,0.0
20,168,169,4710160802,무기응집제,5331002128,5331002128,시지에이치,0.027188,0.0,0.0,502.0,6.220590170099739,72.0,6.0,5.0,5.0,4.0,0.0,0.0,2673.0,15.0,6.0,0.002244668911335578,0.005611672278338945,24.102040816326532,3.2229491502558365,0.009016850286691558,22.0,0.0,0.0,0.0,0.0,388.0,5.963579343618446,20.124801191990645,0.0,47.0,4710.0,471016.0,0.0,0.0,0.0,0.0,0.0,0.0
21,171,165,4710160802,무기응집제,1138196062,1138196062,주식회사 케이에스엔텍,0.02523,0.0,0.0,1234.0,7.118826249062078,119.0,6.0,2.0,2.0,1.0,0.0,0.0,2673.0,15.0,6.0,0.002244668911335578,0.005611672278338945,24.102040816326532,3.2229491502558365,0.009016850286691558,26.0,0.0,0.0,0.0,2.0,200.0,5.303304908059076,21.505630653124907,0.0,47.0,4710.0,471016.0,0.0,0.0,0.0,0.0,0.0,0.0
22,175,173,4710160802,무기응집제,6938600164,6938600164,주식회사 마한건설조명,0.024404,0.0,0.0,985.0,6.893656354602635,182.0,7.0,2.0,2.0,2.0,0.0,0.0,2673.0,15.0,6.0,0.002244668911335578,0.005611672278338945,24.102040816326532,3.2229491502558365,0.009016850286691558,18.0,0.0,0.0,0.0,0.0,394.0,5.978885764901122,20.8656401380523,0.0,47.0,4710.0,471016.0,0.0,0.0,0.0,0.0,0.0,0.0
23,176,151,4710160802,무기응집제,6768601611,6768601611,주식회사 루트웰,0.023667,0.0,0.0,881.0,6.782192056006791,297.0,10.0,6.0,6.0,2.0,0.0,0.0,2673.0,15.0,6.0,0.002244668911335578,0.005611672278338945,24.102040816326532,3.2229491502558365,0.009016850286691558,54.0,0.0,0.0,0.0,7.0,149.0,5.0106352940962555,22.19776210132738,0.0,47.0,4710.0,471016.0,0.0,0.0,0.0,0.0,0.0,0.0
24,177,200,4710160802,무기응집제,4448101663,4448101663,주식회사 지엔씨,0.023292,0.0,0.0,1230.0,7.115582126184454,116.0,7.0,4.0,4.0,3.0,0.0,0.0,2673.0,15.0,6.0,0.002244668911335578,0.005611672278338945,24.102040816326532,3.2229491502558365,0.009016850286691558,10.0,0.0,0.0,0.0,0.0,773.0,6.651571873589727,21.277378975897147,0.0,47.0,4710.0,471016.0,0.0,0.0,0.0,0.0,0.0,0.0
25,178,181,4710160802,무기응집제,1798102185,1798102185,주식회사 디오르마,0.022816,0.0,0.0,1111.0,7.013915474810528,1649.0,50.0,19.0,19.0,6.0,0.0,0.0,2673.0,15.0,6.0,0.002244668911335578,0.005611672278338945,24.102040816326532,3.2229491502558365,0.009016850286691558,16.0,0.0,0.0,0.0,2.0,228.0,5.43372200355424,20.65115740391971,0.0,47.0,4710.0,471016.0,0.0,0.0,0.0,0.0,0.0,0.0
26,179,152,4710160802,무기응집제,1160724873,1160724873,나산상사,0.022523,0.0,0.0,1477.0,7.298445101508147,168.0,9.0,3.0,3.0,3.0,0.0,0.0,2673.0,15.0,6.0,0.002244668911335578,0.005611672278338945,24.102040816326532,3.2229491502558365,0.009016850286691558,54.0,0.0,0.0,0.0,6.0,137.0,4.927253685157205,21.96635296983237,0.0,47.0,4710.0,471016.0,0.0,0.0,0.0,0.0,0.0,0.0
27,185,183,4710160802,무기응집제,4508801309,4508801309,주식회사 엄지,0.02029,0.0,0.0,873.0,6.773080375655535,112.0,4.0,3.0,3.0,1.0,0.0,3.0,2673.0,15.0,6.0,0.002244668911335578,0.005611672278338945,24.102040816326532,3.2229491502558365,0.009016850286691558,15.0,0.0,0.0,0.0,3.0,247.0,5.5134287461649825,21.437726878294146,0.0,47.0,4710.0,471016.0,0.0,0.0,0.0,0.0,0.0,0.0
28,188,177,4710160802,무기응집제,6061799594,6061799594,태일공구종합상사,0.019065,0.0,0.0,150.0,5.017279836814924,60.0,1.0,1.0,1.0,1.0,0.0,0.0,2673.0,15.0,6.0,0.002244668911335578,0.005611672278338945,24.102040816326532,3.2229491502558365,0.009016850286691558,17.0,0.0,0.0,0.0,4.0,185.0,5.225746673713202,20.793527528207665,0.0,47.0,4710.0,471016.0,0.0,0.0,0.0,0.0,0.0,0.0
29,192,164,4710160802,무기응집제,4018140669,4018140669,(유)신성시엔시,0.018516,0.0,0.0,1233.0,7.1180162044653335,77.0,2.0,1.0,1.0,1.0,0.0,0.0,2673.0,15.0,6.0,0.002244668911335578,0.005611672278338945,24.102040816326532,3.2229491502558365,0.009016850286691558,26.0,0.0,0.0,0.0,5.0,149.0,5.0106352940962555,21.622196540118082,0.0,47.0,4710.0,471016.0,0.0,0.0,0.0,0.0,0.0,0.0
30,195,156,4710160802,무기응집제,2521201281,2521201281,에이디 커머스,0.018217,0.0,0.0,984.0,6.892641641172089,223.0,8.0,5.0,5.0,3.0,0.0,0.0,2673.0,15.0,6.0,0.002244668911335578,0.005611672278338945,24.102040816326532,3.2229491502558365,0.009016850286691558,37.0,0.0,0.0,0.0,5.0,169.0,5.135798437050262,21.0045945645773,0.0,47.0,4710.0,471016.0,0.0,0.0,0.0,0.0,0.0,0.0
31,196,166,4710160802,무기응집제,7390302693,7390302693,대한시스텍,0.018113,0.0,0.0,1240.0,7.123672785204607,714.0,23.0,11.0,11.0,3.0,0.0,0.0,2673.0,15.0,6.0,0.002244668911335578,0.005611672278338945,24.102040816326532,3.2229491502558365,0.009016850286691558,23.0,0.0,0.0,1.0,3.0,242.0,5.493061443340548,20.656164187399888,0.0,47.0,4710.0,471016.0,0.0,0.0,0.0,0.0,0.0,0.0
32,198,190,4710160802,무기응집제,2372201447,2372201447,제이에스씨 코퍼레이션,0.01787,0.0,0.0,1240.0,7.123672785204607,727.0,23.0,11.0,11.0,3.0,0.0,0.0,2673.0,15.0,6.0,0.002244668911335578,0.005611672278338945,24.102040816326532,3.2229491502558365,0.009016850286691558,13.0,0.0,0.0,0.0,4.0,138.0,4.9344739331306915,20.302874069993244,0.0,47.0,4710.0,471016.0,0.0,0.0,0.0,0.0,0.0,0.0
33,199,197,4710160802,무기응집제,6211381305,6211381305,대림로어패럴,0.017489,0.0,0.0,129.0,4.867534450455582,96.0,5.0,1.0,1.0,1.0,0.0,4.0,2673.0,15.0,6.0,0.002244668911335578,0.005611672278338945,24.102040816326532,3.2229491502558365,0.009016850286691558,11.0,0.0,0.0,0.0,6.0,198.0,5.293304824724492,20.74562343944328,0.0,47.0,4710.0,471016.0,0.0,0.0,0.0,0.0,0.0,0.0
34,202,170,4710160802,무기응집제,2903101270,2903101270,다인에스티,0.017083,0.0,0.0,151.0,5.0238805208462765,120.0,7.0,5.0,5.0,5.0,0.0,0.0,2673.0,15.0,6.0,0.002244668911335578,0.005611672278338945,24.102040816326532,3.2229491502558365,0.009016850286691558,21.0,0.0,0.0,0.0,8.0,187.0,5.236441962829949,21.015470313645185,0.0,47.0,4710.0,471016.0,0.0,0.0,0.0,0.0,0.0,0.0
35,203,175,4710160802,무기응집제,6832501020,6832501020,성희기업,0.016963,0.0,0.0,502.0,6.220590170099739,48.0,4.0,3.0,3.0,2.0,0.0,0.0,2673.0,15.0,6.0,0.002244668911335578,0.005611672278338945,24.102040816326532,3.2229491502558365,0.009016850286691558,18.0,0.0,0.0,0.0,0.0,621.0,6.432940092739179,20.449746911931786,0.0,47.0,4710.0,471016.0,0.0,0.0,0.0,0.0,0.0,0.0
36,206,195,4710160802,무기응집제,1664901007,1664901007,비키,0.01656,0.0,0.0,880.0,6.78105762593618,285.0,10.0,5.0,5.0,3.0,0.0,0.0,2673.0,15.0,6.0,0.002244668911335578,0.005611672278338945,24.102040816326532,3.2229491502558365,0.009016850286691558,11.0,0.0,0.0,0.0,2.0,348.0,5.855071922202427,21.385131249135924,0.0,47.0,4710.0,471016.0,0.0,0.0,0.0,0.0,0.0,0.0
37,215,187,4710160802,무기응집제,5762601388,5762601388,에스와이상사,0.015747,0.0,0.0,502.0,6.220590170099739,79.0,5.0,3.0,3.0,2.0,0.0,0.0,2673.0,15.0,6.0,0.002244668911335578,0.005611672278338945,24.102040816326532,3.2229491502558365,0.009016850286691558,14.0,0.0,0.0,0.0,2.0,249.0,5.521460917862246,20.038280400552853,0.0,47.0,4710.0,471016.0,0.0,0.0,0.0,0.0,0.0,0.0
38,217,198,4710160802,무기응집제,4131501117,4131501117,부농,0.014952,0.0,0.0,522.0,6.259581464064923,91.0,5.0,3.0,3.0,1.0,0.0,0.0,2673.0,15.0,6.0,0.002244668911335578,0.005611672278338945,24.102040816326532,3.2229491502558365,0.009016850286691558,11.0,0.0,0.0,0.0,1.0,282.0,5.645446897643238,19.943589764204138,0.0,47.0,4710.0,471016.0,0.0,0.0,0.0,0.0,0.0,0.0
39,220,191,4710160802,무기응집제,1058739873,1058739873,신풍종합개발 주식회사,0.014713,0.0,0.0,151.0,5.0238805208462765,92.0,3.0,3.0,3.0,2.0,0.0,1.0,2673.0,15.0,6.0,0.002244668911335578,0.005611672278338945,24.102040816326532,3.2229491502558365,0.009016850286691558,13.0,0.0,0.0,0.0,0.0,409.0,6.016157159698354,19.98660245240782,0.0,47.0,4710.0,471016.0,0.0,0.0,1.0,0.0,0.0,0.0
40,222,188,4710160802,무기응집제,4410801337,4410801337,엔플,0.014485,0.0,0.0,151.0,5.0238805208462765,436.0,10.0,7.0,7.0,1.0,0.0,0.0,2673.0,15.0,6.0,0.002244668911335578,0.005611672278338945,24.102040816326532,3.2229491502558365,0.009016850286691558,13.0,0.0,0.0,0.0,2.0,234.0,5.459585514144159,21.15329455550339,0.0,47.0,4710.0,471016.0,0.0,0.0,0.0,0.0,0.0,0.0
41,225,174,4710160802,무기응집제,3883001492,3883001492,유엔글로벌,0.014243,0.0,0.0,1240.0,7.123672785204607,781.0,24.0,11.0,11.0,3.0,0.0,0.0,2673.0,15.0,6.0,0.002244668911335578,0.005611672278338945,24.102040816326532,3.2229491502558365,0.009016850286691558,18.0,0.0,0.0,0.0,4.0,137.0,4.927253685157205,20.792597661515607,0.0,47.0,4710.0,471016.0,0.0,0.0,0.0,0.0,0.0,0.0
42,232,158,4710160802,무기응집제,2852501641,2852501641,유니플러스,0.013672,0.0,0.0,151.0,5.0238805208462765,179.0,5.0,3.0,3.0,2.0,0.0,0.0,2673.0,15.0,6.0,0.002244668911335578,0.005611672278338945,24.102040816326532,3.2229491502558365,0.009016850286691558,35.0,0.0,0.0,0.0,9.0,165.0,5.111987788356544,21.274442833083423,0.0,47.0,4710.0,471016.0,0.0,0.0,0.0,0.0,0.0,0.0
43,246,192,4710160802,무기응집제,7048802729,7048802729,에스클래스주식회사,0.011028,0.0,0.0,1109.0,7.01211529430638,537.0,19.0,8.0,8.0,2.0,0.0,0.0,2673.0,15.0,6.0,0.002244668911335578,0.005611672278338945,24.102040816326532,3.2229491502558365,0.009016850286691558,12.0,0.0,0.0,0.0,0.0,495.0,6.206575926724928,20.409062594812273,0.0,47.0,4710.0,471016.0,0.0,0.0,0.0,0.0,0.0,0.0
44,249,171,4710160802,무기응집제,4551701809,4551701809,니즈스토리,0.010828,0.0,0.0,1240.0,7.123672785204607,742.0,24.0,11.0,11.0,3.0,0.0,0.0,2673.0,15.0,6.0,0.002244668911335578,0.005611672278338945,24.102040816326532,3.2229491502558365,0.009016850286691558,21.0,0.0,0.0,0.0,3.0,178.0,5.187385805840755,20.80011790918268,0.0,47.0,4710.0,471016.0,0.0,0.0,0.0,0.0,0.0,0.0
45,255,180,4710160802,무기응집제,6706200447,6706200447,에스엔컴퍼니,0.010347,0.0,0.0,1240.0,7.123672785204607,769.0,23.0,12.0,12.0,3.0,0.0,0.0,2673.0,15.0,6.0,0.002244668911335578,0.005611672278338945,24.102040816326532,3.2229491502558365,0.009016850286691558,16.0,0.0,0.0,0.0,2.0,205.0,5.327876168789581,20.921022007394654,0.0,47.0,4710.0,471016.0,0.0,0.0,0.0,0.0,0.0,0.0
46,257,167,4710160802,무기응집제,1790200940,1790200940,필 글로벌(PHIL GLOBAL),0.010106,0.0,0.0,397.0,5.986452005284438,95.0,6.0,3.0,3.0,3.0,0.0,0.0,2673.0,15.0,6.0,0.002244668911335578,0.005611672278338945,24.102040816326532,3.2229491502558365,0.009016850286691558,22.0,0.0,0.0,0.0,1.0,333.0,5.8111409929767,21.022080368470313,0.0,47.0,4710.0,471016.0,0.0,0.0,0.0,0.0,0.0,0.0
47,261,185,4710160802,무기응집제,5250802328,5250802328,일호컴퍼니,0.009593,0.0,0.0,1472.0,7.29505641646263,669.0,17.0,9.0,9.0,4.0,0.0,0.0,2673.0,15.0,6.0,0.002244668911335578,0.005611672278338945,24.102040816326532,3.2229491502558365,0.009016850286691558,14.0,0.0,0.0,0.0,0.0,767.0,6.643789733147672,21.300397814500112,0.0,47.0,4710.0,471016.0,0.0,0.0,0.0,0.0,0.0,0.0
48,277,194,4710160802,무기응집제,2840702041,2840702041,대원,0.008515,0.0,0.0,1236.0,7.1204443723924875,554.0,12.0,5.0,5.0,3.0,0.0,0.0,2673.0,15.0,6.0,0.002244668911335578,0.005611672278338945,24.102040816326532,3.2229491502558365,0.009016850286691558,12.0,0.0,0.0,0.0,1.0,289.0,5.66988092298052,19.969912074304244,0.0,47.0,4710.0,471016.0,0.0,0.0,0.0,0.0,0.0,0.0
49,291,184,4710160802,무기응집제,2218702533,2218702533,주식회사 이화진,0.007658,0.0,0.0,1242.0,7.1252830915107115,369.0,13.0,4.0,4.0,2.0,0.0,0.0,2673.0,15.0,6.0,0.002244668911335578,0.005611672278338945,24.102040816326532,3.2229491502558365,0.009016850286691558,15.0,0.0,0.0,0.0,1.0,186.0,5.231108616854587,20.292574344367008,0.0,47.0,4710.0,471016.0,0.0,0.0,0.0,0.0,0.0,0.0
50,345,163,4710160802,무기응집제,8878102928,8878102928,주식회사 제이디폼,0.005351,0.0,0.0,885.0,6.786716950605081,505.0,12.0,4.0,4.0,3.0,0.0,0.0,2673.0,15.0,6.0,0.002244668911335578,0.005611672278338945,24.102040816326532,3.2229491502558365,0.009016850286691558,27.0,0.0,0.0,0.0,1.0,292.0,5.680172609017068,21.536205245317035,0.0,47.0,4710.0,471016.0,0.0,0.0,0.0,0.0,0.0,0.0
1,3,222,4710169801,수처리용여과재,2068610605,2068610605,케이원에코텍 주식회사,0.895763,0.0,1.0,624.0,6.437751649736401,2.0,1.0,1.0,1.0,1.0,0.0,1.0,2377.0,12.0,4.0,0.0016827934371055953,0.005048380311316786,29.666666666666668,3.4231762883809305,0.0124807179918665,20.0,0.0,0.0,1.0,6.0,137.0,4.927253685157205,22.98620115789057,0.0,47.0,4710.0,471016.0,0.0,0.0,0.0,0.0,0.0,0.0
2,7,217,4710169801,수처리용여과재,1168170950,1168170950,삼천리활성탄소(주),0.823284,1.0,0.0,381.0,5.945420608606575,1.0,1.0,1.0,1.0,1.0,1.0,0.0,2377.0,12.0,4.0,0.0016827934371055953,0.005048380311316786,29.666666666666668,3.4231762883809305,0.0124807179918665,24.0,0.0,0.0,0.0,4.0,158.0,5.0689042022202315,23.533319773886998,0.0,47.0,4710.0,471016.0,0.0,0.0,0.0,0.0,0.0,0.0
3,62,206,4710169801,수처리용여과재,6088601170,6088601170,케이원산업 주식회사,0.239201,0.0,0.0,867.0,6.7661917146603505,16.0,1.0,1.0,1.0,1.0,0.0,1.0,2377.0,12.0,4.0,0.0016827934371055953,0.005048380311316786,29.666666666666668,3.4231762883809305,0.0124807179918665,38.0,0.0,0.0,0.0,8.0,134.0,4.90527477843843,20.485629740766935,0.0,47.0,4710.0,471016.0,0.0,0.0,0.0,0.0,0.0,0.0
4,114,212,4710169801,수처리용여과재,5118127226,5118127226,주식회사 마크온탑,0.101859,0.0,0.0,1373.0,7.2254814727822945,1602.0,46.0,17.0,17.0,4.0,2.0,49.0,2377.0,12.0,4.0,0.0016827934371055953,0.005048380311316786,29.666666666666668,3.4231762883809305,0.0124807179918665,27.0,0.0,0.0,0.0,4.0,184.0,5.220355825078325,21.731939902532034,0.0,47.0,4710.0,471016.0,0.0,0.0,0.0,0.0,0.0,0.0
5,125,241,4710169801,수처리용여과재,1141708314,1141708314,미성엔지니어링,0.072161,0.0,0.0,872.0,6.771935555839602,153.0,14.0,9.0,9.0,2.0,1.0,15.0,2377.0,12.0,4.0,0.0016827934371055953,0.005048380311316786,29.666666666666668,3.4231762883809305,0.0124807179918665,13.0,0.0,0.0,3.0,4.0,172.0,5.153291594497779,21.55661922683251,0.0,47.0,4710.0,471016.0,0.0,0.0,0.0,0.0,0.0,0.0
6,138,230,4710169801,수처리용여과재,6502401417,6502401417,선유통,0.055978,0.0,0.0,1356.0,7.213031659834869,1955.0,63.0,26.0,26.0,5.0,1.0,0.0,2377.0,12.0,4.0,0.0016827934371055953,0.005048380311316786,29.666666666666668,3.4231762883809305,0.0124807179918665,17.0,0.0,0.0,0.0,2.0,284.0,5.652489180268651,20.748738594900335,0.0,47.0,4710.0,471016.0,0.0,0.0,0.0,0.0,0.0,0.0
7,140,223,4710169801,수처리용여과재,3978101727,3978101727,디에스엔텍 주식회사,0.055565,0.0,0.0,1005.0,6.913737350659685,101.0,32.0,30.0,30.0,2.0,1.0,40.0,2377.0,12.0,4.0,0.0016827934371055953,0.005048380311316786,29.666666666666668,3.4231762883809305,0.0124807179918665,20.0,0.0,0.0,2.0,3.0,186.0,5.231108616854587,22.40126414200196,0.0,47.0,4710.0,471016.0,0.0,0.0,0.0,0.0,0.0,0.0
8,142,227,4710169801,수처리용여과재,7608100625,7608100625,대신이엔텍 주식회사,0.052439,0.0,0.0,1005.0,6.913737350659685,60.0,10.0,8.0,8.0,2.0,0.0,6.0,2377.0,12.0,4.0,0.0016827934371055953,0.005048380311316786,29.666666666666668,3.4231762883809305,0.0124807179918665,17.0,0.0,0.0,1.0,5.0,176.0,5.176149732573829,22.229586224115707,0.0,47.0,4710.0,471016.0,0.0,0.0,0.0,0.0,0.0,0.0
9,145,225,4710169801,수처리용여과재,1392800447,1392800447,두물기업,0.041496,1.0,0.0,275.0,5.62040086571715,255.0,7.0,3.0,3.0,1.0,7.0,0.0,2377.0,12.0,4.0,0.0016827934371055953,0.005048380311316786,29.666666666666668,3.4231762883809305,0.0124807179918665,18.0,0.0,0.0,0.0,4.0,159.0,5.075173815233827,20.983644590822433,0.0,47.0,4710.0,471016.0,0.0,0.0,0.0,0.0,0.0,0.0
10,157,247,4710169801,수처리용여과재,6108170132,6108170132,(주)대교통상,0.032965,0.0,0.0,867.0,6.7661917146603505,18.0,1.0,1.0,1.0,1.0,0.0,0.0,2377.0,12.0,4.0,0.0016827934371055953,0.005048380311316786,29.666666666666668,3.4231762883809305,0.0124807179918665,11.0,0.0,0.0,0.0,0.0,437.0,6.082218910376446,20.546694134133975,0.0,47.0,4710.0,471016.0,0.0,0.0,0.0,0.0,0.0,0.0
11,159,216,4710169801,수처리용여과재,7820901711,7820901711,모아테크,0.031983,1.0,0.0,275.0,5.62040086571715,327.0,6.0,3.0,3.0,3.0,8.0,0.0,2377.0,12.0,4.0,0.0016827934371055953,0.005048380311316786,29.666666666666668,3.4231762883809305,0.0124807179918665,25.0,0.0,0.0,0.0,3.0,200.0,5.303304908059076,21.98005429854726,0.0,47.0,4710.0,471016.0,0.0,0.0,0.0,0.0,0.0,0.0
12,165,211,4710169801,수처리용여과재,6068659002,6068659002,(주)씨앤씨솔루션,0.027675,0.0,0.0,276.0,5.6240175061873385,127.0,5.0,2.0,2.0,1.0,0.0,0.0,2377.0,12.0,4.0,0.0016827934371055953,0.005048380311316786,29.666666666666668,3.4231762883809305,0.0124807179918665,28.0,0.0,0.0,1.0,3.0,137.0,4.927253685157205,21.494941782361963,0.0,47.0,4710.0,471016.0,0.0,0.0,0.0,0.0,0.0,0.0
13,166,208,4710169801,수처리용여과재,2650101980,2650101980,경기모아상사,0.027669,0.0,0.0,275.0,5.62040086571715,307.0,11.0,5.0,5.0,2.0,11.0,0.0,2377.0,12.0,4.0,0.0016827934371055953,0.005048380311316786,29.666666666666668,3.4231762883809305,0.0124807179918665,31.0,0.0,0.0,0.0,10.0,156.0,5.056245805348308,22.047559746184273,0.0,47.0,4710.0,471016.0,0.0,0.0,0.0,0.0,0.0,0.0
14,169,229,4710169801,수처리용여과재,1458102877,1458102877,주식회사 오성테크,0.026015,1.0,0.0,275.0,5.62040086571715,325.0,11.0,5.0,5.0,1.0,4.0,0.0,2377.0,12.0,4.0,0.0016827934371055953,0.005048380311316786,29.666666666666668,3.4231762883809305,0.0124807179918665,17.0,0.0,0.0,0.0,3.0,288.0,5.666426688112432,21.115289465768285,0.0,47.0,4710.0,471016.0,0.0,0.0,0.0,0.0,0.0,0.0
15,170,202,4710169801,수처리용여과재,2201501330,2201501330,태정,0.025676,0.0,0.0,276.0,5.6240175061873385,191.0,4.0,2.0,2.0,1.0,0.0,0.0,2377.0,12.0,4.0,0.0016827934371055953,0.005048380311316786,29.666666666666668,3.4231762883809305,0.0124807179918665,66.0,0.0,0.0,0.0,14.0,163.0,5.099866427824199,22.128589305591813,0.0,47.0,4710.0,471016.0,0.0,0.0,0.0,0.0,0.0,0.0
16,172,215,4710169801,수처리용여과재,6835400773,6835400773,삼우,0.025088,0.0,0.0,275.0,5.62040086571715,100.0,5.0,2.0,2.0,1.0,0.0,0.0,2377.0,12.0,4.0,0.0016827934371055953,0.005048380311316786,29.666666666666668,3.4231762883809305,0.0124807179918665,26.0,0.0,0.0,1.0,7.0,143.0,4.969813299576001,20.70554556725792,0.0,47.0,4710.0,471016.0,0.0,0.0,0.0,0.0,0.0,0.0
17,180,236,4710169801,수처리용여과재,1318152607,1318152607,주식회사 극동 아이.씨.엠,0.021368,0.0,0.0,275.0,5.62040086571715,363.0,11.0,4.0,4.0,3.0,7.0,0.0,2377.0,12.0,4.0,0.0016827934371055953,0.005048380311316786,29.666666666666668,3.4231762883809305,0.0124807179918665,14.0,0.0,0.0,1.0,3.0,261.0,5.568344503761097,21.55031077651052,0.0,47.0,4710.0,471016.0,0.0,0.0,0.0,0.0,0.0,0.0
18,183,240,4710169801,수처리용여과재,6346100764,6346100764,레브,0.020673,0.0,0.0,275.0,5.62040086571715,215.0,5.0,2.0,2.0,2.0,11.0,0.0,2377.0,12.0,4.0,0.0016827934371055953,0.005048380311316786,29.666666666666668,3.4231762883809305,0.0124807179918665,13.0,0.0,0.0,0.0,6.0,144.0,4.976733742420574,21.799064475676026,0.0,47.0,4710.0,471016.0,0.0,0.0,0.0,0.0,0.0,0.0
19,186,233,4710169801,수처리용여과재,1798102185,1798102185,주식회사 디오르마,0.020094,0.0,0.0,1111.0,7.013915474810528,1649.0,50.0,19.0,19.0,6.0,0.0,0.0,2377.0,12.0,4.0,0.0016827934371055953,0.005048380311316786,29.666666666666668,3.4231762883809305,0.0124807179918665,16.0,0.0,0.0,0.0,2.0,228.0,5.43372200355424,20.65115740391971,0.0,47.0,4710.0,471016.0,0.0,0.0,0.0,0.0,0.0,0.0
20,187,203,4710169801,수처리용여과재,4188153158,4188153158,주식회사 신성씨엔에스,0.019889,0.0,0.0,274.0,5.616771097666572,231.0,6.0,2.0,2.0,2.0,0.0,0.0,2377.0,12.0,4.0,0.0016827934371055953,0.005048380311316786,29.666666666666668,3.4231762883809305,0.0124807179918665,63.0,0.0,0.0,0.0,12.0,145.0,4.983606621708336,21.961073167911902,0.0,47.0,4710.0,471016.0,0.0,0.0,0.0,0.0,0.0,0.0
21,189,245,4710169801,수처리용여과재,8808700159,8808700159,주식회사 하이패스텔,0.018956,0.0,0.0,1492.0,7.30854279753919,190.0,8.0,3.0,3.0,2.0,0.0,0.0,2377.0,12.0,4.0,0.0016827934371055953,0.005048380311316786,29.666666666666668,3.4231762883809305,0.0124807179918665,11.0,0.0,0.0,0.0,1.0,359.0,5.886104031450156,21.13852187772598,0.0,47.0,4710.0,471016.0,0.0,0.0,0.0,0.0,0.0,0.0
22,191,232,4710169801,수처리용여과재,8272401230,8272401230,오정,0.018645,0.0,0.0,275.0,5.62040086571715,335.0,9.0,5.0,5.0,3.0,12.0,0.0,2377.0,12.0,4.0,0.0016827934371055953,0.005048380311316786,29.666666666666668,3.4231762883809305,0.0124807179918665,16.0,0.0,0.0,0.0,4.0,165.0,5.111987788356544,20.769874646548093,0.0,47.0,4710.0,471016.0,0.0,0.0,0.0,0.0,0.0,0.0
23,193,246,4710169801,수처리용여과재,5743001846,5743001846,에이치알에스(HRS),0.018305,0.0,0.0,275.0,5.62040086571715,322.0,14.0,6.0,6.0,2.0,0.0,0.0,2377.0,12.0,4.0,0.0016827934371055953,0.005048380311316786,29.666666666666668,3.4231762883809305,0.0124807179918665,11.0,0.0,0.0,1.0,4.0,193.0,5.267858159063328,20.8729499401697,0.0,47.0,4710.0,471016.0,0.0,0.0,0.0,0.0,0.0,0.0
24,197,248,4710169801,수처리용여과재,8930801386,8930801386,제이앤컴퍼니,0.017872,0.0,0.0,275.0,5.62040086571715,125.0,5.0,1.0,1.0,1.0,0.0,0.0,2377.0,12.0,4.0,0.0016827934371055953,0.005048380311316786,29.666666666666668,3.4231762883809305,0.0124807179918665,11.0,0.0,0.0,0.0,2.0,155.0,5.049856007249537,19.9660162875873,0.0,47.0,4710.0,471016.0,0.0,0.0,0.0,0.0,0.0,0.0
25,200,226,4710169801,수처리용여과재,2691101486,2691101486,조앤테크,0.01733,0.0,0.0,1480.0,7.300472814267799,292.0,6.0,3.0,3.0,1.0,0.0,0.0,2377.0,12.0,4.0,0.0016827934371055953,0.005048380311316786,29.666666666666668,3.4231762883809305,0.0124807179918665,18.0,0.0,0.0,0.0,3.0,334.0,5.814130531825066,20.167691005089175,0.0,47.0,4710.0,471016.0,0.0,0.0,0.0,0.0,0.0,0.0
26,201,231,4710169801,수처리용여과재,6101142405,6101142405,만우전기,0.017257,0.0,0.0,276.0,5.6240175061873385,151.0,9.0,3.0,3.0,1.0,0.0,0.0,2377.0,12.0,4.0,0.0016827934371055953,0.005048380311316786,29.666666666666668,3.4231762883809305,0.0124807179918665,16.0,0.0,0.0,0.0,5.0,130.0,4.875197323201151,21.287582440998253,0.0,47.0,4710.0,471016.0,0.0,0.0,0.0,0.0,0.0,0.0
27,204,218,4710169801,수처리용여과재,8062001161,8062001161,거성산업,0.016894,0.0,0.0,274.0,5.616771097666572,254.0,9.0,3.0,3.0,3.0,0.0,0.0,2377.0,12.0,4.0,0.0016827934371055953,0.005048380311316786,29.666666666666668,3.4231762883809305,0.0124807179918665,23.0,0.0,0.0,0.0,1.0,157.0,5.062595033026967,20.70298649710086,0.0,47.0,4710.0,471016.0,0.0,0.0,0.0,0.0,0.0,0.0
28,207,243,4710169801,수처리용여과재,5580801504,5580801504,더블유엠,0.0165,0.0,0.0,277.0,5.627621113690637,173.0,7.0,6.0,6.0,2.0,0.0,0.0,2377.0,12.0,4.0,0.0016827934371055953,0.005048380311316786,29.666666666666668,3.4231762883809305,0.0124807179918665,13.0,0.0,0.0,0.0,2.0,320.0,5.771441123130016,20.256013556865923,0.0,47.0,4710.0,471016.0,0.0,0.0,0.0,0.0,0.0,0.0
29,208,205,4710169801,수처리용여과재,4038104830,4038104830,주식회사 대성안전개발,0.016293,0.0,0.0,274.0,5.616771097666572,227.0,6.0,2.0,2.0,2.0,0.0,0.0,2377.0,12.0,4.0,0.0016827934371055953,0.005048380311316786,29.666666666666668,3.4231762883809305,0.0124807179918665,43.0,0.0,0.0,0.0,12.0,144.0,4.976733742420574,21.545104270530643,0.0,47.0,4710.0,471016.0,0.0,0.0,0.0,0.0,0.0,0.0
30,209,204,4710169801,수처리용여과재,1861501398,1861501398,제이에이치테크,0.016265,0.0,0.0,276.0,5.6240175061873385,175.0,4.0,3.0,3.0,2.0,0.0,0.0,2377.0,12.0,4.0,0.0016827934371055953,0.005048380311316786,29.666666666666668,3.4231762883809305,0.0124807179918665,48.0,0.0,0.0,0.0,8.0,143.0,4.969813299576001,21.783582049732413,0.0,47.0,4710.0,471016.0,0.0,0.0,0.0,0.0,0.0,0.0
31,211,234,4710169801,수처리용여과재,1058762466,1058762466,(주)케이에이치그룹한국역사문화원,0.015929,0.0,0.0,275.0,5.62040086571715,403.0,15.0,5.0,5.0,2.0,3.0,0.0,2377.0,12.0,4.0,0.0016827934371055953,0.005048380311316786,29.666666666666668,3.4231762883809305,0.0124807179918665,15.0,0.0,0.0,0.0,6.0,177.0,5.181783550292085,20.851087026222093,0.0,47.0,4710.0,471016.0,0.0,0.0,0.0,0.0,0.0,0.0
32,213,221,4710169801,수처리용여과재,2903101270,2903101270,다인에스티,0.01586,0.0,0.0,276.0,5.6240175061873385,120.0,7.0,5.0,5.0,5.0,0.0,0.0,2377.0,12.0,4.0,0.0016827934371055953,0.005048380311316786,29.666666666666668,3.4231762883809305,0.0124807179918665,21.0,0.0,0.0,0.0,8.0,187.0,5.236441962829949,21.015470313645185,0.0,47.0,4710.0,471016.0,0.0,0.0,0.0,0.0,0.0,0.0
33,214,209,4710169801,수처리용여과재,1700702117,1700702117,에스앤디,0.015762,0.0,0.0,274.0,5.616771097666572,120.0,5.0,2.0,2.0,1.0,0.0,0.0,2377.0,12.0,4.0,0.0016827934371055953,0.005048380311316786,29.666666666666668,3.4231762883809305,0.0124807179918665,30.0,0.0,0.0,0.0,2.0,166.0,5.117993812416755,20.689950007839702,0.0,47.0,4710.0,471016.0,0.0,0.0,0.0,0.0,0.0,0.0
34,216,250,4710169801,수처리용여과재,2258601811,2258601811,주식회사 원나인텍,0.015604,0.0,0.0,1492.0,7.30854279753919,343.0,8.0,5.0,5.0,2.0,0.0,0.0,2377.0,12.0,4.0,0.0016827934371055953,0.005048380311316786,29.666666666666668,3.4231762883809305,0.0124807179918665,11.0,0.0,0.0,0.0,1.0,235.0,5.4638318050256105,19.719596008663945,0.0,47.0,4710.0,471016.0,0.0,0.0,0.0,0.0,0.0,0.0
35,223,238,4710169801,수처리용여과재,5253400601,5253400601,지에이치기업,0.014456,0.0,0.0,274.0,5.616771097666572,124.0,6.0,2.0,2.0,1.0,0.0,0.0,2377.0,12.0,4.0,0.0016827934371055953,0.005048380311316786,29.666666666666668,3.4231762883809305,0.0124807179918665,14.0,0.0,0.0,0.0,2.0,162.0,5.093750200806762,20.810660099686768,0.0,47.0,4710.0,471016.0,0.0,0.0,0.0,0.0,0.0,0.0
36,229,242,4710169801,수처리용여과재,4198802063,4198802063,주식회사 갑천만수,0.013862,0.0,0.0,275.0,5.62040086571715,370.0,10.0,3.0,3.0,2.0,15.0,0.0,2377.0,12.0,4.0,0.0016827934371055953,0.005048380311316786,29.666666666666668,3.4231762883809305,0.0124807179918665,13.0,0.0,0.0,0.0,3.0,162.0,5.093750200806762,21.38267632637836,0.0,47.0,4710.0,471016.0,0.0,0.0,0.0,0.0,0.0,0.0
37,231,201,4710169801,수처리용여과재,4178105425,4178105425,우석이엔지 주식회사,0.013715,0.0,0.0,275.0,5.62040086571715,171.0,10.0,3.0,3.0,2.0,0.0,0.0,2377.0,12.0,4.0,0.0016827934371055953,0.005048380311316786,29.666666666666668,3.4231762883809305,0.0124807179918665,125.0,0.0,0.0,0.0,3.0,346.0,5.849324779946859,23.05343275410239,0.0,47.0,4710.0,471016.0,0.0,0.0,0.0,0.0,0.0,0.0
38,233,224,4710169801,수처리용여과재,6614200580,6614200580,미성상사,0.01358,0.0,0.0,274.0,5.616771097666572,235.0,6.0,2.0,2.0,2.0,0.0,0.0,2377.0,12.0,4.0,0.0016827934371055953,0.005048380311316786,29.666666666666668,3.4231762883809305,0.0124807179918665,19.0,0.0,0.0,0.0,1.0,341.0,5.834810737062605,20.39419629206632,0.0,47.0,4710.0,471016.0,0.0,0.0,0.0,0.0,0.0,0.0
39,234,239,4710169801,수처리용여과재,4450402330,4450402330,피와이테크,0.013159,0.0,0.0,1480.0,7.300472814267799,444.0,9.0,6.0,6.0,1.0,0.0,0.0,2377.0,12.0,4.0,0.0016827934371055953,0.005048380311316786,29.666666666666668,3.4231762883809305,0.0124807179918665,14.0,0.0,0.0,0.0,2.0,260.0,5.564520407322694,20.4323952128625,0.0,47.0,4710.0,471016.0,0.0,0.0,0.0,0.0,0.0,0.0
40,244,214,4710169801,수처리용여과재,1698101874,1698101874,(유)아성개발,0.011387,0.0,0.0,274.0,5.616771097666572,264.0,10.0,3.0,3.0,3.0,0.0,0.0,2377.0,12.0,4.0,0.0016827934371055953,0.005048380311316786,29.666666666666668,3.4231762883809305,0.0124807179918665,26.0,0.0,0.0,0.0,5.0,131.0,4.882801922586371,21.152962892856028,0.0,47.0,4710.0,471016.0,0.0,0.0,0.0,0.0,0.0,0.0
41,245,219,4710169801,수처리용여과재,1982100388,1982100388,제이케이컴퍼니,0.011041,0.0,0.0,275.0,5.62040086571715,257.0,8.0,4.0,4.0,1.0,9.0,0.0,2377.0,12.0,4.0,0.0016827934371055953,0.005048380311316786,29.666666666666668,3.4231762883809305,0.0124807179918665,21.0,0.0,0.0,0.0,2.0,228.0,5.43372200355424,21.70910591320935,0.0,47.0,4710.0,471016.0,0.0,0.0,0.0,0.0,0.0,0.0
42,256,220,4710169801,수처리용여과재,4121425031,4121425031,건아,0.010203,0.0,0.0,275.0,5.62040086571715,98.0,6.0,3.0,3.0,2.0,0.0,0.0,2377.0,12.0,4.0,0.0016827934371055953,0.005048380311316786,29.666666666666668,3.4231762883809305,0.0124807179918665,21.0,0.0,0.0,0.0,2.0,156.0,5.056245805348308,21.036836858799543,0.0,47.0,4710.0,471016.0,0.0,0.0,0.0,0.0,0.0,0.0
43,266,207,4710169801,수처리용여과재,2521201281,2521201281,에이디 커머스,0.009349,0.0,0.0,275.0,5.62040086571715,223.0,8.0,5.0,5.0,3.0,0.0,0.0,2377.0,12.0,4.0,0.0016827934371055953,0.005048380311316786,29.666666666666668,3.4231762883809305,0.0124807179918665,37.0,0.0,0.0,0.0,5.0,169.0,5.135798437050262,21.0045945645773,0.0,47.0,4710.0,471016.0,0.0,0.0,0.0,0.0,0.0,0.0
44,272,228,4710169801,수처리용여과재,2011525821,2011525821,주앤주,0.008893,0.0,0.0,1116.0,7.018401799069201,585.0,17.0,4.0,4.0,2.0,0.0,0.0,2377.0,12.0,4.0,0.0016827934371055953,0.005048380311316786,29.666666666666668,3.4231762883809305,0.0124807179918665,17.0,0.0,0.0,0.0,2.0,318.0,5.765191102784844,21.755792737940002,0.0,47.0,4710.0,471016.0,0.0,0.0,0.0,0.0,0.0,0.0
45,278,210,4710169801,수처리용여과재,2568802462,2568802462,주식회사 연승,0.008431,0.0,0.0,1494.0,7.3098814858247865,97.0,3.0,3.0,3.0,1.0,0.0,0.0,2377.0,12.0,4.0,0.0016827934371055953,0.005048380311316786,29.666666666666668,3.4231762883809305,0.0124807179918665,29.0,0.0,0.0,0.0,0.0,827.0,6.71901315438526,22.280978446111614,0.0,47.0,4710.0,471016.0,0.0,0.0,0.0,0.0,0.0,0.0
46,293,237,4710169801,수처리용여과재,5250802328,5250802328,일호컴퍼니,0.007502,0.0,0.0,1478.0,7.2991214627108,669.0,17.0,9.0,9.0,4.0,0.0,0.0,2377.0,12.0,4.0,0.0016827934371055953,0.005048380311316786,29.666666666666668,3.4231762883809305,0.0124807179918665,14.0,0.0,0.0,0.0,0.0,767.0,6.643789733147672,21.300397814500112,0.0,47.0,4710.0,471016.0,0.0,0.0,0.0,0.0,0.0,0.0
47,311,244,4710169801,수처리용여과재,2840702041,2840702041,대원,0.006658,0.0,0.0,1494.0,7.3098814858247865,554.0,12.0,5.0,5.0,3.0,0.0,0.0,2377.0,12.0,4.0,0.0016827934371055953,0.005048380311316786,29.666666666666668,3.4231762883809305,0.0124807179918665,12.0,0.0,0.0,0.0,1.0,289.0,5.66988092298052,19.969912074304244,0.0,47.0,4710.0,471016.0,0.0,0.0,0.0,0.0,0.0,0.0
48,317,249,4710169801,수처리용여과재,7398102236,7398102236,주식회사 정운씨앤씨,0.006348,0.0,0.0,1492.0,7.30854279753919,492.0,16.0,9.0,9.0,4.0,0.0,0.0,2377.0,12.0,4.0,0.0016827934371055953,0.005048380311316786,29.666666666666668,3.4231762883809305,0.0124807179918665,11.0,0.0,0.0,0.0,0.0,507.0,6.230481447578482,19.886837121806785,0.0,47.0,4710.0,471016.0,0.0,0.0,0.0,0.0,0.0,0.0
49,318,213,4710169801,수처리용여과재,8878102928,8878102928,주식회사 제이디폼,0.006304,0.0,0.0,1116.0,7.018401799069201,505.0,12.0,4.0,4.0,3.0,0.0,0.0,2377.0,12.0,4.0,0.0016827934371055953,0.005048380311316786,29.666666666666668,3.4231762883809305,0.0124807179918665,27.0,0.0,0.0,0.0,1.0,292.0,5.680172609017068,21.536205245317035,0.0,47.0,4710.0,471016.0,0.0,0.0,0.0,0.0,0.0,0.0
50,343,235,4710169801,수처리용여과재,3210402072,3210402072,비제이컴퍼니,0.005402,0.0,0.0,1480.0,7.300472814267799,415.0,10.0,8.0,8.0,1.0,0.0,0.0,2377.0,12.0,4.0,0.0016827934371055953,0.005048380311316786,29.666666666666668,3.4231762883809305,0.0124807179918665,15.0,0.0,0.0,0.0,1.0,269.0,5.598421958998375,20.837400260951647,0.0,47.0,4710.0,471016.0,0.0,0.0,0.0,0.0,0.0,0.0
