event_id,rank,AI예측점수,label,물품번호,물품명,사업자번호,업체명,개찰일자,입찰공고번호
R25BK00560863_000_1_000_221257,1,0.950001,1,6010481001,분광기,1198604298,주식회사 나노베이스,2025-01-07,R25BK00560863
R25BK00560863_000_1_000_221257,2,0.094943,0,6010481001,분광기,1900802914,,2025-01-07,R25BK00560863
R25BK00560863_000_1_000_221257,3,0.09115,0,6010481001,분광기,1728603252,,2025-01-07,R25BK00560863
R25BK00560863_000_1_000_221257,4,0.027821,0,6010481001,분광기,7180103124,,2025-01-07,R25BK00560863
R25BK00560863_000_1_000_221257,5,0.010099,0,6010481001,분광기,2520102718,,2025-01-07,R25BK00560863
R25BK00560863_000_1_000_221257,6,0.009564,0,6010481001,분광기,6096900411,,2025-01-07,R25BK00560863
R25BK00560863_000_1_000_221257,7,0.009415,0,6010481001,분광기,2045069853,,2025-01-07,R25BK00560863
R25BK00560863_000_1_000_221257,8,0.007927,0,6010481001,분광기,7398102236,,2025-01-07,R25BK00560863
R25BK00560863_000_1_000_221257,9,0.007788,0,6010481001,분광기,1173000547,,2025-01-07,R25BK00560863
R25BK00560863_000_1_000_221257,10,0.005972,0,6010481001,분광기,6930203216,,2025-01-07,R25BK00560863
R25BK00554385_000_1_000_221926,1,0.216492,0,5215165001,가정용싱크대,5158136523,,2025-01-10,R25BK00554385
R25BK00554385_000_1_000_221926,2,0.177285,0,5215165001,가정용싱크대,2478200487,,2025-01-10,R25BK00554385
R25BK00554385_000_1_000_221926,3,0.169513,1,5215165001,가정용싱크대,4128134283,유한회사 비제이산업,2025-01-10,R25BK00554385
R25BK00554385_000_1_000_221926,4,0.083695,0,5215165001,가정용싱크대,1273363588,,2025-01-10,R25BK00554385
R25BK00554385_000_1_000_221926,5,0.069408,0,5215165001,가정용싱크대,6094661554,,2025-01-10,R25BK00554385
R25BK00554385_000_1_000_221926,6,0.063611,0,5215165001,가정용싱크대,3148171266,,2025-01-10,R25BK00554385
R25BK00554385_000_1_000_221926,7,0.058084,0,5215165001,가정용싱크대,2240683569,,2025-01-10,R25BK00554385
R25BK00554385_000_1_000_221926,8,0.05447,0,5215165001,가정용싱크대,6998701983,,2025-01-10,R25BK00554385
R25BK00554385_000_1_000_221926,9,0.014064,0,5215165001,가정용싱크대,7161000458,,2025-01-10,R25BK00554385
R25BK00554385_000_1_000_221926,10,0.012059,0,5215165001,가정용싱크대,4750203165,,2025-01-10,R25BK00554385
R25BK00565643_000_1_000_221070,1,0.286696,0,5510151901,정기간행물,1318152607,,2025-01-14,R25BK00565643
R25BK00565643_000_1_000_221070,2,0.206932,0,5510151901,정기간행물,6773401196,,2025-01-14,R25BK00565643
R25BK00565643_000_1_000_221070,3,0.169061,0,5510151901,정기간행물,4700501839,,2025-01-14,R25BK00565643
R25BK00565643_000_1_000_221070,4,0.122276,0,5510151901,정기간행물,3248701639,,2025-01-14,R25BK00565643
R25BK00565643_000_1_000_221070,5,0.121575,0,5510151901,정기간행물,7931002360,,2025-01-14,R25BK00565643
R25BK00565643_000_1_000_221070,6,0.116098,0,5510151901,정기간행물,1868801941,,2025-01-14,R25BK00565643
R25BK00565643_000_1_000_221070,7,0.111108,0,5510151901,정기간행물,2213607458,,2025-01-14,R25BK00565643
R25BK00565643_000_1_000_221070,8,0.106609,0,5510151901,정기간행물,8363700841,,2025-01-14,R25BK00565643
R25BK00565643_000_1_000_221070,9,0.092193,0,5510151901,정기간행물,4982201509,,2025-01-14,R25BK00565643
R25BK00565643_000_1_000_221070,10,0.080716,0,5510151901,정기간행물,5112401766,,2025-01-14,R25BK00565643
R25BK00565738_000_1_000_221761,1,0.27073,0,3016150501,실내벽체마감패널,3228602843,,2025-01-14,R25BK00565738
R25BK00565738_000_1_000_221761,2,0.268486,0,3016150501,실내벽체마감패널,7268102360,,2025-01-14,R25BK00565738
R25BK00565738_000_1_000_221761,3,0.046412,0,3016150501,실내벽체마감패널,1628701841,,2025-01-14,R25BK00565738
R25BK00565738_000_1_000_221761,4,0.015633,0,3016150501,실내벽체마감패널,1198175333,,2025-01-14,R25BK00565738
R25BK00565738_000_1_000_221761,5,0.01389,0,3016150501,실내벽체마감패널,6208119049,,2025-01-14,R25BK00565738
R25BK00565738_000_1_000_221761,6,0.012989,0,3016150501,실내벽체마감패널,6108130993,,2025-01-14,R25BK00565738
R25BK00565738_000_1_000_221761,7,0.007692,0,3016150501,실내벽체마감패널,5118127226,,2025-01-14,R25BK00565738
R25BK00565738_000_1_000_221761,8,0.004377,0,3016150501,실내벽체마감패널,3061417686,,2025-01-14,R25BK00565738
R25BK00565738_000_1_000_221761,9,0.003285,1,3016150501,실내벽체마감패널,7850902363,레몬,2025-01-14,R25BK00565738
R25BK00565738_000_1_000_221761,10,0.002999,0,3016150501,실내벽체마감패널,6700202359,,2025-01-14,R25BK00565738
R25BK00561069_000_1_000_220844,1,0.975068,1,1110152201,활성탄,3058629022,(주)스마트코리아,2025-01-15,R25BK00561069
R25BK00561069_000_1_000_220844,2,0.099117,0,1110152201,활성탄,5990902516,,2025-01-15,R25BK00561069
R25BK00561069_000_1_000_220844,3,0.085143,0,1110152201,활성탄,1486200616,,2025-01-15,R25BK00561069
R25BK00561069_000_1_000_220844,4,0.066561,0,1110152201,활성탄,5565600500,,2025-01-15,R25BK00561069
R25BK00561069_000_1_000_220844,5,0.057539,0,1110152201,활성탄,2903501318,,2025-01-15,R25BK00561069
R25BK00561069_000_1_000_220844,6,0.057235,0,1110152201,활성탄,1962601260,,2025-01-15,R25BK00561069
R25BK00561069_000_1_000_220844,7,0.045722,0,1110152201,활성탄,4711502015,,2025-01-15,R25BK00561069
R25BK00561069_000_1_000_220844,8,0.044156,0,1110152201,활성탄,7354100069,,2025-01-15,R25BK00561069
R25BK00561069_000_1_000_220844,9,0.042361,0,1110152201,활성탄,8821501991,,2025-01-15,R25BK00561069
R25BK00561069_000_1_000_220844,10,0.028745,0,1110152201,활성탄,3061417686,,2025-01-15,R25BK00561069
R25BK00570033_000_1_000_221475,1,0.151337,0,4910160201,기념품,6662701427,,2025-01-16,R25BK00570033
R25BK00570033_000_1_000_221475,2,0.142774,0,4910160201,기념품,3055202445,,2025-01-16,R25BK00570033
R25BK00570033_000_1_000_221475,3,0.142479,0,4910160201,기념품,3296000716,,2025-01-16,R25BK00570033
R25BK00570033_000_1_000_221475,4,0.130984,0,4910160201,기념품,2672101010,,2025-01-16,R25BK00570033
R25BK00570033_000_1_000_221475,5,0.117743,0,4910160201,기념품,7658702222,,2025-01-16,R25BK00570033
R25BK00570033_000_1_000_221475,6,0.114815,0,4910160201,기념품,3752401743,,2025-01-16,R25BK00570033
R25BK00570033_000_1_000_221475,7,0.112729,0,4910160201,기념품,6221474798,,2025-01-16,R25BK00570033
R25BK00570033_000_1_000_221475,8,0.100073,0,4910160201,기념품,1093278446,,2025-01-16,R25BK00570033
R25BK00570033_000_1_000_221475,9,0.092509,0,4910160201,기념품,5034851771,,2025-01-16,R25BK00570033
R25BK00570033_000_1_000_221475,10,0.083859,0,4910160201,기념품,7471502514,,2025-01-16,R25BK00570033
R25BK00570728_000_1_000_221119,1,0.322442,0,1511151001,액화석유가스,3718601531,,2025-01-16,R25BK00570728
R25BK00570728_000_1_000_221119,2,0.31655,0,1511151001,액화석유가스,3080740638,,2025-01-16,R25BK00570728
R25BK00570728_000_1_000_221119,3,0.268658,0,1511151001,액화석유가스,8571400475,,2025-01-16,R25BK00570728
R25BK00570728_000_1_000_221119,4,0.262074,0,1511151001,액화석유가스,1401601157,,2025-01-16,R25BK00570728
R25BK00570728_000_1_000_221119,5,0.243298,0,1511151001,액화석유가스,2861801137,,2025-01-16,R25BK00570728
R25BK00570728_000_1_000_221119,6,0.239315,0,1511151001,액화석유가스,8147600286,,2025-01-16,R25BK00570728
R25BK00570728_000_1_000_221119,7,0.154549,0,1511151001,액화석유가스,5388102119,,2025-01-16,R25BK00570728
R25BK00570728_000_1_000_221119,8,0.146519,0,1511151001,액화석유가스,6862601991,,2025-01-16,R25BK00570728
R25BK00570728_000_1_000_221119,9,0.143431,0,1511151001,액화석유가스,6990501124,,2025-01-16,R25BK00570728
R25BK00570728_000_1_000_221119,10,0.143431,0,1511151001,액화석유가스,1232938417,,2025-01-16,R25BK00570728
R25BK00570976_000_1_000_220870,1,0.185248,0,4910160201,기념품,4511201059,,2025-01-16,R25BK00570976
R25BK00570976_000_1_000_220870,2,0.13036,0,4910160201,기념품,4120528910,,2025-01-16,R25BK00570976
R25BK00570976_000_1_000_220870,3,0.093648,0,4910160201,기념품,1063261475,,2025-01-16,R25BK00570976
R25BK00570976_000_1_000_220870,4,0.086781,0,4910160201,기념품,3111030780,,2025-01-16,R25BK00570976
R25BK00570976_000_1_000_220870,5,0.080658,0,4910160201,기념품,3747400391,,2025-01-16,R25BK00570976
R25BK00570976_000_1_000_220870,6,0.077942,0,4910160201,기념품,8523201532,,2025-01-16,R25BK00570976
R25BK00570976_000_1_000_220870,7,0.076917,1,4910160201,기념품,3140113167,이솔,2025-01-16,R25BK00570976
R25BK00570976_000_1_000_220870,8,0.067575,0,4910160201,기념품,6212131931,,2025-01-16,R25BK00570976
R25BK00570976_000_1_000_220870,9,0.066205,0,4910160201,기념품,8468102102,,2025-01-16,R25BK00570976
R25BK00570976_000_1_000_220870,10,0.063031,0,4910160201,기념품,7798100589,,2025-01-16,R25BK00570976
R25BK00570989_000_1_000_222313,1,0.322442,0,1511151001,액화석유가스,3718601531,,2025-01-16,R25BK00570989
R25BK00570989_000_1_000_222313,2,0.31655,0,1511151001,액화석유가스,3080740638,,2025-01-16,R25BK00570989
R25BK00570989_000_1_000_222313,3,0.268658,0,1511151001,액화석유가스,8571400475,,2025-01-16,R25BK00570989
R25BK00570989_000_1_000_222313,4,0.247073,0,1511151001,액화석유가스,6162476446,,2025-01-16,R25BK00570989
R25BK00570989_000_1_000_222313,5,0.246156,0,1511151001,액화석유가스,7770401581,,2025-01-16,R25BK00570989
R25BK00570989_000_1_000_222313,6,0.243298,0,1511151001,액화석유가스,2861801137,,2025-01-16,R25BK00570989
R25BK00570989_000_1_000_222313,7,0.235488,0,1511151001,액화석유가스,4454200445,,2025-01-16,R25BK00570989
R25BK00570989_000_1_000_222313,8,0.179848,1,1511151001,액화석유가스,5330103620,익산LPG충전소,2025-01-16,R25BK00570989
R25BK00570989_000_1_000_222313,9,0.154549,0,1511151001,액화석유가스,5388102119,,2025-01-16,R25BK00570989
R25BK00570989_000_1_000_222313,10,0.143431,0,1511151001,액화석유가스,6990501124,,2025-01-16,R25BK00570989
R25BK00572974_000_1_000_220719,1,0.245109,0,1235230502,가성소다,1300947105,,2025-01-17,R25BK00572974
R25BK00572974_000_1_000_220719,2,0.218435,1,1235230502,가성소다,1716800559,위드윤컴퍼니,2025-01-17,R25BK00572974
R25BK00572974_000_1_000_220719,3,0.213409,0,1235230502,가성소다,1728603252,,2025-01-17,R25BK00572974
R25BK00572974_000_1_000_220719,4,0.172442,0,1235230502,가성소다,2181604914,,2025-01-17,R25BK00572974
R25BK00572974_000_1_000_220719,5,0.160247,0,1235230502,가성소다,1138176237,,2025-01-17,R25BK00572974
R25BK00572974_000_1_000_220719,6,0.104659,0,1235230502,가성소다,2218112757,,2025-01-17,R25BK00572974
R25BK00572974_000_1_000_220719,7,0.088486,0,1235230502,가성소다,4610903001,,2025-01-17,R25BK00572974
R25BK00572974_000_1_000_220719,8,0.070259,0,1235230502,가성소다,7678802486,,2025-01-17,R25BK00572974
R25BK00572974_000_1_000_220719,9,0.068231,0,1235230502,가성소다,7634001300,,2025-01-17,R25BK00572974
R25BK00572974_000_1_000_220719,10,0.061136,0,1235230502,가성소다,4825900215,,2025-01-17,R25BK00572974
R25BK00575882_000_1_000_222042,1,0.182673,0,1216190101,소포제,4016800431,,2025-01-17,R25BK00575882
R25BK00575882_000_1_000_222042,2,0.158584,0,1216190101,소포제,5762601388,,2025-01-17,R25BK00575882
R25BK00575882_000_1_000_222042,3,0.098742,0,1216190101,소포제,8466000619,,2025-01-17,R25BK00575882
R25BK00575882_000_1_000_222042,4,0.07771,0,1216190101,소포제,3825100850,,2025-01-17,R25BK00575882
R25BK00575882_000_1_000_222042,5,0.059492,0,1216190101,소포제,1268613228,,2025-01-17,R25BK00575882
R25BK00575882_000_1_000_222042,6,0.057587,0,1216190101,소포제,6068800354,,2025-01-17,R25BK00575882
R25BK00575882_000_1_000_222042,7,0.056563,0,1216190101,소포제,2888802606,,2025-01-17,R25BK00575882
R25BK00575882_000_1_000_222042,8,0.053167,0,1216190101,소포제,3831502116,,2025-01-17,R25BK00575882
R25BK00575882_000_1_000_222042,9,0.04457,0,1216190101,소포제,1308658748,,2025-01-17,R25BK00575882
R25BK00575882_000_1_000_222042,10,0.035826,0,1216190101,소포제,1811801939,,2025-01-17,R25BK00575882
R25BK00576172_000_1_000_223806,1,0.762973,1,3912110507,고체절연개폐장치,1238174347,주식회사 정인시스템,2025-01-21,R25BK00576172
R25BK00576172_000_1_000_223806,2,0.004967,0,3912110507,고체절연개폐장치,2520102718,,2025-01-21,R25BK00576172
R25BK00576172_000_1_000_223806,3,0.003542,0,3912110507,고체절연개폐장치,7143200681,,2025-01-21,R25BK00576172
R25BK00576172_000_1_000_223806,4,0.003542,0,3912110507,고체절연개폐장치,8642001376,,2025-01-21,R25BK00576172
R25BK00576172_000_1_000_223806,5,0.003279,0,3912110507,고체절연개폐장치,2506200675,,2025-01-21,R25BK00576172
R25BK00576172_000_1_000_223806,6,0.003227,0,3912110507,고체절연개폐장치,8230203272,,2025-01-21,R25BK00576172
R25BK00576172_000_1_000_223806,7,0.002704,0,3912110507,고체절연개폐장치,7374000807,,2025-01-21,R25BK00576172
R25BK00576172_000_1_000_223806,8,0.001447,0,3912110507,고체절연개폐장치,2081214358,,2025-01-21,R25BK00576172
R25BK00576172_000_1_000_223806,9,0.001389,0,3912110507,고체절연개폐장치,3612401235,,2025-01-21,R25BK00576172
R25BK00576172_000_1_000_223806,10,0.001306,0,3912110507,고체절연개폐장치,2888802606,,2025-01-21,R25BK00576172
R25BK00580727_002_1_000_220880,1,0.466479,1,1235239101,염화칼슘,4011295095,나누리상사,2025-01-22,R25BK00580727
R25BK00580727_002_1_000_220880,2,0.224363,0,1235239101,염화칼슘,4668600392,,2025-01-22,R25BK00580727
R25BK00580727_002_1_000_220880,3,0.203642,0,1235239101,염화칼슘,3892101983,,2025-01-22,R25BK00580727
R25BK00580727_002_1_000_220880,4,0.156158,0,1235239101,염화칼슘,2702201293,,2025-01-22,R25BK00580727
R25BK00580727_002_1_000_220880,5,0.147733,0,1235239101,염화칼슘,5812301579,,2025-01-22,R25BK00580727
R25BK00580727_002_1_000_220880,6,0.108324,0,1235239101,염화칼슘,6198603519,,2025-01-22,R25BK00580727
R25BK00580727_002_1_000_220880,7,0.105662,0,1235239101,염화칼슘,4028151591,,2025-01-22,R25BK00580727
R25BK00580727_002_1_000_220880,8,0.09312,0,1235239101,염화칼슘,4041033172,,2025-01-22,R25BK00580727
R25BK00580727_002_1_000_220880,9,0.09078,0,1235239101,염화칼슘,4078127117,,2025-01-22,R25BK00580727
R25BK00580727_002_1_000_220880,10,0.089285,0,1235239101,염화칼슘,5772001579,,2025-01-22,R25BK00580727
R25BK00593461_000_1_000_221624,1,0.355099,0,3016159801,흡음용마감재,3278100296,,2025-01-22,R25BK00593461
R25BK00593461_000_1_000_221624,2,0.259225,0,3016159801,흡음용마감재,3048127327,,2025-01-22,R25BK00593461
R25BK00593461_000_1_000_221624,3,0.233673,0,3016159801,흡음용마감재,1378619708,,2025-01-22,R25BK00593461
R25BK00593461_000_1_000_221624,4,0.233673,0,3016159801,흡음용마감재,1208118822,,2025-01-22,R25BK00593461
R25BK00593461_000_1_000_221624,5,0.217905,0,3016159801,흡음용마감재,4048602747,,2025-01-22,R25BK00593461
R25BK00593461_000_1_000_221624,6,0.217905,0,3016159801,흡음용마감재,5828703214,,2025-01-22,R25BK00593461
R25BK00593461_000_1_000_221624,7,0.21787,0,3016159801,흡음용마감재,8648101023,,2025-01-22,R25BK00593461
R25BK00593461_000_1_000_221624,8,0.217523,0,3016159801,흡음용마감재,8648601203,,2025-01-22,R25BK00593461
R25BK00593461_000_1_000_221624,9,0.212137,0,3016159801,흡음용마감재,4098531629,,2025-01-22,R25BK00593461
R25BK00593461_000_1_000_221624,10,0.208925,0,3016159801,흡음용마감재,4108667478,,2025-01-22,R25BK00593461
R25BK00593639_000_1_000_228590,1,0.886914,1,3010990401,순환골재,3118120318,주식회사 대영환경,2025-02-03,R25BK00593639
R25BK00593639_000_1_000_228590,2,0.563627,0,3010990401,순환골재,3038136503,,2025-02-03,R25BK00593639
R25BK00593639_000_1_000_228590,3,0.51065,0,3010990401,순환골재,4168199463,,2025-02-03,R25BK00593639
R25BK00593639_000_1_000_228590,4,0.437277,0,3010990401,순환골재,8018700189,,2025-02-03,R25BK00593639
R25BK00593639_000_1_000_228590,5,0.090249,0,3010990401,순환골재,2238106080,,2025-02-03,R25BK00593639
R25BK00593639_000_1_000_228590,6,0.025885,0,3010990401,순환골재,3110931309,,2025-02-03,R25BK00593639
R25BK00593639_000_1_000_228590,7,0.008117,0,3010990401,순환골재,3771800375,,2025-02-03,R25BK00593639
R25BK00593639_000_1_000_228590,8,0.006083,0,3010990401,순환골재,2808601477,,2025-02-03,R25BK00593639
R25BK00593639_000_1_000_228590,9,0.005791,0,3010990401,순환골재,8938700548,,2025-02-03,R25BK00593639
R25BK00593639_000_1_000_228590,10,0.003413,0,3010990401,순환골재,7482600742,,2025-02-03,R25BK00593639
R25BK00599013_000_1_000_223628,1,0.30141,0,5510151901,정기간행물,6688602002,,2025-02-04,R25BK00599013
R25BK00599013_000_1_000_223628,2,0.1939,0,5510151901,정기간행물,7830703076,,2025-02-04,R25BK00599013
R25BK00599013_000_1_000_223628,3,0.184161,1,5510151901,정기간행물,3610702009,아이케이,2025-02-04,R25BK00599013
R25BK00599013_000_1_000_223628,4,0.179876,0,5510151901,정기간행물,6678801964,,2025-02-04,R25BK00599013
R25BK00599013_000_1_000_223628,5,0.168209,0,5510151901,정기간행물,4121152293,,2025-02-04,R25BK00599013
R25BK00599013_000_1_000_223628,6,0.139849,0,5510151901,정기간행물,6653301459,,2025-02-04,R25BK00599013
R25BK00599013_000_1_000_223628,7,0.122276,0,5510151901,정기간행물,5168200331,,2025-02-04,R25BK00599013
R25BK00599013_000_1_000_223628,8,0.074435,0,5510151901,정기간행물,1194900225,,2025-02-04,R25BK00599013
R25BK00599013_000_1_000_223628,9,0.067339,0,5510151901,정기간행물,2610602755,,2025-02-04,R25BK00599013
R25BK00599013_000_1_000_223628,10,0.060614,0,5510151901,정기간행물,1337600324,,2025-02-04,R25BK00599013
R25BK00602551_002_1_000_223559,1,0.93441,1,3010990201,혼합골재,1968701484,주식회사 삼호엠,2025-02-04,R25BK00602551
R25BK00602551_002_1_000_223559,2,0.918766,0,3010990201,혼합골재,1308643982,,2025-02-04,R25BK00602551
R25BK00602551_002_1_000_223559,3,0.740806,0,3010990201,혼합골재,1328131866,,2025-02-04,R25BK00602551
R25BK00602551_002_1_000_223559,4,0.607161,0,3010990201,혼합골재,2888801913,,2025-02-04,R25BK00602551
R25BK00602551_002_1_000_223559,5,0.091611,0,3010990201,혼합골재,7618101141,,2025-02-04,R25BK00602551
R25BK00602551_002_1_000_223559,6,0.047034,0,3010990201,혼합골재,4480702946,,2025-02-04,R25BK00602551
R25BK00602551_002_1_000_223559,7,0.045241,0,3010990201,혼합골재,4406500264,,2025-02-04,R25BK00602551
R25BK00602551_002_1_000_223559,8,0.042366,0,3010990201,혼합골재,2550102696,,2025-02-04,R25BK00602551
R25BK00602551_002_1_000_223559,9,0.036797,0,3010990201,혼합골재,6075418338,,2025-02-04,R25BK00602551
R25BK00602551_002_1_000_223559,10,0.034444,0,3010990201,혼합골재,4161675333,,2025-02-04,R25BK00602551
R25BK00599328_000_1_000_228881,1,0.304005,0,5512170601,현수막,6428102209,,2025-02-05,R25BK00599328
R25BK00599328_000_1_000_228881,2,0.30311,0,5512170601,현수막,1190627663,,2025-02-05,R25BK00599328
R25BK00599328_000_1_000_228881,3,0.294292,0,5512170601,현수막,1372229261,,2025-02-05,R25BK00599328
R25BK00599328_000_1_000_228881,4,0.206576,0,5512170601,현수막,7148101510,,2025-02-05,R25BK00599328
R25BK00599328_000_1_000_228881,5,0.169876,0,5512170601,현수막,4261000195,,2025-02-05,R25BK00599328
R25BK00599328_000_1_000_228881,6,0.112583,0,5512170601,현수막,8140901721,,2025-02-05,R25BK00599328
R25BK00599328_000_1_000_228881,7,0.112211,1,5512170601,현수막,7828101037,주식회사 바인,2025-02-05,R25BK00599328
R25BK00599328_000_1_000_228881,8,0.10488,0,5512170601,현수막,5032538008,,2025-02-05,R25BK00599328
R25BK00599328_000_1_000_228881,9,0.091853,0,5512170601,현수막,4092913566,,2025-02-05,R25BK00599328
R25BK00599328_000_1_000_228881,10,0.074909,0,5512170601,현수막,6398500431,,2025-02-05,R25BK00599328
R25BK00603365_000_1_000_225479,1,0.439801,1,4321151401,증명발급기,1108141568,한국정보인증주식회사,2025-02-05,R25BK00603365
R25BK00603365_000_1_000_225479,2,0.192268,0,4321151401,증명발급기,5328600312,,2025-02-05,R25BK00603365
R25BK00603365_000_1_000_225479,3,0.020247,0,4321151401,증명발급기,7450100736,,2025-02-05,R25BK00603365
R25BK00603365_000_1_000_225479,4,0.018176,0,4321151401,증명발급기,3178148842,,2025-02-05,R25BK00603365
R25BK00603365_000_1_000_225479,5,0.018053,0,4321151401,증명발급기,1313376914,,2025-02-05,R25BK00603365
R25BK00603365_000_1_000_225479,6,0.017983,0,4321151401,증명발급기,1601402350,,2025-02-05,R25BK00603365
R25BK00603365_000_1_000_225479,7,0.017622,0,4321151401,증명발급기,6910401685,,2025-02-05,R25BK00603365
R25BK00603365_000_1_000_225479,8,0.01672,0,4321151401,증명발급기,3918601817,,2025-02-05,R25BK00603365
R25BK00603365_000_1_000_225479,9,0.01557,0,4321151401,증명발급기,8310801433,,2025-02-05,R25BK00603365
R25BK00603365_000_1_000_225479,10,0.014929,0,4321151401,증명발급기,3354600205,,2025-02-05,R25BK00603365
R25BK00610430_000_1_000_223873,1,0.657835,1,4111220501,온도조절기,2158177279,주식회사 디엑스지,2025-02-05,R25BK00610430
R25BK00610430_000_1_000_223873,2,0.031488,0,4111220501,온도조절기,8751902063,,2025-02-05,R25BK00610430
R25BK00610430_000_1_000_223873,3,0.022753,0,4111220501,온도조절기,1104666914,,2025-02-05,R25BK00610430
R25BK00610430_000_1_000_223873,4,0.013194,0,4111220501,온도조절기,8272401230,,2025-02-05,R25BK00610430
R25BK00610430_000_1_000_223873,5,0.011211,0,4111220501,온도조절기,3618102275,,2025-02-05,R25BK00610430
R25BK00610430_000_1_000_223873,6,0.010923,0,4111220501,온도조절기,6858700762,,2025-02-05,R25BK00610430
R25BK00610430_000_1_000_223873,7,0.010342,0,4111220501,온도조절기,5312301841,,2025-02-05,R25BK00610430
R25BK00610430_000_1_000_223873,8,0.009648,0,4111220501,온도조절기,5633200953,,2025-02-05,R25BK00610430
R25BK00610430_000_1_000_223873,9,0.009396,0,4111220501,온도조절기,6521102426,,2025-02-05,R25BK00610430
R25BK00610430_000_1_000_223873,10,0.007214,0,4111220501,온도조절기,6335000450,,2025-02-05,R25BK00610430
R25BK00607611_000_1_000_226772,1,0.271352,0,1511151001,액화석유가스,3718601531,,2025-02-06,R25BK00607611
R25BK00607611_000_1_000_226772,2,0.262074,0,1511151001,액화석유가스,1401601157,,2025-02-06,R25BK00607611
R25BK00607611_000_1_000_226772,3,0.226287,0,1511151001,액화석유가스,7770401581,,2025-02-06,R25BK00607611
R25BK00607611_000_1_000_226772,4,0.143098,0,1511151001,액화석유가스,6862601991,,2025-02-06,R25BK00607611
R25BK00607611_000_1_000_226772,5,0.124366,0,1511151001,액화석유가스,6990501124,,2025-02-06,R25BK00607611
R25BK00607611_000_1_000_226772,6,0.124246,0,1511151001,액화석유가스,2031332931,,2025-02-06,R25BK00607611
R25BK00607611_000_1_000_226772,7,0.124246,0,1511151001,액화석유가스,5388102119,,2025-02-06,R25BK00607611
R25BK00607611_000_1_000_226772,8,0.120176,0,1511151001,액화석유가스,4140665771,,2025-02-06,R25BK00607611
R25BK00607611_000_1_000_226772,9,0.101301,1,1511151001,액화석유가스,8940600805,대림에너지,2025-02-06,R25BK00607611
R25BK00607611_000_1_000_226772,10,0.099451,0,1511151001,액화석유가스,1691502602,,2025-02-06,R25BK00607611
R25BK00614485_000_1_000_226577,1,0.149434,0,4616158501,도로표지병,7704600771,,2025-02-06,R25BK00614485
R25BK00614485_000_1_000_226577,2,0.114598,0,4616158501,도로표지병,2908602129,,2025-02-06,R25BK00614485
R25BK00614485_000_1_000_226577,3,0.113153,0,4616158501,도로표지병,1388148098,,2025-02-06,R25BK00614485
R25BK00614485_000_1_000_226577,4,0.101368,0,4616158501,도로표지병,2090842980,,2025-02-06,R25BK00614485
R25BK00614485_000_1_000_226577,5,0.100308,0,4616158501,도로표지병,3678102536,,2025-02-06,R25BK00614485
R25BK00614485_000_1_000_226577,6,0.097223,0,4616158501,도로표지병,5048603823,,2025-02-06,R25BK00614485
R25BK00614485_000_1_000_226577,7,0.092661,0,4616158501,도로표지병,7498700673,,2025-02-06,R25BK00614485
R25BK00614485_000_1_000_226577,8,0.071196,1,4616158501,도로표지병,1238160071,주식회사 래도,2025-02-06,R25BK00614485
R25BK00614485_000_1_000_226577,9,0.010293,0,4616158501,도로표지병,3438602665,,2025-02-06,R25BK00614485
R25BK00614485_000_1_000_226577,10,0.002615,0,4616158501,도로표지병,5772001579,,2025-02-06,R25BK00614485
R25BK00618771_000_1_000_226144,1,0.32332,0,4111249801,프로세스제어반,1138152502,,2025-02-06,R25BK00618771
R25BK00618771_000_1_000_226144,2,0.298959,0,4111249801,프로세스제어반,5698102243,,2025-02-06,R25BK00618771
R25BK00618771_000_1_000_226144,3,0.198397,0,4111249801,프로세스제어반,6988600820,,2025-02-06,R25BK00618771
R25BK00618771_000_1_000_226144,4,0.173781,0,4111249801,프로세스제어반,4228200486,,2025-02-06,R25BK00618771
R25BK00618771_000_1_000_226144,5,0.162018,0,4111249801,프로세스제어반,7255800401,,2025-02-06,R25BK00618771
R25BK00618771_000_1_000_226144,6,0.12794,0,4111249801,프로세스제어반,5358102181,,2025-02-06,R25BK00618771
R25BK00618771_000_1_000_226144,7,0.120479,0,4111249801,프로세스제어반,5151904422,,2025-02-06,R25BK00618771
R25BK00618771_000_1_000_226144,8,0.10018,1,4111249801,프로세스제어반,5760301109,정은엔텍,2025-02-06,R25BK00618771
R25BK00618771_000_1_000_226144,9,0.082834,0,4111249801,프로세스제어반,1304529901,,2025-02-06,R25BK00618771
R25BK00618771_000_1_000_226144,10,0.070752,0,4111249801,프로세스제어반,5848701492,,2025-02-06,R25BK00618771
R25BK00618064_000_1_000_223528,1,0.515343,0,2410167601,가동보,3018624141,,2025-02-07,R25BK00618064
R25BK00618064_000_1_000_223528,2,0.246273,0,2410167601,가동보,5608600369,,2025-02-07,R25BK00618064
R25BK00618064_000_1_000_223528,3,0.166968,0,2410167601,가동보,3078124111,,2025-02-07,R25BK00618064
R25BK00618064_000_1_000_223528,4,0.163672,0,2410167601,가동보,3478703080,,2025-02-07,R25BK00618064
R25BK00618064_000_1_000_223528,5,0.159658,0,2410167601,가동보,3178514559,,2025-02-07,R25BK00618064
R25BK00618064_000_1_000_223528,6,0.100575,1,2410167601,가동보,6131421981,신성엔지니어링,2025-02-07,R25BK00618064
R25BK00618064_000_1_000_223528,7,0.073912,0,2410167601,가동보,4048134884,,2025-02-07,R25BK00618064
R25BK00618064_000_1_000_223528,8,0.06372,0,2410167601,가동보,4188152426,,2025-02-07,R25BK00618064
R25BK00618064_000_1_000_223528,9,0.000886,0,2410167601,가동보,2888802606,,2025-02-07,R25BK00618064
R25BK00618115_000_1_000_225245,1,0.515343,0,2410167601,가동보,3018624141,,2025-02-07,R25BK00618115
R25BK00618115_000_1_000_225245,2,0.246273,0,2410167601,가동보,5608600369,,2025-02-07,R25BK00618115
R25BK00618115_000_1_000_225245,3,0.166968,0,2410167601,가동보,3078124111,,2025-02-07,R25BK00618115
R25BK00618115_000_1_000_225245,4,0.163672,0,2410167601,가동보,3478703080,,2025-02-07,R25BK00618115
R25BK00618115_000_1_000_225245,5,0.159658,0,2410167601,가동보,3178514559,,2025-02-07,R25BK00618115
R25BK00618115_000_1_000_225245,6,0.123396,1,2410167601,가동보,6131421981,신성엔지니어링,2025-02-07,R25BK00618115
R25BK00618115_000_1_000_225245,7,0.073912,0,2410167601,가동보,4048134884,,2025-02-07,R25BK00618115
R25BK00618115_000_1_000_225245,8,0.06372,0,2410167601,가동보,4188152426,,2025-02-07,R25BK00618115
R25BK00618115_000_1_000_225245,9,0.000886,0,2410167601,가동보,2888802606,,2025-02-07,R25BK00618115
R25BK00606312_000_1_000_224023,1,0.742075,0,3010990201,혼합골재,1328131866,,2025-02-10,R25BK00606312
R25BK00606312_000_1_000_224023,2,0.637493,1,3010990201,혼합골재,1268181906,(주)엘케이스톤,2025-02-10,R25BK00606312
R25BK00606312_000_1_000_224023,3,0.303477,0,3010990201,혼합골재,6158120433,,2025-02-10,R25BK00606312
R25BK00606312_000_1_000_224023,4,0.068591,0,3010990201,혼합골재,8278602014,,2025-02-10,R25BK00606312
R25BK00606312_000_1_000_224023,5,0.064582,0,3010990201,혼합골재,2508801752,,2025-02-10,R25BK00606312
R25BK00606312_000_1_000_224023,6,0.048974,0,3010990201,혼합골재,6688602531,,2025-02-10,R25BK00606312
R25BK00606312_000_1_000_224023,7,0.038054,0,3010990201,혼합골재,2658602763,,2025-02-10,R25BK00606312
R25BK00606312_000_1_000_224023,8,0.036797,0,3010990201,혼합골재,6158158564,,2025-02-10,R25BK00606312
R25BK00606312_000_1_000_224023,9,0.03615,0,3010990201,혼합골재,7371300169,,2025-02-10,R25BK00606312
R25BK00606312_000_1_000_224023,10,0.033771,0,3010990201,혼합골재,6683800551,,2025-02-10,R25BK00606312
R25BK00614706_000_1_000_228213,1,0.592156,1,3012170208,식생매트,3330902425,에코스타,2025-02-10,R25BK00614706
R25BK00614706_000_1_000_228213,2,0.120682,0,3012170208,식생매트,4497900308,,2025-02-10,R25BK00614706
R25BK00614706_000_1_000_228213,3,0.020367,0,3012170208,식생매트,2298801383,,2025-02-10,R25BK00614706
R25BK00614706_000_1_000_228213,4,0.006099,0,3012170208,식생매트,2520102718,,2025-02-10,R25BK00614706
R25BK00614706_000_1_000_228213,5,0.00416,0,3012170208,식생매트,6022593083,,2025-02-10,R25BK00614706
R25BK00614706_000_1_000_228213,6,0.00416,0,3012170208,식생매트,6502401417,,2025-02-10,R25BK00614706
R25BK00614706_000_1_000_228213,7,0.003799,0,3012170208,식생매트,5391501739,,2025-02-10,R25BK00614706
R25BK00614706_000_1_000_228213,8,0.003697,0,3012170208,식생매트,3808702225,,2025-02-10,R25BK00614706
R25BK00614706_000_1_000_228213,9,0.003528,0,3012170208,식생매트,7374000807,,2025-02-10,R25BK00614706
R25BK00614706_000_1_000_228213,10,0.0026,0,3012170208,식생매트,8360902619,,2025-02-10,R25BK00614706
R25BK00617295_000_1_000_226565,1,0.305821,0,2410160301,지게차,1400513152,,2025-02-11,R25BK00617295
R25BK00617295_000_1_000_226565,2,0.216998,0,2410160301,지게차,3753600510,,2025-02-11,R25BK00617295
R25BK00617295_000_1_000_226565,3,0.138834,0,2410160301,지게차,1370687918,,2025-02-11,R25BK00617295
R25BK00617295_000_1_000_226565,4,0.109497,0,2410160301,지게차,5925200454,,2025-02-11,R25BK00617295
R25BK00617295_000_1_000_226565,5,0.035222,1,2410160301,지게차,3750303085,휴크테크,2025-02-11,R25BK00617295
R25BK00617295_000_1_000_226565,6,0.03378,0,2410160301,지게차,8141302009,,2025-02-11,R25BK00617295
R25BK00617295_000_1_000_226565,7,0.033172,0,2410160301,지게차,3828603257,,2025-02-11,R25BK00617295
R25BK00617295_000_1_000_226565,8,0.025545,0,2410160301,지게차,4088166210,,2025-02-11,R25BK00617295
R25BK00617295_000_1_000_226565,9,0.025087,0,2410160301,지게차,5641000779,,2025-02-11,R25BK00617295
R25BK00617295_000_1_000_226565,10,0.017274,0,2410160301,지게차,2088120986,,2025-02-11,R25BK00617295
R25BK00617398_000_1_000_227871,1,0.18454,0,1411170102,물티슈,2702700421,,2025-02-11,R25BK00617398
R25BK00617398_000_1_000_227871,2,0.093431,0,1411170102,물티슈,3152071822,,2025-02-11,R25BK00617398
R25BK00617398_000_1_000_227871,3,0.090047,0,1411170102,물티슈,6110757317,,2025-02-11,R25BK00617398
R25BK00617398_000_1_000_227871,4,0.079509,0,1411170102,물티슈,6363101379,,2025-02-11,R25BK00617398
R25BK00617398_000_1_000_227871,5,0.073923,1,1411170102,물티슈,6632301982,더보스,2025-02-11,R25BK00617398
R25BK00617398_000_1_000_227871,6,0.071927,0,1411170102,물티슈,5398801918,,2025-02-11,R25BK00617398
R25BK00617398_000_1_000_227871,7,0.070194,0,1411170102,물티슈,2941602394,,2025-02-11,R25BK00617398
R25BK00617398_000_1_000_227871,8,0.067832,0,1411170102,물티슈,6913601202,,2025-02-11,R25BK00617398
R25BK00617398_000_1_000_227871,9,0.05548,0,1411170102,물티슈,5498803077,,2025-02-11,R25BK00617398
R25BK00617398_000_1_000_227871,10,0.049966,0,1411170102,물티슈,4601002136,,2025-02-11,R25BK00617398
R25BK00620517_000_1_000_223394,1,0.916308,1,4617160601,사이렌,5048609846,이디에스 주식회사,2025-02-11,R25BK00620517
R25BK00620517_000_1_000_223394,2,0.289129,0,4617160601,사이렌,3618801708,,2025-02-11,R25BK00620517
R25BK00620517_000_1_000_223394,3,0.120529,0,4617160601,사이렌,3128653549,,2025-02-11,R25BK00620517
R25BK00620517_000_1_000_223394,4,0.106439,0,4617160601,사이렌,3178115400,,2025-02-11,R25BK00620517
R25BK00620517_000_1_000_223394,5,0.075961,0,4617160601,사이렌,5048177349,,2025-02-11,R25BK00620517
R25BK00620517_000_1_000_223394,6,0.054061,0,4617160601,사이렌,4188130252,,2025-02-11,R25BK00620517
R25BK00620517_000_1_000_223394,7,0.053842,0,4617160601,사이렌,3031332250,,2025-02-11,R25BK00620517
R25BK00620517_000_1_000_223394,8,0.053828,0,4617160601,사이렌,2978701924,,2025-02-11,R25BK00620517
R25BK00620517_000_1_000_223394,9,0.048141,0,4617160601,사이렌,3058195003,,2025-02-11,R25BK00620517
R25BK00620517_000_1_000_223394,10,0.043486,0,4617160601,사이렌,3128646669,,2025-02-11,R25BK00620517
R25BK00632679_000_1_000_228117,1,0.849964,1,3912110301,폐쇄형배전반,1648200504,드림파워텍,2025-02-11,R25BK00632679
R25BK00632679_000_1_000_228117,2,0.71775,0,3912110301,폐쇄형배전반,2898200555,,2025-02-11,R25BK00632679
R25BK00632679_000_1_000_228117,3,0.280612,0,3912110301,폐쇄형배전반,2663801107,,2025-02-11,R25BK00632679
R25BK00632679_000_1_000_228117,4,0.260268,0,3912110301,폐쇄형배전반,6078212021,,2025-02-11,R25BK00632679
R25BK00632679_000_1_000_228117,5,0.211606,0,3912110301,폐쇄형배전반,6548100655,,2025-02-11,R25BK00632679
R25BK00632679_000_1_000_228117,6,0.199077,0,3912110301,폐쇄형배전반,3168113414,,2025-02-11,R25BK00632679
R25BK00632679_000_1_000_228117,7,0.178114,0,3912110301,폐쇄형배전반,3198700870,,2025-02-11,R25BK00632679
R25BK00632679_000_1_000_228117,8,0.176731,0,3912110301,폐쇄형배전반,3788702784,,2025-02-11,R25BK00632679
R25BK00632679_000_1_000_228117,9,0.101971,0,3912110301,폐쇄형배전반,7788701684,,2025-02-11,R25BK00632679
R25BK00632679_000_1_000_228117,10,0.093866,0,3912110301,폐쇄형배전반,6218194304,,2025-02-11,R25BK00632679
R25BK00609297_001_1_000_223811,1,0.487686,1,1235230502,가성소다,6158120879,백두엔지니어링 주식회사,2025-02-12,R25BK00609297
R25BK00609297_001_1_000_223811,2,0.427223,0,1235230502,가성소다,3962202065,,2025-02-12,R25BK00609297
R25BK00609297_001_1_000_223811,3,0.373852,0,1235230502,가성소다,7481801052,,2025-02-12,R25BK00609297
R25BK00609297_001_1_000_223811,4,0.248621,0,1235230502,가성소다,2261183685,,2025-02-12,R25BK00609297
R25BK00609297_001_1_000_223811,5,0.183911,0,1235230502,가성소다,3178136744,,2025-02-12,R25BK00609297
R25BK00609297_001_1_000_223811,6,0.128681,0,1235230502,가성소다,3660701169,,2025-02-12,R25BK00609297
R25BK00609297_001_1_000_223811,7,0.084577,0,1235230502,가성소다,1200859344,,2025-02-12,R25BK00609297
R25BK00609297_001_1_000_223811,8,0.076677,0,1235230502,가성소다,6623600791,,2025-02-12,R25BK00609297
R25BK00609297_001_1_000_223811,9,0.076656,0,1235230502,가성소다,4138803161,,2025-02-12,R25BK00609297
R25BK00609297_001_1_000_223811,10,0.073323,0,1235230502,가성소다,3823300778,,2025-02-12,R25BK00609297
R25BK00620479_000_1_000_226150,1,0.50783,0,5310279401,민방위복,4518702323,,2025-02-12,R25BK00620479
R25BK00620479_000_1_000_226150,2,0.339798,0,5310279401,민방위복,3141372306,,2025-02-12,R25BK00620479
R25BK00620479_000_1_000_226150,3,0.032767,0,5310279401,민방위복,7464400610,,2025-02-12,R25BK00620479
R25BK00620479_000_1_000_226150,4,0.028103,0,5310279401,민방위복,6402901069,,2025-02-12,R25BK00620479
R25BK00620479_000_1_000_226150,5,0.026143,0,5310279401,민방위복,6571302293,,2025-02-12,R25BK00620479
R25BK00620479_000_1_000_226150,6,0.025852,0,5310279401,민방위복,1093408963,,2025-02-12,R25BK00620479
R25BK00620479_000_1_000_226150,7,0.022393,0,5310279401,민방위복,6332200821,,2025-02-12,R25BK00620479
R25BK00620479_000_1_000_226150,8,0.01974,0,5310279401,민방위복,4485800014,,2025-02-12,R25BK00620479
R25BK00620479_000_1_000_226150,9,0.017963,0,5310279401,민방위복,8950200867,,2025-02-12,R25BK00620479
R25BK00620479_000_1_000_226150,10,0.017444,0,5310279401,민방위복,2012131867,,2025-02-12,R25BK00620479
R25BK00620047_000_1_000_223239,1,0.326546,0,4322181001,광다중화장치,1198108907,,2025-02-14,R25BK00620047
R25BK00620047_000_1_000_223239,2,0.31852,0,4322181001,광다중화장치,6138177115,,2025-02-14,R25BK00620047
R25BK00620047_000_1_000_223239,3,0.267105,0,4322181001,광다중화장치,4268800874,,2025-02-14,R25BK00620047
R25BK00620047_000_1_000_223239,4,0.176906,0,4322181001,광다중화장치,8418801179,,2025-02-14,R25BK00620047
R25BK00620047_000_1_000_223239,5,0.126961,0,4322181001,광다중화장치,3148142645,,2025-02-14,R25BK00620047
R25BK00620047_000_1_000_223239,6,0.119774,0,4322181001,광다중화장치,1298189469,,2025-02-14,R25BK00620047
R25BK00620047_000_1_000_223239,7,0.108581,0,4322181001,광다중화장치,2188601661,,2025-02-14,R25BK00620047
R25BK00620047_000_1_000_223239,8,0.071129,1,4322181001,광다중화장치,4098177573,(주)신용아이엔씨,2025-02-14,R25BK00620047
R25BK00620047_000_1_000_223239,9,0.068525,0,4322181001,광다중화장치,1328636304,,2025-02-14,R25BK00620047
R25BK00620047_000_1_000_223239,10,0.039573,0,4322181001,광다중화장치,1388150425,,2025-02-14,R25BK00620047
R25BK00633386_000_1_000_224437,1,0.92586,1,2110200401,정미기,3018629976,주식회사 세농테크,2025-02-14,R25BK00633386
R25BK00633386_000_1_000_224437,2,0.638783,0,2110200401,정미기,1118601415,,2025-02-14,R25BK00633386
R25BK00633386_000_1_000_224437,3,0.583728,0,2110200401,정미기,5138139048,,2025-02-14,R25BK00633386
R25BK00633386_000_1_000_224437,4,0.013532,0,2110200401,정미기,1104666914,,2025-02-14,R25BK00633386
R25BK00633386_000_1_000_224437,5,0.010322,0,2110200401,정미기,4108643118,,2025-02-14,R25BK00633386
R25BK00633386_000_1_000_224437,6,0.009136,0,2110200401,정미기,2608603243,,2025-02-14,R25BK00633386
R25BK00633386_000_1_000_224437,7,0.008508,0,2110200401,정미기,1818602048,,2025-02-14,R25BK00633386
R25BK00633386_000_1_000_224437,8,0.008388,0,2110200401,정미기,4180223019,,2025-02-14,R25BK00633386
R25BK00633386_000_1_000_224437,9,0.004516,0,2110200401,정미기,8100902280,,2025-02-14,R25BK00633386
R25BK00633386_000_1_000_224437,10,0.004318,0,2110200401,정미기,3221202046,,2025-02-14,R25BK00633386
R25BK00625141_000_1_000_222657,1,0.247073,0,1511151001,액화석유가스,6162476446,,2025-02-17,R25BK00625141
R25BK00625141_000_1_000_222657,2,0.226287,0,1511151001,액화석유가스,7770401581,,2025-02-17,R25BK00625141
R25BK00625141_000_1_000_222657,3,0.209449,0,1511151001,액화석유가스,4454200445,,2025-02-17,R25BK00625141
R25BK00625141_000_1_000_222657,4,0.206393,0,1511151001,액화석유가스,8147600286,,2025-02-17,R25BK00625141
R25BK00625141_000_1_000_222657,5,0.183453,0,1511151001,액화석유가스,2861801137,,2025-02-17,R25BK00625141
R25BK00625141_000_1_000_222657,6,0.132523,0,1511151001,액화석유가스,3593001325,,2025-02-17,R25BK00625141
R25BK00625141_000_1_000_222657,7,0.119806,0,1511151001,액화석유가스,6862601991,,2025-02-17,R25BK00625141
R25BK00625141_000_1_000_222657,8,0.113278,0,1511151001,액화석유가스,4140665771,,2025-02-17,R25BK00625141
R25BK00625141_000_1_000_222657,9,0.108172,0,1511151001,액화석유가스,4816800437,,2025-02-17,R25BK00625141
R25BK00625141_000_1_000_222657,10,0.088331,0,1511151001,액화석유가스,1232938417,,2025-02-17,R25BK00625141
R25BK00628263_000_1_000_225321,1,0.653669,1,3010289901,파일이음밴드,4108608353,디에스산업(주),2025-02-17,R25BK00628263
R25BK00628263_000_1_000_225321,2,0.216896,0,3010289901,파일이음밴드,3048103330,,2025-02-17,R25BK00628263
R25BK00628263_000_1_000_225321,3,0.073083,0,3010289901,파일이음밴드,2011579900,,2025-02-17,R25BK00628263
R25BK00628263_000_1_000_225321,4,0.072051,0,3010289901,파일이음밴드,7561900745,,2025-02-17,R25BK00628263
R25BK00628263_000_1_000_225321,5,0.070996,0,3010289901,파일이음밴드,6158503015,,2025-02-17,R25BK00628263
R25BK00628263_000_1_000_225321,6,0.062889,0,3010289901,파일이음밴드,5108601460,,2025-02-17,R25BK00628263
R25BK00628263_000_1_000_225321,7,0.055002,0,3010289901,파일이음밴드,7184400333,,2025-02-17,R25BK00628263
R25BK00628263_000_1_000_225321,8,0.040274,0,3010289901,파일이음밴드,7401401647,,2025-02-17,R25BK00628263
R25BK00628263_000_1_000_225321,9,0.029158,0,3010289901,파일이음밴드,4111367045,,2025-02-17,R25BK00628263
R25BK00628263_000_1_000_225321,10,0.026365,0,3010289901,파일이음밴드,8961800503,,2025-02-17,R25BK00628263
R25BK00631638_000_1_000_224319,1,0.293551,0,1511151001,액화석유가스,3080740638,,2025-02-17,R25BK00631638
R25BK00631638_000_1_000_224319,2,0.271352,0,1511151001,액화석유가스,3718601531,,2025-02-17,R25BK00631638
R25BK00631638_000_1_000_224319,3,0.266778,0,1511151001,액화석유가스,5330103620,,2025-02-17,R25BK00631638
R25BK00631638_000_1_000_224319,4,0.260073,0,1511151001,액화석유가스,8571400475,,2025-02-17,R25BK00631638
R25BK00631638_000_1_000_224319,5,0.229535,0,1511151001,액화석유가스,1401601157,,2025-02-17,R25BK00631638
R25BK00631638_000_1_000_224319,6,0.209449,0,1511151001,액화석유가스,4454200445,,2025-02-17,R25BK00631638
R25BK00631638_000_1_000_224319,7,0.201972,0,1511151001,액화석유가스,8940600805,,2025-02-17,R25BK00631638
R25BK00631638_000_1_000_224319,8,0.132523,0,1511151001,액화석유가스,3593001325,,2025-02-17,R25BK00631638
R25BK00631638_000_1_000_224319,9,0.119806,0,1511151001,액화석유가스,6862601991,,2025-02-17,R25BK00631638
R25BK00631638_000_1_000_224319,10,0.108278,0,1511151001,액화석유가스,6990501124,,2025-02-17,R25BK00631638
R25BK00631649_000_1_000_222704,1,0.268785,0,1511151001,액화석유가스,2271506132,,2025-02-17,R25BK00631649
R25BK00631649_000_1_000_222704,2,0.266778,0,1511151001,액화석유가스,5330103620,,2025-02-17,R25BK00631649
R25BK00631649_000_1_000_222704,3,0.229535,0,1511151001,액화석유가스,1401601157,,2025-02-17,R25BK00631649
R25BK00631649_000_1_000_222704,4,0.209449,0,1511151001,액화석유가스,4454200445,,2025-02-17,R25BK00631649
R25BK00631649_000_1_000_222704,5,0.201972,0,1511151001,액화석유가스,8940600805,,2025-02-17,R25BK00631649
R25BK00631649_000_1_000_222704,6,0.193466,1,1511151001,액화석유가스,1691502602,동일가스상사,2025-02-17,R25BK00631649
R25BK00631649_000_1_000_222704,7,0.183453,0,1511151001,액화석유가스,2861801137,,2025-02-17,R25BK00631649
R25BK00631649_000_1_000_222704,8,0.15953,0,1511151001,액화석유가스,1585600698,,2025-02-17,R25BK00631649
R25BK00631649_000_1_000_222704,9,0.119806,0,1511151001,액화석유가스,6862601991,,2025-02-17,R25BK00631649
R25BK00631649_000_1_000_222704,10,0.108172,0,1511151001,액화석유가스,4816800437,,2025-02-17,R25BK00631649
R25BK00625274_001_1_000_226546,1,0.316902,0,5512170601,현수막,6870403118,,2025-02-19,R25BK00625274
R25BK00625274_001_1_000_226546,2,0.262639,0,5512170601,현수막,6688602002,,2025-02-19,R25BK00625274
R25BK00625274_001_1_000_226546,3,0.211846,0,5512170601,현수막,4021047404,,2025-02-19,R25BK00625274
R25BK00625274_001_1_000_226546,4,0.209145,0,5512170601,현수막,1071866346,,2025-02-19,R25BK00625274
R25BK00625274_001_1_000_226546,5,0.172091,0,5512170601,현수막,5431602302,,2025-02-19,R25BK00625274
R25BK00625274_001_1_000_226546,6,0.17119,0,5512170601,현수막,4098629697,,2025-02-19,R25BK00625274
R25BK00625274_001_1_000_226546,7,0.102733,0,5512170601,현수막,2068682036,,2025-02-19,R25BK00625274
R25BK00625274_001_1_000_226546,8,0.097978,0,5512170601,현수막,6874300954,,2025-02-19,R25BK00625274
R25BK00625274_001_1_000_226546,9,0.094202,0,5512170601,현수막,3052080741,,2025-02-19,R25BK00625274
R25BK00625274_001_1_000_226546,10,0.090633,0,5512170601,현수막,4092913566,,2025-02-19,R25BK00625274
R25BK00637082_000_1_000_225622,1,0.886846,1,4710160803,폴리염화알루미늄,1338125334,(주)광진화학,2025-02-19,R25BK00637082
R25BK00637082_000_1_000_225622,2,0.02727,0,4710160803,폴리염화알루미늄,2221262180,,2025-02-19,R25BK00637082
R25BK00637082_000_1_000_225622,3,0.022475,0,4710160803,폴리염화알루미늄,4580801844,,2025-02-19,R25BK00637082
R25BK00637082_000_1_000_225622,4,0.022327,0,4710160803,폴리염화알루미늄,1701600130,,2025-02-19,R25BK00637082
R25BK00637082_000_1_000_225622,5,0.018047,0,4710160803,폴리염화알루미늄,2628700119,,2025-02-19,R25BK00637082
R25BK00637082_000_1_000_225622,6,0.017409,0,4710160803,폴리염화알루미늄,2524500956,,2025-02-19,R25BK00637082
R25BK00637082_000_1_000_225622,7,0.01523,0,4710160803,폴리염화알루미늄,1084674027,,2025-02-19,R25BK00637082
R25BK00637082_000_1_000_225622,8,0.014013,0,4710160803,폴리염화알루미늄,3080765978,,2025-02-19,R25BK00637082
R25BK00637082_000_1_000_225622,9,0.012276,0,4710160803,폴리염화알루미늄,2261140196,,2025-02-19,R25BK00637082
R25BK00637082_000_1_000_225622,10,0.012111,0,4710160803,폴리염화알루미늄,7220801798,,2025-02-19,R25BK00637082
R25BK00638409_000_1_000_223116,1,0.785949,0,3010289901,파일이음밴드,2488600362,,2025-02-21,R25BK00638409
R25BK00638409_000_1_000_223116,2,0.717692,0,3010289901,파일이음밴드,1688800454,,2025-02-21,R25BK00638409
R25BK00638409_000_1_000_223116,3,0.581784,0,3010289901,파일이음밴드,3048102743,,2025-02-21,R25BK00638409
R25BK00638409_000_1_000_223116,4,0.480773,0,3010289901,파일이음밴드,5098103202,,2025-02-21,R25BK00638409
R25BK00638409_000_1_000_223116,5,0.334793,1,3010289901,파일이음밴드,6828501550,주식회사 케이씨씨글라스 덕소공장,2025-02-21,R25BK00638409
R25BK00638409_000_1_000_223116,6,0.126224,0,3010289901,파일이음밴드,6400402309,,2025-02-21,R25BK00638409
R25BK00638409_000_1_000_223116,7,0.125464,0,3010289901,파일이음밴드,2798502824,,2025-02-21,R25BK00638409
R25BK00638409_000_1_000_223116,8,0.118848,0,3010289901,파일이음밴드,1993000078,,2025-02-21,R25BK00638409
R25BK00638409_000_1_000_223116,9,0.046928,0,3010289901,파일이음밴드,4161678489,,2025-02-21,R25BK00638409
R25BK00638409_000_1_000_223116,10,0.044728,0,3010289901,파일이음밴드,2630601752,,2025-02-21,R25BK00638409
R25BK00639509_001_1_000_222839,1,0.753792,0,2110150301,관리기,8790800756,,2025-02-21,R25BK00639509
R25BK00639509_001_1_000_222839,2,0.580523,1,2110150301,관리기,6110752059,아세아농기계함양대리점,2025-02-21,R25BK00639509
R25BK00639509_001_1_000_222839,3,0.412813,0,2110150301,관리기,6110261422,,2025-02-21,R25BK00639509
R25BK00639509_001_1_000_222839,4,0.187915,0,2110150301,관리기,8555700307,,2025-02-21,R25BK00639509
R25BK00639509_001_1_000_222839,5,0.164066,0,2110150301,관리기,1981902030,,2025-02-21,R25BK00639509
R25BK00639509_001_1_000_222839,6,0.086074,0,2110150301,관리기,4168198111,,2025-02-21,R25BK00639509
R25BK00639509_001_1_000_222839,7,0.061461,0,2110150301,관리기,2250494823,,2025-02-21,R25BK00639509
R25BK00639509_001_1_000_222839,8,0.043808,0,2110150301,관리기,8404500734,,2025-02-21,R25BK00639509
R25BK00639509_001_1_000_222839,9,0.040435,0,2110150301,관리기,3762801628,,2025-02-21,R25BK00639509
R25BK00639509_001_1_000_222839,10,0.010963,0,2110150301,관리기,6088188906,,2025-02-21,R25BK00639509
R25BK00640596_000_1_000_234526,1,0.616126,1,1411160801,상품권,3078802120,주식회사 문화상품권,2025-02-21,R25BK00640596
R25BK00640596_000_1_000_234526,2,0.589642,0,1411160801,상품권,5153923785,,2025-02-21,R25BK00640596
R25BK00640596_000_1_000_234526,3,0.378624,0,1411160801,상품권,6212024108,,2025-02-21,R25BK00640596
R25BK00640596_000_1_000_234526,4,0.332478,0,1411160801,상품권,2618117819,,2025-02-21,R25BK00640596
R25BK00640596_000_1_000_234526,5,0.187835,0,1411160801,상품권,6088535144,,2025-02-21,R25BK00640596
R25BK00640596_000_1_000_234526,6,0.187835,0,1411160801,상품권,6108547721,,2025-02-21,R25BK00640596
R25BK00640596_000_1_000_234526,7,0.071194,0,1411160801,상품권,7258601719,,2025-02-21,R25BK00640596
R25BK00640596_000_1_000_234526,8,0.045496,0,1411160801,상품권,4138109448,,2025-02-21,R25BK00640596
R25BK00640596_000_1_000_234526,9,0.013792,0,1411160801,상품권,4721301373,,2025-02-21,R25BK00640596
R25BK00640596_000_1_000_234526,10,0.012126,0,1411160801,상품권,3528600389,,2025-02-21,R25BK00640596
R25BK00658160_000_1_000_225699,1,0.229129,1,3020170502,흡연부스,2368100627,주식회사 태극,2025-02-21,R25BK00658160
R25BK00658160_000_1_000_225699,2,0.17676,0,3020170502,흡연부스,1343246289,,2025-02-21,R25BK00658160
R25BK00658160_000_1_000_225699,3,0.127822,0,3020170502,흡연부스,4098629697,,2025-02-21,R25BK00658160
R25BK00658160_000_1_000_225699,4,0.112103,0,3020170502,흡연부스,7148101510,,2025-02-21,R25BK00658160
R25BK00658160_000_1_000_225699,5,0.083476,0,3020170502,흡연부스,1278122268,,2025-02-21,R25BK00658160
R25BK00658160_000_1_000_225699,6,0.075452,0,3020170502,흡연부스,6788800475,,2025-02-21,R25BK00658160
R25BK00658160_000_1_000_225699,7,0.064816,0,3020170502,흡연부스,1238641915,,2025-02-21,R25BK00658160
R25BK00658160_000_1_000_225699,8,0.064164,0,3020170502,흡연부스,2068693703,,2025-02-21,R25BK00658160
R25BK00658160_000_1_000_225699,9,0.060863,0,3020170502,흡연부스,7582000179,,2025-02-21,R25BK00658160
R25BK00658160_000_1_000_225699,10,0.04518,0,3020170502,흡연부스,6138167562,,2025-02-21,R25BK00658160
R25BK00658586_000_1_000_226681,1,0.983401,1,4619160702,공기호흡기,1358121955,주식회사 한컴라이프케어,2025-02-21,R25BK00658586
R25BK00658586_000_1_000_226681,2,0.233706,0,4619160702,공기호흡기,1098195540,,2025-02-21,R25BK00658586
R25BK00658586_000_1_000_226681,3,0.188299,0,4619160702,공기호흡기,5652001877,,2025-02-21,R25BK00658586
R25BK00658586_000_1_000_226681,4,0.024486,0,4619160702,공기호흡기,4150838835,,2025-02-21,R25BK00658586
R25BK00658586_000_1_000_226681,5,0.014615,0,4619160702,공기호흡기,4989700338,,2025-02-21,R25BK00658586
R25BK00658586_000_1_000_226681,6,0.012588,0,4619160702,공기호흡기,1241241033,,2025-02-21,R25BK00658586
R25BK00658586_000_1_000_226681,7,0.011008,0,4619160702,공기호흡기,5151604381,,2025-02-21,R25BK00658586
R25BK00658586_000_1_000_226681,8,0.010218,0,4619160702,공기호흡기,6971302156,,2025-02-21,R25BK00658586
R25BK00658586_000_1_000_226681,9,0.009645,0,4619160702,공기호흡기,5620701490,,2025-02-21,R25BK00658586
R25BK00658586_000_1_000_226681,10,0.008304,0,4619160702,공기호흡기,3148160250,,2025-02-21,R25BK00658586
R25BK00658586_000_2_000_226682,1,0.983258,1,4619160702,공기호흡기,1358121955,주식회사 한컴라이프케어,2025-02-21,R25BK00658586
R25BK00658586_000_2_000_226682,2,0.204532,0,4619160702,공기호흡기,3053143096,,2025-02-21,R25BK00658586
R25BK00658586_000_2_000_226682,3,0.039908,0,4619160702,공기호흡기,2400902778,,2025-02-21,R25BK00658586
R25BK00658586_000_2_000_226682,4,0.037637,0,4619160702,공기호흡기,1350354249,,2025-02-21,R25BK00658586
R25BK00658586_000_2_000_226682,5,0.01818,0,4619160702,공기호흡기,6168603000,,2025-02-21,R25BK00658586
R25BK00658586_000_2_000_226682,6,0.015016,0,4619160702,공기호흡기,4161276300,,2025-02-21,R25BK00658586
R25BK00658586_000_2_000_226682,7,0.014707,0,4619160702,공기호흡기,1222370353,,2025-02-21,R25BK00658586
R25BK00658586_000_2_000_226682,8,0.014615,0,4619160702,공기호흡기,3141587012,,2025-02-21,R25BK00658586
R25BK00658586_000_2_000_226682,9,0.013857,0,4619160702,공기호흡기,2084406510,,2025-02-21,R25BK00658586
R25BK00658586_000_2_000_226682,10,0.012663,0,4619160702,공기호흡기,6646800497,,2025-02-21,R25BK00658586
R25BK00658586_000_3_000_226683,1,0.983258,1,4619160702,공기호흡기,1358121955,주식회사 한컴라이프케어,2025-02-21,R25BK00658586
R25BK00658586_000_3_000_226683,2,0.045612,0,4619160702,공기호흡기,3178134692,,2025-02-21,R25BK00658586
R25BK00658586_000_3_000_226683,3,0.041648,0,4619160702,공기호흡기,1138600843,,2025-02-21,R25BK00658586
R25BK00658586_000_3_000_226683,4,0.027559,0,4619160702,공기호흡기,1120485616,,2025-02-21,R25BK00658586
R25BK00658586_000_3_000_226683,5,0.021681,0,4619160702,공기호흡기,1351977073,,2025-02-21,R25BK00658586
R25BK00658586_000_3_000_226683,6,0.014469,0,4619160702,공기호흡기,3018626023,,2025-02-21,R25BK00658586
R25BK00658586_000_3_000_226683,7,0.014151,0,4619160702,공기호흡기,4098605695,,2025-02-21,R25BK00658586
R25BK00658586_000_3_000_226683,8,0.013161,0,4619160702,공기호흡기,8891102580,,2025-02-21,R25BK00658586
R25BK00658586_000_3_000_226683,9,0.012711,0,4619160702,공기호흡기,3040857153,,2025-02-21,R25BK00658586
R25BK00658586_000_3_000_226683,10,0.012009,0,4619160702,공기호흡기,3140733151,,2025-02-21,R25BK00658586
R25BK00658586_000_4_000_226684,1,0.983258,1,4619160702,공기호흡기,1358121955,주식회사 한컴라이프케어,2025-02-21,R25BK00658586
R25BK00658586_000_4_000_226684,2,0.0322,0,4619160702,공기호흡기,5118127226,,2025-02-21,R25BK00658586
R25BK00658586_000_4_000_226684,3,0.019558,0,4619160702,공기호흡기,2032004151,,2025-02-21,R25BK00658586
R25BK00658586_000_4_000_226684,4,0.018161,0,4619160702,공기호흡기,2228112503,,2025-02-21,R25BK00658586
R25BK00658586_000_4_000_226684,5,0.016776,0,4619160702,공기호흡기,8561501255,,2025-02-21,R25BK00658586
R25BK00658586_000_4_000_226684,6,0.015302,0,4619160702,공기호흡기,8946600643,,2025-02-21,R25BK00658586
R25BK00658586_000_4_000_226684,7,0.014469,0,4619160702,공기호흡기,3018626023,,2025-02-21,R25BK00658586
R25BK00658586_000_4_000_226684,8,0.014191,0,4619160702,공기호흡기,8552001988,,2025-02-21,R25BK00658586
R25BK00658586_000_4_000_226684,9,0.014032,0,4619160702,공기호흡기,2042364167,,2025-02-21,R25BK00658586
R25BK00658586_000_4_000_226684,10,0.012215,0,4619160702,공기호흡기,3450303221,,2025-02-21,R25BK00658586
R25BK00658586_000_5_000_226685,1,0.983258,1,4619160702,공기호흡기,1358121955,주식회사 한컴라이프케어,2025-02-21,R25BK00658586
R25BK00658586_000_5_000_226685,2,0.267185,0,4619160702,공기호흡기,4128154732,,2025-02-21,R25BK00658586
R25BK00658586_000_5_000_226685,3,0.204532,0,4619160702,공기호흡기,3053143096,,2025-02-21,R25BK00658586
R25BK00658586_000_5_000_226685,4,0.106163,0,4619160702,공기호흡기,2053847700,,2025-02-21,R25BK00658586
R25BK00658586_000_5_000_226685,5,0.028461,0,4619160702,공기호흡기,5928802688,,2025-02-21,R25BK00658586
R25BK00658586_000_5_000_226685,6,0.020838,0,4619160702,공기호흡기,2793101119,,2025-02-21,R25BK00658586
R25BK00658586_000_5_000_226685,7,0.014848,0,4619160702,공기호흡기,4050143007,,2025-02-21,R25BK00658586
R25BK00658586_000_5_000_226685,8,0.014359,0,4619160702,공기호흡기,8574700380,,2025-02-21,R25BK00658586
R25BK00658586_000_5_000_226685,9,0.012711,0,4619160702,공기호흡기,4161697832,,2025-02-21,R25BK00658586
R25BK00658586_000_5_000_226685,10,0.012215,0,4619160702,공기호흡기,3021055244,,2025-02-21,R25BK00658586
R25BK00628287_001_1_000_233079,1,0.932026,1,1110152201,활성탄,2368601830,주식회사 이수카본,2025-02-24,R25BK00628287
R25BK00628287_001_1_000_233079,2,0.105986,0,1110152201,활성탄,7760702889,,2025-02-24,R25BK00628287
R25BK00628287_001_1_000_233079,3,0.102056,0,1110152201,활성탄,2238112087,,2025-02-24,R25BK00628287
R25BK00628287_001_1_000_233079,4,0.072348,0,1110152201,활성탄,1511500831,,2025-02-24,R25BK00628287
R25BK00628287_001_1_000_233079,5,0.065914,0,1110152201,활성탄,3322401974,,2025-02-24,R25BK00628287
R25BK00628287_001_1_000_233079,6,0.06136,0,1110152201,활성탄,1460203291,,2025-02-24,R25BK00628287
R25BK00628287_001_1_000_233079,7,0.057455,0,1110152201,활성탄,4088702858,,2025-02-24,R25BK00628287
R25BK00628287_001_1_000_233079,8,0.048373,0,1110152201,활성탄,5990902516,,2025-02-24,R25BK00628287
R25BK00628287_001_1_000_233079,9,0.043641,0,1110152201,활성탄,6021852411,,2025-02-24,R25BK00628287
R25BK00628287_001_1_000_233079,10,0.037998,0,1110152201,활성탄,1162801399,,2025-02-24,R25BK00628287
R25BK00663762_000_1_000_227874,1,0.318541,0,4111249801,프로세스제어반,1138152502,,2025-02-24,R25BK00663762
R25BK00663762_000_1_000_227874,2,0.282726,1,4111249801,프로세스제어반,5760301109,정은엔텍,2025-02-24,R25BK00663762
R25BK00663762_000_1_000_227874,3,0.197485,0,4111249801,프로세스제어반,2668100822,,2025-02-24,R25BK00663762
R25BK00663762_000_1_000_227874,4,0.159471,0,4111249801,프로세스제어반,5298200642,,2025-02-24,R25BK00663762
R25BK00663762_000_1_000_227874,5,0.15619,0,4111249801,프로세스제어반,4228200486,,2025-02-24,R25BK00663762
R25BK00663762_000_1_000_227874,6,0.113425,0,4111249801,프로세스제어반,1978101656,,2025-02-24,R25BK00663762
R25BK00663762_000_1_000_227874,7,0.100911,0,4111249801,프로세스제어반,3160367606,,2025-02-24,R25BK00663762
R25BK00663762_000_1_000_227874,8,0.082834,0,4111249801,프로세스제어반,1304529901,,2025-02-24,R25BK00663762
R25BK00663762_000_1_000_227874,9,0.054546,0,4111249801,프로세스제어반,6138130240,,2025-02-24,R25BK00663762
R25BK00663762_000_1_000_227874,10,0.036206,0,4111249801,프로세스제어반,3128672279,,2025-02-24,R25BK00663762
R25BK00648178_000_1_000_231187,1,0.182506,0,4321179901,화상분석시스템,6450502373,,2025-02-25,R25BK00648178
R25BK00648178_000_1_000_231187,2,0.163841,0,4321179901,화상분석시스템,3148519458,,2025-02-25,R25BK00648178
R25BK00648178_000_1_000_231187,3,0.106282,1,4321179901,화상분석시스템,6820602568,새늘바이오,2025-02-25,R25BK00648178
R25BK00648178_000_1_000_231187,4,0.09231,0,4321179901,화상분석시스템,2358601711,,2025-02-25,R25BK00648178
R25BK00648178_000_1_000_231187,5,0.091672,0,4321179901,화상분석시스템,3210402072,,2025-02-25,R25BK00648178
R25BK00648178_000_1_000_231187,6,0.067372,0,4321179901,화상분석시스템,2148768177,,2025-02-25,R25BK00648178
R25BK00648178_000_1_000_231187,7,0.059326,0,4321179901,화상분석시스템,3253301264,,2025-02-25,R25BK00648178
R25BK00648178_000_1_000_231187,8,0.051796,0,4321179901,화상분석시스템,5772001579,,2025-02-25,R25BK00648178
R25BK00648178_000_1_000_231187,9,0.051323,0,4321179901,화상분석시스템,5483301101,,2025-02-25,R25BK00648178
R25BK00648178_000_1_000_231187,10,0.041732,0,4321179901,화상분석시스템,3061417686,,2025-02-25,R25BK00648178
R25BK00658753_000_1_000_235424,1,0.110421,0,5610180301,유모차,8181002432,,2025-02-26,R25BK00658753
R25BK00658753_000_1_000_235424,2,0.100941,0,5610180301,유모차,3411401038,,2025-02-26,R25BK00658753
R25BK00658753_000_1_000_235424,3,0.093606,0,5610180301,유모차,1062576607,,2025-02-26,R25BK00658753
R25BK00658753_000_1_000_235424,4,0.092053,0,5610180301,유모차,4031755696,,2025-02-26,R25BK00658753
R25BK00658753_000_1_000_235424,5,0.088392,0,5610180301,유모차,4938103310,,2025-02-26,R25BK00658753
R25BK00658753_000_1_000_235424,6,0.076275,0,5610180301,유모차,5974000873,,2025-02-26,R25BK00658753
R25BK00658753_000_1_000_235424,7,0.072394,0,5610180301,유모차,3178143264,,2025-02-26,R25BK00658753
R25BK00658753_000_1_000_235424,8,0.053376,0,5610180301,유모차,2886500399,,2025-02-26,R25BK00658753
R25BK00658753_000_1_000_235424,9,0.052949,0,5610180301,유모차,6121910147,,2025-02-26,R25BK00658753
R25BK00658753_000_1_000_235424,10,0.046318,0,5610180301,유모차,6920400388,,2025-02-26,R25BK00658753
R25BK00661171_000_1_000_227892,1,0.306441,1,4016169901,공기살균기,4848100997,주식회사 한텍,2025-02-26,R25BK00661171
R25BK00661171_000_1_000_227892,2,0.262488,0,4016169901,공기살균기,2528801516,,2025-02-26,R25BK00661171
R25BK00661171_000_1_000_227892,3,0.088911,0,4016169901,공기살균기,8428801226,,2025-02-26,R25BK00661171
R25BK00661171_000_1_000_227892,4,0.048334,0,4016169901,공기살균기,3373301476,,2025-02-26,R25BK00661171
R25BK00661171_000_1_000_227892,5,0.00459,0,4016169901,공기살균기,7573600920,,2025-02-26,R25BK00661171
R25BK00661171_000_1_000_227892,6,0.003616,0,4016169901,공기살균기,3020620068,,2025-02-26,R25BK00661171
R25BK00661171_000_1_000_227892,7,0.003291,0,4016169901,공기살균기,7850902363,,2025-02-26,R25BK00661171
R25BK00661171_000_1_000_227892,8,0.003144,0,4016169901,공기살균기,5118703037,,2025-02-26,R25BK00661171
R25BK00661171_000_1_000_227892,9,0.002961,0,4016169901,공기살균기,3504700778,,2025-02-26,R25BK00661171
R25BK00661171_000_1_000_227892,10,0.002657,0,4016169901,공기살균기,6701202377,,2025-02-26,R25BK00661171
R25BK00641322_000_1_000_229109,1,0.762718,1,1411160801,상품권,3078802120,주식회사 문화상품권,2025-02-27,R25BK00641322
R25BK00641322_000_1_000_229109,2,0.160532,0,1411160801,상품권,2038108444,,2025-02-27,R25BK00641322
R25BK00641322_000_1_000_229109,3,0.101048,0,1411160801,상품권,2431501920,,2025-02-27,R25BK00641322
R25BK00641322_000_1_000_229109,4,0.094934,0,1411160801,상품권,4109231947,,2025-02-27,R25BK00641322
R25BK00641322_000_1_000_229109,5,0.035636,0,1411160801,상품권,1728603252,,2025-02-27,R25BK00641322
R25BK00641322_000_1_000_229109,6,0.026225,0,1411160801,상품권,4721301373,,2025-02-27,R25BK00641322
R25BK00641322_000_1_000_229109,7,0.01149,0,1411160801,상품권,7670503013,,2025-02-27,R25BK00641322
R25BK00641322_000_1_000_229109,8,0.011305,0,1411160801,상품권,4898802494,,2025-02-27,R25BK00641322
R25BK00641322_000_1_000_229109,9,0.010021,0,1411160801,상품권,5081702631,,2025-02-27,R25BK00641322
R25BK00641322_000_1_000_229109,10,0.008543,0,1411160801,상품권,5392901191,,2025-02-27,R25BK00641322
R25BK00663021_000_1_001_226848,1,0.734433,0,4618159901,산불진화복,3624600304,,2025-02-27,R25BK00663021
R25BK00663021_000_1_001_226848,2,0.546275,1,4618159901,산불진화복,3012956674,산하그린,2025-02-27,R25BK00663021
R25BK00663021_000_1_001_226848,3,0.141908,0,4618159901,산불진화복,4318102235,,2025-02-27,R25BK00663021
R25BK00663021_000_1_001_226848,4,0.103319,0,4618159901,산불진화복,3738700670,,2025-02-27,R25BK00663021
R25BK00663021_000_1_001_226848,5,0.085185,0,4618159901,산불진화복,5040657405,,2025-02-27,R25BK00663021
R25BK00663021_000_1_001_226848,6,0.069522,0,4618159901,산불진화복,3918500621,,2025-02-27,R25BK00663021
R25BK00663021_000_1_001_226848,7,0.063053,0,4618159901,산불진화복,1548701267,,2025-02-27,R25BK00663021
R25BK00663021_000_1_001_226848,8,0.021512,0,4618159901,산불진화복,8191500733,,2025-02-27,R25BK00663021
R25BK00663021_000_1_001_226848,9,0.021483,0,4618159901,산불진화복,1048195661,,2025-02-27,R25BK00663021
R25BK00663021_000_1_001_226848,10,0.010578,0,4618159901,산불진화복,7163001135,,2025-02-27,R25BK00663021
R25BK00673614_000_1_000_227074,1,0.971706,1,4619160702,공기호흡기,1358121955,주식회사 한컴라이프케어,2025-02-27,R25BK00673614
R25BK00673614_000_1_000_227074,2,0.117875,0,4619160702,공기호흡기,4180783254,,2025-02-27,R25BK00673614
R25BK00673614_000_1_000_227074,3,0.023062,0,4619160702,공기호흡기,1058649262,,2025-02-27,R25BK00673614
R25BK00673614_000_1_000_227074,4,0.017045,0,4619160702,공기호흡기,2248115016,,2025-02-27,R25BK00673614
R25BK00673614_000_1_000_227074,5,0.017038,0,4619160702,공기호흡기,3168112211,,2025-02-27,R25BK00673614
R25BK00673614_000_1_000_227074,6,0.014609,0,4619160702,공기호흡기,7932200536,,2025-02-27,R25BK00673614
R25BK00673614_000_1_000_227074,7,0.013059,0,4619160702,공기호흡기,5628200673,,2025-02-27,R25BK00673614
R25BK00673614_000_1_000_227074,8,0.012215,0,4619160702,공기호흡기,1427200470,,2025-02-27,R25BK00673614
R25BK00673614_000_1_000_227074,9,0.011322,0,4619160702,공기호흡기,2726200734,,2025-02-27,R25BK00673614
R25BK00673614_000_1_000_227074,10,0.011114,0,4619160702,공기호흡기,5080843682,,2025-02-27,R25BK00673614
R25BK00626345_000_1_000_224906,1,0.374378,0,4111249801,프로세스제어반,5760301109,,2025-02-28,R25BK00626345
R25BK00626345_000_1_000_224906,2,0.318541,0,4111249801,프로세스제어반,1138152502,,2025-02-28,R25BK00626345
R25BK00626345_000_1_000_224906,3,0.197485,0,4111249801,프로세스제어반,2668100822,,2025-02-28,R25BK00626345
R25BK00626345_000_1_000_224906,4,0.162018,0,4111249801,프로세스제어반,7255800401,,2025-02-28,R25BK00626345
R25BK00626345_000_1_000_224906,5,0.159471,0,4111249801,프로세스제어반,5298200642,,2025-02-28,R25BK00626345
R25BK00626345_000_1_000_224906,6,0.126882,0,4111249801,프로세스제어반,6078184590,,2025-02-28,R25BK00626345
R25BK00626345_000_1_000_224906,7,0.120479,0,4111249801,프로세스제어반,5151904422,,2025-02-28,R25BK00626345
R25BK00626345_000_1_000_224906,8,0.116895,0,4111249801,프로세스제어반,1618800356,,2025-02-28,R25BK00626345
R25BK00626345_000_1_000_224906,9,0.088761,1,4111249801,프로세스제어반,2298202338,아이티케어복지회 기전사업단,2025-02-28,R25BK00626345
R25BK00626345_000_1_000_224906,10,0.082834,0,4111249801,프로세스제어반,1304529901,,2025-02-28,R25BK00626345
R25BK00679017_000_1_000_225330,1,0.439978,0,4111249801,프로세스제어반,8938102923,,2025-02-28,R25BK00679017
R25BK00679017_000_1_000_225330,2,0.221536,1,4111249801,프로세스제어반,5718800776,주식회사 하이텍이엔지,2025-02-28,R25BK00679017
R25BK00679017_000_1_000_225330,3,0.162018,0,4111249801,프로세스제어반,7255800401,,2025-02-28,R25BK00679017
R25BK00679017_000_1_000_225330,4,0.153481,0,4111249801,프로세스제어반,2298202338,,2025-02-28,R25BK00679017
R25BK00679017_000_1_000_225330,5,0.128617,0,4111249801,프로세스제어반,1382601527,,2025-02-28,R25BK00679017
R25BK00679017_000_1_000_225330,6,0.120479,0,4111249801,프로세스제어반,5151904422,,2025-02-28,R25BK00679017
R25BK00679017_000_1_000_225330,7,0.116895,0,4111249801,프로세스제어반,1618800356,,2025-02-28,R25BK00679017
R25BK00679017_000_1_000_225330,8,0.100911,0,4111249801,프로세스제어반,3160367606,,2025-02-28,R25BK00679017
R25BK00679017_000_1_000_225330,9,0.075892,0,4111249801,프로세스제어반,3600501828,,2025-02-28,R25BK00679017
R25BK00679017_000_1_000_225330,10,0.054546,0,4111249801,프로세스제어반,6138130240,,2025-02-28,R25BK00679017
R25BK00651032_000_1_000_229554,1,0.775934,1,1411160801,상품권,3078802120,주식회사 문화상품권,2025-03-04,R25BK00651032
R25BK00651032_000_1_000_229554,2,0.187835,0,1411160801,상품권,6058544533,,2025-03-04,R25BK00651032
R25BK00651032_000_1_000_229554,3,0.187835,0,1411160801,상품권,6168533924,,2025-03-04,R25BK00651032
R25BK00651032_000_1_000_229554,4,0.076624,0,1411160801,상품권,1398167332,,2025-03-04,R25BK00651032
R25BK00651032_000_1_000_229554,5,0.011749,0,1411160801,상품권,3063262657,,2025-03-04,R25BK00651032
R25BK00651032_000_1_000_229554,6,0.010486,0,1411160801,상품권,4388200477,,2025-03-04,R25BK00651032
R25BK00651032_000_1_000_229554,7,0.010363,0,1411160801,상품권,4903700776,,2025-03-04,R25BK00651032
R25BK00651032_000_1_000_229554,8,0.007315,0,1411160801,상품권,6041293231,,2025-03-04,R25BK00651032
R25BK00651032_000_1_000_229554,9,0.007288,0,1411160801,상품권,2882101093,,2025-03-04,R25BK00651032
R25BK00651032_000_1_000_229554,10,0.007237,0,1411160801,상품권,7143200681,,2025-03-04,R25BK00651032
R25BK00653953_001_1_000_230532,1,0.523503,1,1214190201,수소가스,5228602948,주식회사 한준에너지,2025-03-05,R25BK00653953
R25BK00653953_001_1_000_230532,2,0.469601,0,1214190201,수소가스,1208200557,,2025-03-05,R25BK00653953
R25BK00653953_001_1_000_230532,3,0.288122,0,1214190201,수소가스,6063795413,,2025-03-05,R25BK00653953
R25BK00653953_001_1_000_230532,4,0.248184,0,1214190201,수소가스,4088196558,,2025-03-05,R25BK00653953
R25BK00653953_001_1_000_230532,5,0.106149,0,1214190201,수소가스,6101060522,,2025-03-05,R25BK00653953
R25BK00653953_001_1_000_230532,6,0.080419,0,1214190201,수소가스,7678700818,,2025-03-05,R25BK00653953
R25BK00653953_001_1_000_230532,7,0.064752,0,1214190201,수소가스,7898602084,,2025-03-05,R25BK00653953
R25BK00653953_001_1_000_230532,8,0.050786,0,1214190201,수소가스,2660902668,,2025-03-05,R25BK00653953
R25BK00653953_001_1_000_230532,9,0.026621,0,1214190201,수소가스,6063292731,,2025-03-05,R25BK00653953
R25BK00653953_001_1_000_230532,10,0.010161,0,1214190201,수소가스,1818602048,,2025-03-05,R25BK00653953
R25BK00670105_000_1_000_231172,1,0.258776,0,4010180602,가스엔진히트펌프,7573900993,,2025-03-05,R25BK00670105
R25BK00670105_000_1_000_231172,2,0.116089,1,4010180602,가스엔진히트펌프,6963001317,엘와이씨글로벌,2025-03-05,R25BK00670105
R25BK00670105_000_1_000_231172,3,0.114882,0,4010180602,가스엔진히트펌프,2176000446,,2025-03-05,R25BK00670105
R25BK00670105_000_1_000_231172,4,0.086594,0,4010180602,가스엔진히트펌프,3660202810,,2025-03-05,R25BK00670105
R25BK00670105_000_1_000_231172,5,0.078789,0,4010180602,가스엔진히트펌프,4174401031,,2025-03-05,R25BK00670105
R25BK00670105_000_1_000_231172,6,0.078291,0,4010180602,가스엔진히트펌프,6843001819,,2025-03-05,R25BK00670105
R25BK00670105_000_1_000_231172,7,0.070657,0,4010180602,가스엔진히트펌프,6102725130,,2025-03-05,R25BK00670105
R25BK00670105_000_1_000_231172,8,0.059985,0,4010180602,가스엔진히트펌프,4828101189,,2025-03-05,R25BK00670105
R25BK00670105_000_1_000_231172,9,0.058588,0,4010180602,가스엔진히트펌프,6474901054,,2025-03-05,R25BK00670105
R25BK00670105_000_1_000_231172,10,0.057631,0,4010180602,가스엔진히트펌프,7101400157,,2025-03-05,R25BK00670105
R25BK00671250_000_1_000_231280,1,0.442365,0,1235230501,소석회,7488603044,,2025-03-05,R25BK00671250
R25BK00671250_000_1_000_231280,2,0.442051,0,1235230501,소석회,2048197877,,2025-03-05,R25BK00671250
R25BK00671250_000_1_000_231280,3,0.399331,0,1235230501,소석회,6868702439,,2025-03-05,R25BK00671250
R25BK00671250_000_1_000_231280,4,0.251825,0,1235230501,소석회,4038183209,,2025-03-05,R25BK00671250
R25BK00671250_000_1_000_231280,5,0.176448,0,1235230501,소석회,6562102029,,2025-03-05,R25BK00671250
R25BK00671250_000_1_000_231280,6,0.156869,0,1235230501,소석회,8601701812,,2025-03-05,R25BK00671250
R25BK00671250_000_1_000_231280,7,0.142198,0,1235230501,소석회,6494400570,,2025-03-05,R25BK00671250
R25BK00671250_000_1_000_231280,8,0.119841,0,1235230501,소석회,3934900686,,2025-03-05,R25BK00671250
R25BK00671250_000_1_000_231280,9,0.114094,0,1235230501,소석회,1218622886,,2025-03-05,R25BK00671250
R25BK00671250_000_1_000_231280,10,0.089509,0,1235230501,소석회,3058176379,,2025-03-05,R25BK00671250
R25BK00674529_000_1_000_233314,1,0.314912,0,1511151001,액화석유가스,1691502602,,2025-03-05,R25BK00674529
R25BK00674529_000_1_000_233314,2,0.306703,0,1511151001,액화석유가스,2271506132,,2025-03-05,R25BK00674529
R25BK00674529_000_1_000_233314,3,0.295738,0,1511151001,액화석유가스,3080740638,,2025-03-05,R25BK00674529
R25BK00674529_000_1_000_233314,4,0.275041,0,1511151001,액화석유가스,3718601531,,2025-03-05,R25BK00674529
R25BK00674529_000_1_000_233314,5,0.266895,0,1511151001,액화석유가스,8940600805,,2025-03-05,R25BK00674529
R25BK00674529_000_1_000_233314,6,0.263665,1,1511151001,액화석유가스,8571400475,영남가스,2025-03-05,R25BK00674529
R25BK00674529_000_1_000_233314,7,0.230834,0,1511151001,액화석유가스,2861801137,,2025-03-05,R25BK00674529
R25BK00674529_000_1_000_233314,8,0.229556,0,1511151001,액화석유가스,7770401581,,2025-03-05,R25BK00674529
R25BK00674529_000_1_000_233314,9,0.163836,0,1511151001,액화석유가스,6862601991,,2025-03-05,R25BK00674529
R25BK00674529_000_1_000_233314,10,0.134674,0,1511151001,액화석유가스,3593001325,,2025-03-05,R25BK00674529
R25BK00661698_000_1_000_235283,1,0.735492,1,3015180209,금속제패널,3108124631,신강건설산업 주식회사,2025-03-06,R25BK00661698
R25BK00661698_000_1_000_235283,2,0.519935,0,3015180209,금속제패널,3168602926,,2025-03-06,R25BK00661698
R25BK00661698_000_1_000_235283,3,0.509368,0,3015180209,금속제패널,5258800735,,2025-03-06,R25BK00661698
R25BK00661698_000_1_000_235283,4,0.354012,0,3015180209,금속제패널,6338100662,,2025-03-06,R25BK00661698
R25BK00661698_000_1_000_235283,5,0.354012,0,3015180209,금속제패널,6668601948,,2025-03-06,R25BK00661698
R25BK00661698_000_1_000_235283,6,0.026763,0,3015180209,금속제패널,6108117364,,2025-03-06,R25BK00661698
R25BK00661698_000_1_000_235283,7,0.024831,0,3015180209,금속제패널,5878600078,,2025-03-06,R25BK00661698
R25BK00661698_000_1_000_235283,8,0.016309,0,3015180209,금속제패널,4333701054,,2025-03-06,R25BK00661698
R25BK00661698_000_1_000_235283,9,0.013591,0,3015180209,금속제패널,5611002045,,2025-03-06,R25BK00661698
R25BK00661698_000_1_000_235283,10,0.013299,0,3015180209,금속제패널,1792401714,,2025-03-06,R25BK00661698
R25BK00671197_000_1_000_231329,1,0.733125,0,4014179501,밸브실,4188139516,,2025-03-06,R25BK00671197
R25BK00671197_000_1_000_231329,2,0.254409,0,4014179501,밸브실,6058143424,,2025-03-06,R25BK00671197
R25BK00671197_000_1_000_231329,3,0.23738,1,4014179501,밸브실,1141708314,미성엔지니어링,2025-03-06,R25BK00671197
R25BK00671197_000_1_000_231329,4,0.046375,0,4014179501,밸브실,7018101381,,2025-03-06,R25BK00671197
R25BK00671197_000_1_000_231329,5,0.011114,0,4014179501,밸브실,8490102225,,2025-03-06,R25BK00671197
R25BK00671197_000_1_000_231329,6,0.010613,0,4014179501,밸브실,3551601540,,2025-03-06,R25BK00671197
R25BK00671197_000_1_000_231329,7,0.009551,0,4014179501,밸브실,1680601670,,2025-03-06,R25BK00671197
R25BK00671197_000_1_000_231329,8,0.009186,0,4014179501,밸브실,8642001376,,2025-03-06,R25BK00671197
R25BK00671197_000_1_000_231329,9,0.009186,0,4014179501,밸브실,7374000807,,2025-03-06,R25BK00671197
R25BK00671197_000_1_000_231329,10,0.009116,0,4014179501,밸브실,3018602545,,2025-03-06,R25BK00671197
R25BK00673723_000_1_000_233326,1,0.322885,0,1511151001,액화석유가스,8571400475,,2025-03-06,R25BK00673723
R25BK00673723_000_1_000_233326,2,0.271352,0,1511151001,액화석유가스,3718601531,,2025-03-06,R25BK00673723
R25BK00673723_000_1_000_233326,3,0.229535,0,1511151001,액화석유가스,1401601157,,2025-03-06,R25BK00673723
R25BK00673723_000_1_000_233326,4,0.212237,0,1511151001,액화석유가스,8940600805,,2025-03-06,R25BK00673723
R25BK00673723_000_1_000_233326,5,0.206393,0,1511151001,액화석유가스,8147600286,,2025-03-06,R25BK00673723
R25BK00673723_000_1_000_233326,6,0.183453,0,1511151001,액화석유가스,2861801137,,2025-03-06,R25BK00673723
R25BK00673723_000_1_000_233326,7,0.179079,0,1511151001,액화석유가스,1585600698,,2025-03-06,R25BK00673723
R25BK00673723_000_1_000_233326,8,0.113278,0,1511151001,액화석유가스,4140665771,,2025-03-06,R25BK00673723
R25BK00673723_000_1_000_233326,9,0.091174,0,1511151001,액화석유가스,3178102244,,2025-03-06,R25BK00673723
R25BK00673723_000_1_000_233326,10,0.086474,0,1511151001,액화석유가스,6990501124,,2025-03-06,R25BK00673723
R25BK00674613_000_1_000_229280,1,0.474892,0,4322181001,광다중화장치,8208802244,,2025-03-06,R25BK00674613
R25BK00674613_000_1_000_229280,2,0.246026,0,4322181001,광다중화장치,5648601996,,2025-03-06,R25BK00674613
R25BK00674613_000_1_000_229280,3,0.182924,0,4322181001,광다중화장치,1428137834,,2025-03-06,R25BK00674613
R25BK00674613_000_1_000_229280,4,0.15005,0,4322181001,광다중화장치,8418801179,,2025-03-06,R25BK00674613
R25BK00674613_000_1_000_229280,5,0.137401,0,4322181001,광다중화장치,1108194973,,2025-03-06,R25BK00674613
R25BK00674613_000_1_000_229280,6,0.130519,0,4322181001,광다중화장치,2208126447,,2025-03-06,R25BK00674613
R25BK00674613_000_1_000_229280,7,0.125753,1,4322181001,광다중화장치,5148107442,대신네트웍스(주),2025-03-06,R25BK00674613
R25BK00674613_000_1_000_229280,8,0.119774,0,4322181001,광다중화장치,1298189469,,2025-03-06,R25BK00674613
R25BK00674613_000_1_000_229280,9,0.097195,0,4322181001,광다중화장치,5018123048,,2025-03-06,R25BK00674613
R25BK00674613_000_1_000_229280,10,0.068525,0,4322181001,광다중화장치,1328636304,,2025-03-06,R25BK00674613
R25BK00677376_002_1_000_234685,1,0.35031,0,4710160801,유기응집제,7600201935,,2025-03-06,R25BK00677376
R25BK00677376_002_1_000_234685,2,0.167325,0,4710160801,유기응집제,6128802075,,2025-03-06,R25BK00677376
R25BK00677376_002_1_000_234685,3,0.153234,0,4710160801,유기응집제,2360801943,,2025-03-06,R25BK00677376
R25BK00677376_002_1_000_234685,4,0.149931,0,4710160801,유기응집제,1268652084,,2025-03-06,R25BK00677376
R25BK00677376_002_1_000_234685,5,0.145035,0,4710160801,유기응집제,3798101597,,2025-03-06,R25BK00677376
R25BK00677376_002_1_000_234685,6,0.139445,1,4710160801,유기응집제,6662701427,레프몰,2025-03-06,R25BK00677376
R25BK00677376_002_1_000_234685,7,0.134721,0,4710160801,유기응집제,3238602754,,2025-03-06,R25BK00677376
R25BK00677376_002_1_000_234685,8,0.117264,0,4710160801,유기응집제,4161675333,,2025-03-06,R25BK00677376
R25BK00677376_002_1_000_234685,9,0.09888,0,4710160801,유기응집제,4752301497,,2025-03-06,R25BK00677376
R25BK00677376_002_1_000_234685,10,0.091196,0,4710160801,유기응집제,8013701368,,2025-03-06,R25BK00677376
R25BK00680758_000_1_000_230356,1,0.305388,0,3912163901,진공차단기,4178135216,,2025-03-06,R25BK00680758
R25BK00680758_000_1_000_230356,2,0.283656,0,3912163901,진공차단기,4108548455,,2025-03-06,R25BK00680758
R25BK00680758_000_1_000_230356,3,0.10901,0,3912163901,진공차단기,7158100931,,2025-03-06,R25BK00680758
R25BK00680758_000_1_000_230356,4,0.090631,1,3912163901,진공차단기,3041803578,쏠 sole,2025-03-06,R25BK00680758
R25BK00680758_000_1_000_230356,5,0.085375,0,3912163901,진공차단기,1162801399,,2025-03-06,R25BK00680758
R25BK00680758_000_1_000_230356,6,0.053358,0,3912163901,진공차단기,3383300897,,2025-03-06,R25BK00680758
R25BK00680758_000_1_000_230356,7,0.050856,0,3912163901,진공차단기,7170502983,,2025-03-06,R25BK00680758
R25BK00680758_000_1_000_230356,8,0.047172,0,3912163901,진공차단기,7490602745,,2025-03-06,R25BK00680758
R25BK00680758_000_1_000_230356,9,0.043306,0,3912163901,진공차단기,8453201209,,2025-03-06,R25BK00680758
R25BK00680758_000_1_000_230356,10,0.041501,0,3912163901,진공차단기,6452001606,,2025-03-06,R25BK00680758
R25BK00672790_000_1_000_234371,1,0.245666,0,4010180602,가스엔진히트펌프,4028137570,,2025-03-07,R25BK00672790
R25BK00672790_000_1_000_234371,2,0.167218,0,4010180602,가스엔진히트펌프,5428601337,,2025-03-07,R25BK00672790
R25BK00672790_000_1_000_234371,3,0.116127,0,4010180602,가스엔진히트펌프,5078107288,,2025-03-07,R25BK00672790
R25BK00672790_000_1_000_234371,4,0.1111,0,4010180602,가스엔진히트펌프,2068182837,,2025-03-07,R25BK00672790
R25BK00672790_000_1_000_234371,5,0.084576,0,4010180602,가스엔진히트펌프,3948702433,,2025-03-07,R25BK00672790
R25BK00672790_000_1_000_234371,6,0.077658,0,4010180602,가스엔진히트펌프,7350400443,,2025-03-07,R25BK00672790
R25BK00672790_000_1_000_234371,7,0.071555,0,4010180602,가스엔진히트펌프,1061634454,,2025-03-07,R25BK00672790
R25BK00672790_000_1_000_234371,8,0.067124,0,4010180602,가스엔진히트펌프,2978802255,,2025-03-07,R25BK00672790
R25BK00672790_000_1_000_234371,9,0.058592,1,4010180602,가스엔진히트펌프,3118702821,유한회사 은광,2025-03-07,R25BK00672790
R25BK00672790_000_1_000_234371,10,0.058589,0,4010180602,가스엔진히트펌프,6255300824,,2025-03-07,R25BK00672790
R25BK00682271_000_1_000_233535,1,0.41554,0,1235230501,소석회,8743601317,,2025-03-10,R25BK00682271
R25BK00682271_000_1_000_233535,2,0.203987,0,1235230501,소석회,1108802638,,2025-03-10,R25BK00682271
R25BK00682271_000_1_000_233535,3,0.164646,0,1235230501,소석회,1133001277,,2025-03-10,R25BK00682271
R25BK00682271_000_1_000_233535,4,0.127923,0,1235230501,소석회,4956800514,,2025-03-10,R25BK00682271
R25BK00682271_000_1_000_233535,5,0.112213,0,1235230501,소석회,3678101314,,2025-03-10,R25BK00682271
R25BK00682271_000_1_000_233535,6,0.101341,1,1235230501,소석회,7076000707,제이에이치,2025-03-10,R25BK00682271
R25BK00682271_000_1_000_233535,7,0.096278,0,1235230501,소석회,6908602182,,2025-03-10,R25BK00682271
R25BK00682271_000_1_000_233535,8,0.092822,0,1235230501,소석회,1572901761,,2025-03-10,R25BK00682271
R25BK00682271_000_1_000_233535,9,0.08044,0,1235230501,소석회,5786200291,,2025-03-10,R25BK00682271
R25BK00682271_000_1_000_233535,10,0.0686,0,1235230501,소석회,4410203288,,2025-03-10,R25BK00682271
R25BK00683570_000_1_000_234497,1,0.582609,0,4710153601,슬러지수집기,1808802923,,2025-03-11,R25BK00683570
R25BK00683570_000_1_000_234497,2,0.472062,0,4710153601,슬러지수집기,4158602408,,2025-03-11,R25BK00683570
R25BK00683570_000_1_000_234497,3,0.429104,1,4710153601,슬러지수집기,8208602842,주식회사 케이텍,2025-03-11,R25BK00683570
R25BK00683570_000_1_000_234497,4,0.181829,0,4710153601,슬러지수집기,1878200356,,2025-03-11,R25BK00683570
R25BK00683570_000_1_000_234497,5,0.141652,0,4710153601,슬러지수집기,3808701658,,2025-03-11,R25BK00683570
R25BK00683570_000_1_000_234497,6,0.046856,0,4710153601,슬러지수집기,6098624083,,2025-03-11,R25BK00683570
R25BK00683570_000_1_000_234497,7,0.038247,0,4710153601,슬러지수집기,3758200180,,2025-03-11,R25BK00683570
R25BK00683570_000_1_000_234497,8,0.037563,0,4710153601,슬러지수집기,8418501561,,2025-03-11,R25BK00683570
R25BK00683570_000_1_000_234497,9,0.035687,0,4710153601,슬러지수집기,8978802036,,2025-03-11,R25BK00683570
R25BK00683570_000_1_000_234497,10,0.032913,0,4710153601,슬러지수집기,3338502206,,2025-03-11,R25BK00683570
R25BK00685605_000_1_000_232797,1,0.942716,1,4710160803,폴리염화알루미늄,1338125334,(주)광진화학,2025-03-11,R25BK00685605
R25BK00685605_000_1_000_232797,2,0.092585,0,4710160803,폴리염화알루미늄,6162755189,,2025-03-11,R25BK00685605
R25BK00685605_000_1_000_232797,3,0.060477,0,4710160803,폴리염화알루미늄,5804900790,,2025-03-11,R25BK00685605
R25BK00685605_000_1_000_232797,4,0.030806,0,4710160803,폴리염화알루미늄,2953101289,,2025-03-11,R25BK00685605
R25BK00685605_000_1_000_232797,5,0.025817,0,4710160803,폴리염화알루미늄,1059702467,,2025-03-11,R25BK00685605
R25BK00685605_000_1_000_232797,6,0.022858,0,4710160803,폴리염화알루미늄,4210602677,,2025-03-11,R25BK00685605
R25BK00685605_000_1_000_232797,7,0.022464,0,4710160803,폴리염화알루미늄,7642300821,,2025-03-11,R25BK00685605
R25BK00685605_000_1_000_232797,8,0.021566,0,4710160803,폴리염화알루미늄,1013215980,,2025-03-11,R25BK00685605
R25BK00685605_000_1_000_232797,9,0.020173,0,4710160803,폴리염화알루미늄,1792401714,,2025-03-11,R25BK00685605
R25BK00685605_000_1_000_232797,10,0.020112,0,4710160803,폴리염화알루미늄,6021211607,,2025-03-11,R25BK00685605
R25BK00690717_000_1_000_231344,1,0.80547,1,6010999901,교육훈련장비,1041298172,성실,2025-03-12,R25BK00690717
R25BK00690717_000_1_000_231344,2,0.213955,0,6010999901,교육훈련장비,1042692286,,2025-03-12,R25BK00690717
R25BK00690717_000_1_000_231344,3,0.198868,0,6010999901,교육훈련장비,6443301525,,2025-03-12,R25BK00690717
R25BK00690717_000_1_000_231344,4,0.163508,0,6010999901,교육훈련장비,7492202070,,2025-03-12,R25BK00690717
R25BK00690717_000_1_000_231344,5,0.127912,0,6010999901,교육훈련장비,2117400300,,2025-03-12,R25BK00690717
R25BK00690717_000_1_000_231344,6,0.085978,0,6010999901,교육훈련장비,4040197932,,2025-03-12,R25BK00690717
R25BK00690717_000_1_000_231344,7,0.085606,0,6010999901,교육훈련장비,3018616563,,2025-03-12,R25BK00690717
R25BK00690717_000_1_000_231344,8,0.069289,0,6010999901,교육훈련장비,2730402453,,2025-03-12,R25BK00690717
R25BK00690717_000_1_000_231344,9,0.057335,0,6010999901,교육훈련장비,7211301237,,2025-03-12,R25BK00690717
R25BK00690717_000_1_000_231344,10,0.036452,0,6010999901,교육훈련장비,4148602079,,2025-03-12,R25BK00690717
R25BK00691088_001_1_000_235996,1,0.848803,1,4617160601,사이렌,6058629558,(주)휴메인텍,2025-03-12,R25BK00691088
R25BK00691088_001_1_000_235996,2,0.456915,0,4617160601,사이렌,7998801223,,2025-03-12,R25BK00691088
R25BK00691088_001_1_000_235996,3,0.107641,0,4617160601,사이렌,6158138758,,2025-03-12,R25BK00691088
R25BK00691088_001_1_000_235996,4,0.053842,0,4617160601,사이렌,3031332250,,2025-03-12,R25BK00691088
R25BK00691088_001_1_000_235996,5,0.037834,0,4617160601,사이렌,5028155882,,2025-03-12,R25BK00691088
R25BK00691088_001_1_000_235996,6,0.034708,0,4617160601,사이렌,6038192875,,2025-03-12,R25BK00691088
R25BK00691088_001_1_000_235996,7,0.032237,0,4617160601,사이렌,5568702405,,2025-03-12,R25BK00691088
R25BK00691088_001_1_000_235996,8,0.031611,0,4617160601,사이렌,3148637619,,2025-03-12,R25BK00691088
R25BK00691088_001_1_000_235996,9,0.029809,0,4617160601,사이렌,2188601661,,2025-03-12,R25BK00691088
R25BK00691088_001_1_000_235996,10,0.028986,0,4617160601,사이렌,3148197927,,2025-03-12,R25BK00691088
R25BK00705114_000_1_000_232893,1,0.061517,1,3115150501,와이어로프,3580402695,에스엠코,2025-03-12,R25BK00705114
R25BK00705114_000_1_000_232893,2,0.0389,0,3115150501,와이어로프,7725500333,,2025-03-12,R25BK00705114
R25BK00705114_000_1_000_232893,3,0.008801,0,3115150501,와이어로프,2874101045,,2025-03-12,R25BK00705114
R25BK00705114_000_1_000_232893,4,0.008033,0,3115150501,와이어로프,8100902280,,2025-03-12,R25BK00705114
R25BK00705114_000_1_000_232893,5,0.007914,0,3115150501,와이어로프,2520102718,,2025-03-12,R25BK00705114
R25BK00705114_000_1_000_232893,6,0.006717,0,3115150501,와이어로프,6023665939,,2025-03-12,R25BK00705114
R25BK00705114_000_1_000_232893,7,0.006586,0,3115150501,와이어로프,6098134892,,2025-03-12,R25BK00705114
R25BK00705114_000_1_000_232893,8,0.006471,0,3115150501,와이어로프,6521300567,,2025-03-12,R25BK00705114
R25BK00705114_000_1_000_232893,9,0.006358,0,3115150501,와이어로프,4122500958,,2025-03-12,R25BK00705114
R25BK00705114_000_1_000_232893,10,0.005989,0,3115150501,와이어로프,3444600742,,2025-03-12,R25BK00705114
R25BK00670796_000_1_000_235374,1,0.889686,1,3010990401,순환골재,3118120318,주식회사 대영환경,2025-03-13,R25BK00670796
R25BK00670796_000_1_000_235374,2,0.511796,0,3010990401,순환골재,4168199463,,2025-03-13,R25BK00670796
R25BK00670796_000_1_000_235374,3,0.281303,0,3010990401,순환골재,5058113159,,2025-03-13,R25BK00670796
R25BK00670796_000_1_000_235374,4,0.245713,0,3010990401,순환골재,4168132934,,2025-03-13,R25BK00670796
R25BK00670796_000_1_000_235374,5,0.017722,0,3010990401,순환골재,1278173715,,2025-03-13,R25BK00670796
R25BK00670796_000_1_000_235374,6,0.010857,0,3010990401,순환골재,5078506313,,2025-03-13,R25BK00670796
R25BK00670796_000_1_000_235374,7,0.010402,0,3010990401,순환골재,4080371904,,2025-03-13,R25BK00670796
R25BK00670796_000_1_000_235374,8,0.00606,0,3010990401,순환골재,4298603070,,2025-03-13,R25BK00670796
R25BK00670796_000_1_000_235374,9,0.005493,0,3010990401,순환골재,6132893217,,2025-03-13,R25BK00670796
R25BK00670796_000_1_000_235374,10,0.002749,0,3010990401,순환골재,5718602241,,2025-03-13,R25BK00670796
R25BK00695161_000_1_000_230947,1,0.597594,1,1012159801,배합사료,7958701414,주식회사 씨티원 충남,2025-03-13,R25BK00695161
R25BK00695161_000_1_000_230947,2,0.113432,0,1012159801,배합사료,6013823681,,2025-03-13,R25BK00695161
R25BK00695161_000_1_000_230947,3,0.075899,0,1012159801,배합사료,2908801482,,2025-03-13,R25BK00695161
R25BK00695161_000_1_000_230947,4,0.054873,0,1012159801,배합사료,1308665007,,2025-03-13,R25BK00695161
R25BK00695161_000_1_000_230947,5,0.05402,0,1012159801,배합사료,5941201899,,2025-03-13,R25BK00695161
R25BK00695161_000_1_000_230947,6,0.044735,0,1012159801,배합사료,5028170525,,2025-03-13,R25BK00695161
R25BK00695161_000_1_000_230947,7,0.043831,0,1012159801,배합사료,8642001376,,2025-03-13,R25BK00695161
R25BK00695161_000_1_000_230947,8,0.043004,0,1012159801,배합사료,3061417686,,2025-03-13,R25BK00695161
R25BK00695161_000_1_000_230947,9,0.041872,0,1012159801,배합사료,6151772658,,2025-03-13,R25BK00695161
R25BK00695161_000_1_000_230947,10,0.040939,0,1012159801,배합사료,3986500487,,2025-03-13,R25BK00695161
R25BK00687437_002_1_000_236107,1,0.285452,0,5215201801,도시락,4558700346,,2025-03-17,R25BK00687437
R25BK00687437_002_1_000_236107,2,0.285452,0,5215201801,도시락,4948502554,,2025-03-17,R25BK00687437
R25BK00687437_002_1_000_236107,3,0.285452,0,5215201801,도시락,8898500583,,2025-03-17,R25BK00687437
R25BK00687437_002_1_000_236107,4,0.037557,1,5215201801,도시락,2418103271,주식회사 푸드명가,2025-03-17,R25BK00687437
R25BK00687437_002_1_000_236107,5,0.016391,0,5215201801,도시락,4801602199,,2025-03-17,R25BK00687437
R25BK00687437_002_1_000_236107,6,0.016391,0,5215201801,도시락,5206400641,,2025-03-17,R25BK00687437
R25BK00687437_002_1_000_236107,7,0.015878,0,5215201801,도시락,1145864809,,2025-03-17,R25BK00687437
R25BK00687437_002_1_000_236107,8,0.015878,0,5215201801,도시락,3700403239,,2025-03-17,R25BK00687437
R25BK00687437_002_1_000_236107,9,0.015878,0,5215201801,도시락,8230802902,,2025-03-17,R25BK00687437
R25BK00687437_002_1_000_236107,10,0.015478,0,5215201801,도시락,6298701913,,2025-03-17,R25BK00687437
R25BK00709027_000_1_000_229367,1,0.656608,1,4010178702,냉난방기,3031323687,에이스공조,2025-03-17,R25BK00709027
R25BK00709027_000_1_000_229367,2,0.648433,0,4010178702,냉난방기,4115100589,,2025-03-17,R25BK00709027
R25BK00709027_000_1_000_229367,3,0.458501,0,4010178702,냉난방기,4108643118,,2025-03-17,R25BK00709027
R25BK00709027_000_1_000_229367,4,0.276345,0,4010178702,냉난방기,2318700599,,2025-03-17,R25BK00709027
R25BK00709027_000_1_000_229367,5,0.219681,0,4010178702,냉난방기,8250103515,,2025-03-17,R25BK00709027
R25BK00709027_000_1_000_229367,6,0.20529,0,4010178702,냉난방기,1811401061,,2025-03-17,R25BK00709027
R25BK00709027_000_1_000_229367,7,0.202285,0,4010178702,냉난방기,7041801858,,2025-03-17,R25BK00709027
R25BK00709027_000_1_000_229367,8,0.09415,0,4010178702,냉난방기,3598703031,,2025-03-17,R25BK00709027
R25BK00709027_000_1_000_229367,9,0.059379,0,4010178702,냉난방기,7281400731,,2025-03-17,R25BK00709027
R25BK00709027_000_1_000_229367,10,0.054991,0,4010178702,냉난방기,2040812837,,2025-03-17,R25BK00709027
R25BK00716474_000_1_000_235244,1,0.317213,1,5512171801,안내판,2048197877,주식회사 그린주의,2025-03-17,R25BK00716474
R25BK00716474_000_1_000_235244,2,0.258646,0,5512171801,안내판,5082195312,,2025-03-17,R25BK00716474
R25BK00716474_000_1_000_235244,3,0.248391,0,5512171801,안내판,5138157046,,2025-03-17,R25BK00716474
R25BK00716474_000_1_000_235244,4,0.234333,0,5512171801,안내판,6920402033,,2025-03-17,R25BK00716474
R25BK00716474_000_1_000_235244,5,0.136279,0,5512171801,안내판,8403901130,,2025-03-17,R25BK00716474
R25BK00716474_000_1_000_235244,6,0.127024,0,5512171801,안내판,7298702449,,2025-03-17,R25BK00716474
R25BK00716474_000_1_000_235244,7,0.110115,0,5512171801,안내판,3578102994,,2025-03-17,R25BK00716474
R25BK00716474_000_1_000_235244,8,0.100063,0,5512171801,안내판,3070948228,,2025-03-17,R25BK00716474
R25BK00716474_000_1_000_235244,9,0.093182,0,5512171801,안내판,6458801606,,2025-03-17,R25BK00716474
R25BK00716474_000_1_000_235244,10,0.072526,0,5512171801,안내판,4988700514,,2025-03-17,R25BK00716474
R25BK00697776_000_1_000_233853,1,0.642511,1,4110551701,핵산추출기,5938702267,주식회사 이솔사이언스,2025-03-19,R25BK00697776
R25BK00697776_000_1_000_233853,2,0.105901,0,4110551701,핵산추출기,1488600169,,2025-03-19,R25BK00697776
R25BK00697776_000_1_000_233853,3,0.102949,0,4110551701,핵산추출기,2028703230,,2025-03-19,R25BK00697776
R25BK00697776_000_1_000_233853,4,0.067865,0,4110551701,핵산추출기,1160724873,,2025-03-19,R25BK00697776
R25BK00697776_000_1_000_233853,5,0.050603,0,4110551701,핵산추출기,1954800315,,2025-03-19,R25BK00697776
R25BK00697776_000_1_000_233853,6,0.029852,0,4110551701,핵산추출기,4050144705,,2025-03-19,R25BK00697776
R25BK00697776_000_1_000_233853,7,0.027106,0,4110551701,핵산추출기,6938600164,,2025-03-19,R25BK00697776
R25BK00697776_000_1_000_233853,8,0.025112,0,4110551701,핵산추출기,5448600649,,2025-03-19,R25BK00697776
R25BK00697776_000_1_000_233853,9,0.02177,0,4110551701,핵산추출기,5772001579,,2025-03-19,R25BK00697776
R25BK00697776_000_1_000_233853,10,0.02005,0,4110551701,핵산추출기,5081294849,,2025-03-19,R25BK00697776
R25BK00704701_000_1_000_233869,1,0.322156,1,4616158501,도로표지병,1238160071,주식회사 래도,2025-03-19,R25BK00704701
R25BK00704701_000_1_000_233869,2,0.182287,0,4616158501,도로표지병,6558802581,,2025-03-19,R25BK00704701
R25BK00704701_000_1_000_233869,3,0.15371,0,4616158501,도로표지병,3958103258,,2025-03-19,R25BK00704701
R25BK00704701_000_1_000_233869,4,0.119359,0,4616158501,도로표지병,3678102536,,2025-03-19,R25BK00704701
R25BK00704701_000_1_000_233869,5,0.100308,0,4616158501,도로표지병,5158106335,,2025-03-19,R25BK00704701
R25BK00704701_000_1_000_233869,6,0.090818,0,4616158501,도로표지병,4998801736,,2025-03-19,R25BK00704701
R25BK00704701_000_1_000_233869,7,0.052952,0,4616158501,도로표지병,5388602943,,2025-03-19,R25BK00704701
R25BK00704701_000_1_000_233869,8,0.009899,0,4616158501,도로표지병,3438602665,,2025-03-19,R25BK00704701
R25BK00704701_000_1_000_233869,9,0.004338,0,4616158501,도로표지병,5772001579,,2025-03-19,R25BK00704701
R25BK00704701_000_1_000_233869,10,0.003158,0,4616158501,도로표지병,3886400479,,2025-03-19,R25BK00704701
R25BK00704421_000_1_000_230598,1,0.419332,0,4322281805,통합배선반,5918100747,,2025-03-20,R25BK00704421
R25BK00704421_000_1_000_230598,2,0.268354,0,4322281805,통합배선반,6088118002,,2025-03-20,R25BK00704421
R25BK00704421_000_1_000_230598,3,0.265373,0,4322281805,통합배선반,3102151454,,2025-03-20,R25BK00704421
R25BK00704421_000_1_000_230598,4,0.262553,0,4322281805,통합배선반,6058178597,,2025-03-20,R25BK00704421
R25BK00704421_000_1_000_230598,5,0.203332,0,4322281805,통합배선반,6108170243,,2025-03-20,R25BK00704421
R25BK00704421_000_1_000_230598,6,0.186212,1,4322281805,통합배선반,3118103963,주식회사 벽우,2025-03-20,R25BK00704421
R25BK00704421_000_1_000_230598,7,0.102091,0,4322281805,통합배선반,1281366542,,2025-03-20,R25BK00704421
R25BK00704421_000_1_000_230598,8,0.098256,0,4322281805,통합배선반,6068118495,,2025-03-20,R25BK00704421
R25BK00704421_000_1_000_230598,9,0.091022,0,4322281805,통합배선반,1188115778,,2025-03-20,R25BK00704421
R25BK00704421_000_1_000_230598,10,0.06184,0,4322281805,통합배선반,1088178984,,2025-03-20,R25BK00704421
R25BK00712225_000_1_000_230383,1,0.321392,0,3912110401,전동기제어반,3708102871,,2025-03-20,R25BK00712225
R25BK00712225_000_1_000_230383,2,0.285575,0,3912110401,전동기제어반,3058620337,,2025-03-20,R25BK00712225
R25BK00712225_000_1_000_230383,3,0.272066,0,3912110401,전동기제어반,1878200356,,2025-03-20,R25BK00712225
R25BK00712225_000_1_000_230383,4,0.184785,0,3912110401,전동기제어반,6082489917,,2025-03-20,R25BK00712225
R25BK00712225_000_1_000_230383,5,0.163896,0,3912110401,전동기제어반,3358502541,,2025-03-20,R25BK00712225
R25BK00712225_000_1_000_230383,6,0.158601,0,3912110401,전동기제어반,3168113414,,2025-03-20,R25BK00712225
R25BK00712225_000_1_000_230383,7,0.13546,0,3912110401,전동기제어반,1398203034,,2025-03-20,R25BK00712225
R25BK00712225_000_1_000_230383,8,0.120233,1,3912110401,전동기제어반,8328702589,(주)세한계전,2025-03-20,R25BK00712225
R25BK00712225_000_1_000_230383,9,0.079704,0,3912110401,전동기제어반,2738101270,,2025-03-20,R25BK00712225
R25BK00712225_000_1_000_230383,10,0.069943,0,3912110401,전동기제어반,8408100799,,2025-03-20,R25BK00712225
R25BK00710307_000_1_001_239807,1,0.249316,1,4924159701,조합놀이대,6068124605,주식회사 이지디자인,2025-03-21,R25BK00710307
R25BK00710307_000_1_001_239807,2,0.216633,0,4924159701,조합놀이대,8748101302,,2025-03-21,R25BK00710307
R25BK00710307_000_1_001_239807,3,0.178755,0,4924159701,조합놀이대,2248159498,,2025-03-21,R25BK00710307
R25BK00710307_000_1_001_239807,4,0.115575,0,4924159701,조합놀이대,4078125725,,2025-03-21,R25BK00710307
R25BK00710307_000_1_001_239807,5,0.013795,0,4924159701,조합놀이대,1541801825,,2025-03-21,R25BK00710307
R25BK00710307_000_1_001_239807,6,0.007582,0,4924159701,조합놀이대,5053930921,,2025-03-21,R25BK00710307
R25BK00710307_000_1_001_239807,7,0.007288,0,4924159701,조합놀이대,5865400472,,2025-03-21,R25BK00710307
R25BK00710307_000_1_001_239807,8,0.006053,0,4924159701,조합놀이대,4161326369,,2025-03-21,R25BK00710307
R25BK00710307_000_1_001_239807,9,0.004438,0,4924159701,조합놀이대,5941601752,,2025-03-21,R25BK00710307
R25BK00710307_000_1_001_239807,10,0.003973,0,4924159701,조합놀이대,4940601375,,2025-03-21,R25BK00710307
R25BK00733205_000_1_000_235744,1,0.850157,1,1110152901,제올라이트,5678602636,씨엔이노베이션 (주),2025-03-24,R25BK00733205
R25BK00733205_000_1_000_235744,2,0.456324,0,1110152901,제올라이트,2208119679,,2025-03-24,R25BK00733205
R25BK00733205_000_1_000_235744,3,0.185968,0,1110152901,제올라이트,1348663001,,2025-03-24,R25BK00733205
R25BK00733205_000_1_000_235744,4,0.089005,0,1110152901,제올라이트,4188154180,,2025-03-24,R25BK00733205
R25BK00733205_000_1_000_235744,5,0.076382,0,1110152901,제올라이트,7176000039,,2025-03-24,R25BK00733205
R25BK00733205_000_1_000_235744,6,0.013554,0,1110152901,제올라이트,8771901925,,2025-03-24,R25BK00733205
R25BK00733205_000_1_000_235744,7,0.00975,0,1110152901,제올라이트,3178702886,,2025-03-24,R25BK00733205
R25BK00733205_000_1_000_235744,8,0.005316,0,1110152901,제올라이트,8864101084,,2025-03-24,R25BK00733205
R25BK00733205_000_1_000_235744,9,0.002724,0,1110152901,제올라이트,6132551481,,2025-03-24,R25BK00733205
R25BK00733205_000_1_000_235744,10,0.002256,0,1110152901,제올라이트,3152071822,,2025-03-24,R25BK00733205
R25BK00734612_000_1_000_232041,1,0.256673,0,5512171002,도로표지,2218143702,,2025-03-24,R25BK00734612
R25BK00734612_000_1_000_232041,2,0.219768,1,5512171002,도로표지,4828801761,주식회사 보령컴퍼니,2025-03-24,R25BK00734612
R25BK00734612_000_1_000_232041,3,0.172512,0,5512171002,도로표지,1138188669,,2025-03-24,R25BK00734612
R25BK00734612_000_1_000_232041,4,0.126552,0,5512171002,도로표지,3148195313,,2025-03-24,R25BK00734612
R25BK00734612_000_1_000_232041,5,0.029173,0,5512171002,도로표지,4170658702,,2025-03-24,R25BK00734612
R25BK00734612_000_1_000_232041,6,0.014004,0,5512171002,도로표지,8498602367,,2025-03-24,R25BK00734612
R25BK00734612_000_1_000_232041,7,0.008621,0,5512171002,도로표지,2828102915,,2025-03-24,R25BK00734612
R25BK00734612_000_1_000_232041,8,0.008083,0,5512171002,도로표지,3943700202,,2025-03-24,R25BK00734612
R25BK00734612_000_1_000_232041,9,0.007311,0,5512171002,도로표지,2918200107,,2025-03-24,R25BK00734612
R25BK00734612_000_1_000_232041,10,0.005732,0,5512171002,도로표지,2634200616,,2025-03-24,R25BK00734612
R25BK00707060_000_1_000_230669,1,0.852213,1,4015151301,수중펌프,1131581453,동양펌프,2025-03-25,R25BK00707060
R25BK00707060_000_1_000_230669,2,0.664246,0,4015151301,수중펌프,2988102360,,2025-03-25,R25BK00707060
R25BK00707060_000_1_000_230669,3,0.444277,0,4015151301,수중펌프,2998200019,,2025-03-25,R25BK00707060
R25BK00707060_000_1_000_230669,4,0.44032,0,4015151301,수중펌프,1318176443,,2025-03-25,R25BK00707060
R25BK00707060_000_1_000_230669,5,0.029395,0,4015151301,수중펌프,3080244395,,2025-03-25,R25BK00707060
R25BK00707060_000_1_000_230669,6,0.020337,0,4015151301,수중펌프,1191394404,,2025-03-25,R25BK00707060
R25BK00707060_000_1_000_230669,7,0.010408,0,4015151301,수중펌프,3500800221,,2025-03-25,R25BK00707060
R25BK00707060_000_1_000_230669,8,0.009896,0,4015151301,수중펌프,5748801449,,2025-03-25,R25BK00707060
R25BK00707060_000_1_000_230669,9,0.007323,0,4015151301,수중펌프,2338601340,,2025-03-25,R25BK00707060
R25BK00707060_000_1_000_230669,10,0.006569,0,4015151301,수중펌프,8642001376,,2025-03-25,R25BK00707060
R25BK00721909_000_1_000_230060,1,0.274816,0,5216151201,스피커,5108127392,,2025-03-25,R25BK00721909
R25BK00721909_000_1_000_230060,2,0.226328,0,5216151201,스피커,1098182633,,2025-03-25,R25BK00721909
R25BK00721909_000_1_000_230060,3,0.188245,1,5216151201,스피커,7390302693,대한시스텍,2025-03-25,R25BK00721909
R25BK00721909_000_1_000_230060,4,0.166348,0,5216151201,스피커,1138655988,,2025-03-25,R25BK00721909
R25BK00721909_000_1_000_230060,5,0.160838,0,5216151201,스피커,2128800445,,2025-03-25,R25BK00721909
R25BK00721909_000_1_000_230060,6,0.13063,0,5216151201,스피커,4240801327,,2025-03-25,R25BK00721909
R25BK00721909_000_1_000_230060,7,0.127897,0,5216151201,스피커,1078646179,,2025-03-25,R25BK00721909
R25BK00721909_000_1_000_230060,8,0.064691,0,5216151201,스피커,1410527042,,2025-03-25,R25BK00721909
R25BK00721909_000_1_000_230060,9,0.054127,0,5216151201,스피커,1238179401,,2025-03-25,R25BK00721909
R25BK00721909_000_1_000_230060,10,0.050103,0,5216151201,스피커,2878600197,,2025-03-25,R25BK00721909
R25BK00731237_001_1_000_229441,1,0.491113,1,4014239302,수도용폴리에틸렌이음관,1378124230,푸른나래(주),2025-03-26,R25BK00731237
R25BK00731237_001_1_000_229441,2,0.178145,0,4014239302,수도용폴리에틸렌이음관,2228110505,,2025-03-26,R25BK00731237
R25BK00731237_001_1_000_229441,3,0.134712,0,4014239302,수도용폴리에틸렌이음관,3100676850,,2025-03-26,R25BK00731237
R25BK00731237_001_1_000_229441,4,0.064786,0,4014239302,수도용폴리에틸렌이음관,1270383587,,2025-03-26,R25BK00731237
R25BK00731237_001_1_000_229441,5,0.046067,0,4014239302,수도용폴리에틸렌이음관,1272870993,,2025-03-26,R25BK00731237
R25BK00731237_001_1_000_229441,6,0.03803,0,4014239302,수도용폴리에틸렌이음관,2228129552,,2025-03-26,R25BK00731237
R25BK00731237_001_1_000_229441,7,0.034143,0,4014239302,수도용폴리에틸렌이음관,3100535075,,2025-03-26,R25BK00731237
R25BK00731237_001_1_000_229441,8,0.029309,0,4014239302,수도용폴리에틸렌이음관,5588802859,,2025-03-26,R25BK00731237
R25BK00731237_001_1_000_229441,9,0.029069,0,4014239302,수도용폴리에틸렌이음관,2518702816,,2025-03-26,R25BK00731237
R25BK00731237_001_1_000_229441,10,0.012527,0,4014239302,수도용폴리에틸렌이음관,3122630197,,2025-03-26,R25BK00731237
R25BK00744044_000_1_000_235543,1,0.21826,0,2410171201,벨트컨베이어,6068644891,,2025-03-26,R25BK00744044
R25BK00744044_000_1_000_235543,2,0.180363,0,2410171201,벨트컨베이어,3808701658,,2025-03-26,R25BK00744044
R25BK00744044_000_1_000_235543,3,0.1522,0,2410171201,벨트컨베이어,2028602699,,2025-03-26,R25BK00744044
R25BK00744044_000_1_000_235543,4,0.120529,1,2410171201,벨트컨베이어,5688200569,사단법인 벗나래복지회사업단,2025-03-26,R25BK00744044
R25BK00744044_000_1_000_235543,5,0.059563,0,2410171201,벨트컨베이어,2028702513,,2025-03-26,R25BK00744044
R25BK00744044_000_1_000_235543,6,0.015226,0,2410171201,벨트컨베이어,4486200651,,2025-03-26,R25BK00744044
R25BK00744044_000_1_000_235543,7,0.014566,0,2410171201,벨트컨베이어,1698702157,,2025-03-26,R25BK00744044
R25BK00744044_000_1_000_235543,8,0.014358,0,2410171201,벨트컨베이어,6054388680,,2025-03-26,R25BK00744044
R25BK00744044_000_1_000_235543,9,0.011224,0,2410171201,벨트컨베이어,4018800249,,2025-03-26,R25BK00744044
R25BK00744044_000_1_000_235543,10,0.00491,0,2410171201,벨트컨베이어,5391501739,,2025-03-26,R25BK00744044
R25BK00718337_000_1_000_242850,1,0.916308,1,4617160601,사이렌,5048609846,이디에스 주식회사,2025-03-27,R25BK00718337
R25BK00718337_000_1_000_242850,2,0.881466,0,4617160601,사이렌,6058629558,,2025-03-27,R25BK00718337
R25BK00718337_000_1_000_242850,3,0.472078,0,4617160601,사이렌,4028193494,,2025-03-27,R25BK00718337
R25BK00718337_000_1_000_242850,4,0.46531,0,4617160601,사이렌,7998801223,,2025-03-27,R25BK00718337
R25BK00718337_000_1_000_242850,5,0.208746,0,4617160601,사이렌,6118106287,,2025-03-27,R25BK00718337
R25BK00718337_000_1_000_242850,6,0.137384,0,4617160601,사이렌,3178115400,,2025-03-27,R25BK00718337
R25BK00718337_000_1_000_242850,7,0.069045,0,4617160601,사이렌,4108709344,,2025-03-27,R25BK00718337
R25BK00718337_000_1_000_242850,8,0.048386,0,4617160601,사이렌,6168183687,,2025-03-27,R25BK00718337
R25BK00718337_000_1_000_242850,9,0.046866,0,4617160601,사이렌,3018110318,,2025-03-27,R25BK00718337
R25BK00718337_000_1_000_242850,10,0.039559,0,4617160601,사이렌,3058195003,,2025-03-27,R25BK00718337
R25BK00718466_000_1_000_236925,1,0.627134,1,2610111501,삼상농형유도전동기,3268101031,주식회사 발렌베리,2025-03-27,R25BK00718466
R25BK00718466_000_1_000_236925,2,0.115171,0,2610111501,삼상농형유도전동기,5734700560,,2025-03-27,R25BK00718466
R25BK00718466_000_1_000_236925,3,0.056735,0,2610111501,삼상농형유도전동기,1191972076,,2025-03-27,R25BK00718466
R25BK00718466_000_1_000_236925,4,0.047475,0,2610111501,삼상농형유도전동기,8466000619,,2025-03-27,R25BK00718466
R25BK00718466_000_1_000_236925,5,0.025584,0,2610111501,삼상농형유도전동기,3112301494,,2025-03-27,R25BK00718466
R25BK00718466_000_1_000_236925,6,0.023459,0,2610111501,삼상농형유도전동기,2731701871,,2025-03-27,R25BK00718466
R25BK00718466_000_1_000_236925,7,0.022643,0,2610111501,삼상농형유도전동기,6502202014,,2025-03-27,R25BK00718466
R25BK00718466_000_1_000_236925,8,0.020838,0,2610111501,삼상농형유도전동기,7588103478,,2025-03-27,R25BK00718466
R25BK00718466_000_1_000_236925,9,0.019934,0,2610111501,삼상농형유도전동기,6162453900,,2025-03-27,R25BK00718466
R25BK00718466_000_1_000_236925,10,0.018498,0,2610111501,삼상농형유도전동기,8275500012,,2025-03-27,R25BK00718466
R25BK00737451_000_1_000_230478,1,0.484182,0,4710998001,제진기,4228602783,,2025-03-27,R25BK00737451
R25BK00737451_000_1_000_230478,2,0.355625,0,4710998001,제진기,1808802923,,2025-03-27,R25BK00737451
R25BK00737451_000_1_000_230478,3,0.303665,0,4710998001,제진기,5158114780,,2025-03-27,R25BK00737451
R25BK00737451_000_1_000_230478,4,0.268413,0,4710998001,제진기,8208602842,,2025-03-27,R25BK00737451
R25BK00737451_000_1_000_230478,5,0.268069,0,4710998001,제진기,2028702513,,2025-03-27,R25BK00737451
R25BK00737451_000_1_000_230478,6,0.241734,0,4710998001,제진기,5022625977,,2025-03-27,R25BK00737451
R25BK00737451_000_1_000_230478,7,0.178347,0,4710998001,제진기,3978101727,,2025-03-27,R25BK00737451
R25BK00737451_000_1_000_230478,8,0.173097,0,4710998001,제진기,4488700969,,2025-03-27,R25BK00737451
R25BK00737451_000_1_000_230478,9,0.162483,0,4710998001,제진기,8761902071,,2025-03-27,R25BK00737451
R25BK00737451_000_1_000_230478,10,0.154418,1,4710998001,제진기,5688200569,사단법인 벗나래복지회사업단,2025-03-27,R25BK00737451
R25BK00732786_000_1_000_232197,1,0.84548,1,2110150301,관리기,6110752059,아세아농기계함양대리점,2025-03-28,R25BK00732786
R25BK00732786_000_1_000_232197,2,0.733624,0,2110150301,관리기,8790800756,,2025-03-28,R25BK00732786
R25BK00732786_000_1_000_232197,3,0.582939,0,2110150301,관리기,6110430525,,2025-03-28,R25BK00732786
R25BK00732786_000_1_000_232197,4,0.333138,0,2110150301,관리기,3708600335,,2025-03-28,R25BK00732786
R25BK00732786_000_1_000_232197,5,0.144469,0,2110150301,관리기,2260271305,,2025-03-28,R25BK00732786
R25BK00732786_000_1_000_232197,6,0.141872,0,2110150301,관리기,1873300789,,2025-03-28,R25BK00732786
R25BK00732786_000_1_000_232197,7,0.122186,0,2110150301,관리기,1271067950,,2025-03-28,R25BK00732786
R25BK00732786_000_1_000_232197,8,0.079941,0,2110150301,관리기,6120357874,,2025-03-28,R25BK00732786
R25BK00732786_000_1_000_232197,9,0.061461,0,2110150301,관리기,2250494823,,2025-03-28,R25BK00732786
R25BK00732786_000_1_000_232197,10,0.055358,0,2110150301,관리기,2771801583,,2025-03-28,R25BK00732786
R25BK00735196_000_1_000_238910,1,0.866175,1,3010990201,혼합골재,3428803044,씨에스산업주식회사,2025-03-28,R25BK00735196
R25BK00735196_000_1_000_238910,2,0.03313,0,3010990201,혼합골재,6688602531,,2025-03-28,R25BK00735196
R25BK00735196_000_1_000_238910,3,0.031522,0,3010990201,혼합골재,3268603067,,2025-03-28,R25BK00735196
R25BK00735196_000_1_000_238910,4,0.023144,0,3010990201,혼합골재,7883700668,,2025-03-28,R25BK00735196
R25BK00735196_000_1_000_238910,5,0.019689,0,3010990201,혼합골재,6108177912,,2025-03-28,R25BK00735196
R25BK00735196_000_1_000_238910,6,0.019689,0,3010990201,혼합골재,6058546792,,2025-03-28,R25BK00735196
R25BK00735196_000_1_000_238910,7,0.010673,0,3010990201,혼합골재,4161697832,,2025-03-28,R25BK00735196
R25BK00735196_000_1_000_238910,8,0.010673,0,3010990201,혼합골재,4168180571,,2025-03-28,R25BK00735196
R25BK00735196_000_1_000_238910,9,0.007548,0,3010990201,혼합골재,7527500263,,2025-03-28,R25BK00735196
R25BK00735196_000_1_000_238910,10,0.007507,0,3010990201,혼합골재,4101468373,,2025-03-28,R25BK00735196
R25BK00748426_000_1_000_234196,1,0.814554,1,4617166801,불법촬영카메라탐지기,6058136641,(주)지슨,2025-03-28,R25BK00748426
R25BK00748426_000_1_000_234196,2,0.282298,0,4617166801,불법촬영카메라탐지기,3058137207,,2025-03-28,R25BK00748426
R25BK00748426_000_1_000_234196,3,0.021948,0,4617166801,불법촬영카메라탐지기,2208175439,,2025-03-28,R25BK00748426
R25BK00748426_000_1_000_234196,4,0.021154,0,4617166801,불법촬영카메라탐지기,1658701739,,2025-03-28,R25BK00748426
R25BK00748426_000_1_000_234196,5,0.005788,0,4617166801,불법촬영카메라탐지기,1918102282,,2025-03-28,R25BK00748426
R25BK00748426_000_1_000_234196,6,0.002297,0,4617166801,불법촬영카메라탐지기,4420301354,,2025-03-28,R25BK00748426
R25BK00748426_000_1_000_234196,7,0.002152,0,4617166801,불법촬영카메라탐지기,7582500077,,2025-03-28,R25BK00748426
R25BK00748426_000_1_000_234196,8,0.002075,0,4617166801,불법촬영카메라탐지기,3113201104,,2025-03-28,R25BK00748426
R25BK00748426_000_1_000_234196,9,0.001335,0,4617166801,불법촬영카메라탐지기,2081214358,,2025-03-28,R25BK00748426
R25BK00748426_000_1_000_234196,10,0.001224,0,4617166801,불법촬영카메라탐지기,4221100318,,2025-03-28,R25BK00748426
R25BK00738496_000_1_000_242905,1,0.853231,1,3010990201,혼합골재,2738601329,(주)상지골재산업,2025-03-31,R25BK00738496
R25BK00738496_000_1_000_242905,2,0.57937,0,3010990201,혼합골재,2888801913,,2025-03-31,R25BK00738496
R25BK00738496_000_1_000_242905,3,0.042319,0,3010990201,혼합골재,5100138301,,2025-03-31,R25BK00738496
R25BK00738496_000_1_000_242905,4,0.020828,0,3010990201,혼합골재,3341100442,,2025-03-31,R25BK00738496
R25BK00738496_000_1_000_242905,5,0.016829,0,3010990201,혼합골재,6132893217,,2025-03-31,R25BK00738496
R25BK00738496_000_1_000_242905,6,0.016756,0,3010990201,혼합골재,7504100767,,2025-03-31,R25BK00738496
R25BK00738496_000_1_000_242905,7,0.011595,0,3010990201,혼합골재,2808601477,,2025-03-31,R25BK00738496
R25BK00738496_000_1_000_242905,8,0.010276,0,3010990201,혼합골재,4708602782,,2025-03-31,R25BK00738496
R25BK00738496_000_1_000_242905,9,0.008591,0,3010990201,혼합골재,7211301237,,2025-03-31,R25BK00738496
R25BK00738496_000_1_000_242905,10,0.007465,0,3010990201,혼합골재,5318101818,,2025-03-31,R25BK00738496
R25BK00745720_000_1_000_237892,1,0.805706,0,3912118901,계장제어장치,4048511410,,2025-04-01,R25BK00745720
R25BK00745720_000_1_000_237892,2,0.70829,1,3912118901,계장제어장치,1382601527,리테크,2025-04-01,R25BK00745720
R25BK00745720_000_1_000_237892,3,0.312603,0,3912118901,계장제어장치,1618800356,,2025-04-01,R25BK00745720
R25BK00745720_000_1_000_237892,4,0.248791,0,3912118901,계장제어장치,6441601488,,2025-04-01,R25BK00745720
R25BK00745720_000_1_000_237892,5,0.245546,0,3912118901,계장제어장치,5698102243,,2025-04-01,R25BK00745720
R25BK00745720_000_1_000_237892,6,0.193249,0,3912118901,계장제어장치,3538602833,,2025-04-01,R25BK00745720
R25BK00745720_000_1_000_237892,7,0.176799,0,3912118901,계장제어장치,7312301586,,2025-04-01,R25BK00745720
R25BK00745720_000_1_000_237892,8,0.145457,0,3912118901,계장제어장치,2258120259,,2025-04-01,R25BK00745720
R25BK00745720_000_1_000_237892,9,0.078781,0,3912118901,계장제어장치,2188601225,,2025-04-01,R25BK00745720
R25BK00745720_000_1_000_237892,10,0.072732,0,3912118901,계장제어장치,4118134354,,2025-04-01,R25BK00745720
R25BK00740024_000_1_000_241667,1,0.170215,0,4713189901,탈황제,6264301093,,2025-04-02,R25BK00740024
R25BK00740024_000_1_000_241667,2,0.166224,0,4713189901,탈황제,2181604914,,2025-04-02,R25BK00740024
R25BK00740024_000_1_000_241667,3,0.160651,0,4713189901,탈황제,8798802737,,2025-04-02,R25BK00740024
R25BK00740024_000_1_000_241667,4,0.140261,1,4713189901,탈황제,5330902326,야은물산,2025-04-02,R25BK00740024
R25BK00740024_000_1_000_241667,5,0.134527,0,4713189901,탈황제,7566200509,,2025-04-02,R25BK00740024
R25BK00740024_000_1_000_241667,6,0.093667,0,4713189901,탈황제,3878602059,,2025-04-02,R25BK00740024
R25BK00740024_000_1_000_241667,7,0.082261,0,4713189901,탈황제,5390202252,,2025-04-02,R25BK00740024
R25BK00740024_000_1_000_241667,8,0.074608,0,4713189901,탈황제,2123216993,,2025-04-02,R25BK00740024
R25BK00740024_000_1_000_241667,9,0.057024,0,4713189901,탈황제,3613100350,,2025-04-02,R25BK00740024
R25BK00740024_000_1_000_241667,10,0.05552,0,4713189901,탈황제,4188800136,,2025-04-02,R25BK00740024
R25BK00747138_000_1_000_238006,1,0.793097,0,5612179801,칠판보조장,2478200487,,2025-04-02,R25BK00747138
R25BK00747138_000_1_000_238006,2,0.719979,0,5612179801,칠판보조장,2548100362,,2025-04-02,R25BK00747138
R25BK00747138_000_1_000_238006,3,0.711675,0,5612179801,칠판보조장,8218200403,,2025-04-02,R25BK00747138
R25BK00747138_000_1_000_238006,4,0.516792,0,5612179801,칠판보조장,5158140162,,2025-04-02,R25BK00747138
R25BK00747138_000_1_000_238006,5,0.128706,0,5612179801,칠판보조장,1723301258,,2025-04-02,R25BK00747138
R25BK00747138_000_1_000_238006,6,0.117368,0,5612179801,칠판보조장,5998100872,,2025-04-02,R25BK00747138
R25BK00747138_000_1_000_238006,7,0.1054,0,5612179801,칠판보조장,6408200634,,2025-04-02,R25BK00747138
R25BK00747138_000_1_000_238006,8,0.094426,0,5612179801,칠판보조장,3128216395,,2025-04-02,R25BK00747138
R25BK00747138_000_1_000_238006,9,0.091786,0,5612179801,칠판보조장,2568801968,,2025-04-02,R25BK00747138
R25BK00747138_000_1_000_238006,10,0.089978,0,5612179801,칠판보조장,4661801301,,2025-04-02,R25BK00747138
R25BK00750145_000_1_000_241619,1,0.84466,1,4617160601,사이렌,6058629558,(주)휴메인텍,2025-04-03,R25BK00750145
R25BK00750145_000_1_000_241619,2,0.58133,0,4617160601,사이렌,1118193899,,2025-04-03,R25BK00750145
R25BK00750145_000_1_000_241619,3,0.344578,0,4617160601,사이렌,3598700806,,2025-04-03,R25BK00750145
R25BK00750145_000_1_000_241619,4,0.308144,0,4617160601,사이렌,3618801708,,2025-04-03,R25BK00750145
R25BK00750145_000_1_000_241619,5,0.133281,0,4617160601,사이렌,1138689528,,2025-04-03,R25BK00750145
R25BK00750145_000_1_000_241619,6,0.058084,0,4617160601,사이렌,3178115400,,2025-04-03,R25BK00750145
R25BK00750145_000_1_000_241619,7,0.052941,0,4617160601,사이렌,1378128823,,2025-04-03,R25BK00750145
R25BK00750145_000_1_000_241619,8,0.039191,0,4617160601,사이렌,4108709344,,2025-04-03,R25BK00750145
R25BK00750145_000_1_000_241619,9,0.037014,0,4617160601,사이렌,6212170706,,2025-04-03,R25BK00750145
R25BK00750145_000_1_000_241619,10,0.021379,0,4617160601,사이렌,3128646669,,2025-04-03,R25BK00750145
R25BK00746282_000_1_000_238791,1,0.32452,0,4710151301,산소발생기,3941002353,,2025-04-04,R25BK00746282
R25BK00746282_000_1_000_238791,2,0.251502,0,4710151301,산소발생기,2790503350,,2025-04-04,R25BK00746282
R25BK00746282_000_1_000_238791,3,0.21095,0,4710151301,산소발생기,4121425031,,2025-04-04,R25BK00746282
R25BK00746282_000_1_000_238791,4,0.20277,0,4710151301,산소발생기,8951202544,,2025-04-04,R25BK00746282
R25BK00746282_000_1_000_238791,5,0.159575,0,4710151301,산소발생기,4145000484,,2025-04-04,R25BK00746282
R25BK00746282_000_1_000_238791,6,0.142528,0,4710151301,산소발생기,8444300178,,2025-04-04,R25BK00746282
R25BK00746282_000_1_000_238791,7,0.136507,0,4710151301,산소발생기,2943800364,,2025-04-04,R25BK00746282
R25BK00746282_000_1_000_238791,8,0.13379,0,4710151301,산소발생기,7262302002,,2025-04-04,R25BK00746282
R25BK00746282_000_1_000_238791,9,0.132497,0,4710151301,산소발생기,5210102287,,2025-04-04,R25BK00746282
R25BK00746282_000_1_000_238791,10,0.130934,0,4710151301,산소발생기,3312002083,,2025-04-04,R25BK00746282
R25BK00747599_000_1_000_237815,1,0.150217,0,4616178701,구조경보기,4360502686,,2025-04-04,R25BK00747599
R25BK00747599_000_1_000_237815,2,0.071776,0,4616178701,구조경보기,5391501739,,2025-04-04,R25BK00747599
R25BK00747599_000_1_000_237815,3,0.047104,0,4616178701,구조경보기,6323900020,,2025-04-04,R25BK00747599
R25BK00747599_000_1_000_237815,4,0.044941,0,4616178701,구조경보기,8936800324,,2025-04-04,R25BK00747599
R25BK00747599_000_1_000_237815,5,0.044372,0,4616178701,구조경보기,7618802630,,2025-04-04,R25BK00747599
R25BK00747599_000_1_000_237815,6,0.024222,1,4616178701,구조경보기,6848803138,주식회사 리덤비,2025-04-04,R25BK00747599
R25BK00747599_000_1_000_237815,7,0.021038,0,4616178701,구조경보기,3142657377,,2025-04-04,R25BK00747599
R25BK00747599_000_1_000_237815,8,0.019159,0,4616178701,구조경보기,7758102246,,2025-04-04,R25BK00747599
R25BK00747599_000_1_000_237815,9,0.01521,0,4616178701,구조경보기,5045100692,,2025-04-04,R25BK00747599
R25BK00747599_000_1_000_237815,10,0.014538,0,4616178701,구조경보기,3263301267,,2025-04-04,R25BK00747599
R25BK00754950_000_1_001_238093,1,0.478836,0,3912110101,분전반,8608200825,,2025-04-04,R25BK00754950
R25BK00754950_000_1_001_238093,2,0.310072,0,3912110101,분전반,3058620337,,2025-04-04,R25BK00754950
R25BK00754950_000_1_001_238093,3,0.259717,1,3912110101,분전반,3130703538,정우테크,2025-04-04,R25BK00754950
R25BK00754950_000_1_001_238093,4,0.088515,0,3912110101,분전반,1428701435,,2025-04-04,R25BK00754950
R25BK00754950_000_1_001_238093,5,0.077566,0,3912110101,분전반,3078144418,,2025-04-04,R25BK00754950
R25BK00754950_000_1_001_238093,6,0.067886,0,3912110101,분전반,4158141541,,2025-04-04,R25BK00754950
R25BK00754950_000_1_001_238093,7,0.066731,0,3912110101,분전반,6588702303,,2025-04-04,R25BK00754950
R25BK00754950_000_1_001_238093,8,0.016055,0,3912110101,분전반,1673301052,,2025-04-04,R25BK00754950
R25BK00754950_000_1_001_238093,9,0.008958,0,3912110101,분전반,5918102895,,2025-04-04,R25BK00754950
R25BK00754950_000_1_001_238093,10,0.006792,0,3912110101,분전반,4178148351,,2025-04-04,R25BK00754950
R25BK00761635_000_1_000_239102,1,0.553785,0,3010990401,순환골재,4038151482,,2025-04-04,R25BK00761635
R25BK00761635_000_1_000_239102,2,0.331987,1,3010990401,순환골재,5058113159,(주)대명환경산업,2025-04-04,R25BK00761635
R25BK00761635_000_1_000_239102,3,0.019515,0,3010990401,순환골재,3110931309,,2025-04-04,R25BK00761635
R25BK00761635_000_1_000_239102,4,0.019264,0,3010990401,순환골재,1278112585,,2025-04-04,R25BK00761635
R25BK00761635_000_1_000_239102,5,0.004454,0,3010990401,순환골재,3771800375,,2025-04-04,R25BK00761635
R25BK00761635_000_1_000_239102,6,0.004172,0,3010990401,순환골재,5483301101,,2025-04-04,R25BK00761635
R25BK00761635_000_1_000_239102,7,0.004169,0,3010990401,순환골재,6700202359,,2025-04-04,R25BK00761635
R25BK00761635_000_1_000_239102,8,0.003933,0,3010990401,순환골재,5058138596,,2025-04-04,R25BK00761635
R25BK00761635_000_1_000_239102,9,0.002451,0,3010990401,순환골재,7150501727,,2025-04-04,R25BK00761635
R25BK00761635_000_1_000_239102,10,0.002127,0,3010990401,순환골재,6352100820,,2025-04-04,R25BK00761635
R25BK00754340_000_1_000_239492,1,0.871821,1,2110180601,퇴비살포기,4040186094,정주농축산기계,2025-04-07,R25BK00754340
R25BK00754340_000_1_000_239492,2,0.684498,0,2110180601,퇴비살포기,4048120570,,2025-04-07,R25BK00754340
R25BK00754340_000_1_000_239492,3,0.633002,0,2110180601,퇴비살포기,6648602878,,2025-04-07,R25BK00754340
R25BK00754340_000_1_000_239492,4,0.223938,0,2110180601,퇴비살포기,4140145412,,2025-04-07,R25BK00754340
R25BK00754340_000_1_000_239492,5,0.111484,0,2110180601,퇴비살포기,4050598062,,2025-04-07,R25BK00754340
R25BK00754340_000_1_000_239492,6,0.11071,0,2110180601,퇴비살포기,5372502105,,2025-04-07,R25BK00754340
R25BK00754340_000_1_000_239492,7,0.076647,0,2110180601,퇴비살포기,5464500400,,2025-04-07,R25BK00754340
R25BK00754340_000_1_000_239492,8,0.070277,0,2110180601,퇴비살포기,4060492365,,2025-04-07,R25BK00754340
R25BK00754340_000_1_000_239492,9,0.014879,0,2110180601,퇴비살포기,3628101610,,2025-04-07,R25BK00754340
R25BK00754340_000_1_000_239492,10,0.009045,0,2110180601,퇴비살포기,8866800758,,2025-04-07,R25BK00754340
R25BK00756901_000_1_000_239735,1,0.574025,0,4616158301,도로반사경,4222801028,,2025-04-07,R25BK00756901
R25BK00756901_000_1_000_239735,2,0.52842,0,4616158301,도로반사경,6621602597,,2025-04-07,R25BK00756901
R25BK00756901_000_1_000_239735,3,0.373253,0,4616158301,도로반사경,1378619974,,2025-04-07,R25BK00756901
R25BK00756901_000_1_000_239735,4,0.158263,0,4616158301,도로반사경,8540700954,,2025-04-07,R25BK00756901
R25BK00756901_000_1_000_239735,5,0.142287,1,4616158301,도로반사경,4040664722,누리,2025-04-07,R25BK00756901
R25BK00756901_000_1_000_239735,6,0.129294,0,4616158301,도로반사경,5970202113,,2025-04-07,R25BK00756901
R25BK00756901_000_1_000_239735,7,0.116636,0,4616158301,도로반사경,4021974980,,2025-04-07,R25BK00756901
R25BK00756901_000_1_000_239735,8,0.106299,0,4616158301,도로반사경,3123177838,,2025-04-07,R25BK00756901
R25BK00756901_000_1_000_239735,9,0.097723,0,4616158301,도로반사경,6411301023,,2025-04-07,R25BK00756901
R25BK00756901_000_1_000_239735,10,0.095925,0,4616158301,도로반사경,4180834992,,2025-04-07,R25BK00756901
R25BK00757385_000_1_000_236778,1,0.403603,1,4111240701,수위계,5098107794,케이테크정보통신 주식회사,2025-04-07,R25BK00757385
R25BK00757385_000_1_000_236778,2,0.109893,0,4111240701,수위계,8200102748,,2025-04-07,R25BK00757385
R25BK00757385_000_1_000_236778,3,0.106851,0,4111240701,수위계,3401302148,,2025-04-07,R25BK00757385
R25BK00757385_000_1_000_236778,4,0.036728,0,4111240701,수위계,7454101124,,2025-04-07,R25BK00757385
R25BK00757385_000_1_000_236778,5,0.02053,0,4111240701,수위계,4130352928,,2025-04-07,R25BK00757385
R25BK00757385_000_1_000_236778,6,0.019293,0,4111240701,수위계,5165700891,,2025-04-07,R25BK00757385
R25BK00757385_000_1_000_236778,7,0.017771,0,4111240701,수위계,1524100736,,2025-04-07,R25BK00757385
R25BK00757385_000_1_000_236778,8,0.016446,0,4111240701,수위계,8730701556,,2025-04-07,R25BK00757385
R25BK00757385_000_1_000_236778,9,0.015948,0,4111240701,수위계,1043855722,,2025-04-07,R25BK00757385
R25BK00757385_000_1_000_236778,10,0.015286,0,4111240701,수위계,6511401634,,2025-04-07,R25BK00757385
R25BK00767040_001_1_000_241688,1,0.979583,1,4619160702,공기호흡기,1358121955,주식회사 한컴라이프케어,2025-04-07,R25BK00767040
R25BK00767040_001_1_000_241688,2,0.277887,0,4619160702,공기호흡기,3053143096,,2025-04-07,R25BK00767040
R25BK00767040_001_1_000_241688,3,0.066507,0,4619160702,공기호흡기,4040833320,,2025-04-07,R25BK00767040
R25BK00767040_001_1_000_241688,4,0.038323,0,4619160702,공기호흡기,2053847700,,2025-04-07,R25BK00767040
R25BK00767040_001_1_000_241688,5,0.026813,0,4619160702,공기호흡기,2048195578,,2025-04-07,R25BK00767040
R25BK00767040_001_1_000_241688,6,0.024084,0,4619160702,공기호흡기,3168112211,,2025-04-07,R25BK00767040
R25BK00767040_001_1_000_241688,7,0.022956,0,4619160702,공기호흡기,6212082530,,2025-04-07,R25BK00767040
R25BK00767040_001_1_000_241688,8,0.022662,0,4619160702,공기호흡기,7283900466,,2025-04-07,R25BK00767040
R25BK00767040_001_1_000_241688,9,0.02197,0,4619160702,공기호흡기,5798602906,,2025-04-07,R25BK00767040
R25BK00767040_001_1_000_241688,10,0.01746,0,4619160702,공기호흡기,2228112503,,2025-04-07,R25BK00767040
R25BK00758196_000_1_000_240799,1,0.369192,0,3011160102,시멘트,1480901487,,2025-04-08,R25BK00758196
R25BK00758196_000_1_000_240799,2,0.285424,0,3011160102,시멘트,2056800468,,2025-04-08,R25BK00758196
R25BK00758196_000_1_000_240799,3,0.285424,0,3011160102,시멘트,1021851149,,2025-04-08,R25BK00758196
R25BK00758196_000_1_000_240799,4,0.279342,0,3011160102,시멘트,5354900539,,2025-04-08,R25BK00758196
R25BK00758196_000_1_000_240799,5,0.185324,0,3011160102,시멘트,3148663456,,2025-04-08,R25BK00758196
R25BK00758196_000_1_000_240799,6,0.169394,0,3011160102,시멘트,1058766972,,2025-04-08,R25BK00758196
R25BK00758196_000_1_000_240799,7,0.137557,0,3011160102,시멘트,3035100615,,2025-04-08,R25BK00758196
R25BK00758196_000_1_000_240799,8,0.129622,0,3011160102,시멘트,8831702323,,2025-04-08,R25BK00758196
R25BK00758196_000_1_000_240799,9,0.118144,0,3011160102,시멘트,1682100941,,2025-04-08,R25BK00758196
R25BK00758196_000_1_000_240799,10,0.111414,0,3011160102,시멘트,6092439860,,2025-04-08,R25BK00758196
R25BK00758345_000_1_000_242054,1,0.717952,1,1235239101,염화칼슘,4078110668,(유)신화건설,2025-04-08,R25BK00758345
R25BK00758345_000_1_000_242054,2,0.674331,0,1235239101,염화칼슘,8268600110,,2025-04-08,R25BK00758345
R25BK00758345_000_1_000_242054,3,0.461997,0,1235239101,염화칼슘,4435900689,,2025-04-08,R25BK00758345
R25BK00758345_000_1_000_242054,4,0.312363,0,1235239101,염화칼슘,4140464026,,2025-04-08,R25BK00758345
R25BK00758345_000_1_000_242054,5,0.24402,0,1235239101,염화칼슘,4058701812,,2025-04-08,R25BK00758345
R25BK00758345_000_1_000_242054,6,0.223445,0,1235239101,염화칼슘,2548700802,,2025-04-08,R25BK00758345
R25BK00758345_000_1_000_242054,7,0.17437,0,1235239101,염화칼슘,2114981034,,2025-04-08,R25BK00758345
R25BK00758345_000_1_000_242054,8,0.152068,0,1235239101,염화칼슘,1278612810,,2025-04-08,R25BK00758345
R25BK00758345_000_1_000_242054,9,0.113761,0,1235239101,염화칼슘,6851801542,,2025-04-08,R25BK00758345
R25BK00758345_000_1_000_242054,10,0.090073,0,1235239101,염화칼슘,3038126631,,2025-04-08,R25BK00758345
R25BK00760467_000_1_000_239128,1,0.58562,1,3012160101,아스팔트,1054500887,청진글로벌,2025-04-08,R25BK00760467
R25BK00760467_000_1_000_239128,2,0.320157,0,3012160101,아스팔트,3278602682,,2025-04-08,R25BK00760467
R25BK00760467_000_1_000_239128,3,0.291153,0,3012160101,아스팔트,1667700511,,2025-04-08,R25BK00760467
R25BK00760467_000_1_000_239128,4,0.177754,0,3012160101,아스팔트,2082369994,,2025-04-08,R25BK00760467
R25BK00760467_000_1_000_239128,5,0.107816,0,3012160101,아스팔트,5041034428,,2025-04-08,R25BK00760467
R25BK00760467_000_1_000_239128,6,0.06278,0,3012160101,아스팔트,4846900428,,2025-04-08,R25BK00760467
R25BK00760467_000_1_000_239128,7,0.035462,0,3012160101,아스팔트,7728702123,,2025-04-08,R25BK00760467
R25BK00760467_000_1_000_239128,8,0.03511,0,3012160101,아스팔트,5897500501,,2025-04-08,R25BK00760467
R25BK00760467_000_1_000_239128,9,0.02166,0,3012160101,아스팔트,2334600670,,2025-04-08,R25BK00760467
R25BK00760467_000_1_000_239128,10,0.015741,0,3012160101,아스팔트,8464201176,,2025-04-08,R25BK00760467
R25BK00729879_000_1_000_240695,1,0.843559,1,1110152201,활성탄,2368601830,주식회사 이수카본,2025-04-09,R25BK00729879
R25BK00729879_000_1_000_240695,2,0.059152,0,1110152201,활성탄,2218145563,,2025-04-09,R25BK00729879
R25BK00729879_000_1_000_240695,3,0.048379,0,1110152201,활성탄,8703801037,,2025-04-09,R25BK00729879
R25BK00729879_000_1_000_240695,4,0.041117,0,1110152201,활성탄,1881801944,,2025-04-09,R25BK00729879
R25BK00729879_000_1_000_240695,5,0.035243,0,1110152201,활성탄,1611202761,,2025-04-09,R25BK00729879
R25BK00729879_000_1_000_240695,6,0.028254,0,1110152201,활성탄,5138135421,,2025-04-09,R25BK00729879
R25BK00729879_000_1_000_240695,7,0.027174,0,1110152201,활성탄,8694100945,,2025-04-09,R25BK00729879
R25BK00729879_000_1_000_240695,8,0.024149,0,1110152201,활성탄,6882201612,,2025-04-09,R25BK00729879
R25BK00729879_000_1_000_240695,9,0.023714,0,1110152201,활성탄,6580202984,,2025-04-09,R25BK00729879
R25BK00729879_000_1_000_240695,10,0.02351,0,1110152201,활성탄,2965600817,,2025-04-09,R25BK00729879
R25BK00748785_000_1_000_237865,1,0.476911,0,4617163501,화학작용제탐지기,1214561310,,2025-04-09,R25BK00748785
R25BK00748785_000_1_000_237865,2,0.342756,0,4617163501,화학작용제탐지기,1211872790,,2025-04-09,R25BK00748785
R25BK00748785_000_1_000_237865,3,0.337444,0,4617163501,화학작용제탐지기,8393701140,,2025-04-09,R25BK00748785
R25BK00748785_000_1_000_237865,4,0.293446,0,4617163501,화학작용제탐지기,3941802140,,2025-04-09,R25BK00748785
R25BK00748785_000_1_000_237865,5,0.263495,0,4617163501,화학작용제탐지기,2523201028,,2025-04-09,R25BK00748785
R25BK00748785_000_1_000_237865,6,0.246641,0,4617163501,화학작용제탐지기,2208111584,,2025-04-09,R25BK00748785
R25BK00748785_000_1_000_237865,7,0.196724,0,4617163501,화학작용제탐지기,2273001106,,2025-04-09,R25BK00748785
R25BK00748785_000_1_000_237865,8,0.13024,0,4617163501,화학작용제탐지기,7332202226,,2025-04-09,R25BK00748785
R25BK00748785_000_1_000_237865,9,0.130051,0,4617163501,화학작용제탐지기,4588102583,,2025-04-09,R25BK00748785
R25BK00748785_000_1_000_237865,10,0.121339,0,4617163501,화학작용제탐지기,8978601881,,2025-04-09,R25BK00748785
R25BK00748832_000_1_000_242642,1,0.416523,0,2614170201,방사능탐지기,8408601473,,2025-04-09,R25BK00748832
R25BK00748832_000_1_000_242642,2,0.29006,0,2614170201,방사능탐지기,6092439860,,2025-04-09,R25BK00748832
R25BK00748832_000_1_000_242642,3,0.183517,0,2614170201,방사능탐지기,2091785389,,2025-04-09,R25BK00748832
R25BK00748832_000_1_000_242642,4,0.146075,0,2614170201,방사능탐지기,8611101996,,2025-04-09,R25BK00748832
R25BK00748832_000_1_000_242642,5,0.142628,0,2614170201,방사능탐지기,6591702040,,2025-04-09,R25BK00748832
R25BK00748832_000_1_000_242642,6,0.122243,0,2614170201,방사능탐지기,7726000657,,2025-04-09,R25BK00748832
R25BK00748832_000_1_000_242642,7,0.11733,1,2614170201,방사능탐지기,3674401003,닛시,2025-04-09,R25BK00748832
R25BK00748832_000_1_000_242642,8,0.098966,0,2614170201,방사능탐지기,2394800589,,2025-04-09,R25BK00748832
R25BK00748832_000_1_000_242642,9,0.08687,0,2614170201,방사능탐지기,6333700126,,2025-04-09,R25BK00748832
R25BK00748832_000_1_000_242642,10,0.08627,0,2614170201,방사능탐지기,1646900709,,2025-04-09,R25BK00748832
R25BK00756729_000_1_000_240055,1,0.185241,0,2324239801,CNC선반,5161901433,,2025-04-09,R25BK00756729
R25BK00756729_000_1_000_240055,2,0.170694,0,2324239801,CNC선반,3061864998,,2025-04-09,R25BK00756729
R25BK00756729_000_1_000_240055,3,0.128168,0,2324239801,CNC선반,7180103124,,2025-04-09,R25BK00756729
R25BK00756729_000_1_000_240055,4,0.088521,0,2324239801,CNC선반,6335000450,,2025-04-09,R25BK00756729
R25BK00756729_000_1_000_240055,5,0.087141,0,2324239801,CNC선반,4688701109,,2025-04-09,R25BK00756729
R25BK00756729_000_1_000_240055,6,0.066669,0,2324239801,CNC선반,6805100846,,2025-04-09,R25BK00756729
R25BK00756729_000_1_000_240055,7,0.062701,0,2324239801,CNC선반,4203501258,,2025-04-09,R25BK00756729
R25BK00756729_000_1_000_240055,8,0.05971,0,2324239801,CNC선반,6898702966,,2025-04-09,R25BK00756729
R25BK00756729_000_1_000_240055,9,0.057143,0,2324239801,CNC선반,4373801126,,2025-04-09,R25BK00756729
R25BK00756729_000_1_000_240055,10,0.050426,0,2324239801,CNC선반,6231202274,,2025-04-09,R25BK00756729
R25BK00764170_000_1_000_243213,1,0.838509,1,4014165201,감압밸브,7048700665,주식회사 흥성,2025-04-09,R25BK00764170
R25BK00764170_000_1_000_243213,2,0.339754,0,4014165201,감압밸브,7634501101,,2025-04-09,R25BK00764170
R25BK00764170_000_1_000_243213,3,0.113747,0,4014165201,감압밸브,3058134802,,2025-04-09,R25BK00764170
R25BK00764170_000_1_000_243213,4,0.094953,0,4014165201,감압밸브,5290902123,,2025-04-09,R25BK00764170
R25BK00764170_000_1_000_243213,5,0.079635,0,4014165201,감압밸브,5401602375,,2025-04-09,R25BK00764170
R25BK00764170_000_1_000_243213,6,0.065855,0,4014165201,감압밸브,2496500642,,2025-04-09,R25BK00764170
R25BK00764170_000_1_000_243213,7,0.06142,0,4014165201,감압밸브,8241602365,,2025-04-09,R25BK00764170
R25BK00764170_000_1_000_243213,8,0.059955,0,4014165201,감압밸브,3248100486,,2025-04-09,R25BK00764170
R25BK00764170_000_1_000_243213,9,0.058786,0,4014165201,감압밸브,1532501835,,2025-04-09,R25BK00764170
R25BK00764170_000_1_000_243213,10,0.057945,0,4014165201,감압밸브,8612101471,,2025-04-09,R25BK00764170
R25BK00765007_000_1_000_238773,1,0.772166,0,4918150101,당구대,4091230024,,2025-04-09,R25BK00765007
R25BK00765007_000_1_000_238773,2,0.760853,0,4918150101,당구대,4081497216,,2025-04-09,R25BK00765007
R25BK00765007_000_1_000_238773,3,0.615468,0,4918150101,당구대,4038163275,,2025-04-09,R25BK00765007
R25BK00765007_000_1_000_238773,4,0.587854,0,4918150101,당구대,4080788704,,2025-04-09,R25BK00765007
R25BK00765007_000_1_000_238773,5,0.485423,0,4918150101,당구대,1840901538,,2025-04-09,R25BK00765007
R25BK00765007_000_1_000_238773,6,0.37776,1,4918150101,당구대,4101550453,뉴바른손유통,2025-04-09,R25BK00765007
R25BK00765007_000_1_000_238773,7,0.358665,0,4918150101,당구대,8951202544,,2025-04-09,R25BK00765007
R25BK00765007_000_1_000_238773,8,0.192809,0,4918150101,당구대,2520601709,,2025-04-09,R25BK00765007
R25BK00765007_000_1_000_238773,9,0.075903,0,4918150101,당구대,2381402522,,2025-04-09,R25BK00765007
R25BK00765007_000_1_000_238773,10,0.053653,0,4918150101,당구대,3717900494,,2025-04-09,R25BK00765007
R25BK00767760_000_1_000_237669,1,0.372013,1,4111250101,유량계,1178146040,선진테크1 주식회사,2025-04-09,R25BK00767760
R25BK00767760_000_1_000_237669,2,0.171744,0,4111250101,유량계,1248137874,,2025-04-09,R25BK00767760
R25BK00767760_000_1_000_237669,3,0.081482,0,4111250101,유량계,2844900553,,2025-04-09,R25BK00767760
R25BK00767760_000_1_000_237669,4,0.06276,0,4111250101,유량계,1388157622,,2025-04-09,R25BK00767760
R25BK00767760_000_1_000_237669,5,0.048983,0,4111250101,유량계,1132270347,,2025-04-09,R25BK00767760
R25BK00767760_000_1_000_237669,6,0.020906,0,4111250101,유량계,4090243063,,2025-04-09,R25BK00767760
R25BK00767760_000_1_000_237669,7,0.010433,0,4111250101,유량계,5218102275,,2025-04-09,R25BK00767760
R25BK00767760_000_1_000_237669,8,0.010294,0,4111250101,유량계,7068602454,,2025-04-09,R25BK00767760
R25BK00767760_000_1_000_237669,9,0.009025,0,4111250101,유량계,1312045032,,2025-04-09,R25BK00767760
R25BK00767760_000_1_000_237669,10,0.007243,0,4111250101,유량계,6418702417,,2025-04-09,R25BK00767760
R25BK00770388_000_1_000_238319,1,0.936082,1,4616150601,눈및얼음융해장치,1248705767,주식회사 영신,2025-04-09,R25BK00770388
R25BK00770388_000_1_000_238319,2,0.143141,0,4616150601,눈및얼음융해장치,6218524131,,2025-04-09,R25BK00770388
R25BK00770388_000_1_000_238319,3,0.082561,0,4616150601,눈및얼음융해장치,4118167646,,2025-04-09,R25BK00770388
R25BK00770388_000_1_000_238319,4,0.030072,0,4616150601,눈및얼음융해장치,8853800137,,2025-04-09,R25BK00770388
R25BK00770388_000_1_000_238319,5,0.019736,0,4616150601,눈및얼음융해장치,1840901538,,2025-04-09,R25BK00770388
R25BK00770388_000_1_000_238319,6,0.009349,0,4616150601,눈및얼음융해장치,1911602493,,2025-04-09,R25BK00770388
R25BK00770388_000_1_000_238319,7,0.0089,0,4616150601,눈및얼음융해장치,5488103584,,2025-04-09,R25BK00770388
R25BK00770388_000_1_000_238319,8,0.008556,0,4616150601,눈및얼음융해장치,1742200318,,2025-04-09,R25BK00770388
R25BK00770388_000_1_000_238319,9,0.008401,0,4616150601,눈및얼음융해장치,1406600449,,2025-04-09,R25BK00770388
R25BK00770388_000_1_000_238319,10,0.0056,0,4616150601,눈및얼음융해장치,6751302743,,2025-04-09,R25BK00770388
R25BK00753900_001_1_000_241167,1,0.206381,0,3116163201,락볼트,4384500491,,2025-04-10,R25BK00753900
R25BK00753900_001_1_000_241167,2,0.204756,0,3116163201,락볼트,6460400629,,2025-04-10,R25BK00753900
R25BK00753900_001_1_000_241167,3,0.164314,0,3116163201,락볼트,6081948187,,2025-04-10,R25BK00753900
R25BK00753900_001_1_000_241167,4,0.137164,0,3116163201,락볼트,1343207059,,2025-04-10,R25BK00753900
R25BK00753900_001_1_000_241167,5,0.121389,0,3116163201,락볼트,6941000196,,2025-04-10,R25BK00753900
R25BK00753900_001_1_000_241167,6,0.111792,0,3116163201,락볼트,8796800288,,2025-04-10,R25BK00753900
R25BK00753900_001_1_000_241167,7,0.109005,1,3116163201,락볼트,8691600884,제이에스 원 트레이딩,2025-04-10,R25BK00753900
R25BK00753900_001_1_000_241167,8,0.094172,0,3116163201,락볼트,1103312043,,2025-04-10,R25BK00753900
R25BK00753900_001_1_000_241167,9,0.093329,0,3116163201,락볼트,3857800050,,2025-04-10,R25BK00753900
R25BK00753900_001_1_000_241167,10,0.085554,0,3116163201,락볼트,7531102675,,2025-04-10,R25BK00753900
R25BK00757540_000_1_000_238960,1,0.485891,0,3010990201,혼합골재,6118108586,,2025-04-10,R25BK00757540
R25BK00757540_000_1_000_238960,2,0.321779,0,3010990201,혼합골재,2708701574,,2025-04-10,R25BK00757540
R25BK00757540_000_1_000_238960,3,0.281985,0,3010990201,혼합골재,1378605034,,2025-04-10,R25BK00757540
R25BK00757540_000_1_000_238960,4,0.208774,1,3010990201,혼합골재,3038136556,태창산업 주식회사,2025-04-10,R25BK00757540
R25BK00757540_000_1_000_238960,5,0.04848,0,3010990201,혼합골재,5038193860,,2025-04-10,R25BK00757540
R25BK00757540_000_1_000_238960,6,0.039899,0,3010990201,혼합골재,4480702946,,2025-04-10,R25BK00757540
R25BK00757540_000_1_000_238960,7,0.036909,0,3010990201,혼합골재,4168600077,,2025-04-10,R25BK00757540
R25BK00757540_000_1_000_238960,8,0.036,0,3010990201,혼합골재,2588701837,,2025-04-10,R25BK00757540
R25BK00757540_000_1_000_238960,9,0.029176,0,3010990201,혼합골재,7883700668,,2025-04-10,R25BK00757540
R25BK00757540_000_1_000_238960,10,0.020861,0,3010990201,혼합골재,4298603070,,2025-04-10,R25BK00757540
R25BK00765854_000_1_000_239988,1,0.827836,1,3010220410,열연강판,4078131135,(주)낭천산업,2025-04-10,R25BK00765854
R25BK00765854_000_1_000_239988,2,0.044692,0,3010220410,열연강판,3198802569,,2025-04-10,R25BK00765854
R25BK00765854_000_1_000_239988,3,0.02878,0,3010220410,열연강판,4878102989,,2025-04-10,R25BK00765854
R25BK00765854_000_1_000_239988,4,0.025732,0,3010220410,열연강판,3128148487,,2025-04-10,R25BK00765854
R25BK00765854_000_1_000_239988,5,0.016239,0,3010220410,열연강판,3368100719,,2025-04-10,R25BK00765854
R25BK00765854_000_1_000_239988,6,0.01453,0,3010220410,열연강판,6502401417,,2025-04-10,R25BK00765854
R25BK00765854_000_1_000_239988,7,0.014087,0,3010220410,열연강판,6022593083,,2025-04-10,R25BK00765854
R25BK00765854_000_1_000_239988,8,0.013292,0,3010220410,열연강판,5841301910,,2025-04-10,R25BK00765854
R25BK00765854_000_1_000_239988,9,0.009679,0,3010220410,열연강판,6042362791,,2025-04-10,R25BK00765854
R25BK00765854_000_1_000_239988,10,0.00762,0,3010220410,열연강판,2413001188,,2025-04-10,R25BK00765854
R25BK00766816_000_1_000_242952,1,0.751761,0,2110159801,배토기,4120234430,,2025-04-10,R25BK00766816
R25BK00766816_000_1_000_242952,2,0.244612,1,2110159801,배토기,4061001638,엘씨씨,2025-04-10,R25BK00766816
R25BK00766816_000_1_000_242952,3,0.203972,0,2110159801,배토기,2132967874,,2025-04-10,R25BK00766816
R25BK00766816_000_1_000_242952,4,0.177112,0,2110159801,배토기,7371300169,,2025-04-10,R25BK00766816
R25BK00766816_000_1_000_242952,5,0.176117,0,2110159801,배토기,6823400826,,2025-04-10,R25BK00766816
R25BK00766816_000_1_000_242952,6,0.14011,0,2110159801,배토기,2610602963,,2025-04-10,R25BK00766816
R25BK00766816_000_1_000_242952,7,0.120303,0,2110159801,배토기,5973700908,,2025-04-10,R25BK00766816
R25BK00766816_000_1_000_242952,8,0.119382,0,2110159801,배토기,7580203186,,2025-04-10,R25BK00766816
R25BK00766816_000_1_000_242952,9,0.118472,0,2110159801,배토기,8635700477,,2025-04-10,R25BK00766816
R25BK00766816_000_1_000_242952,10,0.097544,0,2110159801,배토기,5111832031,,2025-04-10,R25BK00766816
R25BK00776696_000_1_000_240758,1,0.701162,0,3912110101,분전반,2898200555,,2025-04-10,R25BK00776696
R25BK00776696_000_1_000_240758,2,0.505122,0,3912110101,분전반,3708102871,,2025-04-10,R25BK00776696
R25BK00776696_000_1_000_240758,3,0.487391,0,3912110101,분전반,1688601411,,2025-04-10,R25BK00776696
R25BK00776696_000_1_000_240758,4,0.371823,0,3912110101,분전반,8328702589,,2025-04-10,R25BK00776696
R25BK00776696_000_1_000_240758,5,0.317653,0,3912110101,분전반,1098232561,,2025-04-10,R25BK00776696
R25BK00776696_000_1_000_240758,6,0.286149,0,3912110101,분전반,8268102277,,2025-04-10,R25BK00776696
R25BK00776696_000_1_000_240758,7,0.237292,0,3912110101,분전반,2298202338,,2025-04-10,R25BK00776696
R25BK00776696_000_1_000_240758,8,0.206498,1,3912110101,분전반,1148633522,주식회사 월산이앤씨,2025-04-10,R25BK00776696
R25BK00776696_000_1_000_240758,9,0.200037,0,3912110101,분전반,4228200486,,2025-04-10,R25BK00776696
R25BK00776696_000_1_000_240758,10,0.121236,0,3912110101,분전반,5048621364,,2025-04-10,R25BK00776696
R25BK00777973_000_1_000_243189,1,0.249211,0,5310271001,근무복,3678603020,,2025-04-10,R25BK00777973
R25BK00777973_000_1_000_243189,2,0.173469,1,5310271001,근무복,7620201417,디스커버리 롯데미아점,2025-04-10,R25BK00777973
R25BK00777973_000_1_000_243189,3,0.013251,0,5310271001,근무복,2062451272,,2025-04-10,R25BK00777973
R25BK00777973_000_1_000_243189,4,0.006143,0,5310271001,근무복,8407700303,,2025-04-10,R25BK00777973
R25BK00777973_000_1_000_243189,5,0.005084,0,5310271001,근무복,5178700775,,2025-04-10,R25BK00777973
R25BK00777973_000_1_000_243189,6,0.004804,0,5310271001,근무복,3552802009,,2025-04-10,R25BK00777973
R25BK00777973_000_1_000_243189,7,0.004471,0,5310271001,근무복,3400803217,,2025-04-10,R25BK00777973
R25BK00777973_000_1_000_243189,8,0.003672,0,5310271001,근무복,6913601202,,2025-04-10,R25BK00777973
R25BK00777973_000_1_000_243189,9,0.00361,0,5310271001,근무복,1418117271,,2025-04-10,R25BK00777973
R25BK00777973_000_1_000_243189,10,0.002902,0,5310271001,근무복,8197700430,,2025-04-10,R25BK00777973
R25BK00737209_000_1_000_239869,1,0.24524,0,4616178601,구명고리,6238103279,,2025-04-11,R25BK00737209
R25BK00737209_000_1_000_239869,2,0.208252,0,4616178601,구명고리,6092439860,,2025-04-11,R25BK00737209
R25BK00737209_000_1_000_239869,3,0.198466,0,4616178601,구명고리,5698102113,,2025-04-11,R25BK00737209
R25BK00737209_000_1_000_239869,4,0.187883,0,4616178601,구명고리,1460203291,,2025-04-11,R25BK00737209
R25BK00737209_000_1_000_239869,5,0.139247,1,4616178601,구명고리,2081799823,에스와이유통,2025-04-11,R25BK00737209
R25BK00737209_000_1_000_239869,6,0.123683,0,4616178601,구명고리,8643700943,,2025-04-11,R25BK00737209
R25BK00737209_000_1_000_239869,7,0.120979,0,4616178601,구명고리,6054042252,,2025-04-11,R25BK00737209
R25BK00737209_000_1_000_239869,8,0.11416,0,4616178601,구명고리,8911401848,,2025-04-11,R25BK00737209
R25BK00737209_000_1_000_239869,9,0.11312,0,4616178601,구명고리,2510300098,,2025-04-11,R25BK00737209
R25BK00737209_000_1_000_239869,10,0.106438,0,4616178601,구명고리,2438703361,,2025-04-11,R25BK00737209
R25BK00738682_000_1_000_238379,1,0.286246,0,4615150101,바리케이드,7751001494,,2025-04-11,R25BK00738682
R25BK00738682_000_1_000_238379,2,0.285757,0,4615150101,바리케이드,7262601722,,2025-04-11,R25BK00738682
R25BK00738682_000_1_000_238379,3,0.21088,0,4615150101,바리케이드,3530203040,,2025-04-11,R25BK00738682
R25BK00738682_000_1_000_238379,4,0.197441,0,4615150101,바리케이드,2220947398,,2025-04-11,R25BK00738682
R25BK00738682_000_1_000_238379,5,0.186138,0,4615150101,바리케이드,6898702966,,2025-04-11,R25BK00738682
R25BK00738682_000_1_000_238379,6,0.18391,0,4615150101,바리케이드,4932401740,,2025-04-11,R25BK00738682
R25BK00738682_000_1_000_238379,7,0.149055,0,4615150101,바리케이드,8290902436,,2025-04-11,R25BK00738682
R25BK00738682_000_1_000_238379,8,0.137188,0,4615150101,바리케이드,5988103217,,2025-04-11,R25BK00738682
R25BK00738682_000_1_000_238379,9,0.116823,0,4615150101,바리케이드,5751702252,,2025-04-11,R25BK00738682
R25BK00738682_000_1_000_238379,10,0.11575,0,4615150101,바리케이드,2741802448,,2025-04-11,R25BK00738682
R25BK00765240_000_1_000_239774,1,0.253613,0,3013159304,압출성형콘크리트패널,4168199600,,2025-04-11,R25BK00765240
R25BK00765240_000_1_000_239774,2,0.164989,0,3013159304,압출성형콘크리트패널,1798102185,,2025-04-11,R25BK00765240
R25BK00765240_000_1_000_239774,3,0.162432,0,3013159304,압출성형콘크리트패널,1111428571,,2025-04-11,R25BK00765240
R25BK00765240_000_1_000_239774,4,0.137685,0,3013159304,압출성형콘크리트패널,7967300221,,2025-04-11,R25BK00765240
R25BK00765240_000_1_000_239774,5,0.122055,0,3013159304,압출성형콘크리트패널,4333701054,,2025-04-11,R25BK00765240
R25BK00765240_000_1_000_239774,6,0.099877,0,3013159304,압출성형콘크리트패널,4180971922,,2025-04-11,R25BK00765240
R25BK00765240_000_1_000_239774,7,0.099043,0,3013159304,압출성형콘크리트패널,6220672742,,2025-04-11,R25BK00765240
R25BK00765240_000_1_000_239774,8,0.093767,0,3013159304,압출성형콘크리트패널,2183600876,,2025-04-11,R25BK00765240
R25BK00765240_000_1_000_239774,9,0.071295,1,3013159304,압출성형콘크리트패널,7188100283,주식회사 마텍,2025-04-11,R25BK00765240
R25BK00765240_000_1_000_239774,10,0.048575,0,3013159304,압출성형콘크리트패널,1443601399,,2025-04-11,R25BK00765240
R25BK00770327_000_1_000_239078,1,0.715036,0,2713169901,흙먼지털이기,6208130011,,2025-04-11,R25BK00770327
R25BK00770327_000_1_000_239078,2,0.432036,1,2713169901,흙먼지털이기,1378128594,경일산업개발 주식회사,2025-04-11,R25BK00770327
R25BK00770327_000_1_000_239078,3,0.214427,0,2713169901,흙먼지털이기,4098633279,,2025-04-11,R25BK00770327
R25BK00770327_000_1_000_239078,4,0.167563,0,2713169901,흙먼지털이기,1418134270,,2025-04-11,R25BK00770327
R25BK00770327_000_1_000_239078,5,0.014858,0,2713169901,흙먼지털이기,6495800072,,2025-04-11,R25BK00770327
R25BK00770327_000_1_000_239078,6,0.012651,0,2713169901,흙먼지털이기,2778601883,,2025-04-11,R25BK00770327
R25BK00770327_000_1_000_239078,7,0.01196,0,2713169901,흙먼지털이기,8642001376,,2025-04-11,R25BK00770327
R25BK00770327_000_1_000_239078,8,0.010346,0,2713169901,흙먼지털이기,6870801457,,2025-04-11,R25BK00770327
R25BK00770327_000_1_000_239078,9,0.009155,0,2713169901,흙먼지털이기,2758701657,,2025-04-11,R25BK00770327
R25BK00770327_000_1_000_239078,10,0.008977,0,2713169901,흙먼지털이기,6378600223,,2025-04-11,R25BK00770327
R25BK00770941_000_1_000_241657,1,0.400852,1,4319151101,IP전화기,2228119812,(유)티엠네트웍스,2025-04-11,R25BK00770941
R25BK00770941_000_1_000_241657,2,0.260478,0,4319151101,IP전화기,2218123803,,2025-04-11,R25BK00770941
R25BK00770941_000_1_000_241657,3,0.209532,0,4319151101,IP전화기,1958700987,,2025-04-11,R25BK00770941
R25BK00770941_000_1_000_241657,4,0.068171,0,4319151101,IP전화기,4758801837,,2025-04-11,R25BK00770941
R25BK00770941_000_1_000_241657,5,0.059164,0,4319151101,IP전화기,2118698428,,2025-04-11,R25BK00770941
R25BK00770941_000_1_000_241657,6,0.033053,0,4319151101,IP전화기,1868602835,,2025-04-11,R25BK00770941
R25BK00770941_000_1_000_241657,7,0.027678,0,4319151101,IP전화기,6598603458,,2025-04-11,R25BK00770941
R25BK00770941_000_1_000_241657,8,0.0255,0,4319151101,IP전화기,1428172845,,2025-04-11,R25BK00770941
R25BK00770941_000_1_000_241657,9,0.015635,0,4319151101,IP전화기,1348181703,,2025-04-11,R25BK00770941
R25BK00770941_000_1_000_241657,10,0.015463,0,4319151101,IP전화기,7338703355,,2025-04-11,R25BK00770941
R25BK00745610_000_1_000_237413,1,0.227113,0,4015150501,정량펌프,8593501456,,2025-04-14,R25BK00745610
R25BK00745610_000_1_000_237413,2,0.166869,0,4015150501,정량펌프,7865100732,,2025-04-14,R25BK00745610
R25BK00745610_000_1_000_237413,3,0.15612,0,4015150501,정량펌프,6922601375,,2025-04-14,R25BK00745610
R25BK00745610_000_1_000_237413,4,0.141894,0,4015150501,정량펌프,5622201187,,2025-04-14,R25BK00745610
R25BK00745610_000_1_000_237413,5,0.125545,0,4015150501,정량펌프,2562301222,,2025-04-14,R25BK00745610
R25BK00745610_000_1_000_237413,6,0.121471,0,4015150501,정량펌프,7231802106,,2025-04-14,R25BK00745610
R25BK00745610_000_1_000_237413,7,0.120812,0,4015150501,정량펌프,8846100767,,2025-04-14,R25BK00745610
R25BK00745610_000_1_000_237413,8,0.113226,0,4015150501,정량펌프,2391202327,,2025-04-14,R25BK00745610
R25BK00745610_000_1_000_237413,9,0.113226,0,4015150501,정량펌프,4724300478,,2025-04-14,R25BK00745610
R25BK00745610_000_1_000_237413,10,0.103912,0,4015150501,정량펌프,1022253668,,2025-04-14,R25BK00745610
R25BK00758292_000_1_000_241746,1,0.72659,1,6012149901,졸업앨범,2011677025,디앤북,2025-04-14,R25BK00758292
R25BK00758292_000_1_000_241746,2,0.417695,0,6012149901,졸업앨범,3170169374,,2025-04-14,R25BK00758292
R25BK00758292_000_1_000_241746,3,0.390928,0,6012149901,졸업앨범,8378101870,,2025-04-14,R25BK00758292
R25BK00758292_000_1_000_241746,4,0.207773,0,6012149901,졸업앨범,7512002308,,2025-04-14,R25BK00758292
R25BK00758292_000_1_000_241746,5,0.200167,0,6012149901,졸업앨범,8970300730,,2025-04-14,R25BK00758292
R25BK00758292_000_1_000_241746,6,0.196661,0,6012149901,졸업앨범,1761601651,,2025-04-14,R25BK00758292
R25BK00758292_000_1_000_241746,7,0.1033,0,6012149901,졸업앨범,6100574814,,2025-04-14,R25BK00758292
R25BK00758292_000_1_000_241746,8,0.1033,0,6012149901,졸업앨범,6200324165,,2025-04-14,R25BK00758292
R25BK00758292_000_1_000_241746,9,0.09215,0,6012149901,졸업앨범,5513601374,,2025-04-14,R25BK00758292
R25BK00758292_000_1_000_241746,10,0.054203,0,6012149901,졸업앨범,7948102951,,2025-04-14,R25BK00758292
R25BK00759682_000_1_000_238874,1,0.658652,1,4014176301,수격방지기,1608803078,유명이엔지주식회사,2025-04-14,R25BK00759682
R25BK00759682_000_1_000_238874,2,0.13863,0,4014176301,수격방지기,5541000898,,2025-04-14,R25BK00759682
R25BK00759682_000_1_000_238874,3,0.113817,0,4014176301,수격방지기,6632301982,,2025-04-14,R25BK00759682
R25BK00759682_000_1_000_238874,4,0.099729,0,4014176301,수격방지기,3038602497,,2025-04-14,R25BK00759682
R25BK00759682_000_1_000_238874,5,0.092568,0,4014176301,수격방지기,2050383567,,2025-04-14,R25BK00759682
R25BK00759682_000_1_000_238874,6,0.088855,0,4014176301,수격방지기,2331302501,,2025-04-14,R25BK00759682
R25BK00759682_000_1_000_238874,7,0.077451,0,4014176301,수격방지기,2556000389,,2025-04-14,R25BK00759682
R25BK00759682_000_1_000_238874,8,0.070411,0,4014176301,수격방지기,3401302148,,2025-04-14,R25BK00759682
R25BK00759682_000_1_000_238874,9,0.070144,0,4014176301,수격방지기,3841701322,,2025-04-14,R25BK00759682
R25BK00759682_000_1_000_238874,10,0.062088,0,4014176301,수격방지기,4091908235,,2025-04-14,R25BK00759682
R25BK00768397_000_1_000_237462,1,0.49791,0,4322181001,광다중화장치,8208802244,,2025-04-14,R25BK00768397
R25BK00768397_000_1_000_237462,2,0.43977,0,4322181001,광다중화장치,5028192306,,2025-04-14,R25BK00768397
R25BK00768397_000_1_000_237462,3,0.315574,0,4322181001,광다중화장치,6138177115,,2025-04-14,R25BK00768397
R25BK00768397_000_1_000_237462,4,0.287346,0,4322181001,광다중화장치,1198108907,,2025-04-14,R25BK00768397
R25BK00768397_000_1_000_237462,5,0.28252,0,4322181001,광다중화장치,5148107442,,2025-04-14,R25BK00768397
R25BK00768397_000_1_000_237462,6,0.244484,0,4322181001,광다중화장치,5648601996,,2025-04-14,R25BK00768397
R25BK00768397_000_1_000_237462,7,0.167772,0,4322181001,광다중화장치,4098177573,,2025-04-14,R25BK00768397
R25BK00768397_000_1_000_237462,8,0.159573,0,4322181001,광다중화장치,5028150325,,2025-04-14,R25BK00768397
R25BK00768397_000_1_000_237462,9,0.144186,0,4322181001,광다중화장치,8418801179,,2025-04-14,R25BK00768397
R25BK00768397_000_1_000_237462,10,0.127723,0,4322181001,광다중화장치,4268800874,,2025-04-14,R25BK00768397
R25BK00772216_000_1_000_238426,1,0.437041,0,6012149901,졸업앨범,8113500998,,2025-04-14,R25BK00772216
R25BK00772216_000_1_000_238426,2,0.324787,1,6012149901,졸업앨범,2710102776,진스튜디오,2025-04-14,R25BK00772216
R25BK00772216_000_1_000_238426,3,0.281009,0,6012149901,졸업앨범,6100842818,,2025-04-14,R25BK00772216
R25BK00772216_000_1_000_238426,4,0.279095,0,6012149901,졸업앨범,6704200342,,2025-04-14,R25BK00772216
R25BK00772216_000_1_000_238426,5,0.245352,0,6012149901,졸업앨범,6910402059,,2025-04-14,R25BK00772216
R25BK00772216_000_1_000_238426,6,0.214961,0,6012149901,졸업앨범,8993301163,,2025-04-14,R25BK00772216
R25BK00772216_000_1_000_238426,7,0.183752,0,6012149901,졸업앨범,1761601651,,2025-04-14,R25BK00772216
R25BK00772216_000_1_000_238426,8,0.1033,0,6012149901,졸업앨범,6200324165,,2025-04-14,R25BK00772216
R25BK00772216_000_1_000_238426,9,0.05299,0,6012149901,졸업앨범,7948102951,,2025-04-14,R25BK00772216
R25BK00772216_000_1_000_238426,10,0.043208,0,6012149901,졸업앨범,8768801248,,2025-04-14,R25BK00772216
R25BK00772928_000_1_000_241961,1,0.393773,0,1116220101,부직포,4820902479,,2025-04-14,R25BK00772928
R25BK00772928_000_1_000_241961,2,0.195998,0,1116220101,부직포,1083043111,,2025-04-14,R25BK00772928
R25BK00772928_000_1_000_241961,3,0.176811,0,1116220101,부직포,1802501496,,2025-04-14,R25BK00772928
R25BK00772928_000_1_000_241961,4,0.165341,0,1116220101,부직포,5073600534,,2025-04-14,R25BK00772928
R25BK00772928_000_1_000_241961,5,0.153933,0,1116220101,부직포,2872501915,,2025-04-14,R25BK00772928
R25BK00772928_000_1_000_241961,6,0.126801,1,1116220101,부직포,7188100283,주식회사 마텍,2025-04-14,R25BK00772928
R25BK00772928_000_1_000_241961,7,0.121619,0,1116220101,부직포,2586000258,,2025-04-14,R25BK00772928
R25BK00772928_000_1_000_241961,8,0.101843,0,1116220101,부직포,7244501182,,2025-04-14,R25BK00772928
R25BK00772928_000_1_000_241961,9,0.079621,0,1116220101,부직포,3061417686,,2025-04-14,R25BK00772928
R25BK00772928_000_1_000_241961,10,0.074062,0,1116220101,부직포,6151370934,,2025-04-14,R25BK00772928
R25BK00773370_001_1_000_242539,1,0.546888,1,2411181001,물탱크,1808802923,삼성환경 주식회사,2025-04-14,R25BK00773370
R25BK00773370_001_1_000_242539,2,0.512005,0,2411181001,물탱크,1280553135,,2025-04-14,R25BK00773370
R25BK00773370_001_1_000_242539,3,0.309496,0,2411181001,물탱크,6068633486,,2025-04-14,R25BK00773370
R25BK00773370_001_1_000_242539,4,0.046005,0,2411181001,물탱크,4497900308,,2025-04-14,R25BK00773370
R25BK00773370_001_1_000_242539,5,0.024823,0,2411181001,물탱크,8388702928,,2025-04-14,R25BK00773370
R25BK00773370_001_1_000_242539,6,0.014477,0,2411181001,물탱크,2248131938,,2025-04-14,R25BK00773370
R25BK00773370_001_1_000_242539,7,0.012064,0,2411181001,물탱크,6700202359,,2025-04-14,R25BK00773370
R25BK00773370_001_1_000_242539,8,0.010625,0,2411181001,물탱크,8790401494,,2025-04-14,R25BK00773370
R25BK00773370_001_1_000_242539,9,0.010338,0,2411181001,물탱크,2888802606,,2025-04-14,R25BK00773370
R25BK00773370_001_1_000_242539,10,0.010212,0,2411181001,물탱크,5611002045,,2025-04-14,R25BK00773370
R25BK00773629_001_1_000_240703,1,0.858672,1,3010280201,콘크리트파일,4383000779,아이엔지유통,2025-04-14,R25BK00773629
R25BK00773629_001_1_000_240703,2,0.259293,0,3010280201,콘크리트파일,4698600824,,2025-04-14,R25BK00773629
R25BK00773629_001_1_000_240703,3,0.075249,0,3010280201,콘크리트파일,2071815171,,2025-04-14,R25BK00773629
R25BK00773629_001_1_000_240703,4,0.063647,0,3010280201,콘크리트파일,8868801089,,2025-04-14,R25BK00773629
R25BK00773629_001_1_000_240703,5,0.055633,0,3010280201,콘크리트파일,1408102722,,2025-04-14,R25BK00773629
R25BK00773629_001_1_000_240703,6,0.049788,0,3010280201,콘크리트파일,6570202109,,2025-04-14,R25BK00773629
R25BK00773629_001_1_000_240703,7,0.043507,0,3010280201,콘크리트파일,4840702919,,2025-04-14,R25BK00773629
R25BK00773629_001_1_000_240703,8,0.040786,0,3010280201,콘크리트파일,2111366257,,2025-04-14,R25BK00773629
R25BK00773629_001_1_000_240703,9,0.036488,0,3010280201,콘크리트파일,3342900132,,2025-04-14,R25BK00773629
R25BK00773629_001_1_000_240703,10,0.032858,0,3010280201,콘크리트파일,2722301980,,2025-04-14,R25BK00773629
R25BK00774101_000_1_000_240111,1,0.323978,0,4712169901,수중청소기,5855300211,,2025-04-14,R25BK00774101
R25BK00774101_000_1_000_240111,2,0.282989,0,4712169901,수중청소기,3048122661,,2025-04-14,R25BK00774101
R25BK00774101_000_1_000_240111,3,0.129778,0,4712169901,수중청소기,6158120879,,2025-04-14,R25BK00774101
R25BK00774101_000_1_000_240111,4,0.077405,0,4712169901,수중청소기,4154400910,,2025-04-14,R25BK00774101
R25BK00774101_000_1_000_240111,5,0.075767,0,4712169901,수중청소기,2218129452,,2025-04-14,R25BK00774101
R25BK00774101_000_1_000_240111,6,0.070116,0,4712169901,수중청소기,6778602364,,2025-04-14,R25BK00774101
R25BK00774101_000_1_000_240111,7,0.064148,0,4712169901,수중청소기,6955600751,,2025-04-14,R25BK00774101
R25BK00774101_000_1_000_240111,8,0.053654,0,4712169901,수중청소기,1160330926,,2025-04-14,R25BK00774101
R25BK00774101_000_1_000_240111,9,0.051604,0,4712169901,수중청소기,6051958838,,2025-04-14,R25BK00774101
R25BK00774101_000_1_000_240111,10,0.048987,1,4712169901,수중청소기,6502401417,선유통,2025-04-14,R25BK00774101
R25BK00756040_000_1_000_242471,1,0.78775,1,2324159601,방전가공기,2248128108,(주)포스테크,2025-04-15,R25BK00756040
R25BK00756040_000_1_000_242471,2,0.61498,0,2324159601,방전가공기,2888800312,,2025-04-15,R25BK00756040
R25BK00756040_000_1_000_242471,3,0.007444,0,2324159601,방전가공기,5192002271,,2025-04-15,R25BK00756040
R25BK00756040_000_1_000_242471,4,0.007396,0,2324159601,방전가공기,1062752365,,2025-04-15,R25BK00756040
R25BK00756040_000_1_000_242471,5,0.007396,0,2324159601,방전가공기,7534801008,,2025-04-15,R25BK00756040
R25BK00756040_000_1_000_242471,6,0.006294,0,2324159601,방전가공기,7143200681,,2025-04-15,R25BK00756040
R25BK00756040_000_1_000_242471,7,0.006126,0,2324159601,방전가공기,5483301101,,2025-04-15,R25BK00756040
R25BK00756040_000_1_000_242471,8,0.006118,0,2324159601,방전가공기,1406600449,,2025-04-15,R25BK00756040
R25BK00756040_000_1_000_242471,9,0.005995,0,2324159601,방전가공기,7374000807,,2025-04-15,R25BK00756040
R25BK00756040_000_1_000_242471,10,0.005043,0,2324159601,방전가공기,3061417686,,2025-04-15,R25BK00756040
R25BK00762503_000_1_000_239506,1,0.348914,0,4111311101,오존분석기,2803701009,,2025-04-15,R25BK00762503
R25BK00762503_000_1_000_239506,2,0.315534,0,4111311101,오존분석기,2118784178,,2025-04-15,R25BK00762503
R25BK00762503_000_1_000_239506,3,0.307795,0,4111311101,오존분석기,4871101783,,2025-04-15,R25BK00762503
R25BK00762503_000_1_000_239506,4,0.219237,0,4111311101,오존분석기,8442301709,,2025-04-15,R25BK00762503
R25BK00762503_000_1_000_239506,5,0.209753,0,4111311101,오존분석기,4658803124,,2025-04-15,R25BK00762503
R25BK00762503_000_1_000_239506,6,0.208456,0,4111311101,오존분석기,6222501893,,2025-04-15,R25BK00762503
R25BK00762503_000_1_000_239506,7,0.19741,0,4111311101,오존분석기,2775101028,,2025-04-15,R25BK00762503
R25BK00762503_000_1_000_239506,8,0.197313,0,4111311101,오존분석기,2348104383,,2025-04-15,R25BK00762503
R25BK00762503_000_1_000_239506,9,0.159944,0,4111311101,오존분석기,7363601053,,2025-04-15,R25BK00762503
R25BK00762503_000_1_000_239506,10,0.142266,0,4111311101,오존분석기,6572801769,,2025-04-15,R25BK00762503
R25BK00765106_000_1_000_236578,1,0.548769,0,3011150501,레미콘,1728802427,,2025-04-15,R25BK00765106
R25BK00765106_000_1_000_236578,2,0.308067,1,3011150501,레미콘,1728103053,정안레미콘(주),2025-04-15,R25BK00765106
R25BK00765106_000_1_000_236578,3,0.064021,0,3011150501,레미콘,8798701217,,2025-04-15,R25BK00765106
R25BK00765106_000_1_000_236578,4,0.005203,0,3011150501,레미콘,7534801008,,2025-04-15,R25BK00765106
R25BK00765106_000_1_000_236578,5,0.003792,0,3011150501,레미콘,8063900617,,2025-04-15,R25BK00765106
R25BK00765106_000_1_000_236578,6,0.003572,0,3011150501,레미콘,7370403392,,2025-04-15,R25BK00765106
R25BK00765106_000_1_000_236578,7,0.002914,0,3011150501,레미콘,7482600742,,2025-04-15,R25BK00765106
R25BK00765106_000_1_000_236578,8,0.002441,0,3011150501,레미콘,7573600920,,2025-04-15,R25BK00765106
R25BK00765106_000_1_000_236578,9,0.002245,0,3011150501,레미콘,5250802328,,2025-04-15,R25BK00765106
R25BK00765106_000_1_000_236578,10,0.002216,0,3011150501,레미콘,7278602368,,2025-04-15,R25BK00765106
R25BK00774586_000_1_000_236890,1,0.290991,0,4111551001,누수탐지기,5828802513,,2025-04-15,R25BK00774586
R25BK00774586_000_1_000_236890,2,0.215747,0,4111551001,누수탐지기,5118127226,,2025-04-15,R25BK00774586
R25BK00774586_000_1_000_236890,3,0.188852,0,4111551001,누수탐지기,6102144760,,2025-04-15,R25BK00774586
R25BK00774586_000_1_000_236890,4,0.158946,0,4111551001,누수탐지기,5241501760,,2025-04-15,R25BK00774586
R25BK00774586_000_1_000_236890,5,0.155337,1,4111551001,누수탐지기,4643701378,이룸,2025-04-15,R25BK00774586
R25BK00774586_000_1_000_236890,6,0.147294,0,4111551001,누수탐지기,5282002111,,2025-04-15,R25BK00774586
R25BK00774586_000_1_000_236890,7,0.137538,0,4111551001,누수탐지기,3303500956,,2025-04-15,R25BK00774586
R25BK00774586_000_1_000_236890,8,0.023881,0,4111551001,누수탐지기,6022593083,,2025-04-15,R25BK00774586
R25BK00774586_000_1_000_236890,9,0.022674,0,4111551001,누수탐지기,3112301494,,2025-04-15,R25BK00774586
R25BK00774586_000_1_000_236890,10,0.022354,0,4111551001,누수탐지기,1406600449,,2025-04-15,R25BK00774586
R25BK00776500_000_1_000_239499,1,0.446515,1,3116161301,고장력볼트,2411002379,메디오,2025-04-15,R25BK00776500
R25BK00776500_000_1_000_239499,2,0.148406,0,3116161301,고장력볼트,3548801035,,2025-04-15,R25BK00776500
R25BK00776500_000_1_000_239499,3,0.123705,0,3116161301,고장력볼트,1178600923,,2025-04-15,R25BK00776500
R25BK00776500_000_1_000_239499,4,0.116498,0,3116161301,고장력볼트,6924900851,,2025-04-15,R25BK00776500
R25BK00776500_000_1_000_239499,5,0.114368,0,3116161301,고장력볼트,1474500921,,2025-04-15,R25BK00776500
R25BK00776500_000_1_000_239499,6,0.113537,0,3116161301,고장력볼트,2392501861,,2025-04-15,R25BK00776500
R25BK00776500_000_1_000_239499,7,0.111629,0,3116161301,고장력볼트,7101400157,,2025-04-15,R25BK00776500
R25BK00776500_000_1_000_239499,8,0.098349,0,3116161301,고장력볼트,8632100411,,2025-04-15,R25BK00776500
R25BK00776500_000_1_000_239499,9,0.090278,0,3116161301,고장력볼트,5228701193,,2025-04-15,R25BK00776500
R25BK00776500_000_1_000_239499,10,0.087205,0,3116161301,고장력볼트,2346200479,,2025-04-15,R25BK00776500
R25BK00767443_000_1_000_238428,1,0.745336,1,4111540601,자외-가시선분광광도계,7758702705,주식회사 제이와이바이오테크,2025-04-16,R25BK00767443
R25BK00767443_000_1_000_238428,2,0.151313,0,4111540601,자외-가시선분광광도계,2136301901,,2025-04-16,R25BK00767443
R25BK00767443_000_1_000_238428,3,0.148176,0,4111540601,자외-가시선분광광도계,4778603083,,2025-04-16,R25BK00767443
R25BK00767443_000_1_000_238428,4,0.142411,0,4111540601,자외-가시선분광광도계,5841402672,,2025-04-16,R25BK00767443
R25BK00767443_000_1_000_238428,5,0.081829,0,4111540601,자외-가시선분광광도계,7341700829,,2025-04-16,R25BK00767443
R25BK00767443_000_1_000_238428,6,0.080302,0,4111540601,자외-가시선분광광도계,5656600615,,2025-04-16,R25BK00767443
R25BK00767443_000_1_000_238428,7,0.043257,0,4111540601,자외-가시선분광광도계,5017800652,,2025-04-16,R25BK00767443
R25BK00767443_000_1_000_238428,8,0.042154,0,4111540601,자외-가시선분광광도계,8830602690,,2025-04-16,R25BK00767443
R25BK00767443_000_1_000_238428,9,0.041439,0,4111540601,자외-가시선분광광도계,3835300051,,2025-04-16,R25BK00767443
R25BK00767443_000_1_000_238428,10,0.019942,0,4111540601,자외-가시선분광광도계,8284600745,,2025-04-16,R25BK00767443
R25BK00769650_000_1_000_247106,1,0.656543,1,4010180604,히트펌프,3128178827,나이스텍 주식회사,2025-04-16,R25BK00769650
R25BK00769650_000_1_000_247106,2,0.135875,0,4010180604,히트펌프,2218700535,,2025-04-16,R25BK00769650
R25BK00769650_000_1_000_247106,3,0.109528,0,4010180604,히트펌프,6218152769,,2025-04-16,R25BK00769650
R25BK00769650_000_1_000_247106,4,0.050746,0,4010180604,히트펌프,1058684707,,2025-04-16,R25BK00769650
R25BK00769650_000_1_000_247106,5,0.050223,0,4010180604,히트펌프,3091861646,,2025-04-16,R25BK00769650
R25BK00769650_000_1_000_247106,6,0.047108,0,4010180604,히트펌프,4140464026,,2025-04-16,R25BK00769650
R25BK00769650_000_1_000_247106,7,0.044384,0,4010180604,히트펌프,4161519921,,2025-04-16,R25BK00769650
R25BK00769650_000_1_000_247106,8,0.043788,0,4010180604,히트펌프,5818700908,,2025-04-16,R25BK00769650
R25BK00769650_000_1_000_247106,9,0.04,0,4010180604,히트펌프,4061001638,,2025-04-16,R25BK00769650
R25BK00769650_000_1_000_247106,10,0.03865,0,4010180604,히트펌프,6968200016,,2025-04-16,R25BK00769650
R25BK00773446_000_1_000_242301,1,0.726683,1,4010171601,냉각탑,3494001138,서안테크,2025-04-16,R25BK00773446
R25BK00773446_000_1_000_242301,2,0.141108,0,4010171601,냉각탑,5643901352,,2025-04-16,R25BK00773446
R25BK00773446_000_1_000_242301,3,0.139426,0,4010171601,냉각탑,4192000425,,2025-04-16,R25BK00773446
R25BK00773446_000_1_000_242301,4,0.1294,0,4010171601,냉각탑,4180971922,,2025-04-16,R25BK00773446
R25BK00773446_000_1_000_242301,5,0.113734,0,4010171601,냉각탑,3080921504,,2025-04-16,R25BK00773446
R25BK00773446_000_1_000_242301,6,0.100182,0,4010171601,냉각탑,8800301895,,2025-04-16,R25BK00773446
R25BK00773446_000_1_000_242301,7,0.072797,0,4010171601,냉각탑,1212480684,,2025-04-16,R25BK00773446
R25BK00773446_000_1_000_242301,8,0.06463,0,4010171601,냉각탑,1842701717,,2025-04-16,R25BK00773446
R25BK00773446_000_1_000_242301,9,0.06117,0,4010171601,냉각탑,7531102675,,2025-04-16,R25BK00773446
R25BK00773446_000_1_000_242301,10,0.046236,0,4010171601,냉각탑,8466000619,,2025-04-16,R25BK00773446
R25BK00776688_000_1_000_241625,1,0.268374,0,4619150401,화염감지기,7934400367,,2025-04-16,R25BK00776688
R25BK00776688_000_1_000_241625,2,0.252701,0,4619150401,화염감지기,8660501030,,2025-04-16,R25BK00776688
R25BK00776688_000_1_000_241625,3,0.233181,0,4619150401,화염감지기,6578801652,,2025-04-16,R25BK00776688
R25BK00776688_000_1_000_241625,4,0.197542,0,4619150401,화염감지기,3682700131,,2025-04-16,R25BK00776688
R25BK00776688_000_1_000_241625,5,0.184681,0,4619150401,화염감지기,6555400458,,2025-04-16,R25BK00776688
R25BK00776688_000_1_000_241625,6,0.166689,0,4619150401,화염감지기,3081801330,,2025-04-16,R25BK00776688
R25BK00776688_000_1_000_241625,7,0.16314,0,4619150401,화염감지기,4236400622,,2025-04-16,R25BK00776688
R25BK00776688_000_1_000_241625,8,0.150769,0,4619150401,화염감지기,6850301723,,2025-04-16,R25BK00776688
R25BK00776688_000_1_000_241625,9,0.145852,0,4619150401,화염감지기,4038104830,,2025-04-16,R25BK00776688
R25BK00776688_000_1_000_241625,10,0.127987,0,4619150401,화염감지기,8330602088,,2025-04-16,R25BK00776688
R25BK00776813_001_1_000_242217,1,0.096449,0,3013170404,석기질타일,6762901582,,2025-04-16,R25BK00776813
R25BK00776813_001_1_000_242217,2,0.073841,0,3013170404,석기질타일,4111318210,,2025-04-16,R25BK00776813
R25BK00776813_001_1_000_242217,3,0.026857,0,3013170404,석기질타일,6866900441,,2025-04-16,R25BK00776813
R25BK00776813_001_1_000_242217,4,0.015557,1,3013170404,석기질타일,7511001877,비피엔,2025-04-16,R25BK00776813
R25BK00776813_001_1_000_242217,5,0.010229,0,3013170404,석기질타일,6088160266,,2025-04-16,R25BK00776813
R25BK00776813_001_1_000_242217,6,0.009501,0,3013170404,석기질타일,1353104359,,2025-04-16,R25BK00776813
R25BK00776813_001_1_000_242217,7,0.009054,0,3013170404,석기질타일,1400968941,,2025-04-16,R25BK00776813
R25BK00776813_001_1_000_242217,8,0.008849,0,3013170404,석기질타일,2102038697,,2025-04-16,R25BK00776813
R25BK00776813_001_1_000_242217,9,0.008356,0,3013170404,석기질타일,1221827245,,2025-04-16,R25BK00776813
R25BK00776813_001_1_000_242217,10,0.008201,0,3013170404,석기질타일,4530901680,,2025-04-16,R25BK00776813
R25BK00778121_000_1_000_241002,1,0.924297,1,2110160101,파종기,5088134129,주식회사 영동농기계,2025-04-16,R25BK00778121
R25BK00778121_000_1_000_241002,2,0.453057,0,2110160101,파종기,3861401405,,2025-04-16,R25BK00778121
R25BK00778121_000_1_000_241002,3,0.11444,0,2110160101,파종기,4088203357,,2025-04-16,R25BK00778121
R25BK00778121_000_1_000_241002,4,0.050321,0,2110160101,파종기,3770501170,,2025-04-16,R25BK00778121
R25BK00778121_000_1_000_241002,5,0.040521,0,2110160101,파종기,1198627762,,2025-04-16,R25BK00778121
R25BK00778121_000_1_000_241002,6,0.019293,0,2110160101,파종기,4081142495,,2025-04-16,R25BK00778121
R25BK00778121_000_1_000_241002,7,0.012651,0,2110160101,파종기,1228646713,,2025-04-16,R25BK00778121
R25BK00778121_000_1_000_241002,8,0.010761,0,2110160101,파종기,3180139626,,2025-04-16,R25BK00778121
R25BK00778121_000_1_000_241002,9,0.009233,0,2110160101,파종기,8866800758,,2025-04-16,R25BK00778121
R25BK00778121_000_1_000_241002,10,0.008434,0,2110160101,파종기,1160668855,,2025-04-16,R25BK00778121
R25BK00778808_000_1_000_239323,1,0.28664,0,6010999901,교육훈련장비,1138600843,,2025-04-16,R25BK00778808
R25BK00778808_000_1_000_239323,2,0.211649,0,6010999901,교육훈련장비,1271387336,,2025-04-16,R25BK00778808
R25BK00778808_000_1_000_239323,3,0.205664,0,6010999901,교육훈련장비,6618102781,,2025-04-16,R25BK00778808
R25BK00778808_000_1_000_239323,4,0.191926,0,6010999901,교육훈련장비,3338101102,,2025-04-16,R25BK00778808
R25BK00778808_000_1_000_239323,5,0.162998,0,6010999901,교육훈련장비,3873900964,,2025-04-16,R25BK00778808
R25BK00778808_000_1_000_239323,6,0.110644,0,6010999901,교육훈련장비,5073901136,,2025-04-16,R25BK00778808
R25BK00778808_000_1_000_239323,7,0.092109,0,6010999901,교육훈련장비,2730402453,,2025-04-16,R25BK00778808
R25BK00778808_000_1_000_239323,8,0.06942,0,6010999901,교육훈련장비,5930802409,,2025-04-16,R25BK00778808
R25BK00778808_000_1_000_239323,9,0.060133,0,6010999901,교육훈련장비,6773401196,,2025-04-16,R25BK00778808
R25BK00778808_000_1_000_239323,10,0.060013,0,6010999901,교육훈련장비,2894101153,,2025-04-16,R25BK00778808
R25BK00789195_000_1_000_243196,1,0.971317,1,4619160702,공기호흡기,1358121955,주식회사 한컴라이프케어,2025-04-16,R25BK00789195
R25BK00789195_000_1_000_243196,2,0.016006,0,4619160702,공기호흡기,3018137471,,2025-04-16,R25BK00789195
R25BK00789195_000_1_000_243196,3,0.015915,0,4619160702,공기호흡기,5280201141,,2025-04-16,R25BK00789195
R25BK00789195_000_1_000_243196,4,0.013801,0,4619160702,공기호흡기,5080843682,,2025-04-16,R25BK00789195
R25BK00789195_000_1_000_243196,5,0.013798,0,4619160702,공기호흡기,5210102287,,2025-04-16,R25BK00789195
R25BK00789195_000_1_000_243196,6,0.013117,0,4619160702,공기호흡기,5513901230,,2025-04-16,R25BK00789195
R25BK00789195_000_1_000_243196,7,0.012841,0,4619160702,공기호흡기,4161276300,,2025-04-16,R25BK00789195
R25BK00789195_000_1_000_243196,8,0.00991,0,4619160702,공기호흡기,7072300435,,2025-04-16,R25BK00789195
R25BK00789195_000_1_000_243196,9,0.009751,0,4619160702,공기호흡기,5495500621,,2025-04-16,R25BK00789195
R25BK00789195_000_1_000_243196,10,0.009042,0,4619160702,공기호흡기,2032332357,,2025-04-16,R25BK00789195
R25BK00767561_000_1_000_241318,1,0.465346,1,3010990401,순환골재,3038136503,흥진환경(주),2025-04-17,R25BK00767561
R25BK00767561_000_1_000_241318,2,0.463551,0,3010990401,순환골재,4168186051,,2025-04-17,R25BK00767561
R25BK00767561_000_1_000_241318,3,0.062174,0,3010990401,순환골재,2658602763,,2025-04-17,R25BK00767561
R25BK00767561_000_1_000_241318,4,0.055712,0,3010990401,순환골재,3718702648,,2025-04-17,R25BK00767561
R25BK00767561_000_1_000_241318,5,0.010607,0,3010990401,순환골재,4988200407,,2025-04-17,R25BK00767561
R25BK00767561_000_1_000_241318,6,0.009193,0,3010990401,순환골재,7448602849,,2025-04-17,R25BK00767561
R25BK00767561_000_1_000_241318,7,0.006321,0,3010990401,순환골재,1328612388,,2025-04-17,R25BK00767561
R25BK00767561_000_1_000_241318,8,0.005927,0,3010990401,순환골재,6191217384,,2025-04-17,R25BK00767561
R25BK00767561_000_1_000_241318,9,0.005864,0,3010990401,순환골재,2808601477,,2025-04-17,R25BK00767561
R25BK00767561_000_1_000_241318,10,0.005553,0,3010990401,순환골재,4101468373,,2025-04-17,R25BK00767561
R25BK00770139_000_1_000_238012,1,0.288055,0,1017999901,토양개량제,8778101484,,2025-04-17,R25BK00770139
R25BK00770139_000_1_000_238012,2,0.121658,0,1017999901,토양개량제,7113100384,,2025-04-17,R25BK00770139
R25BK00770139_000_1_000_238012,3,0.095693,0,1017999901,토양개량제,7230100769,,2025-04-17,R25BK00770139
R25BK00770139_000_1_000_238012,4,0.078671,0,1017999901,토양개량제,2128196729,,2025-04-17,R25BK00770139
R25BK00770139_000_1_000_238012,5,0.063007,0,1017999901,토양개량제,6298600348,,2025-04-17,R25BK00770139
R25BK00770139_000_1_000_238012,6,0.059265,0,1017999901,토양개량제,7582500077,,2025-04-17,R25BK00770139
R25BK00770139_000_1_000_238012,7,0.059036,0,1017999901,토양개량제,3536700630,,2025-04-17,R25BK00770139
R25BK00770139_000_1_000_238012,8,0.041253,0,1017999901,토양개량제,3542600339,,2025-04-17,R25BK00770139
R25BK00770139_000_1_000_238012,9,0.037566,0,1017999901,토양개량제,8521602190,,2025-04-17,R25BK00770139
R25BK00770139_000_1_000_238012,10,0.036463,0,1017999901,토양개량제,6898802167,,2025-04-17,R25BK00770139
R25BK00774175_001_1_000_237842,1,0.876969,1,4111990901,혈액가스분석기,1380954750,메디앤사이언스,2025-04-17,R25BK00774175
R25BK00774175_001_1_000_237842,2,0.282892,0,4111990901,혈액가스분석기,3532200610,,2025-04-17,R25BK00774175
R25BK00774175_001_1_000_237842,3,0.228018,0,4111990901,혈액가스분석기,6861100265,,2025-04-17,R25BK00774175
R25BK00774175_001_1_000_237842,4,0.192479,0,4111990901,혈액가스분석기,7440901757,,2025-04-17,R25BK00774175
R25BK00774175_001_1_000_237842,5,0.182183,0,4111990901,혈액가스분석기,8938102388,,2025-04-17,R25BK00774175
R25BK00774175_001_1_000_237842,6,0.141041,0,4111990901,혈액가스분석기,4511201059,,2025-04-17,R25BK00774175
R25BK00774175_001_1_000_237842,7,0.138187,0,4111990901,혈액가스분석기,2652201457,,2025-04-17,R25BK00774175
R25BK00774175_001_1_000_237842,8,0.124981,0,4111990901,혈액가스분석기,3562701592,,2025-04-17,R25BK00774175
R25BK00774175_001_1_000_237842,9,0.121489,0,4111990901,혈액가스분석기,8808700159,,2025-04-17,R25BK00774175
R25BK00774175_001_1_000_237842,10,0.113264,0,4111990901,혈액가스분석기,1127800355,,2025-04-17,R25BK00774175
R25BK00777372_000_1_000_236933,1,0.462208,0,2310152501,스핀들샌더,4108673854,,2025-04-17,R25BK00777372
R25BK00777372_000_1_000_236933,2,0.461576,1,2310152501,스핀들샌더,2218136967,주식회사 태승,2025-04-17,R25BK00777372
R25BK00777372_000_1_000_236933,3,0.446448,0,2310152501,스핀들샌더,2210624197,,2025-04-17,R25BK00777372
R25BK00777372_000_1_000_236933,4,0.416575,0,2310152501,스핀들샌더,1088168171,,2025-04-17,R25BK00777372
R25BK00777372_000_1_000_236933,5,0.240454,0,2310152501,스핀들샌더,5790703180,,2025-04-17,R25BK00777372
R25BK00777372_000_1_000_236933,6,0.218815,0,2310152501,스핀들샌더,7121600889,,2025-04-17,R25BK00777372
R25BK00777372_000_1_000_236933,7,0.205478,0,2310152501,스핀들샌더,5783101525,,2025-04-17,R25BK00777372
R25BK00777372_000_1_000_236933,8,0.176887,0,2310152501,스핀들샌더,7678801717,,2025-04-17,R25BK00777372
R25BK00777372_000_1_000_236933,9,0.173044,0,2310152501,스핀들샌더,3340503002,,2025-04-17,R25BK00777372
R25BK00777372_000_1_000_236933,10,0.168652,0,2310152501,스핀들샌더,8050402717,,2025-04-17,R25BK00777372
R25BK00780653_000_1_000_239574,1,0.417679,1,1411170102,물티슈,6943601098,에스디메디칼,2025-04-17,R25BK00780653
R25BK00780653_000_1_000_239574,2,0.334352,0,1411170102,물티슈,1198691551,,2025-04-17,R25BK00780653
R25BK00780653_000_1_000_239574,3,0.162351,0,1411170102,물티슈,7363601053,,2025-04-17,R25BK00780653
R25BK00780653_000_1_000_239574,4,0.122502,0,1411170102,물티슈,7213401187,,2025-04-17,R25BK00780653
R25BK00780653_000_1_000_239574,5,0.112336,0,1411170102,물티슈,5208800012,,2025-04-17,R25BK00780653
R25BK00780653_000_1_000_239574,6,0.105714,0,1411170102,물티슈,1220426012,,2025-04-17,R25BK00780653
R25BK00780653_000_1_000_239574,7,0.092458,0,1411170102,물티슈,7257600365,,2025-04-17,R25BK00780653
R25BK00780653_000_1_000_239574,8,0.080826,0,1411170102,물티슈,3061464966,,2025-04-17,R25BK00780653
R25BK00780653_000_1_000_239574,9,0.06524,0,1411170102,물티슈,1138185890,,2025-04-17,R25BK00780653
R25BK00780653_000_1_000_239574,10,0.061243,0,1411170102,물티슈,6183861515,,2025-04-17,R25BK00780653
R25BK00780772_000_1_000_240582,1,0.411955,0,4111560301,pH측정기,1840901538,,2025-04-17,R25BK00780772
R25BK00780772_000_1_000_240582,2,0.242865,0,4111560301,pH측정기,6978702327,,2025-04-17,R25BK00780772
R25BK00780772_000_1_000_240582,3,0.162962,0,4111560301,pH측정기,6561802048,,2025-04-17,R25BK00780772
R25BK00780772_000_1_000_240582,4,0.134548,0,4111560301,pH측정기,3088701471,,2025-04-17,R25BK00780772
R25BK00780772_000_1_000_240582,5,0.132872,0,4111560301,pH측정기,8248601205,,2025-04-17,R25BK00780772
R25BK00780772_000_1_000_240582,6,0.131299,0,4111560301,pH측정기,7107100505,,2025-04-17,R25BK00780772
R25BK00780772_000_1_000_240582,7,0.126663,0,4111560301,pH측정기,3888101252,,2025-04-17,R25BK00780772
R25BK00780772_000_1_000_240582,8,0.117442,1,4111560301,pH측정기,4098168701,대현이엔씨(주),2025-04-17,R25BK00780772
R25BK00780772_000_1_000_240582,9,0.104623,0,4111560301,pH측정기,2154100978,,2025-04-17,R25BK00780772
R25BK00780772_000_1_000_240582,10,0.092957,0,4111560301,pH측정기,7511702045,,2025-04-17,R25BK00780772
R25BK00780865_000_1_000_237370,1,0.572816,0,4220171201,초음파영상진단장치,4048600244,,2025-04-17,R25BK00780865
R25BK00780865_000_1_000_237370,2,0.434011,1,4220171201,초음파영상진단장치,7751001494,케이비젠(KBGEN),2025-04-17,R25BK00780865
R25BK00780865_000_1_000_237370,3,0.240498,0,4220171201,초음파영상진단장치,6590103276,,2025-04-17,R25BK00780865
R25BK00780865_000_1_000_237370,4,0.222485,0,4220171201,초음파영상진단장치,4335900794,,2025-04-17,R25BK00780865
R25BK00780865_000_1_000_237370,5,0.05321,0,4220171201,초음파영상진단장치,2944900910,,2025-04-17,R25BK00780865
R25BK00780865_000_1_000_237370,6,0.02975,0,4220171201,초음파영상진단장치,5898601049,,2025-04-17,R25BK00780865
R25BK00780865_000_1_000_237370,7,0.022761,0,4220171201,초음파영상진단장치,7512101121,,2025-04-17,R25BK00780865
R25BK00780865_000_1_000_237370,8,0.021906,0,4220171201,초음파영상진단장치,5061491234,,2025-04-17,R25BK00780865
R25BK00780865_000_1_000_237370,9,0.020151,0,4220171201,초음파영상진단장치,7076000707,,2025-04-17,R25BK00780865
R25BK00780865_000_1_000_237370,10,0.019898,0,4220171201,초음파영상진단장치,8132901158,,2025-04-17,R25BK00780865
R25BK00781280_000_1_000_240259,1,0.473665,0,3010290301,금속기둥,2100586110,,2025-04-17,R25BK00781280
R25BK00781280_000_1_000_240259,2,0.395137,1,3010290301,금속기둥,1268645434,주식회사 삼덕라이팅,2025-04-17,R25BK00781280
R25BK00781280_000_1_000_240259,3,0.171743,0,3010290301,금속기둥,1888701765,,2025-04-17,R25BK00781280
R25BK00781280_000_1_000_240259,4,0.127419,0,3010290301,금속기둥,4118701985,,2025-04-17,R25BK00781280
R25BK00781280_000_1_000_240259,5,0.101733,0,3010290301,금속기둥,2718501059,,2025-04-17,R25BK00781280
R25BK00781280_000_1_000_240259,6,0.010114,0,3010290301,금속기둥,1268601474,,2025-04-17,R25BK00781280
R25BK00781280_000_1_000_240259,7,0.010046,0,3010290301,금속기둥,2158185459,,2025-04-17,R25BK00781280
R25BK00781280_000_1_000_240259,8,0.00535,0,3010290301,금속기둥,6798500249,,2025-04-17,R25BK00781280
R25BK00781280_000_1_000_240259,9,0.004983,0,3010290301,금속기둥,6022593083,,2025-04-17,R25BK00781280
R25BK00781280_000_1_000_240259,10,0.002815,0,3010290301,금속기둥,8797200553,,2025-04-17,R25BK00781280
R25BK00781362_000_1_000_242132,1,0.667106,0,1411160801,상품권,2018640860,,2025-04-17,R25BK00781362
R25BK00781362_000_1_000_242132,2,0.317858,0,1411160801,상품권,6212024108,,2025-04-17,R25BK00781362
R25BK00781362_000_1_000_242132,3,0.180516,0,1411160801,상품권,6108547721,,2025-04-17,R25BK00781362
R25BK00781362_000_1_000_242132,4,0.180516,0,1411160801,상품권,6168533924,,2025-04-17,R25BK00781362
R25BK00781362_000_1_000_242132,5,0.180516,0,1411160801,상품권,1418518657,,2025-04-17,R25BK00781362
R25BK00781362_000_1_000_242132,6,0.180516,0,1411160801,상품권,3188500271,,2025-04-17,R25BK00781362
R25BK00781362_000_1_000_242132,7,0.180516,0,1411160801,상품권,4108548305,,2025-04-17,R25BK00781362
R25BK00781362_000_1_000_242132,8,0.180516,0,1411160801,상품권,1148694271,,2025-04-17,R25BK00781362
R25BK00781362_000_1_000_242132,9,0.165437,0,1411160801,상품권,2038108444,,2025-04-17,R25BK00781362
R25BK00781362_000_1_000_242132,10,0.098701,0,1411160801,상품권,2431501920,,2025-04-17,R25BK00781362
R25BK00792918_000_1_000_239706,1,0.857041,1,5310271001,근무복,6260902249,다한비,2025-04-17,R25BK00792918
R25BK00792918_000_1_000_239706,2,0.381713,0,5310271001,근무복,2628200448,,2025-04-17,R25BK00792918
R25BK00792918_000_1_000_239706,3,0.260986,0,5310271001,근무복,5048216505,,2025-04-17,R25BK00792918
R25BK00792918_000_1_000_239706,4,0.19153,0,5310271001,근무복,2228602975,,2025-04-17,R25BK00792918
R25BK00792918_000_1_000_239706,5,0.047275,0,5310271001,근무복,2940601004,,2025-04-17,R25BK00792918
R25BK00792918_000_1_000_239706,6,0.046881,0,5310271001,근무복,5348603090,,2025-04-17,R25BK00792918
R25BK00792918_000_1_000_239706,7,0.013251,0,5310271001,근무복,2062451272,,2025-04-17,R25BK00792918
R25BK00792918_000_1_000_239706,8,0.005858,0,5310271001,근무복,7374000807,,2025-04-17,R25BK00792918
R25BK00792918_000_1_000_239706,9,0.005236,0,5310271001,근무복,2178524984,,2025-04-17,R25BK00792918
R25BK00792918_000_1_000_239706,10,0.005005,0,5310271001,근무복,3112301494,,2025-04-17,R25BK00792918
R25BK00750937_000_1_000_240712,1,0.8741,1,4616178701,구조경보기,1288686770,주식회사 메디시온,2025-04-18,R25BK00750937
R25BK00750937_000_1_000_240712,2,0.099371,0,4616178701,구조경보기,2712701364,,2025-04-18,R25BK00750937
R25BK00750937_000_1_000_240712,3,0.088417,0,4616178701,구조경보기,5092300471,,2025-04-18,R25BK00750937
R25BK00750937_000_1_000_240712,4,0.057771,0,4616178701,구조경보기,1063261475,,2025-04-18,R25BK00750937
R25BK00750937_000_1_000_240712,5,0.053532,0,4616178701,구조경보기,8451701813,,2025-04-18,R25BK00750937
R25BK00750937_000_1_000_240712,6,0.028875,0,4616178701,구조경보기,4370602274,,2025-04-18,R25BK00750937
R25BK00750937_000_1_000_240712,7,0.028872,0,4616178701,구조경보기,8684300494,,2025-04-18,R25BK00750937
R25BK00750937_000_1_000_240712,8,0.028826,0,4616178701,구조경보기,1800702754,,2025-04-18,R25BK00750937
R25BK00750937_000_1_000_240712,9,0.027981,0,4616178701,구조경보기,1865800590,,2025-04-18,R25BK00750937
R25BK00750937_000_1_000_240712,10,0.026701,0,4616178701,구조경보기,4917000475,,2025-04-18,R25BK00750937
R25BK00757465_000_1_000_242061,1,0.572647,0,4111990901,혈액가스분석기,3091861646,,2025-04-18,R25BK00757465
R25BK00757465_000_1_000_242061,2,0.415304,0,4111990901,혈액가스분석기,4344300627,,2025-04-18,R25BK00757465
R25BK00757465_000_1_000_242061,3,0.321068,0,4111990901,혈액가스분석기,8063900617,,2025-04-18,R25BK00757465
R25BK00757465_000_1_000_242061,4,0.258797,0,4111990901,혈액가스분석기,6487100364,,2025-04-18,R25BK00757465
R25BK00757465_000_1_000_242061,5,0.247928,0,4111990901,혈액가스분석기,2811400979,,2025-04-18,R25BK00757465
R25BK00757465_000_1_000_242061,6,0.237767,0,4111990901,혈액가스분석기,3032464821,,2025-04-18,R25BK00757465
R25BK00757465_000_1_000_242061,7,0.169543,0,4111990901,혈액가스분석기,8111402268,,2025-04-18,R25BK00757465
R25BK00757465_000_1_000_242061,8,0.165394,0,4111990901,혈액가스분석기,6738101975,,2025-04-18,R25BK00757465
R25BK00757465_000_1_000_242061,9,0.152096,0,4111990901,혈액가스분석기,3701801937,,2025-04-18,R25BK00757465
R25BK00757465_000_1_000_242061,10,0.143039,0,4111990901,혈액가스분석기,6708600521,,2025-04-18,R25BK00757465
R25BK00773081_000_1_000_240357,1,0.724184,0,4322181001,광다중화장치,7198700629,,2025-04-18,R25BK00773081
R25BK00773081_000_1_000_240357,2,0.49791,0,4322181001,광다중화장치,8208802244,,2025-04-18,R25BK00773081
R25BK00773081_000_1_000_240357,3,0.43977,1,4322181001,광다중화장치,5028192306,주식회사 씨앤텍,2025-04-18,R25BK00773081
R25BK00773081_000_1_000_240357,4,0.266016,0,4322181001,광다중화장치,5148107442,,2025-04-18,R25BK00773081
R25BK00773081_000_1_000_240357,5,0.244484,0,4322181001,광다중화장치,5648601996,,2025-04-18,R25BK00773081
R25BK00773081_000_1_000_240357,6,0.244288,0,4322181001,광다중화장치,1328636304,,2025-04-18,R25BK00773081
R25BK00773081_000_1_000_240357,7,0.217778,0,4322181001,광다중화장치,1198108907,,2025-04-18,R25BK00773081
R25BK00773081_000_1_000_240357,8,0.167772,0,4322181001,광다중화장치,4098177573,,2025-04-18,R25BK00773081
R25BK00773081_000_1_000_240357,9,0.141001,0,4322181001,광다중화장치,2188601661,,2025-04-18,R25BK00773081
R25BK00773081_000_1_000_240357,10,0.131508,0,4322181001,광다중화장치,1358135916,,2025-04-18,R25BK00773081
R25BK00776996_000_1_000_242383,1,0.547033,1,4112150401,피펫팅머신,3718802325,주식회사 백두건설,2025-04-18,R25BK00776996
R25BK00776996_000_1_000_242383,2,0.189143,0,4112150401,피펫팅머신,5633200953,,2025-04-18,R25BK00776996
R25BK00776996_000_1_000_242383,3,0.183516,0,4112150401,피펫팅머신,7035400363,,2025-04-18,R25BK00776996
R25BK00776996_000_1_000_242383,4,0.174618,0,4112150401,피펫팅머신,2248136762,,2025-04-18,R25BK00776996
R25BK00776996_000_1_000_242383,5,0.132411,0,4112150401,피펫팅머신,8758801551,,2025-04-18,R25BK00776996
R25BK00776996_000_1_000_242383,6,0.125464,0,4112150401,피펫팅머신,8328600717,,2025-04-18,R25BK00776996
R25BK00776996_000_1_000_242383,7,0.123346,0,4112150401,피펫팅머신,8631001995,,2025-04-18,R25BK00776996
R25BK00776996_000_1_000_242383,8,0.109724,0,4112150401,피펫팅머신,1480702008,,2025-04-18,R25BK00776996
R25BK00776996_000_1_000_242383,9,0.061586,0,4112150401,피펫팅머신,4990501392,,2025-04-18,R25BK00776996
R25BK00776996_000_1_000_242383,10,0.059286,0,4112150401,피펫팅머신,5041844688,,2025-04-18,R25BK00776996
R25BK00781747_000_1_000_244127,1,0.665419,1,4111441301,운고계,1381234337,나스코리아,2025-04-18,R25BK00781747
R25BK00781747_000_1_000_244127,2,0.061709,0,4111441301,운고계,1608700870,,2025-04-18,R25BK00781747
R25BK00781747_000_1_000_244127,3,0.029837,0,4111441301,운고계,1308685487,,2025-04-18,R25BK00781747
R25BK00781747_000_1_000_244127,4,0.013971,0,4111441301,운고계,2608603243,,2025-04-18,R25BK00781747
R25BK00781747_000_1_000_244127,5,0.013153,0,4111441301,운고계,2292401057,,2025-04-18,R25BK00781747
R25BK00781747_000_1_000_244127,6,0.008104,0,4111441301,운고계,2338601340,,2025-04-18,R25BK00781747
R25BK00781747_000_1_000_244127,7,0.007207,0,4111441301,운고계,3328802499,,2025-04-18,R25BK00781747
R25BK00781747_000_1_000_244127,8,0.006497,0,4111441301,운고계,8598101754,,2025-04-18,R25BK00781747
R25BK00781747_000_1_000_244127,9,0.006349,0,4111441301,운고계,7143200681,,2025-04-18,R25BK00781747
R25BK00781747_000_1_000_244127,10,0.006329,0,4111441301,운고계,8278602014,,2025-04-18,R25BK00781747
R25BK00796696_000_1_000_236879,1,0.729247,1,3912110101,분전반,4048511410,꿈나무생산시설,2025-04-18,R25BK00796696
R25BK00796696_000_1_000_236879,2,0.346086,0,3912110101,분전반,6158189602,,2025-04-18,R25BK00796696
R25BK00796696_000_1_000_236879,3,0.264257,0,3912110101,분전반,4598200722,,2025-04-18,R25BK00796696
R25BK00796696_000_1_000_236879,4,0.264257,0,3912110101,분전반,8608200825,,2025-04-18,R25BK00796696
R25BK00796696_000_1_000_236879,5,0.136215,0,3912110101,분전반,6548100655,,2025-04-18,R25BK00796696
R25BK00796696_000_1_000_236879,6,0.132508,0,3912110101,분전반,3558102436,,2025-04-18,R25BK00796696
R25BK00796696_000_1_000_236879,7,0.119014,0,3912110101,분전반,3168113414,,2025-04-18,R25BK00796696
R25BK00796696_000_1_000_236879,8,0.075107,0,3912110101,분전반,6548600290,,2025-04-18,R25BK00796696
R25BK00796696_000_1_000_236879,9,0.065248,0,3912110101,분전반,6588702303,,2025-04-18,R25BK00796696
R25BK00796696_000_1_000_236879,10,0.060367,0,3912110101,분전반,4108217489,,2025-04-18,R25BK00796696
R25BK00782245_000_1_000_237313,1,0.885305,1,3010990201,혼합골재,3428803044,씨에스산업주식회사,2025-04-21,R25BK00782245
R25BK00782245_000_1_000_237313,2,0.412843,0,3010990201,혼합골재,6118108586,,2025-04-21,R25BK00782245
R25BK00782245_000_1_000_237313,3,0.220155,0,3010990201,혼합골재,6218158439,,2025-04-21,R25BK00782245
R25BK00782245_000_1_000_237313,4,0.129128,0,3010990201,혼합골재,1048703222,,2025-04-21,R25BK00782245
R25BK00782245_000_1_000_237313,5,0.060588,0,3010990201,혼합골재,8661200285,,2025-04-21,R25BK00782245
R25BK00782245_000_1_000_237313,6,0.04987,0,3010990201,혼합골재,6158165672,,2025-04-21,R25BK00782245
R25BK00782245_000_1_000_237313,7,0.048313,0,3010990201,혼합골재,2210986423,,2025-04-21,R25BK00782245
R25BK00782245_000_1_000_237313,8,0.041882,0,3010990201,혼합골재,5038193860,,2025-04-21,R25BK00782245
R25BK00782245_000_1_000_237313,9,0.032783,0,3010990201,혼합골재,2318802615,,2025-04-21,R25BK00782245
R25BK00782245_000_1_000_237313,10,0.031437,0,3010990201,혼합골재,2931401189,,2025-04-21,R25BK00782245
R25BK00787211_000_1_000_241739,1,0.649557,0,4111170301,실체현미경,1298638330,,2025-04-21,R25BK00787211
R25BK00787211_000_1_000_241739,2,0.626956,0,4111170301,실체현미경,5142477528,,2025-04-21,R25BK00787211
R25BK00787211_000_1_000_241739,3,0.587088,0,4111170301,실체현미경,1660301106,,2025-04-21,R25BK00787211
R25BK00787211_000_1_000_241739,4,0.467906,0,4111170301,실체현미경,2241604336,,2025-04-21,R25BK00787211
R25BK00787211_000_1_000_241739,5,0.444579,1,4111170301,실체현미경,1840901538,지미테크(Jimitech),2025-04-21,R25BK00787211
R25BK00787211_000_1_000_241739,6,0.091763,0,4111170301,실체현미경,1312045032,,2025-04-21,R25BK00787211
R25BK00787211_000_1_000_241739,7,0.050027,0,4111170301,실체현미경,3952201796,,2025-04-21,R25BK00787211
R25BK00787211_000_1_000_241739,8,0.041832,0,4111170301,실체현미경,2880102702,,2025-04-21,R25BK00787211
R25BK00787211_000_1_000_241739,9,0.029432,0,4111170301,실체현미경,2078802795,,2025-04-21,R25BK00787211
R25BK00787211_000_1_000_241739,10,0.027901,0,4111170301,실체현미경,2012131867,,2025-04-21,R25BK00787211
R25BK00789553_000_1_000_239926,1,0.946776,1,4710160803,폴리염화알루미늄,1338125334,(주)광진화학,2025-04-21,R25BK00789553
R25BK00789553_000_1_000_239926,2,0.046958,0,4710160803,폴리염화알루미늄,3574400725,,2025-04-21,R25BK00789553
R25BK00789553_000_1_000_239926,3,0.02857,0,4710160803,폴리염화알루미늄,3218702060,,2025-04-21,R25BK00789553
R25BK00789553_000_1_000_239926,4,0.026276,0,4710160803,폴리염화알루미늄,3161002824,,2025-04-21,R25BK00789553
R25BK00789553_000_1_000_239926,5,0.025943,0,4710160803,폴리염화알루미늄,2791401150,,2025-04-21,R25BK00789553
R25BK00789553_000_1_000_239926,6,0.020786,0,4710160803,폴리염화알루미늄,1133300610,,2025-04-21,R25BK00789553
R25BK00789553_000_1_000_239926,7,0.015218,0,4710160803,폴리염화알루미늄,3023401517,,2025-04-21,R25BK00789553
R25BK00789553_000_1_000_239926,8,0.013968,0,4710160803,폴리염화알루미늄,3032464821,,2025-04-21,R25BK00789553
R25BK00789553_000_1_000_239926,9,0.013818,0,4710160803,폴리염화알루미늄,1658100719,,2025-04-21,R25BK00789553
R25BK00789553_000_1_000_239926,10,0.013078,0,4710160803,폴리염화알루미늄,4144501043,,2025-04-21,R25BK00789553
R25BK00802320_000_1_000_238196,1,0.167151,1,3010280401,나무파일,3080364156,경희철물,2025-04-21,R25BK00802320
R25BK00802320_000_1_000_238196,2,0.00712,0,3010280401,나무파일,1406600449,,2025-04-21,R25BK00802320
R25BK00802320_000_1_000_238196,3,0.00712,0,3010280401,나무파일,6700202359,,2025-04-21,R25BK00802320
R25BK00802320_000_1_000_238196,4,0.007117,0,3010280401,나무파일,5483301101,,2025-04-21,R25BK00802320
R25BK00802320_000_1_000_238196,5,0.006796,0,3010280401,나무파일,6191217384,,2025-04-21,R25BK00802320
R25BK00802320_000_1_000_238196,6,0.005738,0,3010280401,나무파일,3112301494,,2025-04-21,R25BK00802320
R25BK00802320_000_1_000_238196,7,0.005601,0,3010280401,나무파일,7988703333,,2025-04-21,R25BK00802320
R25BK00802320_000_1_000_238196,8,0.004053,0,3010280401,나무파일,2021751739,,2025-04-21,R25BK00802320
R25BK00802320_000_1_000_238196,9,0.003926,0,3010280401,나무파일,6043714049,,2025-04-21,R25BK00802320
R25BK00802320_000_1_000_238196,10,0.003869,0,3010280401,나무파일,8736100637,,2025-04-21,R25BK00802320
R25BK00755705_000_1_000_238866,1,0.762421,1,6012149901,졸업앨범,2011677025,디앤북,2025-04-22,R25BK00755705
R25BK00755705_000_1_000_238866,2,0.499659,0,6012149901,졸업앨범,2710102776,,2025-04-22,R25BK00755705
R25BK00755705_000_1_000_238866,3,0.402443,0,6012149901,졸업앨범,3170169374,,2025-04-22,R25BK00755705
R25BK00755705_000_1_000_238866,4,0.331981,0,6012149901,졸업앨범,6704200342,,2025-04-22,R25BK00755705
R25BK00755705_000_1_000_238866,5,0.311902,0,6012149901,졸업앨범,6100842818,,2025-04-22,R25BK00755705
R25BK00755705_000_1_000_238866,6,0.211078,0,6012149901,졸업앨범,8993301163,,2025-04-22,R25BK00755705
R25BK00755705_000_1_000_238866,7,0.12076,0,6012149901,졸업앨범,7512002308,,2025-04-22,R25BK00755705
R25BK00755705_000_1_000_238866,8,0.12076,0,6012149901,졸업앨범,1761601651,,2025-04-22,R25BK00755705
R25BK00755705_000_1_000_238866,9,0.115326,0,6012149901,졸업앨범,8970300730,,2025-04-22,R25BK00755705
R25BK00755705_000_1_000_238866,10,0.105425,0,6012149901,졸업앨범,6100574814,,2025-04-22,R25BK00755705
R25BK00773020_000_1_000_240120,1,0.30244,0,4111541301,세포분석기,5368102020,,2025-04-22,R25BK00773020
R25BK00773020_000_1_000_240120,2,0.283171,0,4111541301,세포분석기,7345900061,,2025-04-22,R25BK00773020
R25BK00773020_000_1_000_240120,3,0.247645,1,4111541301,세포분석기,5818100226,주식회사 썬더바이오사이언스,2025-04-22,R25BK00773020
R25BK00773020_000_1_000_240120,4,0.007084,0,4111541301,세포분석기,5161901433,,2025-04-22,R25BK00773020
R25BK00773020_000_1_000_240120,5,0.006834,0,4111541301,세포분석기,8642001376,,2025-04-22,R25BK00773020
R25BK00773020_000_1_000_240120,6,0.006617,0,4111541301,세포분석기,5391501739,,2025-04-22,R25BK00773020
R25BK00773020_000_1_000_240120,7,0.00545,0,4111541301,세포분석기,4944700739,,2025-04-22,R25BK00773020
R25BK00773020_000_1_000_240120,8,0.004985,0,4111541301,세포분석기,6220568955,,2025-04-22,R25BK00773020
R25BK00773020_000_1_000_240120,9,0.003991,0,4111541301,세포분석기,6538602029,,2025-04-22,R25BK00773020
R25BK00773020_000_1_000_240120,10,0.003524,0,4111541301,세포분석기,1472901920,,2025-04-22,R25BK00773020
R25BK00783953_000_1_000_238616,1,0.165926,1,4617160601,사이렌,5088119337,경안정보기술(주),2025-04-22,R25BK00783953
R25BK00783953_000_1_000_238616,2,0.112113,0,4617160601,사이렌,7848500051,,2025-04-22,R25BK00783953
R25BK00783953_000_1_000_238616,3,0.032743,0,4617160601,사이렌,7688800706,,2025-04-22,R25BK00783953
R25BK00783953_000_1_000_238616,4,0.025221,0,4617160601,사이렌,6158138758,,2025-04-22,R25BK00783953
R25BK00783953_000_1_000_238616,5,0.024481,0,4617160601,사이렌,2068606585,,2025-04-22,R25BK00783953
R25BK00783953_000_1_000_238616,6,0.019878,0,4617160601,사이렌,1138689528,,2025-04-22,R25BK00783953
R25BK00783953_000_1_000_238616,7,0.014774,0,4617160601,사이렌,1298145229,,2025-04-22,R25BK00783953
R25BK00783953_000_1_000_238616,8,0.014201,0,4617160601,사이렌,5028169620,,2025-04-22,R25BK00783953
R25BK00783953_000_1_000_238616,9,0.01303,0,4617160601,사이렌,1198803236,,2025-04-22,R25BK00783953
R25BK00783953_000_1_000_238616,10,0.012248,0,4617160601,사이렌,7948703331,,2025-04-22,R25BK00783953
R25BK00784311_000_1_000_238240,1,0.732615,1,4111460201,압축강도시험기,3718802325,주식회사 백두건설,2025-04-22,R25BK00784311
R25BK00784311_000_1_000_238240,2,0.147984,0,4111460201,압축강도시험기,7770701957,,2025-04-22,R25BK00784311
R25BK00784311_000_1_000_238240,3,0.026126,0,4111460201,압축강도시험기,4552701341,,2025-04-22,R25BK00784311
R25BK00784311_000_1_000_238240,4,0.014082,0,4111460201,압축강도시험기,2334600670,,2025-04-22,R25BK00784311
R25BK00784311_000_1_000_238240,5,0.012828,0,4111460201,압축강도시험기,8700302280,,2025-04-22,R25BK00784311
R25BK00784311_000_1_000_238240,6,0.012731,0,4111460201,압축강도시험기,8822901455,,2025-04-22,R25BK00784311
R25BK00784311_000_1_000_238240,7,0.011758,0,4111460201,압축강도시험기,1530501555,,2025-04-22,R25BK00784311
R25BK00784311_000_1_000_238240,8,0.011595,0,4111460201,압축강도시험기,2263900470,,2025-04-22,R25BK00784311
R25BK00784311_000_1_000_238240,9,0.011271,0,4111460201,압축강도시험기,8862500222,,2025-04-22,R25BK00784311
R25BK00784311_000_1_000_238240,10,0.010898,0,4111460201,압축강도시험기,7374000807,,2025-04-22,R25BK00784311
R25BK00789146_000_1_000_244215,1,0.667026,0,4710996501,침사인양기,1608803078,,2025-04-22,R25BK00789146
R25BK00789146_000_1_000_244215,2,0.639143,0,4710996501,침사인양기,1808802923,,2025-04-22,R25BK00789146
R25BK00789146_000_1_000_244215,3,0.333696,1,4710996501,침사인양기,3078138162,주식회사 이에스텍,2025-04-22,R25BK00789146
R25BK00789146_000_1_000_244215,4,0.300005,0,4710996501,침사인양기,7918103077,,2025-04-22,R25BK00789146
R25BK00789146_000_1_000_244215,5,0.26824,0,4710996501,침사인양기,2028702513,,2025-04-22,R25BK00789146
R25BK00789146_000_1_000_244215,6,0.224005,0,4710996501,침사인양기,8208602842,,2025-04-22,R25BK00789146
R25BK00789146_000_1_000_244215,7,0.095505,0,4710996501,침사인양기,5441002147,,2025-04-22,R25BK00789146
R25BK00789146_000_1_000_244215,8,0.055823,0,4710996501,침사인양기,3398200471,,2025-04-22,R25BK00789146
R25BK00789146_000_1_000_244215,9,0.049818,0,4710996501,침사인양기,8418501561,,2025-04-22,R25BK00789146
R25BK00789146_000_1_000_244215,10,0.04652,0,4710996501,침사인양기,2848502393,,2025-04-22,R25BK00789146
R25BK00790657_000_1_000_236588,1,0.639707,0,4111463201,인장강도시험기,1864800233,,2025-04-22,R25BK00790657
R25BK00790657_000_1_000_236588,2,0.507225,0,4111463201,인장강도시험기,3068130930,,2025-04-22,R25BK00790657
R25BK00790657_000_1_000_236588,3,0.399475,1,4111463201,인장강도시험기,2230551878,휴랩(Hue Lab),2025-04-22,R25BK00790657
R25BK00790657_000_1_000_236588,4,0.193756,0,4111463201,인장강도시험기,5858802429,,2025-04-22,R25BK00790657
R25BK00790657_000_1_000_236588,5,0.060649,0,4111463201,인장강도시험기,4333701054,,2025-04-22,R25BK00790657
R25BK00790657_000_1_000_236588,6,0.053393,0,4111463201,인장강도시험기,6121910147,,2025-04-22,R25BK00790657
R25BK00790657_000_1_000_236588,7,0.041813,0,4111463201,인장강도시험기,2078802795,,2025-04-22,R25BK00790657
R25BK00790657_000_1_000_236588,8,0.035839,0,4111463201,인장강도시험기,2187500496,,2025-04-22,R25BK00790657
R25BK00790657_000_1_000_236588,9,0.031189,0,4111463201,인장강도시험기,2362501649,,2025-04-22,R25BK00790657
R25BK00790657_000_1_000_236588,10,0.018118,0,4111463201,인장강도시험기,5772001579,,2025-04-22,R25BK00790657
R25BK00790726_000_1_000_240627,1,0.47878,1,4111460201,압축강도시험기,1840901538,지미테크(Jimitech),2025-04-22,R25BK00790726
R25BK00790726_000_1_000_240627,2,0.141087,0,4111460201,압축강도시험기,1011475043,,2025-04-22,R25BK00790726
R25BK00790726_000_1_000_240627,3,0.081534,0,4111460201,압축강도시험기,7431302269,,2025-04-22,R25BK00790726
R25BK00790726_000_1_000_240627,4,0.03233,0,4111460201,압축강도시험기,7150203160,,2025-04-22,R25BK00790726
R25BK00790726_000_1_000_240627,5,0.02614,0,4111460201,압축강도시험기,7415500585,,2025-04-22,R25BK00790726
R25BK00790726_000_1_000_240627,6,0.024254,0,4111460201,압축강도시험기,5633201608,,2025-04-22,R25BK00790726
R25BK00790726_000_1_000_240627,7,0.023788,0,4111460201,압축강도시험기,4658803124,,2025-04-22,R25BK00790726
R25BK00790726_000_1_000_240627,8,0.023754,0,4111460201,압축강도시험기,4991402199,,2025-04-22,R25BK00790726
R25BK00790726_000_1_000_240627,9,0.0224,0,4111460201,압축강도시험기,6860901693,,2025-04-22,R25BK00790726
R25BK00790726_000_1_000_240627,10,0.02126,0,4111460201,압축강도시험기,4736500231,,2025-04-22,R25BK00790726
R25BK00790850_000_1_000_237363,1,0.272148,0,4111421501,측고기,7751001494,,2025-04-22,R25BK00790850
R25BK00790850_000_1_000_237363,2,0.250239,0,4111421501,측고기,8190200752,,2025-04-22,R25BK00790850
R25BK00790850_000_1_000_237363,3,0.19145,0,4111421501,측고기,2230551878,,2025-04-22,R25BK00790850
R25BK00790850_000_1_000_237363,4,0.160041,1,4111421501,측고기,1840901538,지미테크(Jimitech),2025-04-22,R25BK00790850
R25BK00790850_000_1_000_237363,5,0.156755,0,4111421501,측고기,3018183577,,2025-04-22,R25BK00790850
R25BK00790850_000_1_000_237363,6,0.120242,0,4111421501,측고기,2968100430,,2025-04-22,R25BK00790850
R25BK00790850_000_1_000_237363,7,0.070192,0,4111421501,측고기,8598102603,,2025-04-22,R25BK00790850
R25BK00790850_000_1_000_237363,8,0.065294,0,4111421501,측고기,1325300716,,2025-04-22,R25BK00790850
R25BK00790850_000_1_000_237363,9,0.05326,0,4111421501,측고기,3178131924,,2025-04-22,R25BK00790850
R25BK00790850_000_1_000_237363,10,0.048117,0,4111421501,측고기,7900501112,,2025-04-22,R25BK00790850
R25BK00790894_000_1_000_236947,1,0.396499,0,4110390101,미량원심분리기,5428802738,,2025-04-22,R25BK00790894
R25BK00790894_000_1_000_236947,2,0.268447,0,4110390101,미량원심분리기,8040501987,,2025-04-22,R25BK00790894
R25BK00790894_000_1_000_236947,3,0.241344,0,4110390101,미량원심분리기,4338801885,,2025-04-22,R25BK00790894
R25BK00790894_000_1_000_236947,4,0.174984,0,4110390101,미량원심분리기,4556600429,,2025-04-22,R25BK00790894
R25BK00790894_000_1_000_236947,5,0.169931,1,4110390101,미량원심분리기,1840901538,지미테크(Jimitech),2025-04-22,R25BK00790894
R25BK00790894_000_1_000_236947,6,0.113382,0,4110390101,미량원심분리기,2152491152,,2025-04-22,R25BK00790894
R25BK00790894_000_1_000_236947,7,0.093365,0,4110390101,미량원심분리기,1325300716,,2025-04-22,R25BK00790894
R25BK00790894_000_1_000_236947,8,0.08052,0,4110390101,미량원심분리기,1160668855,,2025-04-22,R25BK00790894
R25BK00790894_000_1_000_236947,9,0.062749,0,4110390101,미량원심분리기,3883501352,,2025-04-22,R25BK00790894
R25BK00790894_000_1_000_236947,10,0.049777,0,4110390101,미량원심분리기,5295500699,,2025-04-22,R25BK00790894
R25BK00791486_000_1_000_242698,1,0.362667,0,4619161901,방수총,1228646713,,2025-04-22,R25BK00791486
R25BK00791486_000_1_000_242698,2,0.266087,0,4619161901,방수총,4738701270,,2025-04-22,R25BK00791486
R25BK00791486_000_1_000_242698,3,0.219397,0,4619161901,방수총,1313302479,,2025-04-22,R25BK00791486
R25BK00791486_000_1_000_242698,4,0.205152,0,4619161901,방수총,3142620074,,2025-04-22,R25BK00791486
R25BK00791486_000_1_000_242698,5,0.196372,0,4619161901,방수총,1058649262,,2025-04-22,R25BK00791486
R25BK00791486_000_1_000_242698,6,0.176433,0,4619161901,방수총,1274489662,,2025-04-22,R25BK00791486
R25BK00791486_000_1_000_242698,7,0.175246,0,4619161901,방수총,8643701113,,2025-04-22,R25BK00791486
R25BK00791486_000_1_000_242698,8,0.17339,0,4619161901,방수총,2141386024,,2025-04-22,R25BK00791486
R25BK00791486_000_1_000_242698,9,0.172501,0,4619161901,방수총,2022607744,,2025-04-22,R25BK00791486
R25BK00791486_000_1_000_242698,10,0.14907,0,4619161901,방수총,5560803073,,2025-04-22,R25BK00791486
R25BK00791795_000_1_000_242963,1,0.244998,0,4616170301,공기안전매트,4470401017,,2025-04-22,R25BK00791795
R25BK00791795_000_1_000_242963,2,0.215792,0,4616170301,공기안전매트,6162453900,,2025-04-22,R25BK00791795
R25BK00791795_000_1_000_242963,3,0.20606,0,4616170301,공기안전매트,6731502455,,2025-04-22,R25BK00791795
R25BK00791795_000_1_000_242963,4,0.202647,0,4616170301,공기안전매트,7528601647,,2025-04-22,R25BK00791795
R25BK00791795_000_1_000_242963,5,0.197005,0,4616170301,공기안전매트,2835100378,,2025-04-22,R25BK00791795
R25BK00791795_000_1_000_242963,6,0.193673,0,4616170301,공기안전매트,8758101891,,2025-04-22,R25BK00791795
R25BK00791795_000_1_000_242963,7,0.192653,1,4616170301,공기안전매트,5450103055,규다미,2025-04-22,R25BK00791795
R25BK00791795_000_1_000_242963,8,0.184265,0,4616170301,공기안전매트,1278178215,,2025-04-22,R25BK00791795
R25BK00791795_000_1_000_242963,9,0.179448,0,4616170301,공기안전매트,1211872790,,2025-04-22,R25BK00791795
R25BK00791795_000_1_000_242963,10,0.164375,0,4616170301,공기안전매트,2023581386,,2025-04-22,R25BK00791795
R25BK00792621_000_1_000_239105,1,0.657008,1,2410160301,지게차,8128703584,주식회사 이론엔앤피,2025-04-22,R25BK00792621
R25BK00792621_000_1_000_239105,2,0.419578,0,2410160301,지게차,7351202863,,2025-04-22,R25BK00792621
R25BK00792621_000_1_000_239105,3,0.210357,0,2410160301,지게차,8668102654,,2025-04-22,R25BK00792621
R25BK00792621_000_1_000_239105,4,0.150841,0,2410160301,지게차,1292925282,,2025-04-22,R25BK00792621
R25BK00792621_000_1_000_239105,5,0.099824,0,2410160301,지게차,3820902903,,2025-04-22,R25BK00792621
R25BK00792621_000_1_000_239105,6,0.08861,0,2410160301,지게차,1278627098,,2025-04-22,R25BK00792621
R25BK00792621_000_1_000_239105,7,0.052869,0,2410160301,지게차,1078191887,,2025-04-22,R25BK00792621
R25BK00792621_000_1_000_239105,8,0.05033,0,2410160301,지게차,5558702834,,2025-04-22,R25BK00792621
R25BK00792621_000_1_000_239105,9,0.046,0,2410160301,지게차,2292369220,,2025-04-22,R25BK00792621
R25BK00792621_000_1_000_239105,10,0.040252,0,2410160301,지게차,3183900973,,2025-04-22,R25BK00792621
R25BK00791566_000_1_000_240724,1,0.487108,0,3020150101,사일로,6158158088,,2025-04-23,R25BK00791566
R25BK00791566_000_1_000_240724,2,0.319275,0,3020150101,사일로,6048702437,,2025-04-23,R25BK00791566
R25BK00791566_000_1_000_240724,3,0.165611,0,3020150101,사일로,1388102087,,2025-04-23,R25BK00791566
R25BK00791566_000_1_000_240724,4,0.14577,1,3020150101,사일로,5138139048,주식회사 일성테크,2025-04-23,R25BK00791566
R25BK00791566_000_1_000_240724,5,0.060199,0,3020150101,사일로,3298602301,,2025-04-23,R25BK00791566
R25BK00791566_000_1_000_240724,6,0.039514,0,3020150101,사일로,1258152922,,2025-04-23,R25BK00791566
R25BK00791566_000_1_000_240724,7,0.01464,0,3020150101,사일로,6568600767,,2025-04-23,R25BK00791566
R25BK00791566_000_1_000_240724,8,0.006708,0,3020150101,사일로,2094500802,,2025-04-23,R25BK00791566
R25BK00791566_000_1_000_240724,9,0.006309,0,3020150101,사일로,8760301348,,2025-04-23,R25BK00791566
R25BK00791566_000_1_000_240724,10,0.006045,0,3020150101,사일로,2822001574,,2025-04-23,R25BK00791566
R25BK00793561_000_1_000_240941,1,0.468213,1,4111540801,적외선분광기,6923301301,한마음,2025-04-23,R25BK00793561
R25BK00793561_000_1_000_240941,2,0.073667,0,4111540801,적외선분광기,4180116054,,2025-04-23,R25BK00793561
R25BK00793561_000_1_000_240941,3,0.017377,0,4111540801,적외선분광기,6400200480,,2025-04-23,R25BK00793561
R25BK00793561_000_1_000_240941,4,0.015941,0,4111540801,적외선분광기,3562701592,,2025-04-23,R25BK00793561
R25BK00793561_000_1_000_240941,5,0.01485,0,4111540801,적외선분광기,7048802729,,2025-04-23,R25BK00793561
R25BK00793561_000_1_000_240941,6,0.014617,0,4111540801,적외선분광기,7671301500,,2025-04-23,R25BK00793561
R25BK00793561_000_1_000_240941,7,0.014316,0,4111540801,적외선분광기,3705900552,,2025-04-23,R25BK00793561
R25BK00793561_000_1_000_240941,8,0.013358,0,4111540801,적외선분광기,3993101577,,2025-04-23,R25BK00793561
R25BK00793561_000_1_000_240941,9,0.013103,0,4111540801,적외선분광기,6898101403,,2025-04-23,R25BK00793561
R25BK00793561_000_1_000_240941,10,0.013103,0,4111540801,적외선분광기,4175700686,,2025-04-23,R25BK00793561
R25BK00797137_000_1_000_242001,1,0.199881,0,6013120101,클라리넷,2210338666,,2025-04-24,R25BK00797137
R25BK00797137_000_1_000_242001,2,0.182966,0,6013120101,클라리넷,2211215705,,2025-04-24,R25BK00797137
R25BK00797137_000_1_000_242001,3,0.166162,1,6013120101,클라리넷,2228112293,주식회사 현대기전,2025-04-24,R25BK00797137
R25BK00797137_000_1_000_242001,4,0.128616,0,6013120101,클라리넷,4964500731,,2025-04-24,R25BK00797137
R25BK00797137_000_1_000_242001,5,0.128391,0,6013120101,클라리넷,7198601238,,2025-04-24,R25BK00797137
R25BK00797137_000_1_000_242001,6,0.1127,0,6013120101,클라리넷,5675900272,,2025-04-24,R25BK00797137
R25BK00797137_000_1_000_242001,7,0.112576,0,6013120101,클라리넷,4347400446,,2025-04-24,R25BK00797137
R25BK00797137_000_1_000_242001,8,0.101633,0,6013120101,클라리넷,1191972076,,2025-04-24,R25BK00797137
R25BK00797137_000_1_000_242001,9,0.084217,0,6013120101,클라리넷,2453100285,,2025-04-24,R25BK00797137
R25BK00797137_000_1_000_242001,10,0.068541,0,6013120101,클라리넷,6916600516,,2025-04-24,R25BK00797137
R25BK00797336_000_1_000_241659,1,0.797198,0,4110290901,조직포매기,2828100519,,2025-04-24,R25BK00797336
R25BK00797336_000_1_000_241659,2,0.742953,0,4110290901,조직포매기,5043129842,,2025-04-24,R25BK00797336
R25BK00797336_000_1_000_241659,3,0.713414,1,4110290901,조직포매기,8468700936,(주)씨오에스,2025-04-24,R25BK00797336
R25BK00797336_000_1_000_241659,4,0.425818,0,4110290901,조직포매기,6162354353,,2025-04-24,R25BK00797336
R25BK00797336_000_1_000_241659,5,0.389882,0,4110290901,조직포매기,4358700468,,2025-04-24,R25BK00797336
R25BK00797336_000_1_000_241659,6,0.08143,0,4110290901,조직포매기,8598102603,,2025-04-24,R25BK00797336
R25BK00797336_000_1_000_241659,7,0.072756,0,4110290901,조직포매기,7972600308,,2025-04-24,R25BK00797336
R25BK00797336_000_1_000_241659,8,0.013658,0,4110290901,조직포매기,6808703099,,2025-04-24,R25BK00797336
R25BK00797336_000_1_000_241659,9,0.007446,0,4110290901,조직포매기,4721301373,,2025-04-24,R25BK00797336
R25BK00797336_000_1_000_241659,10,0.006413,0,4110290901,조직포매기,1406600449,,2025-04-24,R25BK00797336
R25BK00809394_000_1_000_238834,1,0.857041,0,5310271001,근무복,6260902249,,2025-04-24,R25BK00809394
R25BK00809394_000_1_000_238834,2,0.622189,0,5310271001,근무복,7651200814,,2025-04-24,R25BK00809394
R25BK00809394_000_1_000_238834,3,0.254114,0,5310271001,근무복,7500800907,,2025-04-24,R25BK00809394
R25BK00809394_000_1_000_238834,4,0.200356,0,5310271001,근무복,2228602975,,2025-04-24,R25BK00809394
R25BK00809394_000_1_000_238834,5,0.183694,1,5310271001,근무복,7620201417,디스커버리 롯데미아점,2025-04-24,R25BK00809394
R25BK00809394_000_1_000_238834,6,0.148749,0,5310271001,근무복,6378702816,,2025-04-24,R25BK00809394
R25BK00809394_000_1_000_238834,7,0.03873,0,5310271001,근무복,1288673106,,2025-04-24,R25BK00809394
R25BK00809394_000_1_000_238834,8,0.033925,0,5310271001,근무복,2628601329,,2025-04-24,R25BK00809394
R25BK00809394_000_1_000_238834,9,0.020324,0,5310271001,근무복,1724600491,,2025-04-24,R25BK00809394
R25BK00809394_000_1_000_238834,10,0.013487,0,5310271001,근무복,1011224370,,2025-04-24,R25BK00809394
R25BK00784202_000_1_000_241954,1,0.258963,1,5512190301,안내전광판,4558702645,주식회사 메타파사드,2025-04-25,R25BK00784202
R25BK00784202_000_1_000_241954,2,0.209466,0,5512190301,안내전광판,8598700460,,2025-04-25,R25BK00784202
R25BK00784202_000_1_000_241954,3,0.175742,0,5512190301,안내전광판,8868603477,,2025-04-25,R25BK00784202
R25BK00784202_000_1_000_241954,4,0.150559,0,5512190301,안내전광판,3038179220,,2025-04-25,R25BK00784202
R25BK00784202_000_1_000_241954,5,0.083884,0,5512190301,안내전광판,2158187398,,2025-04-25,R25BK00784202
R25BK00784202_000_1_000_241954,6,0.057276,0,5512190301,안내전광판,2218123803,,2025-04-25,R25BK00784202
R25BK00784202_000_1_000_241954,7,0.040452,0,5512190301,안내전광판,5278802063,,2025-04-25,R25BK00784202
R25BK00784202_000_1_000_241954,8,0.03308,0,5512190301,안내전광판,2200179976,,2025-04-25,R25BK00784202
R25BK00784202_000_1_000_241954,9,0.01171,0,5512190301,안내전광판,8998102799,,2025-04-25,R25BK00784202
R25BK00784202_000_1_000_241954,10,0.0085,0,5512190301,안내전광판,5028618581,,2025-04-25,R25BK00784202
R25BK00787274_000_1_000_241155,1,0.146538,1,3011150401,드라이모르타르,4630902269,밸류 오토파츠(Value Auto Parts),2025-04-25,R25BK00787274
R25BK00787274_000_1_000_241155,2,0.118973,0,3011150401,드라이모르타르,1288673106,,2025-04-25,R25BK00787274
R25BK00787274_000_1_000_241155,3,0.11433,0,3011150401,드라이모르타르,4658803124,,2025-04-25,R25BK00787274
R25BK00787274_000_1_000_241155,4,0.08218,0,3011150401,드라이모르타르,8122900568,,2025-04-25,R25BK00787274
R25BK00787274_000_1_000_241155,5,0.08218,0,3011150401,드라이모르타르,2117600395,,2025-04-25,R25BK00787274
R25BK00787274_000_1_000_241155,6,0.079231,0,3011150401,드라이모르타르,8867300446,,2025-04-25,R25BK00787274
R25BK00787274_000_1_000_241155,7,0.072016,0,3011150401,드라이모르타르,2830403070,,2025-04-25,R25BK00787274
R25BK00787274_000_1_000_241155,8,0.066719,0,3011150401,드라이모르타르,2615900471,,2025-04-25,R25BK00787274
R25BK00787274_000_1_000_241155,9,0.058332,0,3011150401,드라이모르타르,4143701238,,2025-04-25,R25BK00787274
R25BK00787274_000_1_000_241155,10,0.057539,0,3011150401,드라이모르타르,6343201588,,2025-04-25,R25BK00787274
R25BK00798625_000_1_000_237940,1,0.418909,0,5310271001,근무복,3678703162,,2025-04-25,R25BK00798625
R25BK00798625_000_1_000_237940,2,0.32927,0,5310271001,근무복,4115801006,,2025-04-25,R25BK00798625
R25BK00798625_000_1_000_237940,3,0.325386,0,5310271001,근무복,5128207934,,2025-04-25,R25BK00798625
R25BK00798625_000_1_000_237940,4,0.262146,0,5310271001,근무복,7500800907,,2025-04-25,R25BK00798625
R25BK00798625_000_1_000_237940,5,0.250301,1,5310271001,근무복,3678603020,주식회사 국화,2025-04-25,R25BK00798625
R25BK00798625_000_1_000_237940,6,0.105692,0,5310271001,근무복,7681100121,,2025-04-25,R25BK00798625
R25BK00798625_000_1_000_237940,7,0.013277,0,5310271001,근무복,6163118411,,2025-04-25,R25BK00798625
R25BK00798625_000_1_000_237940,8,0.011769,0,5310271001,근무복,3458601449,,2025-04-25,R25BK00798625
R25BK00798625_000_1_000_237940,9,0.010231,0,5310271001,근무복,5598101868,,2025-04-25,R25BK00798625
R25BK00798625_000_1_000_237940,10,0.004124,0,5310271001,근무복,7211101927,,2025-04-25,R25BK00798625
R25BK00799873_000_1_000_237201,1,0.431529,0,4618250401,화재수신기,4098527881,,2025-04-25,R25BK00799873
R25BK00799873_000_1_000_237201,2,0.258371,1,4618250401,화재수신기,1911602493,비아테크,2025-04-25,R25BK00799873
R25BK00799873_000_1_000_237201,3,0.210527,0,4618250401,화재수신기,3376400281,,2025-04-25,R25BK00799873
R25BK00799873_000_1_000_237201,4,0.11257,0,4618250401,화재수신기,3368601784,,2025-04-25,R25BK00799873
R25BK00799873_000_1_000_237201,5,0.089878,0,4618250401,화재수신기,4137400527,,2025-04-25,R25BK00799873
R25BK00799873_000_1_000_237201,6,0.069249,0,4618250401,화재수신기,7415500585,,2025-04-25,R25BK00799873
R25BK00799873_000_1_000_237201,7,0.042166,0,4618250401,화재수신기,5070543432,,2025-04-25,R25BK00799873
R25BK00799873_000_1_000_237201,8,0.03804,0,4618250401,화재수신기,6343001395,,2025-04-25,R25BK00799873
R25BK00799873_000_1_000_237201,9,0.030426,0,4618250401,화재수신기,5118127226,,2025-04-25,R25BK00799873
R25BK00799873_000_1_000_237201,10,0.026463,0,4618250401,화재수신기,5500201944,,2025-04-25,R25BK00799873
R25BK00800044_000_1_000_243790,1,0.806695,1,3011160102,시멘트,6361002316,천지인,2025-04-25,R25BK00800044
R25BK00800044_000_1_000_243790,2,0.318978,0,3011160102,시멘트,1268701243,,2025-04-25,R25BK00800044
R25BK00800044_000_1_000_243790,3,0.158502,0,3011160102,시멘트,2270421796,,2025-04-25,R25BK00800044
R25BK00800044_000_1_000_243790,4,0.108293,0,3011160102,시멘트,2048632976,,2025-04-25,R25BK00800044
R25BK00800044_000_1_000_243790,5,0.096148,0,3011160102,시멘트,5061570221,,2025-04-25,R25BK00800044
R25BK00800044_000_1_000_243790,6,0.09608,0,3011160102,시멘트,3088132268,,2025-04-25,R25BK00800044
R25BK00800044_000_1_000_243790,7,0.09034,0,3011160102,시멘트,5010452085,,2025-04-25,R25BK00800044
R25BK00800044_000_1_000_243790,8,0.079097,0,3011160102,시멘트,3592000496,,2025-04-25,R25BK00800044
R25BK00800044_000_1_000_243790,9,0.075181,0,3011160102,시멘트,4098633279,,2025-04-25,R25BK00800044
R25BK00800044_000_1_000_243790,10,0.055796,0,3011160102,시멘트,8994600728,,2025-04-25,R25BK00800044
R25BK00802658_000_1_001_241867,1,0.806599,0,2110170101,동력예취기,5402400445,,2025-04-25,R25BK00802658
R25BK00802658_000_1_001_241867,2,0.795998,1,2110170101,동력예취기,4162170803,동양농기계대리점,2025-04-25,R25BK00802658
R25BK00802658_000_1_001_241867,3,0.614503,0,2110170101,동력예취기,1078614075,,2025-04-25,R25BK00802658
R25BK00802658_000_1_001_241867,4,0.238972,0,2110170101,동력예취기,5591601462,,2025-04-25,R25BK00802658
R25BK00802658_000_1_001_241867,5,0.189046,0,2110170101,동력예취기,5131071015,,2025-04-25,R25BK00802658
R25BK00802658_000_1_001_241867,6,0.189046,0,2110170101,동력예취기,8181101987,,2025-04-25,R25BK00802658
R25BK00802658_000_1_001_241867,7,0.107329,0,2110170101,동력예취기,1218131492,,2025-04-25,R25BK00802658
R25BK00802658_000_1_001_241867,8,0.057293,0,2110170101,동력예취기,6208138634,,2025-04-25,R25BK00802658
R25BK00802658_000_1_001_241867,9,0.032598,0,2110170101,동력예취기,4120522615,,2025-04-25,R25BK00802658
R25BK00802658_000_1_001_241867,10,0.028922,0,2110170101,동력예취기,5042263474,,2025-04-25,R25BK00802658
R25BK00807097_000_1_000_240257,1,0.86997,1,4010170101,냉방기,7118600690,주식회사 신화,2025-04-25,R25BK00807097
R25BK00807097_000_1_000_240257,2,0.334462,0,4010170101,냉방기,3158137373,,2025-04-25,R25BK00807097
R25BK00807097_000_1_000_240257,3,0.29068,0,4010170101,냉방기,5528501069,,2025-04-25,R25BK00807097
R25BK00807097_000_1_000_240257,4,0.212962,0,4010170101,냉방기,1228700150,,2025-04-25,R25BK00807097
R25BK00807097_000_1_000_240257,5,0.205377,0,4010170101,냉방기,4058701812,,2025-04-25,R25BK00807097
R25BK00807097_000_1_000_240257,6,0.180577,0,4010170101,냉방기,4944700739,,2025-04-25,R25BK00807097
R25BK00807097_000_1_000_240257,7,0.065794,0,4010170101,냉방기,1021381463,,2025-04-25,R25BK00807097
R25BK00807097_000_1_000_240257,8,0.062934,0,4010170101,냉방기,3111030780,,2025-04-25,R25BK00807097
R25BK00807097_000_1_000_240257,9,0.056784,0,4010170101,냉방기,5260902745,,2025-04-25,R25BK00807097
R25BK00807097_000_1_000_240257,10,0.048546,0,4010170101,냉방기,3341101854,,2025-04-25,R25BK00807097
R25BK00788018_000_1_000_237694,1,0.447023,0,6012149901,졸업앨범,8113500998,,2025-04-28,R25BK00788018
R25BK00788018_000_1_000_237694,2,0.433419,0,6012149901,졸업앨범,6050682696,,2025-04-28,R25BK00788018
R25BK00788018_000_1_000_237694,3,0.361031,0,6012149901,졸업앨범,8378101870,,2025-04-28,R25BK00788018
R25BK00788018_000_1_000_237694,4,0.211078,0,6012149901,졸업앨범,8993301163,,2025-04-28,R25BK00788018
R25BK00788018_000_1_000_237694,5,0.14627,0,6012149901,졸업앨범,7512002308,,2025-04-28,R25BK00788018
R25BK00788018_000_1_000_237694,6,0.14627,0,6012149901,졸업앨범,1890103646,,2025-04-28,R25BK00788018
R25BK00788018_000_1_000_237694,7,0.105425,1,6012149901,졸업앨범,6100574814,알라딘베이비스튜디오,2025-04-28,R25BK00788018
R25BK00788018_000_1_000_237694,8,0.105425,0,6012149901,졸업앨범,6200324165,,2025-04-28,R25BK00788018
R25BK00788018_000_1_000_237694,9,0.094271,0,6012149901,졸업앨범,5010795052,,2025-04-28,R25BK00788018
R25BK00788018_000_1_000_237694,10,0.08755,0,6012149901,졸업앨범,2961302012,,2025-04-28,R25BK00788018
R25BK00797204_000_1_000_246704,1,0.203645,0,4010180602,가스엔진히트펌프,4028194760,,2025-04-28,R25BK00797204
R25BK00797204_000_1_000_246704,2,0.172026,0,4010180602,가스엔진히트펌프,1328702077,,2025-04-28,R25BK00797204
R25BK00797204_000_1_000_246704,3,0.169717,0,4010180602,가스엔진히트펌프,2688602821,,2025-04-28,R25BK00797204
R25BK00797204_000_1_000_246704,4,0.15337,0,4010180602,가스엔진히트펌프,7093201432,,2025-04-28,R25BK00797204
R25BK00797204_000_1_000_246704,5,0.111218,0,4010180602,가스엔진히트펌프,5191002549,,2025-04-28,R25BK00797204
R25BK00797204_000_1_000_246704,6,0.102633,0,4010180602,가스엔진히트펌프,3481302138,,2025-04-28,R25BK00797204
R25BK00797204_000_1_000_246704,7,0.09239,0,4010180602,가스엔진히트펌프,2061733785,,2025-04-28,R25BK00797204
R25BK00797204_000_1_000_246704,8,0.079196,0,4010180602,가스엔진히트펌프,6047400327,,2025-04-28,R25BK00797204
R25BK00797204_000_1_000_246704,9,0.071287,0,4010180602,가스엔진히트펌프,5138129410,,2025-04-28,R25BK00797204
R25BK00797204_000_1_000_246704,10,0.066321,1,4010180602,가스엔진히트펌프,5118117465,(주)유화,2025-04-28,R25BK00797204
R25BK00800002_000_1_000_245260,1,0.303411,0,4010178702,냉난방기,3161002824,,2025-04-28,R25BK00800002
R25BK00800002_000_1_000_245260,2,0.269402,0,4010178702,냉난방기,1278614370,,2025-04-28,R25BK00800002
R25BK00800002_000_1_000_245260,3,0.241123,0,4010178702,냉난방기,6878802628,,2025-04-28,R25BK00800002
R25BK00800002_000_1_000_245260,4,0.22857,0,4010178702,냉난방기,8668102654,,2025-04-28,R25BK00800002
R25BK00800002_000_1_000_245260,5,0.19755,0,4010178702,냉난방기,5611601937,,2025-04-28,R25BK00800002
R25BK00800002_000_1_000_245260,6,0.186865,1,4010178702,냉난방기,2020353759,케이 코메트,2025-04-28,R25BK00800002
R25BK00800002_000_1_000_245260,7,0.173708,0,4010178702,냉난방기,1646900709,,2025-04-28,R25BK00800002
R25BK00800002_000_1_000_245260,8,0.173299,0,4010178702,냉난방기,2092870015,,2025-04-28,R25BK00800002
R25BK00800002_000_1_000_245260,9,0.173299,0,4010178702,냉난방기,4549401132,,2025-04-28,R25BK00800002
R25BK00800002_000_1_000_245260,10,0.169121,0,4010178702,냉난방기,6788603390,,2025-04-28,R25BK00800002
R25BK00800878_000_1_000_240871,1,0.448446,0,2510190101,농업용트랙터,3741601629,,2025-04-28,R25BK00800878
R25BK00800878_000_1_000_240871,2,0.425227,1,2510190101,농업용트랙터,8770102875,고고씽 인터내셔널,2025-04-28,R25BK00800878
R25BK00800878_000_1_000_240871,3,0.135036,0,2510190101,농업용트랙터,1358802826,,2025-04-28,R25BK00800878
R25BK00800878_000_1_000_240871,4,0.123916,0,2510190101,농업용트랙터,5080775455,,2025-04-28,R25BK00800878
R25BK00800878_000_1_000_240871,5,0.083777,0,2510190101,농업용트랙터,8901001997,,2025-04-28,R25BK00800878
R25BK00800878_000_1_000_240871,6,0.054914,0,2510190101,농업용트랙터,5088205145,,2025-04-28,R25BK00800878
R25BK00800878_000_1_000_240871,7,0.047603,0,2510190101,농업용트랙터,1278621212,,2025-04-28,R25BK00800878
R25BK00800878_000_1_000_240871,8,0.017964,0,2510190101,농업용트랙터,7292700786,,2025-04-28,R25BK00800878
R25BK00800878_000_1_000_240871,9,0.017095,0,2510190101,농업용트랙터,7030203420,,2025-04-28,R25BK00800878
R25BK00800878_000_1_000_240871,10,0.011516,0,2510190101,농업용트랙터,3420701770,,2025-04-28,R25BK00800878
R25BK00806070_000_1_000_247852,1,0.912573,0,3010990401,순환골재,3118120318,,2025-04-28,R25BK00806070
R25BK00806070_000_1_000_247852,2,0.506968,0,3010990401,순환골재,4168186051,,2025-04-28,R25BK00806070
R25BK00806070_000_1_000_247852,3,0.457388,0,3010990401,순환골재,4018111257,,2025-04-28,R25BK00806070
R25BK00806070_000_1_000_247852,4,0.393437,0,3010990401,순환골재,5128109615,,2025-04-28,R25BK00806070
R25BK00806070_000_1_000_247852,5,0.139753,1,3010990401,순환골재,6168187489,이도에코표선 주식회사,2025-04-28,R25BK00806070
R25BK00806070_000_1_000_247852,6,0.041311,0,3010990401,순환골재,3028113415,,2025-04-28,R25BK00806070
R25BK00806070_000_1_000_247852,7,0.011642,0,3010990401,순환골재,1270383587,,2025-04-28,R25BK00806070
R25BK00806070_000_1_000_247852,8,0.010033,0,3010990401,순환골재,4080371904,,2025-04-28,R25BK00806070
R25BK00806070_000_1_000_247852,9,0.009784,0,3010990401,순환골재,5038193860,,2025-04-28,R25BK00806070
R25BK00806070_000_1_000_247852,10,0.008867,0,3010990401,순환골재,1328130310,,2025-04-28,R25BK00806070
R25BK00784308_001_1_000_245923,1,0.897607,1,4910170901,기념패,2388100147,주식회사 밀리언커넥티드,2025-04-29,R25BK00784308
R25BK00784308_001_1_000_245923,2,0.097413,0,4910170901,기념패,1021653672,,2025-04-29,R25BK00784308
R25BK00784308_001_1_000_245923,3,0.069642,0,4910170901,기념패,5772000847,,2025-04-29,R25BK00784308
R25BK00784308_001_1_000_245923,4,0.059304,0,4910170901,기념패,1168803047,,2025-04-29,R25BK00784308
R25BK00784308_001_1_000_245923,5,0.046992,0,4910170901,기념패,4161784580,,2025-04-29,R25BK00784308
R25BK00784308_001_1_000_245923,6,0.042978,0,4910170901,기념패,3618702262,,2025-04-29,R25BK00784308
R25BK00784308_001_1_000_245923,7,0.03918,0,4910170901,기념패,2228136150,,2025-04-29,R25BK00784308
R25BK00784308_001_1_000_245923,8,0.036577,0,4910170901,기념패,3387300457,,2025-04-29,R25BK00784308
R25BK00784308_001_1_000_245923,9,0.032845,0,4910170901,기념패,4481302398,,2025-04-29,R25BK00784308
R25BK00784308_001_1_000_245923,10,0.032845,0,4910170901,기념패,1430602888,,2025-04-29,R25BK00784308
R25BK00795868_000_1_000_242290,1,0.629265,0,2110170401,콤바인,4058200481,,2025-04-29,R25BK00795868
R25BK00795868_000_1_000_242290,2,0.582245,1,2110170401,콤바인,4173801025,전북농기계,2025-04-29,R25BK00795868
R25BK00795868_000_1_000_242290,3,0.531812,0,2110170401,콤바인,1358802826,,2025-04-29,R25BK00795868
R25BK00795868_000_1_000_242290,4,0.355719,0,2110170401,콤바인,5308800474,,2025-04-29,R25BK00795868
R25BK00795868_000_1_000_242290,5,0.238609,0,2110170401,콤바인,4162593406,,2025-04-29,R25BK00795868
R25BK00795868_000_1_000_242290,6,0.181791,0,2110170401,콤바인,1268147193,,2025-04-29,R25BK00795868
R25BK00795868_000_1_000_242290,7,0.140766,0,2110170401,콤바인,3712601750,,2025-04-29,R25BK00795868
R25BK00795868_000_1_000_242290,8,0.086789,0,2110170401,콤바인,4150458736,,2025-04-29,R25BK00795868
R25BK00795868_000_1_000_242290,9,0.03005,0,2110170401,콤바인,4140661299,,2025-04-29,R25BK00795868
R25BK00795868_000_1_000_242290,10,0.027531,0,2110170401,콤바인,6251901912,,2025-04-29,R25BK00795868
R25BK00801487_000_1_001_249231,1,0.942847,1,3022109901,무대장치,6348600656,주식회사비전제어시스템,2025-04-29,R25BK00801487
R25BK00801487_000_1_001_249231,2,0.104586,0,3022109901,무대장치,5138166526,,2025-04-29,R25BK00801487
R25BK00801487_000_1_001_249231,3,0.060654,0,3022109901,무대장치,3158104227,,2025-04-29,R25BK00801487
R25BK00801487_000_1_001_249231,4,0.049022,0,3022109901,무대장치,3334100937,,2025-04-29,R25BK00801487
R25BK00801487_000_1_001_249231,5,0.028069,0,3022109901,무대장치,3968601772,,2025-04-29,R25BK00801487
R25BK00801487_000_1_001_249231,6,0.027747,0,3022109901,무대장치,2272604407,,2025-04-29,R25BK00801487
R25BK00801487_000_1_001_249231,7,0.027747,0,3022109901,무대장치,2261214206,,2025-04-29,R25BK00801487
R25BK00801487_000_1_001_249231,8,0.020123,0,3022109901,무대장치,1138608199,,2025-04-29,R25BK00801487
R25BK00801487_000_1_001_249231,9,0.017013,0,3022109901,무대장치,2028703230,,2025-04-29,R25BK00801487
R25BK00801487_000_1_001_249231,10,0.009529,0,3022109901,무대장치,6700202359,,2025-04-29,R25BK00801487
R25BK00802108_000_1_000_247897,1,0.636058,0,4110371401,조직부양조,4810900347,,2025-04-29,R25BK00802108
R25BK00802108_000_1_000_247897,2,0.581638,1,4110371401,조직부양조,6162354353,제주싸이언스,2025-04-29,R25BK00802108
R25BK00802108_000_1_000_247897,3,0.05369,0,4110371401,조직부양조,8064201163,,2025-04-29,R25BK00802108
R25BK00802108_000_1_000_247897,4,0.028215,0,4110371401,조직부양조,1036700578,,2025-04-29,R25BK00802108
R25BK00802108_000_1_000_247897,5,0.021254,0,4110371401,조직부양조,4151063716,,2025-04-29,R25BK00802108
R25BK00802108_000_1_000_247897,6,0.016129,0,4110371401,조직부양조,7802502000,,2025-04-29,R25BK00802108
R25BK00802108_000_1_000_247897,7,0.009209,0,4110371401,조직부양조,8521702542,,2025-04-29,R25BK00802108
R25BK00802108_000_1_000_247897,8,0.008698,0,4110371401,조직부양조,3485101072,,2025-04-29,R25BK00802108
R25BK00802108_000_1_000_247897,9,0.008151,0,4110371401,조직부양조,1394500556,,2025-04-29,R25BK00802108
R25BK00802108_000_1_000_247897,10,0.008094,0,4110371401,조직부양조,8340601796,,2025-04-29,R25BK00802108
R25BK00802574_000_1_000_244008,1,0.372455,0,4910160201,기념품,5126306327,,2025-04-29,R25BK00802574
R25BK00802574_000_1_000_244008,2,0.368668,0,4910160201,기념품,7610901918,,2025-04-29,R25BK00802574
R25BK00802574_000_1_000_244008,3,0.341952,1,4910160201,기념품,2018166865,이트너스 주식회사,2025-04-29,R25BK00802574
R25BK00802574_000_1_000_244008,4,0.154266,0,4910160201,기념품,5642201937,,2025-04-29,R25BK00802574
R25BK00802574_000_1_000_244008,5,0.138031,0,4910160201,기념품,3960402907,,2025-04-29,R25BK00802574
R25BK00802574_000_1_000_244008,6,0.137061,0,4910160201,기념품,2062684118,,2025-04-29,R25BK00802574
R25BK00802574_000_1_000_244008,7,0.110105,0,4910160201,기념품,8928102105,,2025-04-29,R25BK00802574
R25BK00802574_000_1_000_244008,8,0.055685,0,4910160201,기념품,1063261475,,2025-04-29,R25BK00802574
R25BK00802574_000_1_000_244008,9,0.050246,0,4910160201,기념품,4390402524,,2025-04-29,R25BK00802574
R25BK00802574_000_1_000_244008,10,0.043206,0,4910160201,기념품,3291802302,,2025-04-29,R25BK00802574
R25BK00803647_000_1_000_246875,1,0.601794,1,4111172501,편광현미경,5140451059,한국씨엔에스,2025-04-29,R25BK00803647
R25BK00803647_000_1_000_246875,2,0.074812,0,4111172501,편광현미경,5743001846,,2025-04-29,R25BK00803647
R25BK00803647_000_1_000_246875,3,0.037422,0,4111172501,편광현미경,6758700300,,2025-04-29,R25BK00803647
R25BK00803647_000_1_000_246875,4,0.036266,0,4111172501,편광현미경,2961202446,,2025-04-29,R25BK00803647
R25BK00803647_000_1_000_246875,5,0.032296,0,4111172501,편광현미경,8728701875,,2025-04-29,R25BK00803647
R25BK00803647_000_1_000_246875,6,0.024071,0,4111172501,편광현미경,6538602029,,2025-04-29,R25BK00803647
R25BK00803647_000_1_000_246875,7,0.016395,0,4111172501,편광현미경,8515300966,,2025-04-29,R25BK00803647
R25BK00803647_000_1_000_246875,8,0.015277,0,4111172501,편광현미경,7850902363,,2025-04-29,R25BK00803647
R25BK00803647_000_1_000_246875,9,0.013621,0,4111172501,편광현미경,7180103124,,2025-04-29,R25BK00803647
R25BK00803647_000_1_000_246875,10,0.012065,0,4111172501,편광현미경,2791401150,,2025-04-29,R25BK00803647
R25BK00804679_000_1_000_245944,1,0.401834,0,4111304201,우유분석기,4948603002,,2025-04-29,R25BK00804679
R25BK00804679_000_1_000_245944,2,0.197708,0,4111304201,우유분석기,6098178075,,2025-04-29,R25BK00804679
R25BK00804679_000_1_000_245944,3,0.144932,0,4111304201,우유분석기,8528103407,,2025-04-29,R25BK00804679
R25BK00804679_000_1_000_245944,4,0.107177,0,4111304201,우유분석기,6786200378,,2025-04-29,R25BK00804679
R25BK00804679_000_1_000_245944,5,0.101769,0,4111304201,우유분석기,3017100261,,2025-04-29,R25BK00804679
R25BK00804679_000_1_000_245944,6,0.100205,0,4111304201,우유분석기,8635700477,,2025-04-29,R25BK00804679
R25BK00804679_000_1_000_245944,7,0.097355,1,4111304201,우유분석기,5121163464,엘케이에스(LKS),2025-04-29,R25BK00804679
R25BK00804679_000_1_000_245944,8,0.0843,0,4111304201,우유분석기,2140216314,,2025-04-29,R25BK00804679
R25BK00804679_000_1_000_245944,9,0.076286,0,4111304201,우유분석기,2948701793,,2025-04-29,R25BK00804679
R25BK00804679_000_1_000_245944,10,0.072956,0,4111304201,우유분석기,7022701500,,2025-04-29,R25BK00804679
R25BK00805354_000_1_000_245712,1,0.843655,1,3010990201,혼합골재,1308643982,도현개발(주),2025-04-29,R25BK00805354
R25BK00805354_000_1_000_245712,2,0.669897,0,3010990201,혼합골재,2228110505,,2025-04-29,R25BK00805354
R25BK00805354_000_1_000_245712,3,0.64128,0,3010990201,혼합골재,3038136556,,2025-04-29,R25BK00805354
R25BK00805354_000_1_000_245712,4,0.397917,0,3010990201,혼합골재,6118108586,,2025-04-29,R25BK00805354
R25BK00805354_000_1_000_245712,5,0.281985,0,3010990201,혼합골재,1378605034,,2025-04-29,R25BK00805354
R25BK00805354_000_1_000_245712,6,0.106714,0,3010990201,혼합골재,1048703222,,2025-04-29,R25BK00805354
R25BK00805354_000_1_000_245712,7,0.054378,0,3010990201,혼합골재,6683800551,,2025-04-29,R25BK00805354
R25BK00805354_000_1_000_245712,8,0.024401,0,3010990201,혼합골재,7038702239,,2025-04-29,R25BK00805354
R25BK00805354_000_1_000_245712,9,0.023304,0,3010990201,혼합골재,2346200479,,2025-04-29,R25BK00805354
R25BK00805354_000_1_000_245712,10,0.022306,0,3010990201,혼합골재,1883200790,,2025-04-29,R25BK00805354
R25BK00806903_000_1_000_246811,1,0.210845,0,4226170301,부검대,7958701414,,2025-04-29,R25BK00806903
R25BK00806903_000_1_000_246811,2,0.180276,0,4226170301,부검대,1071865594,,2025-04-29,R25BK00806903
R25BK00806903_000_1_000_246811,3,0.148392,0,4226170301,부검대,4210602677,,2025-04-29,R25BK00806903
R25BK00806903_000_1_000_246811,4,0.119235,0,4226170301,부검대,6191360568,,2025-04-29,R25BK00806903
R25BK00806903_000_1_000_246811,5,0.115147,0,4226170301,부검대,4347400446,,2025-04-29,R25BK00806903
R25BK00806903_000_1_000_246811,6,0.106685,0,4226170301,부검대,2790503350,,2025-04-29,R25BK00806903
R25BK00806903_000_1_000_246811,7,0.103376,0,4226170301,부검대,1861501398,,2025-04-29,R25BK00806903
R25BK00806903_000_1_000_246811,8,0.103376,0,4226170301,부검대,2201501330,,2025-04-29,R25BK00806903
R25BK00806903_000_1_000_246811,9,0.091311,0,4226170301,부검대,4016800431,,2025-04-29,R25BK00806903
R25BK00806903_000_1_000_246811,10,0.088979,0,4226170301,부검대,4160768179,,2025-04-29,R25BK00806903
R25BK00807030_001_1_000_239609,1,0.525325,0,4016179801,오탁방지막,2441302025,,2025-04-29,R25BK00807030
R25BK00807030_001_1_000_239609,2,0.154997,0,4016179801,오탁방지막,1313535805,,2025-04-29,R25BK00807030
R25BK00807030_001_1_000_239609,3,0.127604,0,4016179801,오탁방지막,1453500396,,2025-04-29,R25BK00807030
R25BK00807030_001_1_000_239609,4,0.120503,0,4016179801,오탁방지막,1091648184,,2025-04-29,R25BK00807030
R25BK00807030_001_1_000_239609,5,0.113832,0,4016179801,오탁방지막,5081296304,,2025-04-29,R25BK00807030
R25BK00807030_001_1_000_239609,6,0.104144,0,4016179801,오탁방지막,3260300766,,2025-04-29,R25BK00807030
R25BK00807030_001_1_000_239609,7,0.100458,0,4016179801,오탁방지막,2013162559,,2025-04-29,R25BK00807030
R25BK00807030_001_1_000_239609,8,0.087795,0,4016179801,오탁방지막,2863201394,,2025-04-29,R25BK00807030
R25BK00807030_001_1_000_239609,9,0.082393,1,4016179801,오탁방지막,7958701414,주식회사 씨티원 충남,2025-04-29,R25BK00807030
R25BK00807030_001_1_000_239609,10,0.07967,0,4016179801,오탁방지막,4268501606,,2025-04-29,R25BK00807030
R25BK00765408_000_1_000_247366,1,0.172227,1,2411189401,액체질소통,7593700374,한림원,2025-04-30,R25BK00765408
R25BK00765408_000_1_000_247366,2,0.164979,0,2411189401,액체질소통,4038104830,,2025-04-30,R25BK00765408
R25BK00765408_000_1_000_247366,3,0.161595,0,2411189401,액체질소통,3178134692,,2025-04-30,R25BK00765408
R25BK00765408_000_1_000_247366,4,0.153136,0,2411189401,액체질소통,3828603257,,2025-04-30,R25BK00765408
R25BK00765408_000_1_000_247366,5,0.141883,0,2411189401,액체질소통,8062001161,,2025-04-30,R25BK00765408
R25BK00765408_000_1_000_247366,6,0.106174,0,2411189401,액체질소통,1180368582,,2025-04-30,R25BK00765408
R25BK00765408_000_1_000_247366,7,0.094046,0,2411189401,액체질소통,6632301982,,2025-04-30,R25BK00765408
R25BK00765408_000_1_000_247366,8,0.087679,0,2411189401,액체질소통,3026200850,,2025-04-30,R25BK00765408
R25BK00765408_000_1_000_247366,9,0.081724,0,2411189401,액체질소통,8874700528,,2025-04-30,R25BK00765408
R25BK00765408_000_1_000_247366,10,0.079501,0,2411189401,액체질소통,5506400813,,2025-04-30,R25BK00765408
R25BK00795695_000_1_000_245870,1,0.759705,1,4111541301,세포분석기,7788601843,(주)바이오포유,2025-04-30,R25BK00795695
R25BK00795695_000_1_000_245870,2,0.129342,0,4111541301,세포분석기,6831200638,,2025-04-30,R25BK00795695
R25BK00795695_000_1_000_245870,3,0.072616,0,4111541301,세포분석기,1401060794,,2025-04-30,R25BK00795695
R25BK00795695_000_1_000_245870,4,0.011519,0,4111541301,세포분석기,7117800297,,2025-04-30,R25BK00795695
R25BK00795695_000_1_000_245870,5,0.007303,0,4111541301,세포분석기,7143200681,,2025-04-30,R25BK00795695
R25BK00795695_000_1_000_245870,6,0.00618,0,4111541301,세포분석기,6898702966,,2025-04-30,R25BK00795695
R25BK00795695_000_1_000_245870,7,0.004682,0,4111541301,세포분석기,2058512938,,2025-04-30,R25BK00795695
R25BK00795695_000_1_000_245870,8,0.004557,0,4111541301,세포분석기,4234601423,,2025-04-30,R25BK00795695
R25BK00795695_000_1_000_245870,9,0.004379,0,4111541301,세포분석기,1022696189,,2025-04-30,R25BK00795695
R25BK00795695_000_1_000_245870,10,0.004092,0,4111541301,세포분석기,4016800431,,2025-04-30,R25BK00795695
R25BK00795794_000_1_000_247115,1,0.58585,0,5046700101,배추김치,5488602412,,2025-04-30,R25BK00795794
R25BK00795794_000_1_000_247115,2,0.539054,1,5046700101,배추김치,7358602656,주식회사 조은에프앤비,2025-04-30,R25BK00795794
R25BK00795794_000_1_000_247115,3,0.329877,0,5046700101,배추김치,3118803171,,2025-04-30,R25BK00795794
R25BK00795794_000_1_000_247115,4,0.261208,0,5046700101,배추김치,4198701373,,2025-04-30,R25BK00795794
R25BK00795794_000_1_000_247115,5,0.249991,0,5046700101,배추김치,8148702994,,2025-04-30,R25BK00795794
R25BK00795794_000_1_000_247115,6,0.172101,0,5046700101,배추김치,1698101874,,2025-04-30,R25BK00795794
R25BK00795794_000_1_000_247115,7,0.145962,0,5046700101,배추김치,3176600603,,2025-04-30,R25BK00795794
R25BK00795794_000_1_000_247115,8,0.118234,0,5046700101,배추김치,8062001161,,2025-04-30,R25BK00795794
R25BK00795794_000_1_000_247115,9,0.112447,0,5046700101,배추김치,3318800810,,2025-04-30,R25BK00795794
R25BK00795794_000_1_000_247115,10,0.110646,0,5046700101,배추김치,7228702429,,2025-04-30,R25BK00795794
R25BK00802773_000_1_000_243694,1,0.905563,0,3010990201,혼합골재,1968701484,,2025-04-30,R25BK00802773
R25BK00802773_000_1_000_243694,2,0.859351,1,3010990201,혼합골재,1308643982,도현개발(주),2025-04-30,R25BK00802773
R25BK00802773_000_1_000_243694,3,0.491042,0,3010990201,혼합골재,5678101312,,2025-04-30,R25BK00802773
R25BK00802773_000_1_000_243694,4,0.148465,0,3010990201,혼합골재,3051365742,,2025-04-30,R25BK00802773
R25BK00802773_000_1_000_243694,5,0.067394,0,3010990201,혼합골재,7573201713,,2025-04-30,R25BK00802773
R25BK00802773_000_1_000_243694,6,0.029546,0,3010990201,혼합골재,5696200263,,2025-04-30,R25BK00802773
R25BK00802773_000_1_000_243694,7,0.024081,0,3010990201,혼합골재,2206300123,,2025-04-30,R25BK00802773
R25BK00802773_000_1_000_243694,8,0.023847,0,3010990201,혼합골재,1218101590,,2025-04-30,R25BK00802773
R25BK00802773_000_1_000_243694,9,0.01183,0,3010990201,혼합골재,3061417686,,2025-04-30,R25BK00802773
R25BK00802773_000_1_000_243694,10,0.011645,0,3010990201,혼합골재,3112301494,,2025-04-30,R25BK00802773
R25BK00811876_000_1_000_244297,1,0.815759,1,4010180601,전기히트펌프,3128178827,나이스텍 주식회사,2025-04-30,R25BK00811876
R25BK00811876_000_1_000_244297,2,0.550956,0,4010180601,전기히트펌프,3978101727,,2025-04-30,R25BK00811876
R25BK00811876_000_1_000_244297,3,0.106651,0,4010180601,전기히트펌프,1064593152,,2025-04-30,R25BK00811876
R25BK00811876_000_1_000_244297,4,0.04901,0,4010180601,전기히트펌프,6958802124,,2025-04-30,R25BK00811876
R25BK00811876_000_1_000_244297,5,0.042732,0,4010180601,전기히트펌프,5633201608,,2025-04-30,R25BK00811876
R25BK00811876_000_1_000_244297,6,0.035203,0,4010180601,전기히트펌프,2951202588,,2025-04-30,R25BK00811876
R25BK00811876_000_1_000_244297,7,0.023387,0,4010180601,전기히트펌프,6088195668,,2025-04-30,R25BK00811876
R25BK00811876_000_1_000_244297,8,0.02196,0,4010180601,전기히트펌프,7740601946,,2025-04-30,R25BK00811876
R25BK00811876_000_1_000_244297,9,0.017295,0,4010180601,전기히트펌프,6560402100,,2025-04-30,R25BK00811876
R25BK00811876_000_1_000_244297,10,0.016763,0,4010180601,전기히트펌프,2822201980,,2025-04-30,R25BK00811876
R25BK00812050_000_1_000_247523,1,0.637704,1,3010990401,순환골재,1678802143,유한회사 초록환경,2025-04-30,R25BK00812050
R25BK00812050_000_1_000_247523,2,0.573309,0,3010990401,순환골재,1248636676,,2025-04-30,R25BK00812050
R25BK00812050_000_1_000_247523,3,0.230852,0,3010990401,순환골재,4168125108,,2025-04-30,R25BK00812050
R25BK00812050_000_1_000_247523,4,0.20406,0,3010990401,순환골재,6168187489,,2025-04-30,R25BK00812050
R25BK00812050_000_1_000_247523,5,0.029592,0,3010990401,순환골재,1048703222,,2025-04-30,R25BK00812050
R25BK00812050_000_1_000_247523,6,0.012708,0,3010990401,순환골재,3110931309,,2025-04-30,R25BK00812050
R25BK00812050_000_1_000_247523,7,0.012484,0,3010990401,순환골재,7923001779,,2025-04-30,R25BK00812050
R25BK00812050_000_1_000_247523,8,0.011022,0,3010990401,순환골재,4098651262,,2025-04-30,R25BK00812050
R25BK00812050_000_1_000_247523,9,0.009784,0,3010990401,순환골재,5038193860,,2025-04-30,R25BK00812050
R25BK00812050_000_1_000_247523,10,0.008867,0,3010990401,순환골재,4038161898,,2025-04-30,R25BK00812050
R25BK00818999_000_1_000_237792,1,0.425776,0,2325178501,압출기,1371148262,,2025-04-30,R25BK00818999
R25BK00818999_000_1_000_237792,2,0.181447,1,2325178501,압출기,1401178990,대광산업,2025-04-30,R25BK00818999
R25BK00818999_000_1_000_237792,3,0.103513,0,2325178501,압출기,1370463362,,2025-04-30,R25BK00818999
R25BK00818999_000_1_000_237792,4,0.095145,0,2325178501,압출기,5043144858,,2025-04-30,R25BK00818999
R25BK00818999_000_1_000_237792,5,0.080677,0,2325178501,압출기,2648144289,,2025-04-30,R25BK00818999
R25BK00818999_000_1_000_237792,6,0.005608,0,2325178501,압출기,7374000807,,2025-04-30,R25BK00818999
R25BK00818999_000_1_000_237792,7,0.005576,0,2325178501,압출기,7143200681,,2025-04-30,R25BK00818999
R25BK00818999_000_1_000_237792,8,0.0055,0,2325178501,압출기,6022593083,,2025-04-30,R25BK00818999
R25BK00818999_000_1_000_237792,9,0.004743,0,2325178501,압출기,2520102718,,2025-04-30,R25BK00818999
R25BK00818999_000_1_000_237792,10,0.004532,0,2325178501,압출기,5772001579,,2025-04-30,R25BK00818999
R25BK00796263_000_1_000_243698,1,0.79424,1,4111570501,액체크로마토그래피,7601900609,위드랩,2025-05-01,R25BK00796263
R25BK00796263_000_1_000_243698,2,0.215423,0,4111570501,액체크로마토그래피,1954800315,,2025-05-01,R25BK00796263
R25BK00796263_000_1_000_243698,3,0.163706,0,4111570501,액체크로마토그래피,1468102716,,2025-05-01,R25BK00796263
R25BK00796263_000_1_000_243698,4,0.116699,0,4111570501,액체크로마토그래피,8310701469,,2025-05-01,R25BK00796263
R25BK00796263_000_1_000_243698,5,0.060494,0,4111570501,액체크로마토그래피,1058190091,,2025-05-01,R25BK00796263
R25BK00796263_000_1_000_243698,6,0.059965,0,4111570501,액체크로마토그래피,2238601585,,2025-05-01,R25BK00796263
R25BK00796263_000_1_000_243698,7,0.055879,0,4111570501,액체크로마토그래피,8364201015,,2025-05-01,R25BK00796263
R25BK00796263_000_1_000_243698,8,0.043478,0,4111570501,액체크로마토그래피,8197700430,,2025-05-01,R25BK00796263
R25BK00796263_000_1_000_243698,9,0.038943,0,4111570501,액체크로마토그래피,2330126378,,2025-05-01,R25BK00796263
R25BK00796263_000_1_000_243698,10,0.031688,0,4111570501,액체크로마토그래피,2221454234,,2025-05-01,R25BK00796263
R25BK00811604_000_1_000_243257,1,0.775182,0,4228171201,초음파세척기,3491402031,,2025-05-01,R25BK00811604
R25BK00811604_000_1_000_243257,2,0.408758,0,4228171201,초음파세척기,6168146270,,2025-05-01,R25BK00811604
R25BK00811604_000_1_000_243257,3,0.283132,0,4228171201,초음파세척기,2033193188,,2025-05-01,R25BK00811604
R25BK00811604_000_1_000_243257,4,0.153,0,4228171201,초음파세척기,6331002466,,2025-05-01,R25BK00811604
R25BK00811604_000_1_000_243257,5,0.103882,0,4228171201,초음파세척기,4170995732,,2025-05-01,R25BK00811604
R25BK00811604_000_1_000_243257,6,0.079688,0,4228171201,초음파세척기,4801101574,,2025-05-01,R25BK00811604
R25BK00811604_000_1_000_243257,7,0.039022,0,4228171201,초음파세척기,6060458856,,2025-05-01,R25BK00811604
R25BK00811604_000_1_000_243257,8,0.029131,0,4228171201,초음파세척기,6260601841,,2025-05-01,R25BK00811604
R25BK00811604_000_1_000_243257,9,0.026177,0,4228171201,초음파세척기,1141655921,,2025-05-01,R25BK00811604
R25BK00811604_000_1_000_243257,10,0.024791,0,4228171201,초음파세척기,7310101492,,2025-05-01,R25BK00811604
R25BK00806797_000_1_000_244547,1,0.82955,1,4111467401,만능재료시험기,2628100169,주식회사 영해사이언스,2025-05-02,R25BK00806797
R25BK00806797_000_1_000_244547,2,0.357486,0,4111467401,만능재료시험기,2138168866,,2025-05-02,R25BK00806797
R25BK00806797_000_1_000_244547,3,0.107943,0,4111467401,만능재료시험기,4188153158,,2025-05-02,R25BK00806797
R25BK00806797_000_1_000_244547,4,0.093793,0,4111467401,만능재료시험기,4048600244,,2025-05-02,R25BK00806797
R25BK00806797_000_1_000_244547,5,0.023675,0,4111467401,만능재료시험기,8854401103,,2025-05-02,R25BK00806797
R25BK00806797_000_1_000_244547,6,0.020548,0,4111467401,만능재료시험기,2338601340,,2025-05-02,R25BK00806797
R25BK00806797_000_1_000_244547,7,0.014184,0,4111467401,만능재료시험기,1931001412,,2025-05-02,R25BK00806797
R25BK00806797_000_1_000_244547,8,0.010661,0,4111467401,만능재료시험기,3886400479,,2025-05-02,R25BK00806797
R25BK00806797_000_1_000_244547,9,0.008192,0,4111467401,만능재료시험기,2520102718,,2025-05-02,R25BK00806797
R25BK00806797_000_1_000_244547,10,0.008164,0,4111467401,만능재료시험기,4038104830,,2025-05-02,R25BK00806797
R25BK00807311_000_1_000_244889,1,0.190975,0,2413150101,냉장고,1950302516,,2025-05-02,R25BK00807311
R25BK00807311_000_1_000_244889,2,0.181778,0,2413150101,냉장고,2082780643,,2025-05-02,R25BK00807311
R25BK00807311_000_1_000_244889,3,0.131532,0,2413150101,냉장고,2858601642,,2025-05-02,R25BK00807311
R25BK00807311_000_1_000_244889,4,0.116955,0,2413150101,냉장고,1221744475,,2025-05-02,R25BK00807311
R25BK00807311_000_1_000_244889,5,0.083395,0,2413150101,냉장고,3504700778,,2025-05-02,R25BK00807311
R25BK00807311_000_1_000_244889,6,0.07299,0,2413150101,냉장고,5984101135,,2025-05-02,R25BK00807311
R25BK00807311_000_1_000_244889,7,0.072945,0,2413150101,냉장고,3704301069,,2025-05-02,R25BK00807311
R25BK00807311_000_1_000_244889,8,0.069649,0,2413150101,냉장고,2080159043,,2025-05-02,R25BK00807311
R25BK00807311_000_1_000_244889,9,0.067203,1,2413150101,냉장고,2458800595,주식회사 다온에디션,2025-05-02,R25BK00807311
R25BK00807311_000_1_000_244889,10,0.062926,0,2413150101,냉장고,2062878191,,2025-05-02,R25BK00807311
R25BK00814841_000_1_000_246724,1,0.400124,0,2110151401,심토파쇄기,5110286443,,2025-05-02,R25BK00814841
R25BK00814841_000_1_000_246724,2,0.364307,1,2110151401,심토파쇄기,3012545150,아세아농기계,2025-05-02,R25BK00814841
R25BK00814841_000_1_000_246724,3,0.348659,0,2110151401,심토파쇄기,5110378843,,2025-05-02,R25BK00814841
R25BK00814841_000_1_000_246724,4,0.328228,0,2110151401,심토파쇄기,5050294574,,2025-05-02,R25BK00814841
R25BK00814841_000_1_000_246724,5,0.188516,0,2110151401,심토파쇄기,1358802826,,2025-05-02,R25BK00814841
R25BK00814841_000_1_000_246724,6,0.169407,0,2110151401,심토파쇄기,4040678930,,2025-05-02,R25BK00814841
R25BK00814841_000_1_000_246724,7,0.105781,0,2110151401,심토파쇄기,4040963554,,2025-05-02,R25BK00814841
R25BK00814841_000_1_000_246724,8,0.082732,0,2110151401,심토파쇄기,4040120210,,2025-05-02,R25BK00814841
R25BK00814841_000_1_000_246724,9,0.014175,0,2110151401,심토파쇄기,4081142495,,2025-05-02,R25BK00814841
R25BK00814841_000_1_000_246724,10,0.013231,0,2110151401,심토파쇄기,6422800768,,2025-05-02,R25BK00814841
R25BK00815272_000_1_000_243928,1,0.608685,1,4111363301,전위차계,6102793792,다올,2025-05-02,R25BK00815272
R25BK00815272_000_1_000_243928,2,0.046038,0,4111363301,전위차계,1911602493,,2025-05-02,R25BK00815272
R25BK00815272_000_1_000_243928,3,0.040927,0,4111363301,전위차계,7098602638,,2025-05-02,R25BK00815272
R25BK00815272_000_1_000_243928,4,0.037576,0,4111363301,전위차계,4120998923,,2025-05-02,R25BK00815272
R25BK00815272_000_1_000_243928,5,0.025573,0,4111363301,전위차계,2152710091,,2025-05-02,R25BK00815272
R25BK00815272_000_1_000_243928,6,0.022462,0,4111363301,전위차계,2231402194,,2025-05-02,R25BK00815272
R25BK00815272_000_1_000_243928,7,0.021294,0,4111363301,전위차계,8310701469,,2025-05-02,R25BK00815272
R25BK00815272_000_1_000_243928,8,0.019584,0,4111363301,전위차계,3287400476,,2025-05-02,R25BK00815272
R25BK00815272_000_1_000_243928,9,0.014061,0,4111363301,전위차계,4763400798,,2025-05-02,R25BK00815272
R25BK00815272_000_1_000_243928,10,0.01328,0,4111363301,전위차계,1123367641,,2025-05-02,R25BK00815272
R25BK00816377_000_1_000_243522,1,0.51679,0,4916162101,스트링머신,8817800354,,2025-05-02,R25BK00816377
R25BK00816377_000_1_000_243522,2,0.42088,0,4916162101,스트링머신,6817500355,,2025-05-02,R25BK00816377
R25BK00816377_000_1_000_243522,3,0.083073,0,4916162101,스트링머신,5511602341,,2025-05-02,R25BK00816377
R25BK00816377_000_1_000_243522,4,0.067608,0,4916162101,스트링머신,1245332823,,2025-05-02,R25BK00816377
R25BK00816377_000_1_000_243522,5,0.066065,0,4916162101,스트링머신,5930103544,,2025-05-02,R25BK00816377
R25BK00816377_000_1_000_243522,6,0.064319,1,4916162101,스트링머신,4112018260,강남 바이오텍 종합상사,2025-05-02,R25BK00816377
R25BK00816377_000_1_000_243522,7,0.036044,0,4916162101,스트링머신,6930203725,,2025-05-02,R25BK00816377
R25BK00816377_000_1_000_243522,8,0.027184,0,4916162101,스트링머신,8466000619,,2025-05-02,R25BK00816377
R25BK00816377_000_1_000_243522,9,0.021447,0,4916162101,스트링머신,1550703247,,2025-05-02,R25BK00816377
R25BK00816377_000_1_000_243522,10,0.015472,0,4916162101,스트링머신,1052386409,,2025-05-02,R25BK00816377
R25BK00817090_000_1_000_248265,1,0.730241,0,2110220601,생장추,4335900794,,2025-05-02,R25BK00817090
R25BK00817090_000_1_000_248265,2,0.243337,1,2110220601,생장추,2816300735,위드류컴퍼니,2025-05-02,R25BK00817090
R25BK00817090_000_1_000_248265,3,0.11344,0,2110220601,생장추,4925600074,,2025-05-02,R25BK00817090
R25BK00817090_000_1_000_248265,4,0.068386,0,2110220601,생장추,6930203725,,2025-05-02,R25BK00817090
R25BK00817090_000_1_000_248265,5,0.041786,0,2110220601,생장추,8466000619,,2025-05-02,R25BK00817090
R25BK00817090_000_1_000_248265,6,0.029276,0,2110220601,생장추,6832900621,,2025-05-02,R25BK00817090
R25BK00817090_000_1_000_248265,7,0.028985,0,2110220601,생장추,2948701793,,2025-05-02,R25BK00817090
R25BK00817090_000_1_000_248265,8,0.018448,0,2110220601,생장추,2140216314,,2025-05-02,R25BK00817090
R25BK00817090_000_1_000_248265,9,0.018344,0,2110220601,생장추,6450502373,,2025-05-02,R25BK00817090
R25BK00817090_000_1_000_248265,10,0.016957,0,2110220601,생장추,2638802174,,2025-05-02,R25BK00817090
R25BK00817372_000_1_000_248133,1,0.834255,1,4110420601,초순수제조기,2188173947,(주)디아이씨워터,2025-05-02,R25BK00817372
R25BK00817372_000_1_000_248133,2,0.457859,0,4110420601,초순수제조기,6331002466,,2025-05-02,R25BK00817372
R25BK00817372_000_1_000_248133,3,0.186696,0,4110420601,초순수제조기,7032900639,,2025-05-02,R25BK00817372
R25BK00817372_000_1_000_248133,4,0.064927,0,4110420601,초순수제조기,2852501641,,2025-05-02,R25BK00817372
R25BK00817372_000_1_000_248133,5,0.029277,0,4110420601,초순수제조기,1318152607,,2025-05-02,R25BK00817372
R25BK00817372_000_1_000_248133,6,0.022103,0,4110420601,초순수제조기,2187500496,,2025-05-02,R25BK00817372
R25BK00817372_000_1_000_248133,7,0.018004,0,4110420601,초순수제조기,8612101471,,2025-05-02,R25BK00817372
R25BK00817372_000_1_000_248133,8,0.013131,0,4110420601,초순수제조기,1551702494,,2025-05-02,R25BK00817372
R25BK00817372_000_1_000_248133,9,0.010428,0,4110420601,초순수제조기,6938600164,,2025-05-02,R25BK00817372
R25BK00817372_000_1_000_248133,10,0.009005,0,4110420601,초순수제조기,5165700891,,2025-05-02,R25BK00817372
R25BK00807142_000_1_000_244825,1,0.546376,1,4111540401,질량분석기,4288601725,주식회사 스마트찬스,2025-05-07,R25BK00807142
R25BK00807142_000_1_000_244825,2,0.352194,0,4111540401,질량분석기,1023553275,,2025-05-07,R25BK00807142
R25BK00807142_000_1_000_244825,3,0.250562,0,4111540401,질량분석기,2411900428,,2025-05-07,R25BK00807142
R25BK00807142_000_1_000_244825,4,0.091954,0,4111540401,질량분석기,2553600685,,2025-05-07,R25BK00807142
R25BK00807142_000_1_000_244825,5,0.072693,0,4111540401,질량분석기,4590603123,,2025-05-07,R25BK00807142
R25BK00807142_000_1_000_244825,6,0.021461,0,4111540401,질량분석기,3118700269,,2025-05-07,R25BK00807142
R25BK00807142_000_1_000_244825,7,0.020271,0,4111540401,질량분석기,1278614370,,2025-05-07,R25BK00807142
R25BK00807142_000_1_000_244825,8,0.016784,0,4111540401,질량분석기,6108191549,,2025-05-07,R25BK00807142
R25BK00807142_000_1_000_244825,9,0.007603,0,4111540401,질량분석기,3141041646,,2025-05-07,R25BK00807142
R25BK00807142_000_1_000_244825,10,0.007471,0,4111540401,질량분석기,7143200681,,2025-05-07,R25BK00807142
R25BK00815343_000_1_000_246155,1,0.855803,0,2110150301,관리기,1093656038,,2025-05-07,R25BK00815343
R25BK00815343_000_1_000_246155,2,0.798659,0,2110150301,관리기,3741601629,,2025-05-07,R25BK00815343
R25BK00815343_000_1_000_246155,3,0.753521,1,2110150301,관리기,3012545150,아세아농기계,2025-05-07,R25BK00815343
R25BK00815343_000_1_000_246155,4,0.551561,0,2110150301,관리기,3150419409,,2025-05-07,R25BK00815343
R25BK00815343_000_1_000_246155,5,0.033504,0,2110150301,관리기,3762801628,,2025-05-07,R25BK00815343
R25BK00815343_000_1_000_246155,6,0.014378,0,2110150301,관리기,5111036045,,2025-05-07,R25BK00815343
R25BK00815343_000_1_000_246155,7,0.009328,0,2110150301,관리기,5483301101,,2025-05-07,R25BK00815343
R25BK00815343_000_1_000_246155,8,0.008145,0,2110150301,관리기,2520102718,,2025-05-07,R25BK00815343
R25BK00815343_000_1_000_246155,9,0.007788,0,2110150301,관리기,7802502000,,2025-05-07,R25BK00815343
R25BK00815343_000_1_000_246155,10,0.007737,0,2110150301,관리기,7374000807,,2025-05-07,R25BK00815343
R25BK00815486_000_1_000_248627,1,0.3442,1,6012100201,조형물,1298666476,주식회사 프로콘글로벌,2025-05-07,R25BK00815486
R25BK00815486_000_1_000_248627,2,0.154187,0,6012100201,조형물,4888601407,,2025-05-07,R25BK00815486
R25BK00815486_000_1_000_248627,3,0.146337,0,6012100201,조형물,4988700514,,2025-05-07,R25BK00815486
R25BK00815486_000_1_000_248627,4,0.11158,0,6012100201,조형물,1148802552,,2025-05-07,R25BK00815486
R25BK00815486_000_1_000_248627,5,0.077017,0,6012100201,조형물,4108616265,,2025-05-07,R25BK00815486
R25BK00815486_000_1_000_248627,6,0.076738,0,6012100201,조형물,4048115553,,2025-05-07,R25BK00815486
R25BK00815486_000_1_000_248627,7,0.068414,0,6012100201,조형물,5148143074,,2025-05-07,R25BK00815486
R25BK00815486_000_1_000_248627,8,0.014053,0,6012100201,조형물,5918800504,,2025-05-07,R25BK00815486
R25BK00815486_000_1_000_248627,9,0.0131,0,6012100201,조형물,1215413222,,2025-05-07,R25BK00815486
R25BK00815486_000_1_000_248627,10,0.012434,0,6012100201,조형물,4068503070,,2025-05-07,R25BK00815486
R25BK00817003_000_1_000_246992,1,0.808632,1,2110170401,콤바인,4173801025,전북농기계,2025-05-07,R25BK00817003
R25BK00817003_000_1_000_246992,2,0.522105,0,2110170401,콤바인,1358802826,,2025-05-07,R25BK00817003
R25BK00817003_000_1_000_246992,3,0.19649,0,2110170401,콤바인,3130161424,,2025-05-07,R25BK00817003
R25BK00817003_000_1_000_246992,4,0.17482,0,2110170401,콤바인,4242900828,,2025-05-07,R25BK00817003
R25BK00817003_000_1_000_246992,5,0.158857,0,2110170401,콤바인,1268147193,,2025-05-07,R25BK00817003
R25BK00817003_000_1_000_246992,6,0.072942,0,2110170401,콤바인,3123227086,,2025-05-07,R25BK00817003
R25BK00817003_000_1_000_246992,7,0.03969,0,2110170401,콤바인,4168198111,,2025-05-07,R25BK00817003
R25BK00817003_000_1_000_246992,8,0.026507,0,2110170401,콤바인,6251901912,,2025-05-07,R25BK00817003
R25BK00817003_000_1_000_246992,9,0.015632,0,2110170401,콤바인,2827300402,,2025-05-07,R25BK00817003
R25BK00817003_000_1_000_246992,10,0.013012,0,2110170401,콤바인,5721601499,,2025-05-07,R25BK00817003
R25BK00818500_000_1_000_245955,1,0.415004,1,5310279401,민방위복,6132082086,경남기업,2025-05-07,R25BK00818500
R25BK00818500_000_1_000_245955,2,0.20969,0,5310279401,민방위복,2118576238,,2025-05-07,R25BK00818500
R25BK00818500_000_1_000_245955,3,0.04874,0,5310279401,민방위복,6400402309,,2025-05-07,R25BK00818500
R25BK00818500_000_1_000_245955,4,0.041441,0,5310279401,민방위복,7760303255,,2025-05-07,R25BK00818500
R25BK00818500_000_1_000_245955,5,0.037102,0,5310279401,민방위복,3062370534,,2025-05-07,R25BK00818500
R25BK00818500_000_1_000_245955,6,0.033509,0,5310279401,민방위복,3210400133,,2025-05-07,R25BK00818500
R25BK00818500_000_1_000_245955,7,0.033345,0,5310279401,민방위복,2811801919,,2025-05-07,R25BK00818500
R25BK00818500_000_1_000_245955,8,0.021088,0,5310279401,민방위복,1903800738,,2025-05-07,R25BK00818500
R25BK00818500_000_1_000_245955,9,0.016065,0,5310279401,민방위복,1868801941,,2025-05-07,R25BK00818500
R25BK00818500_000_1_000_245955,10,0.013983,0,5310279401,민방위복,6522701369,,2025-05-07,R25BK00818500
R25BK00817966_000_1_001_247856,1,0.31709,0,4214290301,안경테,6268600470,,2025-05-08,R25BK00817966
R25BK00817966_000_1_001_247856,2,0.254269,0,4214290301,안경테,5858502016,,2025-05-08,R25BK00817966
R25BK00817966_000_1_001_247856,3,0.254269,0,4214290301,안경테,8248101724,,2025-05-08,R25BK00817966
R25BK00817966_000_1_001_247856,4,0.075339,0,4214290301,안경테,5062038230,,2025-05-08,R25BK00817966
R25BK00817966_000_1_001_247856,5,0.048012,0,4214290301,안경테,4880601671,,2025-05-08,R25BK00817966
R25BK00817966_000_1_001_247856,6,0.032746,0,4214290301,안경테,1398701593,,2025-05-08,R25BK00817966
R25BK00817966_000_1_001_247856,7,0.017862,0,4214290301,안경테,2931102659,,2025-05-08,R25BK00817966
R25BK00817966_000_1_001_247856,8,0.017365,0,4214290301,안경테,5402400519,,2025-05-08,R25BK00817966
R25BK00817966_000_1_001_247856,9,0.015017,0,4214290301,안경테,3110820130,,2025-05-08,R25BK00817966
R25BK00817966_000_1_001_247856,10,0.014504,0,4214290301,안경테,6131054316,,2025-05-08,R25BK00817966
R25BK00821165_000_1_000_246096,1,0.418975,0,4110370601,항온수조,3011285910,,2025-05-08,R25BK00821165
R25BK00821165_000_1_000_246096,2,0.089847,0,4110370601,항온수조,1077800504,,2025-05-08,R25BK00821165
R25BK00821165_000_1_000_246096,3,0.065942,1,4110370601,항온수조,2371202559,중원랩,2025-05-08,R25BK00821165
R25BK00821165_000_1_000_246096,4,0.056336,0,4110370601,항온수조,6578702144,,2025-05-08,R25BK00821165
R25BK00821165_000_1_000_246096,5,0.039888,0,4110370601,항온수조,6598802147,,2025-05-08,R25BK00821165
R25BK00821165_000_1_000_246096,6,0.039056,0,4110370601,항온수조,1218186809,,2025-05-08,R25BK00821165
R25BK00821165_000_1_000_246096,7,0.030861,0,4110370601,항온수조,3140113167,,2025-05-08,R25BK00821165
R25BK00821165_000_1_000_246096,8,0.027391,0,4110370601,항온수조,1073789355,,2025-05-08,R25BK00821165
R25BK00821165_000_1_000_246096,9,0.027265,0,4110370601,항온수조,6250303016,,2025-05-08,R25BK00821165
R25BK00821165_000_1_000_246096,10,0.02593,0,4110370601,항온수조,2361000874,,2025-05-08,R25BK00821165
R25BK00821171_000_1_000_247078,1,0.714603,0,2321119401,포토레지스트노광기,3423601033,,2025-05-08,R25BK00821171
R25BK00821171_000_1_000_247078,2,0.387982,1,2321119401,포토레지스트노광기,1141542109,유진씨앤티,2025-05-08,R25BK00821171
R25BK00821171_000_1_000_247078,3,0.165232,0,2321119401,포토레지스트노광기,000000855,,2025-05-08,R25BK00821171
R25BK00821171_000_1_000_247078,4,0.015088,0,2321119401,포토레지스트노광기,5416600278,,2025-05-08,R25BK00821171
R25BK00821171_000_1_000_247078,5,0.009187,0,2321119401,포토레지스트노광기,2011579900,,2025-05-08,R25BK00821171
R25BK00821171_000_1_000_247078,6,0.007513,0,2321119401,포토레지스트노광기,1022094476,,2025-05-08,R25BK00821171
R25BK00821171_000_1_000_247078,7,0.007442,0,2321119401,포토레지스트노광기,3088141544,,2025-05-08,R25BK00821171
R25BK00821171_000_1_000_247078,8,0.00711,0,2321119401,포토레지스트노광기,8642001376,,2025-05-08,R25BK00821171
R25BK00821171_000_1_000_247078,9,0.006442,0,2321119401,포토레지스트노광기,2010989673,,2025-05-08,R25BK00821171
R25BK00821171_000_1_000_247078,10,0.006196,0,2321119401,포토레지스트노광기,1048196898,,2025-05-08,R25BK00821171
R25BK00821290_000_1_000_248193,1,0.806685,0,4617160601,사이렌,5048609846,,2025-05-08,R25BK00821290
R25BK00821290_000_1_000_248193,2,0.554185,0,4617160601,사이렌,1078667984,,2025-05-08,R25BK00821290
R25BK00821290_000_1_000_248193,3,0.250475,0,4617160601,사이렌,7228700455,,2025-05-08,R25BK00821290
R25BK00821290_000_1_000_248193,4,0.180787,1,4617160601,사이렌,3058149402,주식회사 아워스,2025-05-08,R25BK00821290
R25BK00821290_000_1_000_248193,5,0.029848,0,4617160601,사이렌,6158138587,,2025-05-08,R25BK00821290
R25BK00821290_000_1_000_248193,6,0.029484,0,4617160601,사이렌,3178115400,,2025-05-08,R25BK00821290
R25BK00821290_000_1_000_248193,7,0.027171,0,4617160601,사이렌,1378128823,,2025-05-08,R25BK00821290
R25BK00821290_000_1_000_248193,8,0.027051,0,4617160601,사이렌,1428175099,,2025-05-08,R25BK00821290
R25BK00821290_000_1_000_248193,9,0.018699,0,4617160601,사이렌,3031332250,,2025-05-08,R25BK00821290
R25BK00821290_000_1_000_248193,10,0.016165,0,4617160601,사이렌,1278188877,,2025-05-08,R25BK00821290
R25BK00822634_000_1_000_244149,1,0.432457,0,4110390401,탁상형냉장원심분리기,8612101471,,2025-05-08,R25BK00822634
R25BK00822634_000_1_000_244149,2,0.360503,1,4110390401,탁상형냉장원심분리기,5022674750,애니랩 알파,2025-05-08,R25BK00822634
R25BK00822634_000_1_000_244149,3,0.216166,0,4110390401,탁상형냉장원심분리기,1378177135,,2025-05-08,R25BK00822634
R25BK00822634_000_1_000_244149,4,0.19948,0,4110390401,탁상형냉장원심분리기,6670300712,,2025-05-08,R25BK00822634
R25BK00822634_000_1_000_244149,5,0.085504,0,4110390401,탁상형냉장원심분리기,4154400910,,2025-05-08,R25BK00822634
R25BK00822634_000_1_000_244149,6,0.062463,0,4110390401,탁상형냉장원심분리기,6251901964,,2025-05-08,R25BK00822634
R25BK00822634_000_1_000_244149,7,0.06027,0,4110390401,탁상형냉장원심분리기,7561900745,,2025-05-08,R25BK00822634
R25BK00822634_000_1_000_244149,8,0.056428,0,4110390401,탁상형냉장원심분리기,5822201745,,2025-05-08,R25BK00822634
R25BK00822634_000_1_000_244149,9,0.042076,0,4110390401,탁상형냉장원심분리기,2570901796,,2025-05-08,R25BK00822634
R25BK00822634_000_1_000_244149,10,0.036632,0,4110390401,탁상형냉장원심분리기,6538602029,,2025-05-08,R25BK00822634
R25BK00829878_000_1_000_245179,1,0.964491,1,4015159701,엔진펌프,5013198582,천일펌프,2025-05-08,R25BK00829878
R25BK00829878_000_1_000_245179,2,0.509658,0,4015159701,엔진펌프,1198156151,,2025-05-08,R25BK00829878
R25BK00829878_000_1_000_245179,3,0.030259,0,4015159701,엔진펌프,3178139095,,2025-05-08,R25BK00829878
R25BK00829878_000_1_000_245179,4,0.02887,0,4015159701,엔진펌프,3740901897,,2025-05-08,R25BK00829878
R25BK00829878_000_1_000_245179,5,0.025805,0,4015159701,엔진펌프,1430701703,,2025-05-08,R25BK00829878
R25BK00829878_000_1_000_245179,6,0.024693,0,4015159701,엔진펌프,8662101914,,2025-05-08,R25BK00829878
R25BK00829878_000_1_000_245179,7,0.024693,0,4015159701,엔진펌프,1140183568,,2025-05-08,R25BK00829878
R25BK00829878_000_1_000_245179,8,0.013731,0,4015159701,엔진펌프,1535200865,,2025-05-08,R25BK00829878
R25BK00829878_000_1_000_245179,9,0.010861,0,4015159701,엔진펌프,6758103343,,2025-05-08,R25BK00829878
R25BK00829878_000_1_000_245179,10,0.008809,0,4015159701,엔진펌프,5078116604,,2025-05-08,R25BK00829878
R25BK00810422_000_1_000_244565,1,0.516744,0,6012149901,졸업앨범,2710102776,,2025-05-09,R25BK00810422
R25BK00810422_000_1_000_244565,2,0.353064,1,6012149901,졸업앨범,8113500998,케이스튜디오,2025-05-09,R25BK00810422
R25BK00810422_000_1_000_244565,3,0.340558,0,6012149901,졸업앨범,6050682696,,2025-05-09,R25BK00810422
R25BK00810422_000_1_000_244565,4,0.241088,0,6012149901,졸업앨범,6910402059,,2025-05-09,R25BK00810422
R25BK00810422_000_1_000_244565,5,0.164805,0,6012149901,졸업앨범,2021568560,,2025-05-09,R25BK00810422
R25BK00810422_000_1_000_244565,6,0.143441,0,6012149901,졸업앨범,7512002308,,2025-05-09,R25BK00810422
R25BK00810422_000_1_000_244565,7,0.122276,0,6012149901,졸업앨범,1761601651,,2025-05-09,R25BK00810422
R25BK00810422_000_1_000_244565,8,0.073697,0,6012149901,졸업앨범,5010795052,,2025-05-09,R25BK00810422
R25BK00810422_000_1_000_244565,9,0.069654,0,6012149901,졸업앨범,6200324165,,2025-05-09,R25BK00810422
R25BK00810422_000_1_000_244565,10,0.064456,0,6012149901,졸업앨범,7308702774,,2025-05-09,R25BK00810422
R25BK00814059_000_1_000_247939,1,0.832766,0,2611160403,바이오가스발전기,1138630217,,2025-05-09,R25BK00814059
R25BK00814059_000_1_000_247939,2,0.300606,0,2611160403,바이오가스발전기,6068120439,,2025-05-09,R25BK00814059
R25BK00814059_000_1_000_247939,3,0.276182,0,2611160403,바이오가스발전기,6218610634,,2025-05-09,R25BK00814059
R25BK00814059_000_1_000_247939,4,0.253341,0,2611160403,바이오가스발전기,1138122478,,2025-05-09,R25BK00814059
R25BK00814059_000_1_000_247939,5,0.230347,0,2611160403,바이오가스발전기,1191166369,,2025-05-09,R25BK00814059
R25BK00814059_000_1_000_247939,6,0.185136,0,2611160403,바이오가스발전기,3298100254,,2025-05-09,R25BK00814059
R25BK00814059_000_1_000_247939,7,0.1845,0,2611160403,바이오가스발전기,1318610975,,2025-05-09,R25BK00814059
R25BK00814059_000_1_000_247939,8,0.105187,0,2611160403,바이오가스발전기,6218162914,,2025-05-09,R25BK00814059
R25BK00814059_000_1_000_247939,9,0.105183,0,2611160403,바이오가스발전기,6058143424,,2025-05-09,R25BK00814059
R25BK00814059_000_1_000_247939,10,0.08007,1,2611160403,바이오가스발전기,1398600199,(주)태준바이오,2025-05-09,R25BK00814059
R25BK00825580_000_1_000_247017,1,0.551001,1,2110180101,동력분무기,1568800674,주식회사 형제농기계,2025-05-09,R25BK00825580
R25BK00825580_000_1_000_247017,2,0.124506,0,2110180101,동력분무기,8962900023,,2025-05-09,R25BK00825580
R25BK00825580_000_1_000_247017,3,0.121939,0,2110180101,동력분무기,4040962841,,2025-05-09,R25BK00825580
R25BK00825580_000_1_000_247017,4,0.059671,0,2110180101,동력분무기,5848700493,,2025-05-09,R25BK00825580
R25BK00825580_000_1_000_247017,5,0.033516,0,2110180101,동력분무기,6032695854,,2025-05-09,R25BK00825580
R25BK00825580_000_1_000_247017,6,0.015443,0,2110180101,동력분무기,4188153158,,2025-05-09,R25BK00825580
R25BK00825580_000_1_000_247017,7,0.011542,0,2110180101,동력분무기,2938600815,,2025-05-09,R25BK00825580
R25BK00825580_000_1_000_247017,8,0.007402,0,2110180101,동력분무기,8781601780,,2025-05-09,R25BK00825580
R25BK00825580_000_1_000_247017,9,0.007382,0,2110180101,동력분무기,3918601817,,2025-05-09,R25BK00825580
R25BK00825580_000_1_000_247017,10,0.00611,0,2110180101,동력분무기,8022401264,,2025-05-09,R25BK00825580
R25BK00827506_000_1_002_247273,1,0.251267,0,2110160101,파종기,1358802826,,2025-05-09,R25BK00827506
R25BK00827506_000_1_002_247273,2,0.072771,1,2110160101,파종기,1720901326,원농기계,2025-05-09,R25BK00827506
R25BK00827506_000_1_002_247273,3,0.05528,0,2110160101,파종기,4188124497,,2025-05-09,R25BK00827506
R25BK00827506_000_1_002_247273,4,0.007795,0,2110160101,파종기,8951202544,,2025-05-09,R25BK00827506
R25BK00827506_000_1_002_247273,5,0.006728,0,2110160101,파종기,1160668855,,2025-05-09,R25BK00827506
R25BK00827506_000_1_002_247273,6,0.00596,0,2110160101,파종기,6122552599,,2025-05-09,R25BK00827506
R25BK00827506_000_1_002_247273,7,0.004667,0,2110160101,파종기,6551401960,,2025-05-09,R25BK00827506
R25BK00827506_000_1_002_247273,8,0.003537,0,2110160101,파종기,6238103279,,2025-05-09,R25BK00827506
R25BK00827506_000_1_002_247273,9,0.003368,0,2110160101,파종기,3238602754,,2025-05-09,R25BK00827506
R25BK00827506_000_1_002_247273,10,0.003351,0,2110160101,파종기,5611002045,,2025-05-09,R25BK00827506
R25BK00755767_000_1_000_243494,1,0.799763,1,4322260501,게이트웨이,3148660013,주식회사 신우씨앤에스,2025-05-12,R25BK00755767
R25BK00755767_000_1_000_243494,2,0.40717,0,4322260501,게이트웨이,4108188084,,2025-05-12,R25BK00755767
R25BK00755767_000_1_000_243494,3,0.069194,0,4322260501,게이트웨이,6018132852,,2025-05-12,R25BK00755767
R25BK00755767_000_1_000_243494,4,0.021994,0,4322260501,게이트웨이,8248102077,,2025-05-12,R25BK00755767
R25BK00755767_000_1_000_243494,5,0.015432,0,4322260501,게이트웨이,2308103607,,2025-05-12,R25BK00755767
R25BK00755767_000_1_000_243494,6,0.007116,0,4322260501,게이트웨이,7517000417,,2025-05-12,R25BK00755767
R25BK00755767_000_1_000_243494,7,0.004985,0,4322260501,게이트웨이,6078702284,,2025-05-12,R25BK00755767
R25BK00755767_000_1_000_243494,8,0.004858,0,4322260501,게이트웨이,1125005642,,2025-05-12,R25BK00755767
R25BK00755767_000_1_000_243494,9,0.004298,0,4322260501,게이트웨이,6458103115,,2025-05-12,R25BK00755767
R25BK00755767_000_1_000_243494,10,0.003894,0,4322260501,게이트웨이,7180103124,,2025-05-12,R25BK00755767
R25BK00829709_000_1_000_243498,1,0.696352,1,4111171101,전자현미경,3048131665,주식회사 프라임텍,2025-05-12,R25BK00829709
R25BK00829709_000_1_000_243498,2,0.320036,0,4111171101,전자현미경,6508602938,,2025-05-12,R25BK00829709
R25BK00829709_000_1_000_243498,3,0.023668,0,4111171101,전자현미경,6758700300,,2025-05-12,R25BK00829709
R25BK00829709_000_1_000_243498,4,0.018494,0,4111171101,전자현미경,3118702821,,2025-05-12,R25BK00829709
R25BK00829709_000_1_000_243498,5,0.017496,0,4111171101,전자현미경,6238103279,,2025-05-12,R25BK00829709
R25BK00829709_000_1_000_243498,6,0.014918,0,4111171101,전자현미경,6632301982,,2025-05-12,R25BK00829709
R25BK00829709_000_1_000_243498,7,0.008416,0,4111171101,전자현미경,5062452550,,2025-05-12,R25BK00829709
R25BK00829709_000_1_000_243498,8,0.008064,0,4111171101,전자현미경,6191217384,,2025-05-12,R25BK00829709
R25BK00829709_000_1_000_243498,9,0.006974,0,4111171101,전자현미경,8642001376,,2025-05-12,R25BK00829709
R25BK00829709_000_1_000_243498,10,0.006521,0,4111171101,전자현미경,7881702159,,2025-05-12,R25BK00829709
R25BK00831653_000_1_000_248751,1,0.376267,1,4015151301,수중펌프,5688200569,사단법인 벗나래복지회사업단,2025-05-12,R25BK00831653
R25BK00831653_000_1_000_248751,2,0.26432,0,4015151301,수중펌프,2348200161,,2025-05-12,R25BK00831653
R25BK00831653_000_1_000_248751,3,0.02973,0,4015151301,수중펌프,4501501775,,2025-05-12,R25BK00831653
R25BK00831653_000_1_000_248751,4,0.019566,0,4015151301,수중펌프,1191394404,,2025-05-12,R25BK00831653
R25BK00831653_000_1_000_248751,5,0.018055,0,4015151301,수중펌프,7314900215,,2025-05-12,R25BK00831653
R25BK00831653_000_1_000_248751,6,0.012295,0,4015151301,수중펌프,5748801449,,2025-05-12,R25BK00831653
R25BK00831653_000_1_000_248751,7,0.012029,0,4015151301,수중펌프,7988703333,,2025-05-12,R25BK00831653
R25BK00831653_000_1_000_248751,8,0.007403,0,4015151301,수중펌프,4767000419,,2025-05-12,R25BK00831653
R25BK00831653_000_1_000_248751,9,0.007104,0,4015151301,수중펌프,7508603260,,2025-05-12,R25BK00831653
R25BK00831653_000_1_000_248751,10,0.006815,0,4015151301,수중펌프,5483301101,,2025-05-12,R25BK00831653
R25BK00837549_000_1_000_244085,1,0.4739,0,5310271001,근무복,2628200448,,2025-05-12,R25BK00837549
R25BK00837549_000_1_000_244085,2,0.328425,0,5310271001,근무복,2208132288,,2025-05-12,R25BK00837549
R25BK00837549_000_1_000_244085,3,0.075844,0,5310271001,근무복,1858101823,,2025-05-12,R25BK00837549
R25BK00837549_000_1_000_244085,4,0.051826,1,5310271001,근무복,8958101051,유한회사 은가비,2025-05-12,R25BK00837549
R25BK00837549_000_1_000_244085,5,0.033925,0,5310271001,근무복,2628601329,,2025-05-12,R25BK00837549
R25BK00837549_000_1_000_244085,6,0.016783,0,5310271001,근무복,2798801302,,2025-05-12,R25BK00837549
R25BK00837549_000_1_000_244085,7,0.013251,0,5310271001,근무복,2062451272,,2025-05-12,R25BK00837549
R25BK00837549_000_1_000_244085,8,0.009403,0,5310271001,근무복,6163118411,,2025-05-12,R25BK00837549
R25BK00837549_000_1_000_244085,9,0.008494,0,5310271001,근무복,6022593083,,2025-05-12,R25BK00837549
R25BK00837549_000_1_000_244085,10,0.007427,0,5310271001,근무복,3618102902,,2025-05-12,R25BK00837549
R25BK00838806_000_1_000_248712,1,0.983025,1,4619160702,공기호흡기,1358121955,주식회사 한컴라이프케어,2025-05-12,R25BK00838806
R25BK00838806_000_1_000_248712,2,0.035447,0,4619160702,공기호흡기,6724700644,,2025-05-12,R25BK00838806
R25BK00838806_000_1_000_248712,3,0.018615,0,4619160702,공기호흡기,2208131391,,2025-05-12,R25BK00838806
R25BK00838806_000_1_000_248712,4,0.011942,0,4619160702,공기호흡기,1058627351,,2025-05-12,R25BK00838806
R25BK00838806_000_1_000_248712,5,0.011115,0,4619160702,공기호흡기,4344300627,,2025-05-12,R25BK00838806
R25BK00838806_000_1_000_248712,6,0.010465,0,4619160702,공기호흡기,7640901770,,2025-05-12,R25BK00838806
R25BK00838806_000_1_000_248712,7,0.008886,0,4619160702,공기호흡기,3628800245,,2025-05-12,R25BK00838806
R25BK00838806_000_1_000_248712,8,0.007906,0,4619160702,공기호흡기,1218172625,,2025-05-12,R25BK00838806
R25BK00838806_000_1_000_248712,9,0.007859,0,4619160702,공기호흡기,8642901350,,2025-05-12,R25BK00838806
R25BK00838806_000_1_000_248712,10,0.007859,0,4619160702,공기호흡기,5722201544,,2025-05-12,R25BK00838806
R25BK00800933_000_1_000_253235,1,0.678762,0,4321179901,화상분석시스템,3022600847,,2025-05-13,R25BK00800933
R25BK00800933_000_1_000_253235,2,0.480847,1,4321179901,화상분석시스템,8092601686,마이크로텍,2025-05-13,R25BK00800933
R25BK00800933_000_1_000_253235,3,0.396701,0,4321179901,화상분석시스템,5130943639,,2025-05-13,R25BK00800933
R25BK00800933_000_1_000_253235,4,0.22022,0,4321179901,화상분석시스템,6076003909,,2025-05-13,R25BK00800933
R25BK00800933_000_1_000_253235,5,0.202146,0,4321179901,화상분석시스템,5088117061,,2025-05-13,R25BK00800933
R25BK00800933_000_1_000_253235,6,0.075692,0,4321179901,화상분석시스템,2078702008,,2025-05-13,R25BK00800933
R25BK00800933_000_1_000_253235,7,0.062405,0,4321179901,화상분석시스템,1708100031,,2025-05-13,R25BK00800933
R25BK00800933_000_1_000_253235,8,0.013289,0,4321179901,화상분석시스템,1993601254,,2025-05-13,R25BK00800933
R25BK00800933_000_1_000_253235,9,0.012046,0,4321179901,화상분석시스템,6928603697,,2025-05-13,R25BK00800933
R25BK00800933_000_1_000_253235,10,0.00848,0,4321179901,화상분석시스템,8210101500,,2025-05-13,R25BK00800933
R25BK00829505_000_1_000_247591,1,0.200329,0,4111540401,질량분석기,5041921362,,2025-05-13,R25BK00829505
R25BK00829505_000_1_000_247591,2,0.186191,1,4111540401,질량분석기,2261109574,글로벌사이언스,2025-05-13,R25BK00829505
R25BK00829505_000_1_000_247591,3,0.008981,0,4111540401,질량분석기,2130124605,,2025-05-13,R25BK00829505
R25BK00829505_000_1_000_247591,4,0.007841,0,4111540401,질량분석기,1818602048,,2025-05-13,R25BK00829505
R25BK00829505_000_1_000_247591,5,0.006801,0,4111540401,질량분석기,3417000471,,2025-05-13,R25BK00829505
R25BK00829505_000_1_000_247591,6,0.004636,0,4111540401,질량분석기,5643901352,,2025-05-13,R25BK00829505
R25BK00829505_000_1_000_247591,7,0.004538,0,4111540401,질량분석기,7881702159,,2025-05-13,R25BK00829505
R25BK00829505_000_1_000_247591,8,0.004508,0,4111540401,질량분석기,7048802729,,2025-05-13,R25BK00829505
R25BK00829505_000_1_000_247591,9,0.004501,0,4111540401,질량분석기,2903401024,,2025-05-13,R25BK00829505
R25BK00829505_000_1_000_247591,10,0.004414,0,4111540401,질량분석기,8234200970,,2025-05-13,R25BK00829505
R25BK00832860_000_1_000_249185,1,0.741783,1,2110160101,파종기,7472400594,드림농축산기계,2025-05-14,R25BK00832860
R25BK00832860_000_1_000_249185,2,0.337558,0,2110160101,파종기,1358802826,,2025-05-14,R25BK00832860
R25BK00832860_000_1_000_249185,3,0.284242,0,2110160101,파종기,4108169127,,2025-05-14,R25BK00832860
R25BK00832860_000_1_000_249185,4,0.155859,0,2110160101,파종기,3791101518,,2025-05-14,R25BK00832860
R25BK00832860_000_1_000_249185,5,0.062552,0,2110160101,파종기,7702201435,,2025-05-14,R25BK00832860
R25BK00832860_000_1_000_249185,6,0.032868,0,2110160101,파종기,5110878907,,2025-05-14,R25BK00832860
R25BK00832860_000_1_000_249185,7,0.015471,0,2110160101,파종기,2620402040,,2025-05-14,R25BK00832860
R25BK00832860_000_1_000_249185,8,0.005895,0,2110160101,파종기,1920803388,,2025-05-14,R25BK00832860
R25BK00832860_000_1_000_249185,9,0.005851,0,2110160101,파종기,3112301494,,2025-05-14,R25BK00832860
R25BK00832860_000_1_000_249185,10,0.005778,0,2110160101,파종기,3312701142,,2025-05-14,R25BK00832860
R25BK00835678_000_1_000_245440,1,0.759269,0,4014160501,솔레노이드밸브,6013066025,,2025-05-14,R25BK00835678
R25BK00835678_000_1_000_245440,2,0.700012,1,4014160501,솔레노이드밸브,4098154279,(주)가보유공압테크,2025-05-14,R25BK00835678
R25BK00835678_000_1_000_245440,3,0.019484,0,4014160501,솔레노이드밸브,2868100689,,2025-05-14,R25BK00835678
R25BK00835678_000_1_000_245440,4,0.007867,0,4014160501,솔레노이드밸브,6068659472,,2025-05-14,R25BK00835678
R25BK00835678_000_1_000_245440,5,0.007803,0,4014160501,솔레노이드밸브,5772001579,,2025-05-14,R25BK00835678
R25BK00835678_000_1_000_245440,6,0.006345,0,4014160501,솔레노이드밸브,6913601202,,2025-05-14,R25BK00835678
R25BK00835678_000_1_000_245440,7,0.006071,0,4014160501,솔레노이드밸브,5391501739,,2025-05-14,R25BK00835678
R25BK00835678_000_1_000_245440,8,0.005671,0,4014160501,솔레노이드밸브,3112301494,,2025-05-14,R25BK00835678
R25BK00835678_000_1_000_245440,9,0.005428,0,4014160501,솔레노이드밸브,4911302029,,2025-05-14,R25BK00835678
R25BK00835678_000_1_000_245440,10,0.005225,0,4014160501,솔레노이드밸브,3952201796,,2025-05-14,R25BK00835678
R25BK00840004_000_1_000_243721,1,0.59844,0,2110160101,파종기,6492000012,,2025-05-14,R25BK00840004
R25BK00840004_000_1_000_243721,2,0.488226,0,2110160101,파종기,3130169921,,2025-05-14,R25BK00840004
R25BK00840004_000_1_000_243721,3,0.366742,0,2110160101,파종기,4802001237,,2025-05-14,R25BK00840004
R25BK00840004_000_1_000_243721,4,0.337558,0,2110160101,파종기,1358802826,,2025-05-14,R25BK00840004
R25BK00840004_000_1_000_243721,5,0.240063,0,2110160101,파종기,3543401105,,2025-05-14,R25BK00840004
R25BK00840004_000_1_000_243721,6,0.121696,1,2110160101,파종기,1801001172,에브라임,2025-05-14,R25BK00840004
R25BK00840004_000_1_000_243721,7,0.081789,0,2110160101,파종기,6110548100,,2025-05-14,R25BK00840004
R25BK00840004_000_1_000_243721,8,0.048653,0,2110160101,파종기,3770501170,,2025-05-14,R25BK00840004
R25BK00840004_000_1_000_243721,9,0.007659,0,2110160101,파종기,7374101351,,2025-05-14,R25BK00840004
R25BK00840004_000_1_000_243721,10,0.007351,0,2110160101,파종기,1406600449,,2025-05-14,R25BK00840004
R25BK00802601_000_1_000_246896,1,0.687341,1,6010999901,교육훈련장비,1098145958,세종일렉트릭 주식회사,2025-05-15,R25BK00802601
R25BK00802601_000_1_000_246896,2,0.044522,0,6010999901,교육훈련장비,6071262187,,2025-05-15,R25BK00802601
R25BK00802601_000_1_000_246896,3,0.024223,0,6010999901,교육훈련장비,2758701657,,2025-05-15,R25BK00802601
R25BK00802601_000_1_000_246896,4,0.023459,0,6010999901,교육훈련장비,7068602454,,2025-05-15,R25BK00802601
R25BK00802601_000_1_000_246896,5,0.015065,0,6010999901,교육훈련장비,7341201804,,2025-05-15,R25BK00802601
R25BK00802601_000_1_000_246896,6,0.014588,0,6010999901,교육훈련장비,2570403386,,2025-05-15,R25BK00802601
R25BK00802601_000_1_000_246896,7,0.014579,0,6010999901,교육훈련장비,6914301175,,2025-05-15,R25BK00802601
R25BK00802601_000_1_000_246896,8,0.013852,0,6010999901,교육훈련장비,6702901041,,2025-05-15,R25BK00802601
R25BK00802601_000_1_000_246896,9,0.011327,0,6010999901,교육훈련장비,7573600920,,2025-05-15,R25BK00802601
R25BK00802601_000_1_000_246896,10,0.00924,0,6010999901,교육훈련장비,6498501456,,2025-05-15,R25BK00802601
R25BK00845777_000_1_000_247854,1,0.916395,1,4111240701,수위계,1345900621,맹가노니시스템,2025-05-15,R25BK00845777
R25BK00845777_000_1_000_247854,2,0.226338,0,4111240701,수위계,8222101141,,2025-05-15,R25BK00845777
R25BK00845777_000_1_000_247854,3,0.068949,0,4111240701,수위계,6618700072,,2025-05-15,R25BK00845777
R25BK00845777_000_1_000_247854,4,0.040039,0,4111240701,수위계,5566200535,,2025-05-15,R25BK00845777
R25BK00845777_000_1_000_247854,5,0.038093,0,4111240701,수위계,1190987003,,2025-05-15,R25BK00845777
R25BK00845777_000_1_000_247854,6,0.036695,0,4111240701,수위계,7153900422,,2025-05-15,R25BK00845777
R25BK00845777_000_1_000_247854,7,0.033972,0,4111240701,수위계,6051173435,,2025-05-15,R25BK00845777
R25BK00845777_000_1_000_247854,8,0.029784,0,4111240701,수위계,7340602535,,2025-05-15,R25BK00845777
R25BK00845777_000_1_000_247854,9,0.029784,0,4111240701,수위계,2043351701,,2025-05-15,R25BK00845777
R25BK00845777_000_1_000_247854,10,0.018926,0,4111240701,수위계,5093100383,,2025-05-15,R25BK00845777
R25BK00807985_000_1_000_254330,1,0.543227,1,5216155401,이어폰,2148648586,에이제이네트웍스 주식회사,2025-05-16,R25BK00807985
R25BK00807985_000_1_000_254330,2,0.038998,0,5216155401,이어폰,7808601190,,2025-05-16,R25BK00807985
R25BK00807985_000_1_000_254330,3,0.012019,0,5216155401,이어폰,6022593083,,2025-05-16,R25BK00807985
R25BK00807985_000_1_000_254330,4,0.005587,0,5216155401,이어폰,5118127226,,2025-05-16,R25BK00807985
R25BK00807985_000_1_000_254330,5,0.004186,0,5216155401,이어폰,4180357215,,2025-05-16,R25BK00807985
R25BK00807985_000_1_000_254330,6,0.004031,0,5216155401,이어폰,6502401417,,2025-05-16,R25BK00807985
R25BK00807985_000_1_000_254330,7,0.003344,0,5216155401,이어폰,1168803047,,2025-05-16,R25BK00807985
R25BK00807985_000_1_000_254330,8,0.003121,0,5216155401,이어폰,6581702300,,2025-05-16,R25BK00807985
R25BK00807985_000_1_000_254330,9,0.00302,0,5216155401,이어폰,5811802104,,2025-05-16,R25BK00807985
R25BK00807985_000_1_000_254330,10,0.00302,0,5216155401,이어폰,1831102935,,2025-05-16,R25BK00807985
R25BK00817078_000_1_000_245403,1,0.728631,1,6012149901,졸업앨범,2011677025,디앤북,2025-05-16,R25BK00817078
R25BK00817078_000_1_000_245403,2,0.34752,0,6012149901,졸업앨범,6704200342,,2025-05-16,R25BK00817078
R25BK00817078_000_1_000_245403,3,0.339786,0,6012149901,졸업앨범,6050682696,,2025-05-16,R25BK00817078
R25BK00817078_000_1_000_245403,4,0.256875,0,6012149901,졸업앨범,6100842818,,2025-05-16,R25BK00817078
R25BK00817078_000_1_000_245403,5,0.107905,0,6012149901,졸업앨범,7512002308,,2025-05-16,R25BK00817078
R25BK00817078_000_1_000_245403,6,0.107905,0,6012149901,졸업앨범,1761601651,,2025-05-16,R25BK00817078
R25BK00817078_000_1_000_245403,7,0.105545,0,6012149901,졸업앨범,2961302012,,2025-05-16,R25BK00817078
R25BK00817078_000_1_000_245403,8,0.065014,0,6012149901,졸업앨범,7308702774,,2025-05-16,R25BK00817078
R25BK00817078_000_1_000_245403,9,0.04781,0,6012149901,졸업앨범,4180249488,,2025-05-16,R25BK00817078
R25BK00817078_000_1_000_245403,10,0.043317,0,6012149901,졸업앨범,6102022570,,2025-05-16,R25BK00817078
R25BK00832114_000_1_000_248762,1,0.211906,1,2210152201,궤도형도저,8728102208,뉴테크코리아 주식회사,2025-05-16,R25BK00832114
R25BK00832114_000_1_000_248762,2,0.210861,0,2210152201,궤도형도저,4418603162,,2025-05-16,R25BK00832114
R25BK00832114_000_1_000_248762,3,0.188659,0,2210152201,궤도형도저,6102144760,,2025-05-16,R25BK00832114
R25BK00832114_000_1_000_248762,4,0.140081,0,2210152201,궤도형도저,5238701288,,2025-05-16,R25BK00832114
R25BK00832114_000_1_000_248762,5,0.101408,0,2210152201,궤도형도저,7262601722,,2025-05-16,R25BK00832114
R25BK00832114_000_1_000_248762,6,0.086995,0,2210152201,궤도형도저,1218186809,,2025-05-16,R25BK00832114
R25BK00832114_000_1_000_248762,7,0.037915,0,2210152201,궤도형도저,7022701500,,2025-05-16,R25BK00832114
R25BK00832114_000_1_000_248762,8,0.033217,0,2210152201,궤도형도저,3538603356,,2025-05-16,R25BK00832114
R25BK00832114_000_1_000_248762,9,0.032766,0,2210152201,궤도형도저,8466000619,,2025-05-16,R25BK00832114
R25BK00832114_000_1_000_248762,10,0.030294,0,2210152201,궤도형도저,1108605795,,2025-05-16,R25BK00832114
R25BK00837944_000_1_000_246802,1,0.60559,1,4110260101,사육장,6088147910,주식회사 우레아텍,2025-05-16,R25BK00837944
R25BK00837944_000_1_000_246802,2,0.103613,0,4110260101,사육장,4180357215,,2025-05-16,R25BK00837944
R25BK00837944_000_1_000_246802,3,0.08585,0,4110260101,사육장,8263001349,,2025-05-16,R25BK00837944
R25BK00837944_000_1_000_246802,4,0.067397,0,4110260101,사육장,2148781132,,2025-05-16,R25BK00837944
R25BK00837944_000_1_000_246802,5,0.06132,0,4110260101,사육장,6983701215,,2025-05-16,R25BK00837944
R25BK00837944_000_1_000_246802,6,0.059647,0,4110260101,사육장,5041997372,,2025-05-16,R25BK00837944
R25BK00837944_000_1_000_246802,7,0.05606,0,4110260101,사육장,3514100949,,2025-05-16,R25BK00837944
R25BK00837944_000_1_000_246802,8,0.052309,0,4110260101,사육장,8741002844,,2025-05-16,R25BK00837944
R25BK00837944_000_1_000_246802,9,0.050079,0,4110260101,사육장,6280402070,,2025-05-16,R25BK00837944
R25BK00837944_000_1_000_246802,10,0.047549,0,4110260101,사육장,2520102718,,2025-05-16,R25BK00837944
R25BK00840756_000_1_000_248670,1,0.496774,0,2410167601,가동보,3018624141,,2025-05-16,R25BK00840756
R25BK00840756_000_1_000_248670,2,0.382806,0,2410167601,가동보,4188152426,,2025-05-16,R25BK00840756
R25BK00840756_000_1_000_248670,3,0.382276,0,2410167601,가동보,5608600369,,2025-05-16,R25BK00840756
R25BK00840756_000_1_000_248670,4,0.294664,1,2410167601,가동보,3078124111,(주)친환경산업,2025-05-16,R25BK00840756
R25BK00840756_000_1_000_248670,5,0.273844,0,2410167601,가동보,6131421981,,2025-05-16,R25BK00840756
R25BK00840756_000_1_000_248670,6,0.159552,0,2410167601,가동보,3178514559,,2025-05-16,R25BK00840756
R25BK00840756_000_1_000_248670,7,0.102888,0,2410167601,가동보,4048134884,,2025-05-16,R25BK00840756
R25BK00840756_000_1_000_248670,8,0.099653,0,2410167601,가동보,3478703080,,2025-05-16,R25BK00840756
R25BK00840756_000_1_000_248670,9,0.092722,0,2410167601,가동보,4628102224,,2025-05-16,R25BK00840756
R25BK00840756_000_1_000_248670,10,0.019294,0,2410167601,가동보,1928703286,,2025-05-16,R25BK00840756
R25BK00845844_000_1_000_247732,1,0.543273,1,4014160906,온도조절밸브,4108168093,(주)태형,2025-05-16,R25BK00845844
R25BK00845844_000_1_000_247732,2,0.040956,0,4014160906,온도조절밸브,5048164830,,2025-05-16,R25BK00845844
R25BK00845844_000_1_000_247732,3,0.009759,0,4014160906,온도조절밸브,6764200904,,2025-05-16,R25BK00845844
R25BK00845844_000_1_000_247732,4,0.006912,0,4014160906,온도조절밸브,6022593083,,2025-05-16,R25BK00845844
R25BK00845844_000_1_000_247732,5,0.006661,0,4014160906,온도조절밸브,6700202359,,2025-05-16,R25BK00845844
R25BK00845844_000_1_000_247732,6,0.006623,0,4014160906,온도조절밸브,6191217384,,2025-05-16,R25BK00845844
R25BK00845844_000_1_000_247732,7,0.006341,0,4014160906,온도조절밸브,5483301101,,2025-05-16,R25BK00845844
R25BK00845844_000_1_000_247732,8,0.004865,0,4014160906,온도조절밸브,6913601202,,2025-05-16,R25BK00845844
R25BK00845844_000_1_000_247732,9,0.004661,0,4014160906,온도조절밸브,4874600729,,2025-05-16,R25BK00845844
R25BK00845844_000_1_000_247732,10,0.00413,0,4014160906,온도조절밸브,6255300824,,2025-05-16,R25BK00845844
R25BK00845866_000_1_000_244338,1,0.737546,0,3213100101,방열판,4108156942,,2025-05-16,R25BK00845866
R25BK00845866_000_1_000_244338,2,0.098839,1,3213100101,방열판,4108168093,(주)태형,2025-05-16,R25BK00845866
R25BK00845866_000_1_000_244338,3,0.002535,0,3213100101,방열판,7573600920,,2025-05-16,R25BK00845866
R25BK00845866_000_1_000_244338,4,0.002011,0,3213100101,방열판,2888802606,,2025-05-16,R25BK00845866
R25BK00845866_000_1_000_244338,5,0.001419,0,3213100101,방열판,8311600986,,2025-05-16,R25BK00845866
R25BK00845866_000_1_000_244338,6,0.001329,0,3213100101,방열판,6722500905,,2025-05-16,R25BK00845866
R25BK00841970_000_1_000_251008,1,0.919523,1,3010990201,혼합골재,1968701484,주식회사 삼호엠,2025-05-19,R25BK00841970
R25BK00841970_000_1_000_251008,2,0.907284,0,3010990201,혼합골재,3428803044,,2025-05-19,R25BK00841970
R25BK00841970_000_1_000_251008,3,0.234191,0,3010990201,혼합골재,5678101312,,2025-05-19,R25BK00841970
R25BK00841970_000_1_000_251008,4,0.115087,0,3010990201,혼합골재,4232102278,,2025-05-19,R25BK00841970
R25BK00841970_000_1_000_251008,5,0.034808,0,3010990201,혼합골재,6790602543,,2025-05-19,R25BK00841970
R25BK00841970_000_1_000_251008,6,0.029176,0,3010990201,혼합골재,6498800647,,2025-05-19,R25BK00841970
R25BK00841970_000_1_000_251008,7,0.029176,0,3010990201,혼합골재,4150129846,,2025-05-19,R25BK00841970
R25BK00841970_000_1_000_251008,8,0.021193,0,3010990201,혼합골재,7628103249,,2025-05-19,R25BK00841970
R25BK00841970_000_1_000_251008,9,0.021145,0,3010990201,혼합골재,5582801929,,2025-05-19,R25BK00841970
R25BK00841970_000_1_000_251008,10,0.017987,0,3010990201,혼합골재,7504100767,,2025-05-19,R25BK00841970
R25BK00848008_000_1_000_246433,1,0.947449,1,3120151501,종이테이프,4661302421,미래케미컬,2025-05-19,R25BK00848008
R25BK00848008_000_1_000_246433,2,0.22934,0,3120151501,종이테이프,8168200624,,2025-05-19,R25BK00848008
R25BK00848008_000_1_000_246433,3,0.026534,0,3120151501,종이테이프,6043744674,,2025-05-19,R25BK00848008
R25BK00848008_000_1_000_246433,4,0.00752,0,3120151501,종이테이프,3112301494,,2025-05-19,R25BK00848008
R25BK00848008_000_1_000_246433,5,0.00701,0,3120151501,종이테이프,5010697295,,2025-05-19,R25BK00848008
R25BK00848008_000_1_000_246433,6,0.006914,0,3120151501,종이테이프,1961101567,,2025-05-19,R25BK00848008
R25BK00848008_000_1_000_246433,7,0.006115,0,3120151501,종이테이프,4810601423,,2025-05-19,R25BK00848008
R25BK00848008_000_1_000_246433,8,0.005914,0,3120151501,종이테이프,3061417686,,2025-05-19,R25BK00848008
R25BK00848008_000_1_000_246433,9,0.00554,0,3120151501,종이테이프,3952201796,,2025-05-19,R25BK00848008
R25BK00848008_000_1_000_246433,10,0.005345,0,3120151501,종이테이프,3660202810,,2025-05-19,R25BK00848008
R25BK00776935_000_1_000_250519,1,0.797118,1,4111441001,자동기상관측장비,8548600075,(주)소다시스템,2025-05-20,R25BK00776935
R25BK00776935_000_1_000_250519,2,0.332632,0,4111441001,자동기상관측장비,4168144274,,2025-05-20,R25BK00776935
R25BK00776935_000_1_000_250519,3,0.142308,0,4111441001,자동기상관측장비,7478700930,,2025-05-20,R25BK00776935
R25BK00776935_000_1_000_250519,4,0.041339,0,4111441001,자동기상관측장비,6071013116,,2025-05-20,R25BK00776935
R25BK00776935_000_1_000_250519,5,0.035822,0,4111441001,자동기상관측장비,7068802690,,2025-05-20,R25BK00776935
R25BK00776935_000_1_000_250519,6,0.012103,0,4111441001,자동기상관측장비,8168603143,,2025-05-20,R25BK00776935
R25BK00776935_000_1_000_250519,7,0.01071,0,4111441001,자동기상관측장비,6022593083,,2025-05-20,R25BK00776935
R25BK00776935_000_1_000_250519,8,0.006316,0,4111441001,자동기상관측장비,3020620068,,2025-05-20,R25BK00776935
R25BK00776935_000_1_000_250519,9,0.005877,0,4111441001,자동기상관측장비,3061417686,,2025-05-20,R25BK00776935
R25BK00776935_000_1_000_250519,10,0.004605,0,4111441001,자동기상관측장비,8601701559,,2025-05-20,R25BK00776935
R25BK00814843_000_1_000_244082,1,0.211677,0,4322178701,스마트워치,2718502548,,2025-05-20,R25BK00814843
R25BK00814843_000_1_000_244082,2,0.19178,1,4322178701,스마트워치,1298165851,주식회사 라닉스,2025-05-20,R25BK00814843
R25BK00814843_000_1_000_244082,3,0.103684,0,4322178701,스마트워치,3668200323,,2025-05-20,R25BK00814843
R25BK00814843_000_1_000_244082,4,0.024402,0,4322178701,스마트워치,5112055468,,2025-05-20,R25BK00814843
R25BK00814843_000_1_000_244082,5,0.023513,0,4322178701,스마트워치,7317200246,,2025-05-20,R25BK00814843
R25BK00814843_000_1_000_244082,6,0.016821,0,4322178701,스마트워치,1103911522,,2025-05-20,R25BK00814843
R25BK00814843_000_1_000_244082,7,0.008862,0,4322178701,스마트워치,6921200613,,2025-05-20,R25BK00814843
R25BK00814843_000_1_000_244082,8,0.008842,0,4322178701,스마트워치,5483301101,,2025-05-20,R25BK00814843
R25BK00814843_000_1_000_244082,9,0.008613,0,4322178701,스마트워치,4108626953,,2025-05-20,R25BK00814843
R25BK00814843_000_1_000_244082,10,0.008278,0,4322178701,스마트워치,1054407506,,2025-05-20,R25BK00814843
R25BK00837886_000_1_000_247480,1,0.968435,1,4619160702,공기호흡기,1358121955,주식회사 한컴라이프케어,2025-05-20,R25BK00837886
R25BK00837886_000_1_000_247480,2,0.147902,0,4619160702,공기호흡기,4021223629,,2025-05-20,R25BK00837886
R25BK00837886_000_1_000_247480,3,0.144695,0,4619160702,공기호흡기,2824900315,,2025-05-20,R25BK00837886
R25BK00837886_000_1_000_247480,4,0.072374,0,4619160702,공기호흡기,7328101672,,2025-05-20,R25BK00837886
R25BK00837886_000_1_000_247480,5,0.039015,0,4619160702,공기호흡기,1280279167,,2025-05-20,R25BK00837886
R25BK00837886_000_1_000_247480,6,0.03878,0,4619160702,공기호흡기,2028700946,,2025-05-20,R25BK00837886
R25BK00837886_000_1_000_247480,7,0.022552,0,4619160702,공기호흡기,7208101456,,2025-05-20,R25BK00837886
R25BK00837886_000_1_000_247480,8,0.013605,0,4619160702,공기호흡기,3178134692,,2025-05-20,R25BK00837886
R25BK00837886_000_1_000_247480,9,0.011791,0,4619160702,공기호흡기,1358652088,,2025-05-20,R25BK00837886
R25BK00837886_000_1_000_247480,10,0.011772,0,4619160702,공기호흡기,8290302962,,2025-05-20,R25BK00837886
R25BK00845357_000_1_000_246053,1,0.270425,1,4616178701,구조경보기,6101142405,만우전기,2025-05-20,R25BK00845357
R25BK00845357_000_1_000_246053,2,0.195017,0,4616178701,구조경보기,8580701654,,2025-05-20,R25BK00845357
R25BK00845357_000_1_000_246053,3,0.143624,0,4616178701,구조경보기,5804900790,,2025-05-20,R25BK00845357
R25BK00845357_000_1_000_246053,4,0.107328,0,4616178701,구조경보기,6905200705,,2025-05-20,R25BK00845357
R25BK00845357_000_1_000_246053,5,0.059685,0,4616178701,구조경보기,2210589698,,2025-05-20,R25BK00845357
R25BK00845357_000_1_000_246053,6,0.044063,0,4616178701,구조경보기,3705900552,,2025-05-20,R25BK00845357
R25BK00845357_000_1_000_246053,7,0.042122,0,4616178701,구조경보기,3673900709,,2025-05-20,R25BK00845357
R25BK00845357_000_1_000_246053,8,0.039853,0,4616178701,구조경보기,2364800770,,2025-05-20,R25BK00845357
R25BK00845357_000_1_000_246053,9,0.028609,0,4616178701,구조경보기,5075500364,,2025-05-20,R25BK00845357
R25BK00845357_000_1_000_246053,10,0.024219,0,4616178701,구조경보기,7987600266,,2025-05-20,R25BK00845357
R25BK00846014_000_1_000_248496,1,0.63948,1,4111172001,주사전자현미경,6148600496,(주)더원바이오텍,2025-05-20,R25BK00846014
R25BK00846014_000_1_000_248496,2,0.242684,0,4111172001,주사전자현미경,4072492255,,2025-05-20,R25BK00846014
R25BK00846014_000_1_000_248496,3,0.070054,0,4111172001,주사전자현미경,4010554567,,2025-05-20,R25BK00846014
R25BK00846014_000_1_000_248496,4,0.038716,0,4111172001,주사전자현미경,7580203186,,2025-05-20,R25BK00846014
R25BK00846014_000_1_000_248496,5,0.03056,0,4111172001,주사전자현미경,6250303016,,2025-05-20,R25BK00846014
R25BK00846014_000_1_000_248496,6,0.029792,0,4111172001,주사전자현미경,3053028647,,2025-05-20,R25BK00846014
R25BK00846014_000_1_000_248496,7,0.023863,0,4111172001,주사전자현미경,4160225480,,2025-05-20,R25BK00846014
R25BK00846014_000_1_000_248496,8,0.021639,0,4111172001,주사전자현미경,6968100886,,2025-05-20,R25BK00846014
R25BK00846014_000_1_000_248496,9,0.017568,0,4111172001,주사전자현미경,5506400813,,2025-05-20,R25BK00846014
R25BK00846014_000_1_000_248496,10,0.014916,0,4111172001,주사전자현미경,7810100412,,2025-05-20,R25BK00846014
R25BK00824067_000_1_000_251062,1,0.926109,1,1110152201,활성탄,2368601830,주식회사 이수카본,2025-05-21,R25BK00824067
R25BK00824067_000_1_000_251062,2,0.064635,0,1110152201,활성탄,2670302747,,2025-05-21,R25BK00824067
R25BK00824067_000_1_000_251062,3,0.028451,0,1110152201,활성탄,5061065271,,2025-05-21,R25BK00824067
R25BK00824067_000_1_000_251062,4,0.027849,0,1110152201,활성탄,5063260958,,2025-05-21,R25BK00824067
R25BK00824067_000_1_000_251062,5,0.021524,0,1110152201,활성탄,5150132127,,2025-05-21,R25BK00824067
R25BK00824067_000_1_000_251062,6,0.017602,0,1110152201,활성탄,5606900509,,2025-05-21,R25BK00824067
R25BK00824067_000_1_000_251062,7,0.017248,0,1110152201,활성탄,7124900984,,2025-05-21,R25BK00824067
R25BK00824067_000_1_000_251062,8,0.017225,0,1110152201,활성탄,8743601317,,2025-05-21,R25BK00824067
R25BK00824067_000_1_000_251062,9,0.016549,0,1110152201,활성탄,1092295368,,2025-05-21,R25BK00824067
R25BK00824067_000_1_000_251062,10,0.015216,0,1110152201,활성탄,5700401210,,2025-05-21,R25BK00824067
R25BK00842282_000_1_000_248829,1,0.894604,1,3022109901,무대장치,6068184864,한국이미지시스템(주),2025-05-22,R25BK00842282
R25BK00842282_000_1_000_248829,2,0.166323,0,3022109901,무대장치,1348617389,,2025-05-22,R25BK00842282
R25BK00842282_000_1_000_248829,3,0.127772,0,3022109901,무대장치,7978603110,,2025-05-22,R25BK00842282
R25BK00842282_000_1_000_248829,4,0.07377,0,3022109901,무대장치,3158104227,,2025-05-22,R25BK00842282
R25BK00842282_000_1_000_248829,5,0.061829,0,3022109901,무대장치,2687100120,,2025-05-22,R25BK00842282
R25BK00842282_000_1_000_248829,6,0.060529,0,3022109901,무대장치,6948702973,,2025-05-22,R25BK00842282
R25BK00842282_000_1_000_248829,7,0.056518,0,3022109901,무대장치,2790503350,,2025-05-22,R25BK00842282
R25BK00842282_000_1_000_248829,8,0.026844,0,3022109901,무대장치,7374101351,,2025-05-22,R25BK00842282
R25BK00842282_000_1_000_248829,9,0.019914,0,3022109901,무대장치,8350502340,,2025-05-22,R25BK00842282
R25BK00842282_000_1_000_248829,10,0.017473,0,3022109901,무대장치,6926600523,,2025-05-22,R25BK00842282
R25BK00844556_000_1_000_251129,1,0.861121,1,4111363301,전위차계,4048600244,(주)티에스글로벌,2025-05-22,R25BK00844556
R25BK00844556_000_1_000_251129,2,0.186117,0,4111363301,전위차계,8951202544,,2025-05-22,R25BK00844556
R25BK00844556_000_1_000_251129,3,0.137834,0,4111363301,전위차계,4154400910,,2025-05-22,R25BK00844556
R25BK00844556_000_1_000_251129,4,0.101705,0,4111363301,전위차계,5161901433,,2025-05-22,R25BK00844556
R25BK00844556_000_1_000_251129,5,0.095371,0,4111363301,전위차계,4162052579,,2025-05-22,R25BK00844556
R25BK00844556_000_1_000_251129,6,0.092817,0,4111363301,전위차계,8938102388,,2025-05-22,R25BK00844556
R25BK00844556_000_1_000_251129,7,0.089313,0,4111363301,전위차계,3198600174,,2025-05-22,R25BK00844556
R25BK00844556_000_1_000_251129,8,0.073394,0,4111363301,전위차계,5991501594,,2025-05-22,R25BK00844556
R25BK00844556_000_1_000_251129,9,0.059316,0,4111363301,전위차계,6612701475,,2025-05-22,R25BK00844556
R25BK00844556_000_1_000_251129,10,0.040751,0,4111363301,전위차계,7203501366,,2025-05-22,R25BK00844556
R25BK00844708_000_1_000_246722,1,0.577334,1,4110320701,마이크로플레이트세척기,1458102877,주식회사 오성테크,2025-05-22,R25BK00844708
R25BK00844708_000_1_000_246722,2,0.487832,0,4110320701,마이크로플레이트세척기,4198802063,,2025-05-22,R25BK00844708
R25BK00844708_000_1_000_246722,3,0.463324,0,4110320701,마이크로플레이트세척기,3070969539,,2025-05-22,R25BK00844708
R25BK00844708_000_1_000_246722,4,0.426033,0,4110320701,마이크로플레이트세척기,1058762466,,2025-05-22,R25BK00844708
R25BK00844708_000_1_000_246722,5,0.374902,0,4110320701,마이크로플레이트세척기,2158624821,,2025-05-22,R25BK00844708
R25BK00844708_000_1_000_246722,6,0.270795,0,4110320701,마이크로플레이트세척기,1664901007,,2025-05-22,R25BK00844708
R25BK00844708_000_1_000_246722,7,0.145124,0,4110320701,마이크로플레이트세척기,2870300802,,2025-05-22,R25BK00844708
R25BK00844708_000_1_000_246722,8,0.145032,0,4110320701,마이크로플레이트세척기,5416600278,,2025-05-22,R25BK00844708
R25BK00844708_000_1_000_246722,9,0.131214,0,4110320701,마이크로플레이트세척기,3348701257,,2025-05-22,R25BK00844708
R25BK00844708_000_1_000_246722,10,0.108726,0,4110320701,마이크로플레이트세척기,3152071822,,2025-05-22,R25BK00844708
R25BK00862583_000_1_000_248818,1,0.970192,1,4015159701,엔진펌프,5013198582,천일펌프,2025-05-22,R25BK00862583
R25BK00862583_000_1_000_248818,2,0.705662,0,4015159701,엔진펌프,4081626302,,2025-05-22,R25BK00862583
R25BK00862583_000_1_000_248818,3,0.138388,0,4015159701,엔진펌프,2031163594,,2025-05-22,R25BK00862583
R25BK00862583_000_1_000_248818,4,0.098789,0,4015159701,엔진펌프,5788101078,,2025-05-22,R25BK00862583
R25BK00862583_000_1_000_248818,5,0.091266,0,4015159701,엔진펌프,2918602063,,2025-05-22,R25BK00862583
R25BK00862583_000_1_000_248818,6,0.056445,0,4015159701,엔진펌프,2948702375,,2025-05-22,R25BK00862583
R25BK00862583_000_1_000_248818,7,0.045131,0,4015159701,엔진펌프,4081943205,,2025-05-22,R25BK00862583
R25BK00862583_000_1_000_248818,8,0.030259,0,4015159701,엔진펌프,3178139095,,2025-05-22,R25BK00862583
R25BK00862583_000_1_000_248818,9,0.02149,0,4015159701,엔진펌프,6208801005,주식회사 도명이엔씨,2025-05-22,R25BK00862583
R25BK00862583_000_1_000_248818,10,0.013379,0,4015159701,엔진펌프,6458701671,,2025-05-22,R25BK00862583
R25BK00841216_000_1_000_247688,1,0.724184,0,4322181001,광다중화장치,7198700629,,2025-05-23,R25BK00841216
R25BK00841216_000_1_000_247688,2,0.552111,0,4322181001,광다중화장치,8208802244,,2025-05-23,R25BK00841216
R25BK00841216_000_1_000_247688,3,0.447552,0,4322181001,광다중화장치,5028192306,,2025-05-23,R25BK00841216
R25BK00841216_000_1_000_247688,4,0.260857,0,4322181001,광다중화장치,5148107442,,2025-05-23,R25BK00841216
R25BK00841216_000_1_000_247688,5,0.256053,0,4322181001,광다중화장치,4268800874,,2025-05-23,R25BK00841216
R25BK00841216_000_1_000_247688,6,0.216023,0,4322181001,광다중화장치,1328636304,,2025-05-23,R25BK00841216
R25BK00841216_000_1_000_247688,7,0.155687,0,4322181001,광다중화장치,1108194973,,2025-05-23,R25BK00841216
R25BK00841216_000_1_000_247688,8,0.144753,1,4322181001,광다중화장치,8418801179,주식회사 태경정보통신,2025-05-23,R25BK00841216
R25BK00841216_000_1_000_247688,9,0.144717,0,4322181001,광다중화장치,4098177573,,2025-05-23,R25BK00841216
R25BK00841216_000_1_000_247688,10,0.142037,0,4322181001,광다중화장치,5018123048,,2025-05-23,R25BK00841216
R25BK00847468_000_1_000_247587,1,0.422131,0,2510178901,소방펌프차,1098188919,,2025-05-23,R25BK00847468
R25BK00847468_000_1_000_247587,2,0.24583,1,2510178901,소방펌프차,4848803014,리텍디티에스 주식회사,2025-05-23,R25BK00847468
R25BK00847468_000_1_000_247587,3,0.15498,0,2510178901,소방펌프차,6708102577,,2025-05-23,R25BK00847468
R25BK00847468_000_1_000_247587,4,0.108877,0,2510178901,소방펌프차,1248131958,,2025-05-23,R25BK00847468
R25BK00847468_000_1_000_247587,5,0.085103,0,2510178901,소방펌프차,2308506368,,2025-05-23,R25BK00847468
R25BK00847468_000_1_000_247587,6,0.080096,0,2510178901,소방펌프차,1338510955,,2025-05-23,R25BK00847468
R25BK00847468_000_1_000_247587,7,0.080096,0,2510178901,소방펌프차,5618500647,,2025-05-23,R25BK00847468
R25BK00847468_000_1_000_247587,8,0.080096,0,2510178901,소방펌프차,8618501755,,2025-05-23,R25BK00847468
R25BK00847468_000_1_000_247587,9,0.003156,0,2510178901,소방펌프차,2218130041,,2025-05-23,R25BK00847468
R25BK00847468_000_1_000_247587,10,0.002981,0,2510178901,소방펌프차,2248160485,,2025-05-23,R25BK00847468
R25BK00852445_000_1_000_247354,1,0.474302,1,4321150701,데스크톱컴퓨터,1458603565,주식회사 씨앤비,2025-05-23,R25BK00852445
R25BK00852445_000_1_000_247354,2,0.159505,0,4321150701,데스크톱컴퓨터,3050879771,,2025-05-23,R25BK00852445
R25BK00852445_000_1_000_247354,3,0.126126,0,4321150701,데스크톱컴퓨터,8448602474,,2025-05-23,R25BK00852445
R25BK00852445_000_1_000_247354,4,0.080004,0,4321150701,데스크톱컴퓨터,6090946505,,2025-05-23,R25BK00852445
R25BK00852445_000_1_000_247354,5,0.077895,0,4321150701,데스크톱컴퓨터,5048619631,,2025-05-23,R25BK00852445
R25BK00852445_000_1_000_247354,6,0.028698,0,4321150701,데스크톱컴퓨터,7928101766,,2025-05-23,R25BK00852445
R25BK00852445_000_1_000_247354,7,0.025009,0,4321150701,데스크톱컴퓨터,3505200715,,2025-05-23,R25BK00852445
R25BK00852445_000_1_000_247354,8,0.023899,0,4321150701,데스크톱컴퓨터,3142470871,,2025-05-23,R25BK00852445
R25BK00852445_000_1_000_247354,9,0.023899,0,4321150701,데스크톱컴퓨터,8633501232,,2025-05-23,R25BK00852445
R25BK00852445_000_1_000_247354,10,0.022427,0,4321150701,데스크톱컴퓨터,5043137508,,2025-05-23,R25BK00852445
R25BK00862726_000_1_000_244546,1,0.562929,0,5612100201,카운터,4061900345,,2025-05-23,R25BK00862726
R25BK00862726_000_1_000_244546,2,0.543825,0,5612100201,카운터,2548100362,,2025-05-23,R25BK00862726
R25BK00862726_000_1_000_244546,3,0.429884,0,5612100201,카운터,4578801111,,2025-05-23,R25BK00862726
R25BK00862726_000_1_000_244546,4,0.403191,1,5612100201,카운터,4108668763,유한회사 애니체,2025-05-23,R25BK00862726
R25BK00862726_000_1_000_244546,5,0.326239,0,5612100201,카운터,2048610496,,2025-05-23,R25BK00862726
R25BK00862726_000_1_000_244546,6,0.238211,0,5612100201,카운터,1408602479,,2025-05-23,R25BK00862726
R25BK00862726_000_1_000_244546,7,0.222015,0,5612100201,카운터,6128119903,,2025-05-23,R25BK00862726
R25BK00862726_000_1_000_244546,8,0.202245,0,5612100201,카운터,4428702708,,2025-05-23,R25BK00862726
R25BK00862726_000_1_000_244546,9,0.202213,0,5612100201,카운터,8218801326,,2025-05-23,R25BK00862726
R25BK00862726_000_1_000_244546,10,0.188598,0,5612100201,카운터,6381301008,,2025-05-23,R25BK00862726
R25BK00842398_000_1_000_245746,1,0.32242,0,1511151001,액화석유가스,8571400475,,2025-05-26,R25BK00842398
R25BK00842398_000_1_000_245746,2,0.278031,0,1511151001,액화석유가스,8147600286,,2025-05-26,R25BK00842398
R25BK00842398_000_1_000_245746,3,0.257527,0,1511151001,액화석유가스,2271506132,,2025-05-26,R25BK00842398
R25BK00842398_000_1_000_245746,4,0.249817,0,1511151001,액화석유가스,8940600805,,2025-05-26,R25BK00842398
R25BK00842398_000_1_000_245746,5,0.240339,0,1511151001,액화석유가스,5330103620,,2025-05-26,R25BK00842398
R25BK00842398_000_1_000_245746,6,0.197677,0,1511151001,액화석유가스,7770401581,,2025-05-26,R25BK00842398
R25BK00842398_000_1_000_245746,7,0.189541,0,1511151001,액화석유가스,1585600698,,2025-05-26,R25BK00842398
R25BK00842398_000_1_000_245746,8,0.188556,0,1511151001,액화석유가스,4454200445,,2025-05-26,R25BK00842398
R25BK00842398_000_1_000_245746,9,0.112962,0,1511151001,액화석유가스,6630303279,,2025-05-26,R25BK00842398
R25BK00842398_000_1_000_245746,10,0.111749,1,1511151001,액화석유가스,4512002238,구봉가스충전소,2025-05-26,R25BK00842398
R25BK00844574_001_1_000_255487,1,0.906617,1,4111171801,금속현미경,4048600244,(주)티에스글로벌,2025-05-26,R25BK00844574
R25BK00844574_001_1_000_255487,2,0.700329,0,4111171801,금속현미경,4022109027,,2025-05-26,R25BK00844574
R25BK00844574_001_1_000_255487,3,0.294173,0,4111171801,금속현미경,5801001028,,2025-05-26,R25BK00844574
R25BK00844574_001_1_000_255487,4,0.161995,0,4111171801,금속현미경,8660501030,,2025-05-26,R25BK00844574
R25BK00844574_001_1_000_255487,5,0.153027,0,4111171801,금속현미경,8350303030,,2025-05-26,R25BK00844574
R25BK00844574_001_1_000_255487,6,0.137327,0,4111171801,금속현미경,1348609744,,2025-05-26,R25BK00844574
R25BK00844574_001_1_000_255487,7,0.089124,0,4111171801,금속현미경,2181603517,,2025-05-26,R25BK00844574
R25BK00844574_001_1_000_255487,8,0.053245,0,4111171801,금속현미경,7913901411,,2025-05-26,R25BK00844574
R25BK00844574_001_1_000_255487,9,0.047344,0,4111171801,금속현미경,8781102993,,2025-05-26,R25BK00844574
R25BK00844574_001_1_000_255487,10,0.047344,0,4111171801,금속현미경,1428603187,,2025-05-26,R25BK00844574
R25BK00856875_000_1_000_250455,1,0.915661,1,4321150701,데스크톱컴퓨터,4098136422,(주)드림정보시스템,2025-05-26,R25BK00856875
R25BK00856875_000_1_000_250455,2,0.610454,0,4321150701,데스크톱컴퓨터,3128612529,,2025-05-26,R25BK00856875
R25BK00856875_000_1_000_250455,3,0.09921,0,4321150701,데스크톱컴퓨터,8251801437,,2025-05-26,R25BK00856875
R25BK00856875_000_1_000_250455,4,0.072304,0,4321150701,데스크톱컴퓨터,6673700911,,2025-05-26,R25BK00856875
R25BK00856875_000_1_000_250455,5,0.052857,0,4321150701,데스크톱컴퓨터,5198602447,,2025-05-26,R25BK00856875
R25BK00856875_000_1_000_250455,6,0.039961,0,4321150701,데스크톱컴퓨터,3320402392,,2025-05-26,R25BK00856875
R25BK00856875_000_1_000_250455,7,0.030903,0,4321150701,데스크톱컴퓨터,5010641618,,2025-05-26,R25BK00856875
R25BK00856875_000_1_000_250455,8,0.023438,0,4321150701,데스크톱컴퓨터,8373301336,,2025-05-26,R25BK00856875
R25BK00856875_000_1_000_250455,9,0.022918,0,4321150701,데스크톱컴퓨터,2028703230,,2025-05-26,R25BK00856875
R25BK00856875_000_1_000_250455,10,0.022488,0,4321150701,데스크톱컴퓨터,8647900448,,2025-05-26,R25BK00856875
R25BK00836805_000_1_000_250698,1,0.85088,1,5216151201,스피커,1228703161,주식회사 테크데이타피에스,2025-05-27,R25BK00836805
R25BK00836805_000_1_000_250698,2,0.090741,0,5216151201,스피커,1165400593,,2025-05-27,R25BK00836805
R25BK00836805_000_1_000_250698,3,0.055327,0,5216151201,스피커,2208500218,,2025-05-27,R25BK00836805
R25BK00836805_000_1_000_250698,4,0.054419,0,5216151201,스피커,8108701974,,2025-05-27,R25BK00836805
R25BK00836805_000_1_000_250698,5,0.031893,0,5216151201,스피커,1788702597,,2025-05-27,R25BK00836805
R25BK00836805_000_1_000_250698,6,0.020066,0,5216151201,스피커,3238101217,,2025-05-27,R25BK00836805
R25BK00836805_000_1_000_250698,7,0.011038,0,5216151201,스피커,2520102718,,2025-05-27,R25BK00836805
R25BK00836805_000_1_000_250698,8,0.009814,0,5216151201,스피커,3108131544,,2025-05-27,R25BK00836805
R25BK00836805_000_1_000_250698,9,0.009283,0,5216151201,스피커,6882701596,,2025-05-27,R25BK00836805
R25BK00836805_000_1_000_250698,10,0.008452,0,5216151201,스피커,3148604345,,2025-05-27,R25BK00836805
R25BK00841364_000_1_000_251501,1,0.585851,1,4111540401,질량분석기,1911000076,에스포라랩(Espora Lab),2025-05-27,R25BK00841364
R25BK00841364_000_1_000_251501,2,0.366732,0,4111540401,질량분석기,8348702135,,2025-05-27,R25BK00841364
R25BK00841364_000_1_000_251501,3,0.302591,0,4111540401,질량분석기,1308170048,,2025-05-27,R25BK00841364
R25BK00841364_000_1_000_251501,4,0.023446,0,4111540401,질량분석기,1248124933,,2025-05-27,R25BK00841364
R25BK00841364_000_1_000_251501,5,0.008981,0,4111540401,질량분석기,2130124605,,2025-05-27,R25BK00841364
R25BK00841364_000_1_000_251501,6,0.007295,0,4111540401,질량분석기,8200102748,,2025-05-27,R25BK00841364
R25BK00841364_000_1_000_251501,7,0.007203,0,4111540401,질량분석기,7234100746,,2025-05-27,R25BK00841364
R25BK00841364_000_1_000_251501,8,0.007077,0,4111540401,질량분석기,1993200859,,2025-05-27,R25BK00841364
R25BK00841364_000_1_000_251501,9,0.006341,0,4111540401,질량분석기,8426100370,,2025-05-27,R25BK00841364
R25BK00841364_000_1_000_251501,10,0.006197,0,4111540401,질량분석기,1191972076,,2025-05-27,R25BK00841364
R25BK00844525_001_1_000_252928,1,0.493166,0,4110170702,마운팅프레스,3018183577,,2025-05-27,R25BK00844525
R25BK00844525_001_1_000_252928,2,0.472223,0,4110170702,마운팅프레스,6768601611,,2025-05-27,R25BK00844525
R25BK00844525_001_1_000_252928,3,0.215064,1,4110170702,마운팅프레스,2051667999,만선테크,2025-05-27,R25BK00844525
R25BK00844525_001_1_000_252928,4,0.057262,0,4110170702,마운팅프레스,6598802147,,2025-05-27,R25BK00844525
R25BK00844525_001_1_000_252928,5,0.056409,0,4110170702,마운팅프레스,1831701016,,2025-05-27,R25BK00844525
R25BK00844525_001_1_000_252928,6,0.046169,0,4110170702,마운팅프레스,3122973974,,2025-05-27,R25BK00844525
R25BK00844525_001_1_000_252928,7,0.027164,0,4110170702,마운팅프레스,7278602368,,2025-05-27,R25BK00844525
R25BK00844525_001_1_000_252928,8,0.026331,0,4110170702,마운팅프레스,7022701500,,2025-05-27,R25BK00844525
R25BK00844525_001_1_000_252928,9,0.025006,0,4110170702,마운팅프레스,6044071787,,2025-05-27,R25BK00844525
R25BK00844525_001_1_000_252928,10,0.022677,0,4110170702,마운팅프레스,6121910147,,2025-05-27,R25BK00844525
R25BK00851845_000_1_000_253295,1,0.84845,1,4617160601,사이렌,6058629558,(주)휴메인텍,2025-05-28,R25BK00851845
R25BK00851845_000_1_000_253295,2,0.694788,0,4617160601,사이렌,5088119337,,2025-05-28,R25BK00851845
R25BK00851845_000_1_000_253295,3,0.037386,0,4617160601,사이렌,3018191757,,2025-05-28,R25BK00851845
R25BK00851845_000_1_000_253295,4,0.021762,0,4617160601,사이렌,3128653549,,2025-05-28,R25BK00851845
R25BK00851845_000_1_000_253295,5,0.017295,0,4617160601,사이렌,7848500051,,2025-05-28,R25BK00851845
R25BK00851845_000_1_000_253295,6,0.017191,0,4617160601,사이렌,1428175099,,2025-05-28,R25BK00851845
R25BK00851845_000_1_000_253295,7,0.016346,0,4617160601,사이렌,5518802256,,2025-05-28,R25BK00851845
R25BK00851845_000_1_000_253295,8,0.013942,0,4617160601,사이렌,3148197927,,2025-05-28,R25BK00851845
R25BK00851845_000_1_000_253295,9,0.013099,0,4617160601,사이렌,4488801437,,2025-05-28,R25BK00851845
R25BK00851845_000_1_000_253295,10,0.011009,0,4617160601,사이렌,1418116705,,2025-05-28,R25BK00851845
R25BK00861554_000_1_000_245298,1,0.84845,1,4617160601,사이렌,6058629558,(주)휴메인텍,2025-05-28,R25BK00861554
R25BK00861554_000_1_000_245298,2,0.157358,0,4617160601,사이렌,1258802756,,2025-05-28,R25BK00861554
R25BK00861554_000_1_000_245298,3,0.033216,0,4617160601,사이렌,1048159651,,2025-05-28,R25BK00861554
R25BK00861554_000_1_000_245298,4,0.015975,0,4617160601,사이렌,6158138758,,2025-05-28,R25BK00861554
R25BK00861554_000_1_000_245298,5,0.014739,0,4617160601,사이렌,6058637290,,2025-05-28,R25BK00861554
R25BK00861554_000_1_000_245298,6,0.013103,0,4617160601,사이렌,1298600983,,2025-05-28,R25BK00861554
R25BK00861554_000_1_000_245298,7,0.012353,0,4617160601,사이렌,6068611615,,2025-05-28,R25BK00861554
R25BK00861554_000_1_000_245298,8,0.012331,0,4617160601,사이렌,5828103212,,2025-05-28,R25BK00861554
R25BK00861554_000_1_000_245298,9,0.011009,0,4617160601,사이렌,1418116705,,2025-05-28,R25BK00861554
R25BK00861554_000_1_000_245298,10,0.010919,0,4617160601,사이렌,6218181963,,2025-05-28,R25BK00861554
R25BK00861876_000_1_000_248909,1,0.678794,0,2110180601,퇴비살포기,4048120570,,2025-05-28,R25BK00861876
R25BK00861876_000_1_000_248909,2,0.57935,1,2110180601,퇴비살포기,6648602878,디에스초전 주식회사,2025-05-28,R25BK00861876
R25BK00861876_000_1_000_248909,3,0.115707,0,2110180601,퇴비살포기,4050598062,,2025-05-28,R25BK00861876
R25BK00861876_000_1_000_248909,4,0.097488,0,2110180601,퇴비살포기,8810700198,,2025-05-28,R25BK00861876
R25BK00861876_000_1_000_248909,5,0.095996,0,2110180601,퇴비살포기,4112850330,,2025-05-28,R25BK00861876
R25BK00861876_000_1_000_248909,6,0.093827,0,2110180601,퇴비살포기,5032077869,,2025-05-28,R25BK00861876
R25BK00861876_000_1_000_248909,7,0.07446,0,2110180601,퇴비살포기,8632201834,,2025-05-28,R25BK00861876
R25BK00861876_000_1_000_248909,8,0.061892,0,2110180601,퇴비살포기,4060492365,,2025-05-28,R25BK00861876
R25BK00861876_000_1_000_248909,9,0.043034,0,2110180601,퇴비살포기,2730201483,,2025-05-28,R25BK00861876
R25BK00861876_000_1_000_248909,10,0.006072,0,2110180601,퇴비살포기,6700202359,,2025-05-28,R25BK00861876
R25BK00863337_000_1_000_255953,1,0.736872,1,4110320201,실험용세척기,2028703230,주식회사 윈컴퍼니,2025-05-28,R25BK00863337
R25BK00863337_000_1_000_255953,2,0.27576,0,4110320201,실험용세척기,2048659733,,2025-05-28,R25BK00863337
R25BK00863337_000_1_000_255953,3,0.130963,0,4110320201,실험용세척기,2372201447,,2025-05-28,R25BK00863337
R25BK00863337_000_1_000_255953,4,0.125706,0,4110320201,실험용세척기,1092952368,,2025-05-28,R25BK00863337
R25BK00863337_000_1_000_255953,5,0.119529,0,4110320201,실험용세척기,1610601946,,2025-05-28,R25BK00863337
R25BK00863337_000_1_000_255953,6,0.108701,0,4110320201,실험용세척기,6021452878,,2025-05-28,R25BK00863337
R25BK00863337_000_1_000_255953,7,0.107972,0,4110320201,실험용세척기,2901702161,,2025-05-28,R25BK00863337
R25BK00863337_000_1_000_255953,8,0.099473,0,4110320201,실험용세척기,1323601168,,2025-05-28,R25BK00863337
R25BK00863337_000_1_000_255953,9,0.066074,0,4110320201,실험용세척기,1230972232,,2025-05-28,R25BK00863337
R25BK00863337_000_1_000_255953,10,0.0589,0,4110320201,실험용세척기,2928102343,,2025-05-28,R25BK00863337
R25BK00823844_000_1_000_252584,1,0.195096,0,3912161501,기중차단기,3091861646,,2025-05-29,R25BK00823844
R25BK00823844_000_1_000_252584,2,0.139191,0,3912161501,기중차단기,2568701511,,2025-05-29,R25BK00823844
R25BK00823844_000_1_000_252584,3,0.096958,0,3912161501,기중차단기,3078143855,,2025-05-29,R25BK00823844
R25BK00823844_000_1_000_252584,4,0.080036,0,3912161501,기중차단기,1048196898,,2025-05-29,R25BK00823844
R25BK00823844_000_1_000_252584,5,0.07038,0,3912161501,기중차단기,6913601202,,2025-05-29,R25BK00823844
R25BK00823844_000_1_000_252584,6,0.060668,0,3912161501,기중차단기,5772001579,,2025-05-29,R25BK00823844
R25BK00823844_000_1_000_252584,7,0.057414,0,3912161501,기중차단기,1248153461,,2025-05-29,R25BK00823844
R25BK00823844_000_1_000_252584,8,0.056219,0,3912161501,기중차단기,4938702254,,2025-05-29,R25BK00823844
R25BK00823844_000_1_000_252584,9,0.051333,0,3912161501,기중차단기,3148103282,,2025-05-29,R25BK00823844
R25BK00823844_000_1_000_252584,10,0.050128,0,3912161501,기중차단기,3148138573,,2025-05-29,R25BK00823844
R25BK00853883_000_1_000_251803,1,0.501092,0,4912160301,야전침대,1548701267,,2025-05-29,R25BK00853883
R25BK00853883_000_1_000_251803,2,0.463826,0,4912160301,야전침대,1280971922,,2025-05-29,R25BK00853883
R25BK00853883_000_1_000_251803,3,0.420315,0,4912160301,야전침대,1321436404,,2025-05-29,R25BK00853883
R25BK00853883_000_1_000_251803,4,0.399502,1,4912160301,야전침대,1970401602,포제스컴퍼니,2025-05-29,R25BK00853883
R25BK00853883_000_1_000_251803,5,0.320738,0,4912160301,야전침대,2092569555,,2025-05-29,R25BK00853883
R25BK00853883_000_1_000_251803,6,0.014567,0,4912160301,야전침대,3952201796,,2025-05-29,R25BK00853883
R25BK00853883_000_1_000_251803,7,0.011639,0,4912160301,야전침대,5772001579,,2025-05-29,R25BK00853883
R25BK00853883_000_1_000_251803,8,0.008828,0,4912160301,야전침대,6352100820,,2025-05-29,R25BK00853883
R25BK00853883_000_1_000_251803,9,0.008693,0,4912160301,야전침대,6732100967,,2025-05-29,R25BK00853883
R25BK00853883_000_1_000_251803,10,0.008661,0,4912160301,야전침대,3504700778,,2025-05-29,R25BK00853883
R25BK00874834_000_1_000_245045,1,0.476539,1,4228150802,고압증기멸균기,1968702751,주식회사 에스티에스바이오텍,2025-05-29,R25BK00874834
R25BK00874834_000_1_000_245045,2,0.140524,0,4228150802,고압증기멸균기,1793301448,,2025-05-29,R25BK00874834
R25BK00874834_000_1_000_245045,3,0.026125,0,4228150802,고압증기멸균기,6514700797,,2025-05-29,R25BK00874834
R25BK00874834_000_1_000_245045,4,0.015273,0,4228150802,고압증기멸균기,4590603123,,2025-05-29,R25BK00874834
R25BK00874834_000_1_000_245045,5,0.010538,0,4228150802,고압증기멸균기,8138502037,,2025-05-29,R25BK00874834
R25BK00874834_000_1_000_245045,6,0.009237,0,4228150802,고압증기멸균기,1854200602,,2025-05-29,R25BK00874834
R25BK00874834_000_1_000_245045,7,0.009105,0,4228150802,고압증기멸균기,2151477582,,2025-05-29,R25BK00874834
R25BK00874834_000_1_000_245045,8,0.008421,0,4228150802,고압증기멸균기,4598602053,,2025-05-29,R25BK00874834
R25BK00874834_000_1_000_245045,9,0.008107,0,4228150802,고압증기멸균기,5140847382,,2025-05-29,R25BK00874834
R25BK00874834_000_1_000_245045,10,0.00801,0,4228150802,고압증기멸균기,5394900870,,2025-05-29,R25BK00874834
R25BK00876274_000_1_000_246281,1,0.367134,1,4910160201,기념품,4738200392,중랑사회적협동조합,2025-05-29,R25BK00876274
R25BK00876274_000_1_000_246281,2,0.28407,0,4910160201,기념품,2520102718,,2025-05-29,R25BK00876274
R25BK00876274_000_1_000_246281,3,0.180598,0,4910160201,기념품,1248801531,,2025-05-29,R25BK00876274
R25BK00876274_000_1_000_246281,4,0.171043,0,4910160201,기념품,2648144784,,2025-05-29,R25BK00876274
R25BK00876274_000_1_000_246281,5,0.094202,0,4910160201,기념품,3268101967,,2025-05-29,R25BK00876274
R25BK00876274_000_1_000_246281,6,0.081888,0,4910160201,기념품,6543601616,,2025-05-29,R25BK00876274
R25BK00876274_000_1_000_246281,7,0.081293,0,4910160201,기념품,2248160485,,2025-05-29,R25BK00876274
R25BK00876274_000_1_000_246281,8,0.079307,0,4910160201,기념품,3525500745,,2025-05-29,R25BK00876274
R25BK00876274_000_1_000_246281,9,0.074448,0,4910160201,기념품,1563701180,,2025-05-29,R25BK00876274
R25BK00876274_000_1_000_246281,10,0.066324,0,4910160201,기념품,1418134270,,2025-05-29,R25BK00876274
R25BK00864316_000_1_000_254626,1,0.924774,1,4619160702,공기호흡기,1358121955,주식회사 한컴라이프케어,2025-05-30,R25BK00864316
R25BK00864316_000_1_000_254626,2,0.192176,0,4619160702,공기호흡기,3141037365,,2025-05-30,R25BK00864316
R25BK00864316_000_1_000_254626,3,0.113499,0,4619160702,공기호흡기,3038602497,,2025-05-30,R25BK00864316
R25BK00864316_000_1_000_254626,4,0.074838,0,4619160702,공기호흡기,6088607780,,2025-05-30,R25BK00864316
R25BK00864316_000_1_000_254626,5,0.06753,0,4619160702,공기호흡기,1052119089,,2025-05-30,R25BK00864316
R25BK00864316_000_1_000_254626,6,0.064054,0,4619160702,공기호흡기,6958103162,,2025-05-30,R25BK00864316
R25BK00864316_000_1_000_254626,7,0.055053,0,4619160702,공기호흡기,1218172625,,2025-05-30,R25BK00864316
R25BK00864316_000_1_000_254626,8,0.038019,0,4619160702,공기호흡기,1191914149,,2025-05-30,R25BK00864316
R25BK00864316_000_1_000_254626,9,0.03769,0,4619160702,공기호흡기,8042701053,,2025-05-30,R25BK00864316
R25BK00864316_000_1_000_254626,10,0.033227,0,4619160702,공기호흡기,5042540230,,2025-05-30,R25BK00864316
R25BK00864860_000_1_000_251138,1,0.941927,1,4619160702,공기호흡기,1358121955,주식회사 한컴라이프케어,2025-06-02,R25BK00864860
R25BK00864860_000_1_000_251138,2,0.126953,0,4619160702,공기호흡기,4344300627,,2025-06-02,R25BK00864860
R25BK00864860_000_1_000_251138,3,0.124014,0,4619160702,공기호흡기,8481202456,,2025-06-02,R25BK00864860
R25BK00864860_000_1_000_251138,4,0.086403,0,4619160702,공기호흡기,6088188906,,2025-06-02,R25BK00864860
R25BK00864860_000_1_000_251138,5,0.054873,0,4619160702,공기호흡기,7371502593,,2025-06-02,R25BK00864860
R25BK00864860_000_1_000_251138,6,0.048232,0,4619160702,공기호흡기,6822701512,,2025-06-02,R25BK00864860
R25BK00864860_000_1_000_251138,7,0.043541,0,4619160702,공기호흡기,1141079839,,2025-06-02,R25BK00864860
R25BK00864860_000_1_000_251138,8,0.031778,0,4619160702,공기호흡기,8486100816,,2025-06-02,R25BK00864860
R25BK00864860_000_1_000_251138,9,0.030679,0,4619160702,공기호흡기,1691302253,,2025-06-02,R25BK00864860
R25BK00864860_000_1_000_251138,10,0.029648,0,4619160702,공기호흡기,2082086541,,2025-06-02,R25BK00864860
R25BK00870616_000_1_000_251684,1,0.614595,1,4010178702,냉난방기,6178150802,아쿠아셀(주),2025-06-02,R25BK00870616
R25BK00870616_000_1_000_251684,2,0.261424,0,4010178702,냉난방기,5148179868,,2025-06-02,R25BK00870616
R25BK00870616_000_1_000_251684,3,0.228231,0,4010178702,냉난방기,5258602175,,2025-06-02,R25BK00870616
R25BK00870616_000_1_000_251684,4,0.194822,0,4010178702,냉난방기,6178701749,,2025-06-02,R25BK00870616
R25BK00870616_000_1_000_251684,5,0.160441,0,4010178702,냉난방기,6693000752,,2025-06-02,R25BK00870616
R25BK00870616_000_1_000_251684,6,0.1398,0,4010178702,냉난방기,2660602916,,2025-06-02,R25BK00870616
R25BK00870616_000_1_000_251684,7,0.124963,0,4010178702,냉난방기,6052792734,,2025-06-02,R25BK00870616
R25BK00870616_000_1_000_251684,8,0.122779,0,4010178702,냉난방기,6221474798,,2025-06-02,R25BK00870616
R25BK00870616_000_1_000_251684,9,0.10473,0,4010178702,냉난방기,8241502465,,2025-06-02,R25BK00870616
R25BK00870616_000_1_000_251684,10,0.101701,0,4010178702,냉난방기,7685600914,,2025-06-02,R25BK00870616
R25BK00879423_000_1_000_254550,1,0.566787,0,5512170601,현수막,2241840471,,2025-06-02,R25BK00879423
R25BK00879423_000_1_000_254550,2,0.333405,0,5512170601,현수막,6678101102,,2025-06-02,R25BK00879423
R25BK00879423_000_1_000_254550,3,0.319811,1,5512170601,현수막,8783801142,올디자인,2025-06-02,R25BK00879423
R25BK00879423_000_1_000_254550,4,0.252526,0,5512170601,현수막,6208147720,,2025-06-02,R25BK00879423
R25BK00879423_000_1_000_254550,5,0.248719,0,5512170601,현수막,8561002832,,2025-06-02,R25BK00879423
R25BK00879423_000_1_000_254550,6,0.225983,0,5512170601,현수막,4902801415,,2025-06-02,R25BK00879423
R25BK00879423_000_1_000_254550,7,0.215048,0,5512170601,현수막,1218701699,,2025-06-02,R25BK00879423
R25BK00879423_000_1_000_254550,8,0.178954,0,5512170601,현수막,4028604400,,2025-06-02,R25BK00879423
R25BK00879423_000_1_000_254550,9,0.105138,0,5512170601,현수막,4021047404,,2025-06-02,R25BK00879423
R25BK00879423_000_1_000_254550,10,0.098951,0,5512170601,현수막,6068656489,,2025-06-02,R25BK00879423
R25BK00884620_000_1_000_251179,1,0.72677,1,3115150401,나일론로프,4548702545,퓨어넥스 주식회사,2025-06-04,R25BK00884620
R25BK00884620_000_1_000_251179,2,0.026295,0,3115150401,나일론로프,8835201010,,2025-06-04,R25BK00884620
R25BK00884620_000_1_000_251179,3,0.014831,0,3115150401,나일론로프,2218136967,,2025-06-04,R25BK00884620
R25BK00884620_000_1_000_251179,4,0.011049,0,3115150401,나일론로프,2137600047,,2025-06-04,R25BK00884620
R25BK00884620_000_1_000_251179,5,0.009834,0,3115150401,나일론로프,5101695650,,2025-06-04,R25BK00884620
R25BK00884620_000_1_000_251179,6,0.008961,0,3115150401,나일론로프,2943800364,,2025-06-04,R25BK00884620
R25BK00884620_000_1_000_251179,7,0.008484,0,3115150401,나일론로프,4018140669,,2025-06-04,R25BK00884620
R25BK00884620_000_1_000_251179,8,0.007815,0,3115150401,나일론로프,6941101737,,2025-06-04,R25BK00884620
R25BK00884620_000_1_000_251179,9,0.006632,0,3115150401,나일론로프,2885300396,,2025-06-04,R25BK00884620
R25BK00884620_000_1_000_251179,10,0.006498,0,3115150401,나일론로프,5131941232,,2025-06-04,R25BK00884620
R25BK00843725_001_1_002_252764,1,0.583172,1,4410230602,지폐결속기,1298692275,주식회사 바인텍,2025-06-05,R25BK00843725
R25BK00843725_001_1_002_252764,2,0.014334,0,4410230602,지폐결속기,1288656640,,2025-06-05,R25BK00843725
R25BK00843725_001_1_002_252764,3,0.005254,0,4410230602,지폐결속기,2058144112,,2025-06-05,R25BK00843725
R25BK00843725_001_1_002_252764,4,0.002642,0,4410230602,지폐결속기,2888802606,,2025-06-05,R25BK00843725
R25BK00843725_001_1_002_252764,5,0.002635,0,4410230602,지폐결속기,4021761972,,2025-06-05,R25BK00843725
R25BK00843725_001_1_002_252764,6,0.002433,0,4410230602,지폐결속기,1268652084,,2025-06-05,R25BK00843725
R25BK00843725_001_1_002_252764,7,0.001664,0,4410230602,지폐결속기,6801301329,,2025-06-05,R25BK00843725
R25BK00843725_001_1_002_252764,8,0.001406,0,4410230602,지폐결속기,2277500506,,2025-06-05,R25BK00843725
R25BK00843725_001_1_002_252764,9,0.001293,0,4410230602,지폐결속기,6507900422,,2025-06-05,R25BK00843725
R25BK00843725_001_1_002_252764,10,0.001058,0,4410230602,지폐결속기,3508102936,,2025-06-05,R25BK00843725
R25BK00886264_000_1_000_252263,1,0.236103,0,3022200301,버스승강장,1078624267,,2025-06-05,R25BK00886264
R25BK00886264_000_1_000_252263,2,0.228409,0,3022200301,버스승강장,3758801672,,2025-06-05,R25BK00886264
R25BK00886264_000_1_000_252263,3,0.165417,0,3022200301,버스승강장,5158124328,,2025-06-05,R25BK00886264
R25BK00886264_000_1_000_252263,4,0.13781,0,3022200301,버스승강장,7968701474,,2025-06-05,R25BK00886264
R25BK00886264_000_1_000_252263,5,0.134223,0,3022200301,버스승강장,4468101956,,2025-06-05,R25BK00886264
R25BK00886264_000_1_000_252263,6,0.122945,0,3022200301,버스승강장,4188124726,,2025-06-05,R25BK00886264
R25BK00886264_000_1_000_252263,7,0.120734,0,3022200301,버스승강장,1028703134,,2025-06-05,R25BK00886264
R25BK00886264_000_1_000_252263,8,0.114144,0,3022200301,버스승강장,2158717690,,2025-06-05,R25BK00886264
R25BK00886264_000_1_000_252263,9,0.094879,1,3022200301,버스승강장,1208161348,한국바우텍 주식회사,2025-06-05,R25BK00886264
R25BK00886264_000_1_000_252263,10,0.086321,0,3022200301,버스승강장,1238640522,,2025-06-05,R25BK00886264
R25BK00872637_000_1_000_253701,1,0.841668,0,4010178702,냉난방기,6108611517,,2025-06-09,R25BK00872637
R25BK00872637_000_1_000_253701,2,0.259598,0,4010178702,냉난방기,1082162682,,2025-06-09,R25BK00872637
R25BK00872637_000_1_000_253701,3,0.220982,0,4010178702,냉난방기,4088156110,,2025-06-09,R25BK00872637
R25BK00872637_000_1_000_253701,4,0.195013,0,4010178702,냉난방기,5578700017,,2025-06-09,R25BK00872637
R25BK00872637_000_1_000_253701,5,0.170934,0,4010178702,냉난방기,8405800734,,2025-06-09,R25BK00872637
R25BK00872637_000_1_000_253701,6,0.158866,0,4010178702,냉난방기,4718800438,,2025-06-09,R25BK00872637
R25BK00872637_000_1_000_253701,7,0.154598,0,4010178702,냉난방기,5700200459,,2025-06-09,R25BK00872637
R25BK00872637_000_1_000_253701,8,0.138991,0,4010178702,냉난방기,5258102340,,2025-06-09,R25BK00872637
R25BK00872637_000_1_000_253701,9,0.136923,0,4010178702,냉난방기,7931901928,,2025-06-09,R25BK00872637
R25BK00872637_000_1_000_253701,10,0.11657,0,4010178702,냉난방기,8874700528,,2025-06-09,R25BK00872637
R25BK00876117_000_1_000_254407,1,0.559942,1,4111363801,오실로스코프,3050967419,화신랩테크,2025-06-09,R25BK00876117
R25BK00876117_000_1_000_254407,2,0.11425,0,4111363801,오실로스코프,5118127226,,2025-06-09,R25BK00876117
R25BK00876117_000_1_000_254407,3,0.090744,0,4111363801,오실로스코프,4532801250,,2025-06-09,R25BK00876117
R25BK00876117_000_1_000_254407,4,0.087283,0,4111363801,오실로스코프,1161702029,,2025-06-09,R25BK00876117
R25BK00876117_000_1_000_254407,5,0.069178,0,4111363801,오실로스코프,8730402398,,2025-06-09,R25BK00876117
R25BK00876117_000_1_000_254407,6,0.060145,0,4111363801,오실로스코프,3848802151,,2025-06-09,R25BK00876117
R25BK00876117_000_1_000_254407,7,0.057431,0,4111363801,오실로스코프,1391403700,,2025-06-09,R25BK00876117
R25BK00876117_000_1_000_254407,8,0.052703,0,4111363801,오실로스코프,5231900470,,2025-06-09,R25BK00876117
R25BK00876117_000_1_000_254407,9,0.042041,0,4111363801,오실로스코프,7431502109,,2025-06-09,R25BK00876117
R25BK00876117_000_1_000_254407,10,0.036709,0,4111363801,오실로스코프,3034300847,,2025-06-09,R25BK00876117
R25BK00876904_000_1_000_251441,1,0.343678,1,5612200202,약품장,2108115813,(주)기정메디사이언스,2025-06-09,R25BK00876904
R25BK00876904_000_1_000_251441,2,0.281534,0,5612200202,약품장,1082774609,,2025-06-09,R25BK00876904
R25BK00876904_000_1_000_251441,3,0.221231,0,5612200202,약품장,6130247294,,2025-06-09,R25BK00876904
R25BK00876904_000_1_000_251441,4,0.114699,0,5612200202,약품장,2240683569,,2025-06-09,R25BK00876904
R25BK00876904_000_1_000_251441,5,0.082226,0,5612200202,약품장,5158134700,,2025-06-09,R25BK00876904
R25BK00876904_000_1_000_251441,6,0.007622,0,5612200202,약품장,1180368582,,2025-06-09,R25BK00876904
R25BK00876904_000_1_000_251441,7,0.005909,0,5612200202,약품장,2117400300,,2025-06-09,R25BK00876904
R25BK00876904_000_1_000_251441,8,0.005483,0,5612200202,약품장,6538101990,,2025-06-09,R25BK00876904
R25BK00876904_000_1_000_251441,9,0.004669,0,5612200202,약품장,1283910408,,2025-06-09,R25BK00876904
R25BK00876904_000_1_000_251441,10,0.004457,0,5612200202,약품장,5208801743,,2025-06-09,R25BK00876904
R25BK00866184_000_1_000_258268,1,0.401759,1,2324140201,평면연삭기,2570902607,두산하이테크,2025-06-10,R25BK00866184
R25BK00866184_000_1_000_258268,2,0.006415,0,2324140201,평면연삭기,8642001376,,2025-06-10,R25BK00866184
R25BK00866184_000_1_000_258268,3,0.005943,0,2324140201,평면연삭기,5772001579,,2025-06-10,R25BK00866184
R25BK00866184_000_1_000_258268,4,0.005627,0,2324140201,평면연삭기,4874600729,,2025-06-10,R25BK00866184
R25BK00866184_000_1_000_258268,5,0.003465,0,2324140201,평면연삭기,6811302035,,2025-06-10,R25BK00866184
R25BK00866184_000_1_000_258268,6,0.003386,0,2324140201,평면연삭기,1332608753,,2025-06-10,R25BK00866184
R25BK00866184_000_1_000_258268,7,0.003309,0,2324140201,평면연삭기,3504700778,,2025-06-10,R25BK00866184
R25BK00866184_000_1_000_258268,8,0.003162,0,2324140201,평면연삭기,1268652084,,2025-06-10,R25BK00866184
R25BK00866184_000_1_000_258268,9,0.003094,0,2324140201,평면연삭기,8638802955,,2025-06-10,R25BK00866184
R25BK00866184_000_1_000_258268,10,0.003071,0,2324140201,평면연삭기,6788603390,,2025-06-10,R25BK00866184
R25BK00880074_000_1_000_249737,1,0.095493,0,4111250101,유량계,8466000619,,2025-06-10,R25BK00880074
R25BK00880074_000_1_000_249737,2,0.086565,0,4111250101,유량계,8612101471,,2025-06-10,R25BK00880074
R25BK00880074_000_1_000_249737,3,0.065205,0,4111250101,유량계,7180103124,,2025-06-10,R25BK00880074
R25BK00880074_000_1_000_249737,4,0.057553,0,4111250101,유량계,5250802328,,2025-06-10,R25BK00880074
R25BK00880074_000_1_000_249737,5,0.046801,0,4111250101,유량계,6088147545,,2025-06-10,R25BK00880074
R25BK00880074_000_1_000_249737,6,0.043642,1,4111250101,유량계,3952201796,에스오컴퍼니,2025-06-10,R25BK00880074
R25BK00880074_000_1_000_249737,7,0.036345,0,4111250101,유량계,4530702574,,2025-06-10,R25BK00880074
R25BK00880074_000_1_000_249737,8,0.032089,0,4111250101,유량계,2520102718,,2025-06-10,R25BK00880074
R25BK00880074_000_1_000_249737,9,0.025326,0,4111250101,유량계,3952901266,,2025-06-10,R25BK00880074
R25BK00880074_000_1_000_249737,10,0.021389,0,4111250101,유량계,3504700778,,2025-06-10,R25BK00880074
R25BK00840637_000_1_000_260369,1,0.556148,0,4111390301,입도분포측정기,6070936622,,2025-06-11,R25BK00840637
R25BK00840637_000_1_000_260369,2,0.444008,1,4111390301,입도분포측정기,3498801047,주식회사 제이앤케이,2025-06-11,R25BK00840637
R25BK00840637_000_1_000_260369,3,0.344424,0,4111390301,입도분포측정기,5041780085,,2025-06-11,R25BK00840637
R25BK00840637_000_1_000_260369,4,0.344388,0,4111390301,입도분포측정기,1370736226,,2025-06-11,R25BK00840637
R25BK00840637_000_1_000_260369,5,0.257087,0,4111390301,입도분포측정기,2292363736,,2025-06-11,R25BK00840637
R25BK00840637_000_1_000_260369,6,0.256391,0,4111390301,입도분포측정기,2033193188,,2025-06-11,R25BK00840637
R25BK00840637_000_1_000_260369,7,0.022075,0,4111390301,입도분포측정기,3152071822,,2025-06-11,R25BK00840637
R25BK00840637_000_1_000_260369,8,0.017396,0,4111390301,입도분포측정기,3300901484,,2025-06-11,R25BK00840637
R25BK00840637_000_1_000_260369,9,0.012559,0,4111390301,입도분포측정기,4333701054,,2025-06-11,R25BK00840637
R25BK00840637_000_1_000_260369,10,0.010046,0,4111390301,입도분포측정기,6421701418,,2025-06-11,R25BK00840637
R25BK00869492_000_1_000_250669,1,0.81275,1,2413160401,동결건조기,7968102506,주식회사 아이에스비,2025-06-11,R25BK00869492
R25BK00869492_000_1_000_250669,2,0.659373,0,2413160401,동결건조기,4098604639,,2025-06-11,R25BK00869492
R25BK00869492_000_1_000_250669,3,0.29847,0,2413160401,동결건조기,3128557005,,2025-06-11,R25BK00869492
R25BK00869492_000_1_000_250669,4,0.089041,0,2413160401,동결건조기,3088702091,,2025-06-11,R25BK00869492
R25BK00869492_000_1_000_250669,5,0.078936,0,2413160401,동결건조기,6440601062,,2025-06-11,R25BK00869492
R25BK00869492_000_1_000_250669,6,0.023672,0,2413160401,동결건조기,6260601841,,2025-06-11,R25BK00869492
R25BK00869492_000_1_000_250669,7,0.01173,0,2413160401,동결건조기,3152071822,,2025-06-11,R25BK00869492
R25BK00869492_000_1_000_250669,8,0.011554,0,2413160401,동결건조기,4468600985,,2025-06-11,R25BK00869492
R25BK00869492_000_1_000_250669,9,0.011481,0,2413160401,동결건조기,6022593083,,2025-06-11,R25BK00869492
R25BK00869492_000_1_000_250669,10,0.009254,0,2413160401,동결건조기,7518602100,,2025-06-11,R25BK00869492
R25BK00883960_000_1_000_255200,1,0.782849,1,4617160601,사이렌,6058629558,(주)휴메인텍,2025-06-11,R25BK00883960
R25BK00883960_000_1_000_255200,2,0.541952,0,4617160601,사이렌,2798802368,,2025-06-11,R25BK00883960
R25BK00883960_000_1_000_255200,3,0.285743,0,4617160601,사이렌,5308101983,,2025-06-11,R25BK00883960
R25BK00883960_000_1_000_255200,4,0.157358,0,4617160601,사이렌,1258802756,,2025-06-11,R25BK00883960
R25BK00883960_000_1_000_255200,5,0.018893,0,4617160601,사이렌,1288625680,,2025-06-11,R25BK00883960
R25BK00883960_000_1_000_255200,6,0.017716,0,4617160601,사이렌,3048123262,,2025-06-11,R25BK00883960
R25BK00883960_000_1_000_255200,7,0.011505,0,4617160601,사이렌,5028169620,,2025-06-11,R25BK00883960
R25BK00883960_000_1_000_255200,8,0.010674,0,4617160601,사이렌,5088138066,,2025-06-11,R25BK00883960
R25BK00883960_000_1_000_255200,9,0.009219,0,4617160601,사이렌,3128170975,,2025-06-11,R25BK00883960
R25BK00883960_000_1_000_255200,10,0.009048,0,4617160601,사이렌,5088110035,,2025-06-11,R25BK00883960
R25BK00890751_000_1_000_250458,1,0.541288,1,5129030101,방사성의약품,2208112318,새한산업(주),2025-06-11,R25BK00890751
R25BK00890751_000_1_000_250458,2,0.492366,0,5129030101,방사성의약품,2118641401,,2025-06-11,R25BK00890751
R25BK00890751_000_1_000_250458,3,0.20376,0,5129030101,방사성의약품,2118833884,,2025-06-11,R25BK00890751
R25BK00890751_000_1_000_250458,4,0.139895,0,5129030101,방사성의약품,1218146715,,2025-06-11,R25BK00890751
R25BK00890751_000_1_000_250458,5,0.12941,0,5129030101,방사성의약품,1068622664,,2025-06-11,R25BK00890751
R25BK00890751_000_1_000_250458,6,0.049052,0,5129030101,방사성의약품,1028703357,,2025-06-11,R25BK00890751
R25BK00890751_000_1_000_250458,7,0.029462,0,5129030101,방사성의약품,8512800038,,2025-06-11,R25BK00890751
R25BK00890751_000_1_000_250458,8,0.028954,0,5129030101,방사성의약품,7548500803,,2025-06-11,R25BK00890751
R25BK00890751_000_1_000_250458,9,0.028954,0,5129030101,방사성의약품,8488100323,,2025-06-11,R25BK00890751
R25BK00890751_000_1_000_250458,10,0.028629,0,5129030101,방사성의약품,3707800077,,2025-06-11,R25BK00890751
R25BK00837778_003_1_000_250018,1,0.327326,1,3912100601,인버터,7508603009,주식회사 성우솔루텍,2025-06-12,R25BK00837778
R25BK00837778_003_1_000_250018,2,0.228232,0,3912100601,인버터,2208786374,,2025-06-12,R25BK00837778
R25BK00837778_003_1_000_250018,3,0.142637,0,3912100601,인버터,2081552260,,2025-06-12,R25BK00837778
R25BK00837778_003_1_000_250018,4,0.083434,0,3912100601,인버터,3621701846,,2025-06-12,R25BK00837778
R25BK00837778_003_1_000_250018,5,0.057139,0,3912100601,인버터,1011060896,,2025-06-12,R25BK00837778
R25BK00837778_003_1_000_250018,6,0.053148,0,3912100601,인버터,4121602269,,2025-06-12,R25BK00837778
R25BK00837778_003_1_000_250018,7,0.04782,0,3912100601,인버터,8402000065,,2025-06-12,R25BK00837778
R25BK00837778_003_1_000_250018,8,0.047669,0,3912100601,인버터,6152900900,,2025-06-12,R25BK00837778
R25BK00837778_003_1_000_250018,9,0.039307,0,3912100601,인버터,3148165686,,2025-06-12,R25BK00837778
R25BK00837778_003_1_000_250018,10,0.039239,0,3912100601,인버터,4831801252,,2025-06-12,R25BK00837778
R25BK00846522_000_1_000_249363,1,0.44875,1,4111540401,질량분석기,6072862188,고은사이언스,2025-06-12,R25BK00846522
R25BK00846522_000_1_000_249363,2,0.023446,0,4111540401,질량분석기,1248124933,,2025-06-12,R25BK00846522
R25BK00846522_000_1_000_249363,3,0.013698,0,4111540401,질량분석기,6104801040,,2025-06-12,R25BK00846522
R25BK00846522_000_1_000_249363,4,0.008673,0,4111540401,질량분석기,8263001349,,2025-06-12,R25BK00846522
R25BK00846522_000_1_000_249363,5,0.008422,0,4111540401,질량분석기,4730803012,,2025-06-12,R25BK00846522
R25BK00846522_000_1_000_249363,6,0.008233,0,4111540401,질량분석기,3311102363,,2025-06-12,R25BK00846522
R25BK00846522_000_1_000_249363,7,0.007598,0,4111540401,질량분석기,2082780643,,2025-06-12,R25BK00846522
R25BK00846522_000_1_000_249363,8,0.007314,0,4111540401,질량분석기,6978702327,,2025-06-12,R25BK00846522
R25BK00846522_000_1_000_249363,9,0.007297,0,4111540401,질량분석기,6044071787,,2025-06-12,R25BK00846522
R25BK00846522_000_1_000_249363,10,0.006716,0,4111540401,질량분석기,8560502876,,2025-06-12,R25BK00846522
R25BK00884584_000_1_000_253709,1,0.734391,1,5612179801,칠판보조장,4578801111,주식회사 가경이앤씨,2025-06-12,R25BK00884584
R25BK00884584_000_1_000_253709,2,0.701747,0,5612179801,칠판보조장,8218200403,,2025-06-12,R25BK00884584
R25BK00884584_000_1_000_253709,3,0.265063,0,5612179801,칠판보조장,5048174833,,2025-06-12,R25BK00884584
R25BK00884584_000_1_000_253709,4,0.109074,0,5612179801,칠판보조장,8218801326,,2025-06-12,R25BK00884584
R25BK00884584_000_1_000_253709,5,0.099005,0,5612179801,칠판보조장,4368602540,,2025-06-12,R25BK00884584
R25BK00884584_000_1_000_253709,6,0.084037,0,5612179801,칠판보조장,6068213880,,2025-06-12,R25BK00884584
R25BK00884584_000_1_000_253709,7,0.081906,0,5612179801,칠판보조장,1328210835,,2025-06-12,R25BK00884584
R25BK00884584_000_1_000_253709,8,0.074591,0,5612179801,칠판보조장,2568801968,,2025-06-12,R25BK00884584
R25BK00884584_000_1_000_253709,9,0.063145,0,5612179801,칠판보조장,6061385184,,2025-06-12,R25BK00884584
R25BK00884584_000_1_000_253709,10,0.060336,0,5612179801,칠판보조장,2998601471,,2025-06-12,R25BK00884584
R25BK00884797_000_1_000_250889,1,0.229047,0,2413150101,냉장고,6121910147,,2025-06-12,R25BK00884797
R25BK00884797_000_1_000_250889,2,0.181531,0,2413150101,냉장고,6620203279,,2025-06-12,R25BK00884797
R25BK00884797_000_1_000_250889,3,0.150424,0,2413150101,냉장고,3952901266,,2025-06-12,R25BK00884797
R25BK00884797_000_1_000_250889,4,0.134277,0,2413150101,냉장고,2748703517,,2025-06-12,R25BK00884797
R25BK00884797_000_1_000_250889,5,0.124089,0,2413150101,냉장고,8130701573,,2025-06-12,R25BK00884797
R25BK00884797_000_1_000_250889,6,0.109127,0,2413150101,냉장고,5611002045,,2025-06-12,R25BK00884797
R25BK00884797_000_1_000_250889,7,0.091981,0,2413150101,냉장고,6813501533,,2025-06-12,R25BK00884797
R25BK00884797_000_1_000_250889,8,0.087764,0,2413150101,냉장고,1788603532,,2025-06-12,R25BK00884797
R25BK00884797_000_1_000_250889,9,0.080186,0,2413150101,냉장고,1498803014,,2025-06-12,R25BK00884797
R25BK00884797_000_1_000_250889,10,0.077373,0,2413150101,냉장고,8068702993,,2025-06-12,R25BK00884797
R25BK00886164_000_1_000_255054,1,0.252483,1,4010180604,히트펌프,2893001481,서온상사,2025-06-12,R25BK00886164
R25BK00886164_000_1_000_255054,2,0.204129,0,4010180604,히트펌프,2078802795,,2025-06-12,R25BK00886164
R25BK00886164_000_1_000_255054,3,0.197702,0,4010180604,히트펌프,6978702327,,2025-06-12,R25BK00886164
R25BK00886164_000_1_000_255054,4,0.157049,0,4010180604,히트펌프,6998700757,,2025-06-12,R25BK00886164
R25BK00886164_000_1_000_255054,5,0.131934,0,4010180604,히트펌프,1058684707,,2025-06-12,R25BK00886164
R25BK00886164_000_1_000_255054,6,0.112453,0,4010180604,히트펌프,4121425031,,2025-06-12,R25BK00886164
R25BK00886164_000_1_000_255054,7,0.101582,0,4010180604,히트펌프,5658802615,,2025-06-12,R25BK00886164
R25BK00886164_000_1_000_255054,8,0.098802,0,4010180604,히트펌프,1279269110,,2025-06-12,R25BK00886164
R25BK00886164_000_1_000_255054,9,0.086673,0,4010180604,히트펌프,5250802328,,2025-06-12,R25BK00886164
R25BK00886164_000_1_000_255054,10,0.060973,0,4010180604,히트펌프,3298703326,,2025-06-12,R25BK00886164
R25BK00886720_000_1_000_250604,1,0.519767,0,4111250201,레오미터,3058141040,,2025-06-12,R25BK00886720
R25BK00886720_000_1_000_250604,2,0.179937,0,4111250201,레오미터,5150196849,,2025-06-12,R25BK00886720
R25BK00886720_000_1_000_250604,3,0.129724,0,4111250201,레오미터,5100462234,,2025-06-12,R25BK00886720
R25BK00886720_000_1_000_250604,4,0.077346,0,4111250201,레오미터,7850902363,,2025-06-12,R25BK00886720
R25BK00886720_000_1_000_250604,5,0.059013,0,4111250201,레오미터,6968100886,,2025-06-12,R25BK00886720
R25BK00886720_000_1_000_250604,6,0.054502,1,4111250201,레오미터,6191360568,케이엠상사,2025-06-12,R25BK00886720
R25BK00886720_000_1_000_250604,7,0.043095,0,4111250201,레오미터,7072300435,,2025-06-12,R25BK00886720
R25BK00886720_000_1_000_250604,8,0.031271,0,4111250201,레오미터,5500201814,,2025-06-12,R25BK00886720
R25BK00886720_000_1_000_250604,9,0.027,0,4111250201,레오미터,6502401417,,2025-06-12,R25BK00886720
R25BK00886720_000_1_000_250604,10,0.026136,0,4111250201,레오미터,6700202359,,2025-06-12,R25BK00886720
R25BK00888701_000_1_000_254234,1,0.083556,0,3012160101,아스팔트,4874600729,,2025-06-12,R25BK00888701
R25BK00888701_000_1_000_254234,2,0.073527,0,3012160101,아스팔트,2130439550,,2025-06-12,R25BK00888701
R25BK00888701_000_1_000_254234,3,0.053571,0,3012160101,아스팔트,4710603176,,2025-06-12,R25BK00888701
R25BK00888701_000_1_000_254234,4,0.051869,0,3012160101,아스팔트,1793801123,,2025-06-12,R25BK00888701
R25BK00888701_000_1_000_254234,5,0.047335,1,3012160101,아스팔트,6586200786,배르주아,2025-06-12,R25BK00888701
R25BK00888701_000_1_000_254234,6,0.045832,0,3012160101,아스팔트,6121910147,,2025-06-12,R25BK00888701
R25BK00888701_000_1_000_254234,7,0.043755,0,3012160101,아스팔트,2772500694,,2025-06-12,R25BK00888701
R25BK00888701_000_1_000_254234,8,0.038206,0,3012160101,아스팔트,3112301494,,2025-06-12,R25BK00888701
R25BK00888701_000_1_000_254234,9,0.032281,0,3012160101,아스팔트,3354700823,,2025-06-12,R25BK00888701
R25BK00888701_000_1_000_254234,10,0.028057,0,3012160101,아스팔트,8215200390,,2025-06-12,R25BK00888701
R25BK00892178_000_1_000_249410,1,0.376203,0,2110170401,콤바인,4060125583,,2025-06-13,R25BK00892178
R25BK00892178_000_1_000_249410,2,0.306487,0,2110170401,콤바인,1981902030,,2025-06-13,R25BK00892178
R25BK00892178_000_1_000_249410,3,0.161252,0,2110170401,콤바인,4242900828,,2025-06-13,R25BK00892178
R25BK00892178_000_1_000_249410,4,0.1088,1,2110170401,콤바인,6940800719,국제기계횡성대리점,2025-06-13,R25BK00892178
R25BK00892178_000_1_000_249410,5,0.107651,0,2110170401,콤바인,2906700528,,2025-06-13,R25BK00892178
R25BK00892178_000_1_000_249410,6,0.093583,0,2110170401,콤바인,3861401405,,2025-06-13,R25BK00892178
R25BK00892178_000_1_000_249410,7,0.073027,0,2110170401,콤바인,1124217779,,2025-06-13,R25BK00892178
R25BK00892178_000_1_000_249410,8,0.050637,0,2110170401,콤바인,6190616119,,2025-06-13,R25BK00892178
R25BK00892178_000_1_000_249410,9,0.025882,0,2110170401,콤바인,1888702589,,2025-06-13,R25BK00892178
R25BK00892178_000_1_000_249410,10,0.015632,0,2110170401,콤바인,2827300402,,2025-06-13,R25BK00892178
R25BK00896385_000_1_000_250760,1,0.337264,0,3911161102,LED투광등기구,1048642359,,2025-06-13,R25BK00896385
R25BK00896385_000_1_000_250760,2,0.318826,1,3911161102,LED투광등기구,6588802450,주식회사 엔어스,2025-06-13,R25BK00896385
R25BK00896385_000_1_000_250760,3,0.279214,0,3911161102,LED투광등기구,7475200826,,2025-06-13,R25BK00896385
R25BK00896385_000_1_000_250760,4,0.24646,0,3911161102,LED투광등기구,4102577882,,2025-06-13,R25BK00896385
R25BK00896385_000_1_000_250760,5,0.21954,0,3911161102,LED투광등기구,5028643135,,2025-06-13,R25BK00896385
R25BK00896385_000_1_000_250760,6,0.165046,0,3911161102,LED투광등기구,5538501382,,2025-06-13,R25BK00896385
R25BK00896385_000_1_000_250760,7,0.02349,0,3911161102,LED투광등기구,7705100585,,2025-06-13,R25BK00896385
R25BK00896385_000_1_000_250760,8,0.004917,0,3911161102,LED투광등기구,5772001579,,2025-06-13,R25BK00896385
R25BK00896385_000_1_000_250760,9,0.004229,0,3911161102,LED투광등기구,1341910119,,2025-06-13,R25BK00896385
R25BK00896385_000_1_000_250760,10,0.003862,0,3911161102,LED투광등기구,6072667520,,2025-06-13,R25BK00896385
R25BK00893205_000_1_000_254693,1,0.537645,1,4010178702,냉난방기,6108120516,(주)백천이앤시,2025-06-16,R25BK00893205
R25BK00893205_000_1_000_254693,2,0.403035,0,4010178702,냉난방기,4081372784,,2025-06-16,R25BK00893205
R25BK00893205_000_1_000_254693,3,0.161334,0,4010178702,냉난방기,4871101783,,2025-06-16,R25BK00893205
R25BK00893205_000_1_000_254693,4,0.157049,0,4010178702,냉난방기,1550500154,,2025-06-16,R25BK00893205
R25BK00893205_000_1_000_254693,5,0.154945,0,4010178702,냉난방기,7630403222,,2025-06-16,R25BK00893205
R25BK00893205_000_1_000_254693,6,0.129896,0,4010178702,냉난방기,2750303204,,2025-06-16,R25BK00893205
R25BK00893205_000_1_000_254693,7,0.122044,0,4010178702,냉난방기,2567500391,,2025-06-16,R25BK00893205
R25BK00893205_000_1_000_254693,8,0.110875,0,4010178702,냉난방기,8432601916,,2025-06-16,R25BK00893205
R25BK00893205_000_1_000_254693,9,0.109433,0,4010178702,냉난방기,2660801279,,2025-06-16,R25BK00893205
R25BK00893205_000_1_000_254693,10,0.107886,0,4010178702,냉난방기,7240701521,,2025-06-16,R25BK00893205
R25BK00869212_000_1_000_255250,1,0.709258,1,4322281701,무선중계기,1058199490,주식회사 중앙첨단소재,2025-06-17,R25BK00869212
R25BK00869212_000_1_000_255250,2,0.32312,0,4322281701,무선중계기,4188128872,,2025-06-17,R25BK00869212
R25BK00869212_000_1_000_255250,3,0.227086,0,4322281701,무선중계기,3058183152,,2025-06-17,R25BK00869212
R25BK00869212_000_1_000_255250,4,0.224467,0,4322281701,무선중계기,2208191439,,2025-06-17,R25BK00869212
R25BK00869212_000_1_000_255250,5,0.070082,0,4322281701,무선중계기,6098525066,,2025-06-17,R25BK00869212
R25BK00869212_000_1_000_255250,6,0.070082,0,4322281701,무선중계기,3148536549,,2025-06-17,R25BK00869212
R25BK00869212_000_1_000_255250,7,0.067838,0,4322281701,무선중계기,3058121103,,2025-06-17,R25BK00869212
R25BK00869212_000_1_000_255250,8,0.056562,0,4322281701,무선중계기,1258548843,,2025-06-17,R25BK00869212
R25BK00869212_000_1_000_255250,9,0.041214,0,4322281701,무선중계기,4388100747,,2025-06-17,R25BK00869212
R25BK00869212_000_1_000_255250,10,0.034032,0,4322281701,무선중계기,2058703054,,2025-06-17,R25BK00869212
R25BK00891723_000_1_000_252878,1,0.137864,0,1235230401,과산화수소,2011525821,,2025-06-17,R25BK00891723
R25BK00891723_000_1_000_252878,2,0.132708,0,1235230401,과산화수소,7228802988,,2025-06-17,R25BK00891723
R25BK00891723_000_1_000_252878,3,0.120842,1,1235230401,과산화수소,3798101597,주식회사더존종합환경,2025-06-17,R25BK00891723
R25BK00891723_000_1_000_252878,4,0.116954,0,1235230401,과산화수소,2118188906,,2025-06-17,R25BK00891723
R25BK00891723_000_1_000_252878,5,0.115172,0,1235230401,과산화수소,8037200202,,2025-06-17,R25BK00891723
R25BK00891723_000_1_000_252878,6,0.083809,0,1235230401,과산화수소,5610102970,,2025-06-17,R25BK00891723
R25BK00891723_000_1_000_252878,7,0.077007,0,1235230401,과산화수소,7210901185,,2025-06-17,R25BK00891723
R25BK00891723_000_1_000_252878,8,0.060192,0,1235230401,과산화수소,7752701473,,2025-06-17,R25BK00891723
R25BK00891723_000_1_000_252878,9,0.06005,0,1235230401,과산화수소,6980102985,,2025-06-17,R25BK00891723
R25BK00891723_000_1_000_252878,10,0.05617,0,1235230401,과산화수소,6022593083,,2025-06-17,R25BK00891723
R25BK00893964_000_1_000_249953,1,0.911948,1,3010990401,순환골재,3118120318,주식회사 대영환경,2025-06-17,R25BK00893964
R25BK00893964_000_1_000_249953,2,0.816163,0,3010990401,순환골재,1678802143,,2025-06-17,R25BK00893964
R25BK00893964_000_1_000_249953,3,0.694156,0,3010990401,순환골재,3038136503,,2025-06-17,R25BK00893964
R25BK00893964_000_1_000_249953,4,0.078867,0,3010990401,순환골재,6168187489,,2025-06-17,R25BK00893964
R25BK00893964_000_1_000_249953,5,0.041383,0,3010990401,순환골재,4208701183,,2025-06-17,R25BK00893964
R25BK00893964_000_1_000_249953,6,0.026943,0,3010990401,순환골재,6168103780,,2025-06-17,R25BK00893964
R25BK00893964_000_1_000_249953,7,0.010473,0,3010990401,순환골재,3888700482,,2025-06-17,R25BK00893964
R25BK00893964_000_1_000_249953,8,0.008889,0,3010990401,순환골재,7448602849,,2025-06-17,R25BK00893964
R25BK00893964_000_1_000_249953,9,0.008588,0,3010990401,순환골재,1270383587,,2025-06-17,R25BK00893964
R25BK00893964_000_1_000_249953,10,0.00597,0,3010990401,순환골재,5483301101,,2025-06-17,R25BK00893964
R25BK00895140_000_1_001_251905,1,0.255872,0,3012999701,도막형바닥재,8078702341,,2025-06-18,R25BK00895140
R25BK00895140_000_1_001_251905,2,0.216349,0,3012999701,도막형바닥재,5118109645,,2025-06-18,R25BK00895140
R25BK00895140_000_1_001_251905,3,0.216258,0,3012999701,도막형바닥재,3918103197,,2025-06-18,R25BK00895140
R25BK00895140_000_1_001_251905,4,0.201276,0,3012999701,도막형바닥재,8408700883,,2025-06-18,R25BK00895140
R25BK00895140_000_1_001_251905,5,0.179092,0,3012999701,도막형바닥재,6158802676,,2025-06-18,R25BK00895140
R25BK00895140_000_1_001_251905,6,0.176316,0,3012999701,도막형바닥재,4128144364,,2025-06-18,R25BK00895140
R25BK00895140_000_1_001_251905,7,0.176316,0,3012999701,도막형바닥재,3758102143,,2025-06-18,R25BK00895140
R25BK00895140_000_1_001_251905,8,0.152403,1,3012999701,도막형바닥재,3058800714,주식회사 어스,2025-06-18,R25BK00895140
R25BK00895140_000_1_001_251905,9,0.016038,0,3012999701,도막형바닥재,6081078922,,2025-06-18,R25BK00895140
R25BK00895140_000_1_001_251905,10,0.015722,0,3012999701,도막형바닥재,3808701565,,2025-06-18,R25BK00895140
R25BK00896404_000_1_000_255263,1,0.222766,0,4111530303,주파수분석기,1353104359,,2025-06-18,R25BK00896404
R25BK00896404_000_1_000_255263,2,0.204941,0,4111530303,주파수분석기,4560502884,,2025-06-18,R25BK00896404
R25BK00896404_000_1_000_255263,3,0.139347,0,4111530303,주파수분석기,6190369653,,2025-06-18,R25BK00896404
R25BK00896404_000_1_000_255263,4,0.12304,0,4111530303,주파수분석기,6081948187,,2025-06-18,R25BK00896404
R25BK00896404_000_1_000_255263,5,0.119264,0,4111530303,주파수분석기,1138172089,,2025-06-18,R25BK00896404
R25BK00896404_000_1_000_255263,6,0.09109,0,4111530303,주파수분석기,7928601077,,2025-06-18,R25BK00896404
R25BK00896404_000_1_000_255263,7,0.085774,0,4111530303,주파수분석기,2878101129,,2025-06-18,R25BK00896404
R25BK00896404_000_1_000_255263,8,0.076311,0,4111530303,주파수분석기,7512101121,,2025-06-18,R25BK00896404
R25BK00896404_000_1_000_255263,9,0.076295,0,4111530303,주파수분석기,6201295022,,2025-06-18,R25BK00896404
R25BK00896404_000_1_000_255263,10,0.076175,0,4111530303,주파수분석기,7374000807,,2025-06-18,R25BK00896404
R25BK00913483_000_1_000_252409,1,0.787623,1,2315199301,리파이너,1231667265,세원테크,2025-06-18,R25BK00913483
R25BK00913483_000_1_000_252409,2,0.004018,0,2315199301,리파이너,2888802606,,2025-06-18,R25BK00913483
R25BK00913483_000_1_000_252409,3,0.001364,0,2315199301,리파이너,2277500506,,2025-06-18,R25BK00913483
R25BK00875327_000_1_000_266624,1,0.389955,1,4111460401,부식시험기,6058191566,주식회사 네오텍,2025-06-19,R25BK00875327
R25BK00875327_000_1_000_266624,2,0.057858,0,4111460401,부식시험기,5498802855,,2025-06-19,R25BK00875327
R25BK00875327_000_1_000_266624,3,0.016983,0,4111460401,부식시험기,2876200380,,2025-06-19,R25BK00875327
R25BK00875327_000_1_000_266624,4,0.009664,0,4111460401,부식시험기,3112301494,,2025-06-19,R25BK00875327
R25BK00875327_000_1_000_266624,5,0.009362,0,4111460401,부식시험기,3061417686,,2025-06-19,R25BK00875327
R25BK00875327_000_1_000_266624,6,0.008896,0,4111460401,부식시험기,1921302097,,2025-06-19,R25BK00875327
R25BK00875327_000_1_000_266624,7,0.007811,0,4111460401,부식시험기,7342101806,,2025-06-19,R25BK00875327
R25BK00875327_000_1_000_266624,8,0.007453,0,4111460401,부식시험기,4333701054,,2025-06-19,R25BK00875327
R25BK00875327_000_1_000_266624,9,0.007124,0,4111460401,부식시험기,1188133586,,2025-06-19,R25BK00875327
R25BK00875327_000_1_000_266624,10,0.007051,0,4111460401,부식시험기,2078802795,,2025-06-19,R25BK00875327
R25BK00912326_000_1_000_253857,1,0.513794,1,2316159601,전기로,1738801950,올리브씨엔에스(주),2025-06-19,R25BK00912326
R25BK00912326_000_1_000_253857,2,0.059762,0,2316159601,전기로,2467100358,,2025-06-19,R25BK00912326
R25BK00912326_000_1_000_253857,3,0.029613,0,2316159601,전기로,8638801562,,2025-06-19,R25BK00912326
R25BK00912326_000_1_000_253857,4,0.014084,0,2316159601,전기로,1311958773,,2025-06-19,R25BK00912326
R25BK00912326_000_1_000_253857,5,0.013347,0,2316159601,전기로,4161556722,,2025-06-19,R25BK00912326
R25BK00912326_000_1_000_253857,6,0.011407,0,2316159601,전기로,3091861646,,2025-06-19,R25BK00912326
R25BK00912326_000_1_000_253857,7,0.010461,0,2316159601,전기로,1104666914,,2025-06-19,R25BK00912326
R25BK00912326_000_1_000_253857,8,0.010139,0,2316159601,전기로,6022593083,,2025-06-19,R25BK00912326
R25BK00912326_000_1_000_253857,9,0.006542,0,2316159601,전기로,2520102718,,2025-06-19,R25BK00912326
R25BK00912326_000_1_000_253857,10,0.006321,0,2316159601,전기로,3061417686,,2025-06-19,R25BK00912326
R25BK00894670_000_1_000_254382,1,0.977616,1,4619160702,공기호흡기,1358121955,주식회사 한컴라이프케어,2025-06-20,R25BK00894670
R25BK00894670_000_1_000_254382,2,0.356199,0,4619160702,공기호흡기,1610700584,,2025-06-20,R25BK00894670
R25BK00894670_000_1_000_254382,3,0.096503,0,4619160702,공기호흡기,7138101778,,2025-06-20,R25BK00894670
R25BK00894670_000_1_000_254382,4,0.063634,0,4619160702,공기호흡기,1970401602,,2025-06-20,R25BK00894670
R25BK00894670_000_1_000_254382,5,0.051918,0,4619160702,공기호흡기,4180783254,,2025-06-20,R25BK00894670
R25BK00894670_000_1_000_254382,6,0.026318,0,4619160702,공기호흡기,2048195578,,2025-06-20,R25BK00894670
R25BK00894670_000_1_000_254382,7,0.01798,0,4619160702,공기호흡기,4150838835,,2025-06-20,R25BK00894670
R25BK00894670_000_1_000_254382,8,0.016688,0,4619160702,공기호흡기,7181302768,,2025-06-20,R25BK00894670
R25BK00894670_000_1_000_254382,9,0.014948,0,4619160702,공기호흡기,8593501500,,2025-06-20,R25BK00894670
R25BK00894670_000_1_000_254382,10,0.013272,0,4619160702,공기호흡기,2228112503,,2025-06-20,R25BK00894670
R25BK00906621_000_1_000_250378,1,0.906121,1,3010990201,혼합골재,3428803044,씨에스산업주식회사,2025-06-20,R25BK00906621
R25BK00906621_000_1_000_250378,2,0.71125,0,3010990201,혼합골재,1328131866,,2025-06-20,R25BK00906621
R25BK00906621_000_1_000_250378,3,0.681437,0,3010990201,혼합골재,7938700670,,2025-06-20,R25BK00906621
R25BK00906621_000_1_000_250378,4,0.286737,0,3010990201,혼합골재,6158120433,,2025-06-20,R25BK00906621
R25BK00906621_000_1_000_250378,5,0.06093,0,3010990201,혼합골재,1048703222,,2025-06-20,R25BK00906621
R25BK00906621_000_1_000_250378,6,0.05681,0,3010990201,혼합골재,4406500264,,2025-06-20,R25BK00906621
R25BK00906621_000_1_000_250378,7,0.052899,0,3010990201,혼합골재,7923001779,,2025-06-20,R25BK00906621
R25BK00906621_000_1_000_250378,8,0.049136,0,3010990201,혼합골재,2181605247,,2025-06-20,R25BK00906621
R25BK00906621_000_1_000_250378,9,0.046007,0,3010990201,혼합골재,8078601501,,2025-06-20,R25BK00906621
R25BK00906621_000_1_000_250378,10,0.033213,0,3010990201,혼합골재,8738700826,,2025-06-20,R25BK00906621
R25BK00916025_000_1_000_249863,1,0.453083,1,3911152601,철제가로등주,8028602747,(주)에스에이치전기조명,2025-06-20,R25BK00916025
R25BK00916025_000_1_000_249863,2,0.404697,0,3911152601,철제가로등주,8958701432,,2025-06-20,R25BK00916025
R25BK00916025_000_1_000_249863,3,0.245546,0,3911152601,철제가로등주,1178167346,,2025-06-20,R25BK00916025
R25BK00916025_000_1_000_249863,4,0.203398,0,3911152601,철제가로등주,8088600941,,2025-06-20,R25BK00916025
R25BK00916025_000_1_000_249863,5,0.154335,0,3911152601,철제가로등주,3728102334,,2025-06-20,R25BK00916025
R25BK00916025_000_1_000_249863,6,0.154044,0,3911152601,철제가로등주,2208876247,,2025-06-20,R25BK00916025
R25BK00916025_000_1_000_249863,7,0.100598,0,3911152601,철제가로등주,6102330241,,2025-06-20,R25BK00916025
R25BK00916025_000_1_000_249863,8,0.098574,0,3911152601,철제가로등주,1098655617,,2025-06-20,R25BK00916025
R25BK00916025_000_1_000_249863,9,0.085832,0,3911152601,철제가로등주,7958702543,,2025-06-20,R25BK00916025
R25BK00916025_000_1_000_249863,10,0.067738,0,3911152601,철제가로등주,5898802566,,2025-06-20,R25BK00916025
R25BK00900531_000_1_000_258086,1,0.919285,1,4111540401,질량분석기,3078701124,주식회사 시마즈 사이언티픽 코리아,2025-06-23,R25BK00900531
R25BK00900531_000_1_000_258086,2,0.048726,0,4111540401,질량분석기,2148650438,,2025-06-23,R25BK00900531
R25BK00900531_000_1_000_258086,3,0.043948,0,4111540401,질량분석기,1248124933,,2025-06-23,R25BK00900531
R25BK00900531_000_1_000_258086,4,0.009151,0,4111540401,질량분석기,6788603390,,2025-06-23,R25BK00900531
R25BK00900531_000_1_000_258086,5,0.006879,0,4111540401,질량분석기,8598101754,,2025-06-23,R25BK00900531
R25BK00900531_000_1_000_258086,6,0.006804,0,4111540401,질량분석기,6140802050,,2025-06-23,R25BK00900531
R25BK00900531_000_1_000_258086,7,0.006716,0,4111540401,질량분석기,8560502876,,2025-06-23,R25BK00900531
R25BK00900531_000_1_000_258086,8,0.005696,0,4111540401,질량분석기,8426100370,,2025-06-23,R25BK00900531
R25BK00900531_000_1_000_258086,9,0.005276,0,4111540401,질량분석기,1014700860,,2025-06-23,R25BK00900531
R25BK00900531_000_1_000_258086,10,0.005207,0,4111540401,질량분석기,3417000471,,2025-06-23,R25BK00900531
R25BK00906732_001_1_000_249876,1,0.51286,1,1111169801,조경석,4168178605,월포석산 주식회사,2025-06-23,R25BK00906732
R25BK00906732_001_1_000_249876,2,0.054308,0,1111169801,조경석,6180242009,,2025-06-23,R25BK00906732
R25BK00906732_001_1_000_249876,3,0.028641,0,1111169801,조경석,4080371904,,2025-06-23,R25BK00906732
R25BK00906732_001_1_000_249876,4,0.009679,0,1111169801,조경석,2771101814,,2025-06-23,R25BK00906732
R25BK00906732_001_1_000_249876,5,0.009568,0,1111169801,조경석,1406600449,,2025-06-23,R25BK00906732
R25BK00906732_001_1_000_249876,6,0.007004,0,1111169801,조경석,3341100442,,2025-06-23,R25BK00906732
R25BK00906732_001_1_000_249876,7,0.006545,0,1111169801,조경석,8328801480,,2025-06-23,R25BK00906732
R25BK00906732_001_1_000_249876,8,0.006374,0,1111169801,조경석,7573600920,,2025-06-23,R25BK00906732
R25BK00906732_001_1_000_249876,9,0.006126,0,1111169801,조경석,6561802048,,2025-06-23,R25BK00906732
R25BK00906732_001_1_000_249876,10,0.005787,0,1111169801,조경석,3110593404,,2025-06-23,R25BK00906732
R25BK00908628_000_1_000_253392,1,0.186738,0,6012100201,조형물,4926100248,,2025-06-23,R25BK00908628
R25BK00908628_000_1_000_253392,2,0.174434,0,6012100201,조형물,7048702310,,2025-06-23,R25BK00908628
R25BK00908628_000_1_000_253392,3,0.131604,0,6012100201,조형물,1658103093,,2025-06-23,R25BK00908628
R25BK00908628_000_1_000_253392,4,0.117815,0,6012100201,조형물,4121662461,,2025-06-23,R25BK00908628
R25BK00908628_000_1_000_253392,5,0.096621,1,6012100201,조형물,3138116969,주식회사 보령에스,2025-06-23,R25BK00908628
R25BK00908628_000_1_000_253392,6,0.092636,0,6012100201,조형물,6162678526,,2025-06-23,R25BK00908628
R25BK00908628_000_1_000_253392,7,0.08036,0,6012100201,조형물,1558700223,,2025-06-23,R25BK00908628
R25BK00908628_000_1_000_253392,8,0.076177,0,6012100201,조형물,6071939410,,2025-06-23,R25BK00908628
R25BK00908628_000_1_000_253392,9,0.073213,0,6012100201,조형물,5698602909,,2025-06-23,R25BK00908628
R25BK00908628_000_1_000_253392,10,0.071757,0,6012100201,조형물,4048115553,,2025-06-23,R25BK00908628
R25BK00909074_000_1_000_250919,1,0.775207,0,4110670501,식물생장조절실,8978802827,,2025-06-23,R25BK00909074
R25BK00909074_000_1_000_250919,2,0.309631,0,4110670501,식물생장조절실,1408167031,,2025-06-23,R25BK00909074
R25BK00909074_000_1_000_250919,3,0.138634,0,4110670501,식물생장조절실,2652801653,,2025-06-23,R25BK00909074
R25BK00909074_000_1_000_250919,4,0.121476,1,4110670501,식물생장조절실,5208601958,주식회사 에코하이텍,2025-06-23,R25BK00909074
R25BK00909074_000_1_000_250919,5,0.045818,0,4110670501,식물생장조절실,3633800277,,2025-06-23,R25BK00909074
R25BK00909074_000_1_000_250919,6,0.033087,0,4110670501,식물생장조절실,6093665847,,2025-06-23,R25BK00909074
R25BK00909074_000_1_000_250919,7,0.030078,0,4110670501,식물생장조절실,6494400570,,2025-06-23,R25BK00909074
R25BK00909074_000_1_000_250919,8,0.029152,0,4110670501,식물생장조절실,1903900943,,2025-06-23,R25BK00909074
R25BK00909074_000_1_000_250919,9,0.019125,0,4110670501,식물생장조절실,2520102718,,2025-06-23,R25BK00909074
R25BK00909074_000_1_000_250919,10,0.017672,0,4110670501,식물생장조절실,6870801457,,2025-06-23,R25BK00909074
R25BK00903847_000_1_000_258123,1,0.318257,1,4220171201,초음파영상진단장치,5221402029,디더블유메디,2025-06-24,R25BK00903847
R25BK00903847_000_1_000_258123,2,0.246648,0,4220171201,초음파영상진단장치,1328622213,,2025-06-24,R25BK00903847
R25BK00903847_000_1_000_258123,3,0.181895,0,4220171201,초음파영상진단장치,8900901410,,2025-06-24,R25BK00903847
R25BK00903847_000_1_000_258123,4,0.095177,0,4220171201,초음파영상진단장치,7685000120,,2025-06-24,R25BK00903847
R25BK00903847_000_1_000_258123,5,0.081535,0,4220171201,초음파영상진단장치,4028192840,,2025-06-24,R25BK00903847
R25BK00903847_000_1_000_258123,6,0.070085,0,4220171201,초음파영상진단장치,5126306327,,2025-06-24,R25BK00903847
R25BK00903847_000_1_000_258123,7,0.066101,0,4220171201,초음파영상진단장치,2211314377,,2025-06-24,R25BK00903847
R25BK00903847_000_1_000_258123,8,0.040477,0,4220171201,초음파영상진단장치,7046800607,,2025-06-24,R25BK00903847
R25BK00903847_000_1_000_258123,9,0.040185,0,4220171201,초음파영상진단장치,5061797511,,2025-06-24,R25BK00903847
R25BK00903847_000_1_000_258123,10,0.039296,0,4220171201,초음파영상진단장치,6102777036,,2025-06-24,R25BK00903847
R25BK00917426_000_1_000_258574,1,0.431462,0,4010170301,증발냉방장치,1581802165,,2025-06-25,R25BK00917426
R25BK00917426_000_1_000_258574,2,0.170273,1,4010170301,증발냉방장치,1198703296,주식회사 에버디포,2025-06-25,R25BK00917426
R25BK00917426_000_1_000_258574,3,0.092572,0,4010170301,증발냉방장치,7184400333,,2025-06-25,R25BK00917426
R25BK00917426_000_1_000_258574,4,0.042095,0,4010170301,증발냉방장치,2212685848,,2025-06-25,R25BK00917426
R25BK00917426_000_1_000_258574,5,0.033593,0,4010170301,증발냉방장치,2218136706,,2025-06-25,R25BK00917426
R25BK00917426_000_1_000_258574,6,0.033474,0,4010170301,증발냉방장치,8050402717,,2025-06-25,R25BK00917426
R25BK00917426_000_1_000_258574,7,0.03094,0,4010170301,증발냉방장치,3788701091,,2025-06-25,R25BK00917426
R25BK00917426_000_1_000_258574,8,0.030341,0,4010170301,증발냉방장치,2258802245,,2025-06-25,R25BK00917426
R25BK00917426_000_1_000_258574,9,0.028698,0,4010170301,증발냉방장치,8891000019,,2025-06-25,R25BK00917426
R25BK00917426_000_1_000_258574,10,0.019143,0,4010170301,증발냉방장치,1278661214,,2025-06-25,R25BK00917426
R25BK00926222_000_1_000_250730,1,0.800137,1,4110332701,유속계,6062453261,대광엘에스,2025-06-25,R25BK00926222
R25BK00926222_000_1_000_250730,2,0.141668,0,4110332701,유속계,4688601359,,2025-06-25,R25BK00926222
R25BK00926222_000_1_000_250730,3,0.040581,0,4110332701,유속계,1997400427,,2025-06-25,R25BK00926222
R25BK00926222_000_1_000_250730,4,0.031374,0,4110332701,유속계,1378626529,,2025-06-25,R25BK00926222
R25BK00926222_000_1_000_250730,5,0.024644,0,4110332701,유속계,5730702276,,2025-06-25,R25BK00926222
R25BK00926222_000_1_000_250730,6,0.021579,0,4110332701,유속계,2918102054,,2025-06-25,R25BK00926222
R25BK00926222_000_1_000_250730,7,0.014794,0,4110332701,유속계,1796700459,,2025-06-25,R25BK00926222
R25BK00926222_000_1_000_250730,8,0.014527,0,4110332701,유속계,6666400627,,2025-06-25,R25BK00926222
R25BK00926222_000_1_000_250730,9,0.013685,0,4110332701,유속계,6101083471,,2025-06-25,R25BK00926222
R25BK00926222_000_1_000_250730,10,0.012876,0,4110332701,유속계,2032297106,,2025-06-25,R25BK00926222
R25BK00916229_000_1_000_255365,1,0.745639,1,6010629901,공정제어실험장치,7898703154,주식회사 지앨,2025-06-26,R25BK00916229
R25BK00916229_000_1_000_255365,2,0.017154,0,6010629901,공정제어실험장치,5308101983,,2025-06-26,R25BK00916229
R25BK00916229_000_1_000_255365,3,0.013759,0,6010629901,공정제어실험장치,1720102727,,2025-06-26,R25BK00916229
R25BK00916229_000_1_000_255365,4,0.009389,0,6010629901,공정제어실험장치,7143200681,,2025-06-26,R25BK00916229
R25BK00916229_000_1_000_255365,5,0.008873,0,6010629901,공정제어실험장치,6191217384,,2025-06-26,R25BK00916229
R25BK00916229_000_1_000_255365,6,0.007377,0,6010629901,공정제어실험장치,1406600449,,2025-06-26,R25BK00916229
R25BK00916229_000_1_000_255365,7,0.006224,0,6010629901,공정제어실험장치,7180103124,,2025-06-26,R25BK00916229
R25BK00916229_000_1_000_255365,8,0.005032,0,6010629901,공정제어실험장치,7573600920,,2025-06-26,R25BK00916229
R25BK00916229_000_1_000_255365,9,0.004755,0,6010629901,공정제어실험장치,6913601202,,2025-06-26,R25BK00916229
R25BK00916229_000_1_000_255365,10,0.004733,0,6010629901,공정제어실험장치,1022696189,,2025-06-26,R25BK00916229
R25BK00919056_000_1_000_258015,1,0.295198,0,4110451001,건조기,2790503350,,2025-06-26,R25BK00919056
R25BK00919056_000_1_000_258015,2,0.191924,0,4110451001,건조기,7117800297,,2025-06-26,R25BK00919056
R25BK00919056_000_1_000_258015,3,0.13595,0,4110451001,건조기,8934601108,,2025-06-26,R25BK00919056
R25BK00919056_000_1_000_258015,4,0.132828,0,4110451001,건조기,3020620068,,2025-06-26,R25BK00919056
R25BK00919056_000_1_000_258015,5,0.117633,0,4110451001,건조기,6990302508,,2025-06-26,R25BK00919056
R25BK00919056_000_1_000_258015,6,0.084682,1,4110451001,건조기,4946100661,제이코지,2025-06-26,R25BK00919056
R25BK00919056_000_1_000_258015,7,0.067212,0,4110451001,건조기,2098152346,,2025-06-26,R25BK00919056
R25BK00919056_000_1_000_258015,8,0.05225,0,4110451001,건조기,5483301101,,2025-06-26,R25BK00919056
R25BK00919056_000_1_000_258015,9,0.045911,0,4110451001,건조기,5122501941,,2025-06-26,R25BK00919056
R25BK00919056_000_1_000_258015,10,0.045695,0,4110451001,건조기,5691702581,,2025-06-26,R25BK00919056
R25BK00915089_000_1_000_258053,1,0.112755,1,5313162701,손세정제,3508800669,주식회사 재이디,2025-06-27,R25BK00915089
R25BK00915089_000_1_000_258053,2,0.092266,0,5313162701,손세정제,4178138775,,2025-06-27,R25BK00915089
R25BK00915089_000_1_000_258053,3,0.071165,0,5313162701,손세정제,2031112343,,2025-06-27,R25BK00915089
R25BK00915089_000_1_000_258053,4,0.041813,0,5313162701,손세정제,3752901582,,2025-06-27,R25BK00915089
R25BK00915089_000_1_000_258053,5,0.037746,0,5313162701,손세정제,1185400599,,2025-06-27,R25BK00915089
R25BK00915089_000_1_000_258053,6,0.031229,0,5313162701,손세정제,7648602386,,2025-06-27,R25BK00915089
R25BK00915089_000_1_000_258053,7,0.029453,0,5313162701,손세정제,7314201248,,2025-06-27,R25BK00915089
R25BK00915089_000_1_000_258053,8,0.023824,0,5313162701,손세정제,1488101770,,2025-06-27,R25BK00915089
R25BK00915089_000_1_000_258053,9,0.022591,0,5313162701,손세정제,1638802364,,2025-06-27,R25BK00915089
R25BK00915089_000_1_000_258053,10,0.018962,0,5313162701,손세정제,3898102797,,2025-06-27,R25BK00915089
R25BK00918646_000_1_000_250502,1,0.225842,1,4010178702,냉난방기,5148141488,주식회사 평화전력,2025-06-27,R25BK00918646
R25BK00918646_000_1_000_250502,2,0.192241,0,4010178702,냉난방기,7818802099,,2025-06-27,R25BK00918646
R25BK00918646_000_1_000_250502,3,0.176732,0,4010178702,냉난방기,3900902374,,2025-06-27,R25BK00918646
R25BK00918646_000_1_000_250502,4,0.175315,0,4010178702,냉난방기,2603900354,,2025-06-27,R25BK00918646
R25BK00918646_000_1_000_250502,5,0.169969,0,4010178702,냉난방기,5098600817,,2025-06-27,R25BK00918646
R25BK00918646_000_1_000_250502,6,0.154457,0,4010178702,냉난방기,4028194760,,2025-06-27,R25BK00918646
R25BK00918646_000_1_000_250502,7,0.14266,0,4010178702,냉난방기,7902900860,,2025-06-27,R25BK00918646
R25BK00918646_000_1_000_250502,8,0.133242,0,4010178702,냉난방기,6980802081,,2025-06-27,R25BK00918646
R25BK00918646_000_1_000_250502,9,0.128296,0,4010178702,냉난방기,2488603113,,2025-06-27,R25BK00918646
R25BK00918646_000_1_000_250502,10,0.124057,0,4010178702,냉난방기,6120573994,,2025-06-27,R25BK00918646
R25BK00920771_000_1_001_249528,1,0.1104,0,2110160201,이앙기,2208815411,,2025-06-27,R25BK00920771
R25BK00920771_000_1_001_249528,2,0.100049,0,2110160201,이앙기,8617300369,,2025-06-27,R25BK00920771
R25BK00920771_000_1_001_249528,3,0.046219,0,2110160201,이앙기,4168198111,,2025-06-27,R25BK00920771
R25BK00920771_000_1_001_249528,4,0.018086,1,2110160201,이앙기,2827300402,국제기계,2025-06-27,R25BK00920771
R25BK00920771_000_1_001_249528,5,0.010198,0,2110160201,이앙기,5111036045,,2025-06-27,R25BK00920771
R25BK00920771_000_1_001_249528,6,0.007469,0,2110160201,이앙기,2568802462,,2025-06-27,R25BK00920771
R25BK00920771_000_1_001_249528,7,0.006327,0,2110160201,이앙기,2461600719,,2025-06-27,R25BK00920771
R25BK00920771_000_1_001_249528,8,0.005931,0,2110160201,이앙기,4555100293,,2025-06-27,R25BK00920771
R25BK00920771_000_1_001_249528,9,0.005811,0,2110160201,이앙기,5506400813,,2025-06-27,R25BK00920771
R25BK00920771_000_1_001_249528,10,0.005495,0,2110160201,이앙기,2410602784,,2025-06-27,R25BK00920771
R25BK00921900_000_1_000_254071,1,0.918709,1,1110152201,활성탄,2368601830,주식회사 이수카본,2025-06-27,R25BK00921900
R25BK00921900_000_1_000_254071,2,0.034795,0,1110152201,활성탄,5743001846,,2025-06-27,R25BK00921900
R25BK00921900_000_1_000_254071,3,0.023296,0,1110152201,활성탄,1460203291,,2025-06-27,R25BK00921900
R25BK00921900_000_1_000_254071,4,0.020464,0,1110152201,활성탄,5130183178,,2025-06-27,R25BK00921900
R25BK00921900_000_1_000_254071,5,0.017602,0,1110152201,활성탄,5606900509,,2025-06-27,R25BK00921900
R25BK00921900_000_1_000_254071,6,0.015618,0,1110152201,활성탄,6041814897,,2025-06-27,R25BK00921900
R25BK00921900_000_1_000_254071,7,0.014658,0,1110152201,활성탄,5732701519,,2025-06-27,R25BK00921900
R25BK00921900_000_1_000_254071,8,0.014639,0,1110152201,활성탄,1810601969,,2025-06-27,R25BK00921900
R25BK00921900_000_1_000_254071,9,0.01372,0,1110152201,활성탄,1718100086,,2025-06-27,R25BK00921900
R25BK00921900_000_1_000_254071,10,0.012869,0,1110152201,활성탄,1162801399,,2025-06-27,R25BK00921900
R25BK00918777_000_1_000_259450,1,0.456438,1,3010290301,금속기둥,8878702838,뉴테크 주식회사,2025-06-30,R25BK00918777
R25BK00918777_000_1_000_259450,2,0.348362,0,3010290301,금속기둥,1170866553,,2025-06-30,R25BK00918777
R25BK00918777_000_1_000_259450,3,0.347313,0,3010290301,금속기둥,4048130078,,2025-06-30,R25BK00918777
R25BK00918777_000_1_000_259450,4,0.273665,0,3010290301,금속기둥,1258131515,,2025-06-30,R25BK00918777
R25BK00918777_000_1_000_259450,5,0.091222,0,3010290301,금속기둥,1268661341,,2025-06-30,R25BK00918777
R25BK00918777_000_1_000_259450,6,0.057921,0,3010290301,금속기둥,2011525821,,2025-06-30,R25BK00918777
R25BK00918777_000_1_000_259450,7,0.020719,0,3010290301,금속기둥,4180357215,,2025-06-30,R25BK00918777
R25BK00918777_000_1_000_259450,8,0.018255,0,3010290301,금속기둥,1406600449,,2025-06-30,R25BK00918777
R25BK00918777_000_1_000_259450,9,0.013172,0,3010290301,금속기둥,4968703363,,2025-06-30,R25BK00918777
R25BK00918777_000_1_000_259450,10,0.011946,0,3010290301,금속기둥,2610702922,,2025-06-30,R25BK00918777
R25BK00925313_000_1_000_259517,1,0.718708,1,3912118901,계장제어장치,1382601527,리테크,2025-06-30,R25BK00925313
R25BK00925313_000_1_000_259517,2,0.518524,0,3912118901,계장제어장치,6348600656,,2025-06-30,R25BK00925313
R25BK00925313_000_1_000_259517,3,0.241645,0,3912118901,계장제어장치,4158122715,,2025-06-30,R25BK00925313
R25BK00925313_000_1_000_259517,4,0.127694,0,3912118901,계장제어장치,6088171458,,2025-06-30,R25BK00925313
R25BK00925313_000_1_000_259517,5,0.126873,0,3912118901,계장제어장치,1058680303,,2025-06-30,R25BK00925313
R25BK00925313_000_1_000_259517,6,0.092565,0,3912118901,계장제어장치,2188601225,,2025-06-30,R25BK00925313
R25BK00925313_000_1_000_259517,7,0.049684,0,3912118901,계장제어장치,2258123125,,2025-06-30,R25BK00925313
R25BK00925313_000_1_000_259517,8,0.018803,0,3912118901,계장제어장치,8068700715,,2025-06-30,R25BK00925313
R25BK00925313_000_1_000_259517,9,0.011919,0,3912118901,계장제어장치,2888500586,,2025-06-30,R25BK00925313
R25BK00925313_000_1_000_259517,10,0.011277,0,3912118901,계장제어장치,1138134111,,2025-06-30,R25BK00925313
R25BK00931550_000_1_000_253231,1,0.166614,0,4010180604,히트펌프,6078172513,,2025-06-30,R25BK00931550
R25BK00931550_000_1_000_253231,2,0.150604,0,4010180604,히트펌프,2268138709,,2025-06-30,R25BK00931550
R25BK00931550_000_1_000_253231,3,0.14943,1,4010180604,히트펌프,2258113888,동림환경건설(주),2025-06-30,R25BK00931550
R25BK00931550_000_1_000_253231,4,0.081009,0,4010180604,히트펌프,1828601697,,2025-06-30,R25BK00931550
R25BK00931550_000_1_000_253231,5,0.034284,0,4010180604,히트펌프,3888801154,,2025-06-30,R25BK00931550
R25BK00931550_000_1_000_253231,6,0.027596,0,4010180604,히트펌프,6758601049,,2025-06-30,R25BK00931550
R25BK00931550_000_1_000_253231,7,0.017718,0,4010180604,히트펌프,4858601669,,2025-06-30,R25BK00931550
R25BK00931550_000_1_000_253231,8,0.017618,0,4010180604,히트펌프,2038701443,,2025-06-30,R25BK00931550
R25BK00931550_000_1_000_253231,9,0.016623,0,4010180604,히트펌프,7394000782,,2025-06-30,R25BK00931550
R25BK00931550_000_1_000_253231,10,0.013812,0,4010180604,히트펌프,1278178215,,2025-06-30,R25BK00931550
R25BK00917950_000_1_001_257427,1,0.465926,0,4322181001,광다중화장치,8208802244,,2025-07-01,R25BK00917950
R25BK00917950_000_1_001_257427,2,0.441922,0,4322181001,광다중화장치,5028192306,,2025-07-01,R25BK00917950
R25BK00917950_000_1_001_257427,3,0.421291,1,4322181001,광다중화장치,6158182399,주식회사 신화유디텍,2025-07-01,R25BK00917950
R25BK00917950_000_1_001_257427,4,0.399298,0,4322181001,광다중화장치,4268800874,,2025-07-01,R25BK00917950
R25BK00917950_000_1_001_257427,5,0.236123,0,4322181001,광다중화장치,5018123048,,2025-07-01,R25BK00917950
R25BK00917950_000_1_001_257427,6,0.226398,0,4322181001,광다중화장치,1428137834,,2025-07-01,R25BK00917950
R25BK00917950_000_1_001_257427,7,0.221914,0,4322181001,광다중화장치,1298189469,,2025-07-01,R25BK00917950
R25BK00917950_000_1_001_257427,8,0.162205,0,4322181001,광다중화장치,1198108907,,2025-07-01,R25BK00917950
R25BK00917950_000_1_001_257427,9,0.155687,0,4322181001,광다중화장치,1108194973,,2025-07-01,R25BK00917950
R25BK00917950_000_1_001_257427,10,0.15233,0,4322181001,광다중화장치,5028150325,,2025-07-01,R25BK00917950
R25BK00925525_000_1_000_257934,1,0.561044,1,4015150501,정량펌프,7778100166,주식회사 로텍,2025-07-01,R25BK00925525
R25BK00925525_000_1_000_257934,2,0.065926,0,4015150501,정량펌프,4090243063,,2025-07-01,R25BK00925525
R25BK00925525_000_1_000_257934,3,0.031867,0,4015150501,정량펌프,4490802984,,2025-07-01,R25BK00925525
R25BK00925525_000_1_000_257934,4,0.022077,0,4015150501,정량펌프,6014406418,,2025-07-01,R25BK00925525
R25BK00925525_000_1_000_257934,5,0.021894,0,4015150501,정량펌프,2977000704,,2025-07-01,R25BK00925525
R25BK00925525_000_1_000_257934,6,0.020253,0,4015150501,정량펌프,7093201432,,2025-07-01,R25BK00925525
R25BK00925525_000_1_000_257934,7,0.019001,0,4015150501,정량펌프,2102652293,,2025-07-01,R25BK00925525
R25BK00925525_000_1_000_257934,8,0.018284,0,4015150501,정량펌프,2291303909,,2025-07-01,R25BK00925525
R25BK00925525_000_1_000_257934,9,0.017854,0,4015150501,정량펌프,3651801162,,2025-07-01,R25BK00925525
R25BK00925525_000_1_000_257934,10,0.01719,0,4015150501,정량펌프,4125300626,,2025-07-01,R25BK00925525
R25BK00922213_000_1_000_259703,1,0.470808,1,2110180101,동력분무기,4111387279,미소농기계,2025-07-02,R25BK00922213
R25BK00922213_000_1_000_259703,2,0.073416,0,2110180101,동력분무기,3108116164,,2025-07-02,R25BK00922213
R25BK00922213_000_1_000_259703,3,0.0245,0,2110180101,동력분무기,5061739883,,2025-07-02,R25BK00922213
R25BK00922213_000_1_000_259703,4,0.012258,0,2110180101,동력분무기,8378601424,,2025-07-02,R25BK00922213
R25BK00922213_000_1_000_259703,5,0.0116,0,2110180101,동력분무기,8404500734,,2025-07-02,R25BK00922213
R25BK00922213_000_1_000_259703,6,0.010486,0,2110180101,동력분무기,2028703230,,2025-07-02,R25BK00922213
R25BK00922213_000_1_000_259703,7,0.00989,0,2110180101,동력분무기,6022593083,,2025-07-02,R25BK00922213
R25BK00922213_000_1_000_259703,8,0.007642,0,2110180101,동력분무기,1406600449,,2025-07-02,R25BK00922213
R25BK00922213_000_1_000_259703,9,0.007642,0,2110180101,동력분무기,6700202359,,2025-07-02,R25BK00922213
R25BK00922213_000_1_000_259703,10,0.007036,0,2110180101,동력분무기,8781601780,,2025-07-02,R25BK00922213
R25BK00926475_000_1_000_260680,1,0.611101,1,5215201801,도시락,2418103271,주식회사 푸드명가,2025-07-02,R25BK00926475
R25BK00926475_000_1_000_260680,2,0.219586,0,5215201801,도시락,5702800236,,2025-07-02,R25BK00926475
R25BK00926475_000_1_000_260680,3,0.187953,0,5215201801,도시락,3951301310,,2025-07-02,R25BK00926475
R25BK00926475_000_1_000_260680,4,0.102302,0,5215201801,도시락,6121863007,,2025-07-02,R25BK00926475
R25BK00926475_000_1_000_260680,5,0.020254,0,5215201801,도시락,4723801100,,2025-07-02,R25BK00926475
R25BK00926475_000_1_000_260680,6,0.01337,0,5215201801,도시락,7985500131,,2025-07-02,R25BK00926475
R25BK00926475_000_1_000_260680,7,0.010255,0,5215201801,도시락,2908801482,,2025-07-02,R25BK00926475
R25BK00926475_000_1_000_260680,8,0.00974,0,5215201801,도시락,4758700433,,2025-07-02,R25BK00926475
R25BK00926475_000_1_000_260680,9,0.009204,0,5215201801,도시락,4901301333,,2025-07-02,R25BK00926475
R25BK00926475_000_1_000_260680,10,0.009184,0,5215201801,도시락,2948701793,,2025-07-02,R25BK00926475
R25BK00929220_000_1_000_260678,1,0.335307,0,4010178702,냉난방기,6955600751,,2025-07-08,R25BK00929220
R25BK00929220_000_1_000_260678,2,0.184067,0,4010178702,냉난방기,3038113140,,2025-07-08,R25BK00929220
R25BK00929220_000_1_000_260678,3,0.1633,0,4010178702,냉난방기,5142044825,,2025-07-08,R25BK00929220
R25BK00929220_000_1_000_260678,4,0.136313,0,4010178702,냉난방기,7072402013,,2025-07-08,R25BK00929220
R25BK00929220_000_1_000_260678,5,0.131154,0,4010178702,냉난방기,8061902320,,2025-07-08,R25BK00929220
R25BK00929220_000_1_000_260678,6,0.131154,0,4010178702,냉난방기,1294000743,,2025-07-08,R25BK00929220
R25BK00929220_000_1_000_260678,7,0.116198,0,4010178702,냉난방기,3142470871,,2025-07-08,R25BK00929220
R25BK00929220_000_1_000_260678,8,0.111484,0,4010178702,냉난방기,6198108649,,2025-07-08,R25BK00929220
R25BK00929220_000_1_000_260678,9,0.109562,1,4010178702,냉난방기,1138157638,미래기전(주),2025-07-08,R25BK00929220
R25BK00929220_000_1_000_260678,10,0.108875,0,4010178702,냉난방기,2298801383,,2025-07-08,R25BK00929220
R25BK00947914_000_1_000_258170,1,0.413511,0,4111249801,프로세스제어반,5718800776,,2025-07-09,R25BK00947914
R25BK00947914_000_1_000_258170,2,0.367984,0,4111249801,프로세스제어반,4258703828,,2025-07-09,R25BK00947914
R25BK00947914_000_1_000_258170,3,0.324699,1,4111249801,프로세스제어반,5760301109,정은엔텍,2025-07-09,R25BK00947914
R25BK00947914_000_1_000_258170,4,0.141329,0,4111249801,프로세스제어반,5151904422,,2025-07-09,R25BK00947914
R25BK00947914_000_1_000_258170,5,0.12794,0,4111249801,프로세스제어반,5358102181,,2025-07-09,R25BK00947914
R25BK00947914_000_1_000_258170,6,0.117473,0,4111249801,프로세스제어반,6988600820,,2025-07-09,R25BK00947914
R25BK00947914_000_1_000_258170,7,0.110404,0,4111249801,프로세스제어반,3160367606,,2025-07-09,R25BK00947914
R25BK00947914_000_1_000_258170,8,0.090568,0,4111249801,프로세스제어반,7255800401,,2025-07-09,R25BK00947914
R25BK00947914_000_1_000_258170,9,0.044407,0,4111249801,프로세스제어반,1368208103,,2025-07-09,R25BK00947914
R25BK00947914_000_1_000_258170,10,0.043674,0,4111249801,프로세스제어반,3128672279,,2025-07-09,R25BK00947914
R25BK00932321_000_1_000_258184,1,0.5351,0,4111363801,오실로스코프,4628602632,,2025-07-10,R25BK00932321
R25BK00932321_000_1_000_258184,2,0.295106,0,4111363801,오실로스코프,8521602190,,2025-07-10,R25BK00932321
R25BK00932321_000_1_000_258184,3,0.264963,0,4111363801,오실로스코프,3531702346,,2025-07-10,R25BK00932321
R25BK00932321_000_1_000_258184,4,0.241142,0,4111363801,오실로스코프,2791401150,,2025-07-10,R25BK00932321
R25BK00932321_000_1_000_258184,5,0.203345,0,4111363801,오실로스코프,1562601812,,2025-07-10,R25BK00932321
R25BK00932321_000_1_000_258184,6,0.178869,0,4111363801,오실로스코프,7765000873,,2025-07-10,R25BK00932321
R25BK00932321_000_1_000_258184,7,0.116385,0,4111363801,오실로스코프,6581702300,,2025-07-10,R25BK00932321
R25BK00932321_000_1_000_258184,8,0.113416,0,4111363801,오실로스코프,7374000807,,2025-07-10,R25BK00932321
R25BK00932321_000_1_000_258184,9,0.110894,0,4111363801,오실로스코프,5691702581,,2025-07-10,R25BK00932321
R25BK00932321_000_1_000_258184,10,0.099847,0,4111363801,오실로스코프,3420701770,,2025-07-10,R25BK00932321
R25BK00949161_000_1_000_260293,1,0.957481,1,4616150601,눈및얼음융해장치,1248705767,주식회사 영신,2025-07-10,R25BK00949161
R25BK00949161_000_1_000_260293,2,0.162613,0,4616150601,눈및얼음융해장치,5681002804,,2025-07-10,R25BK00949161
R25BK00949161_000_1_000_260293,3,0.032595,0,4616150601,눈및얼음융해장치,2968100430,,2025-07-10,R25BK00949161
R25BK00949161_000_1_000_260293,4,0.012669,0,4616150601,눈및얼음융해장치,1843200842,,2025-07-10,R25BK00949161
R25BK00949161_000_1_000_260293,5,0.009018,0,4616150601,눈및얼음융해장치,8646300791,,2025-07-10,R25BK00949161
R25BK00949161_000_1_000_260293,6,0.007656,0,4616150601,눈및얼음융해장치,7374000807,,2025-07-10,R25BK00949161
R25BK00949161_000_1_000_260293,7,0.005349,0,4616150601,눈및얼음융해장치,1082692347,,2025-07-10,R25BK00949161
R25BK00949161_000_1_000_260293,8,0.004719,0,4616150601,눈및얼음융해장치,6930203725,,2025-07-10,R25BK00949161
R25BK00949161_000_1_000_260293,9,0.0044,0,4616150601,눈및얼음융해장치,2021751739,,2025-07-10,R25BK00949161
R25BK00949161_000_1_000_260293,10,0.003999,0,4616150601,눈및얼음융해장치,6043714049,,2025-07-10,R25BK00949161
R25BK00949423_000_1_000_256207,1,0.735738,0,4111540401,질량분석기,1911000076,,2025-07-10,R25BK00949423
R25BK00949423_000_1_000_256207,2,0.566113,1,4111540401,질량분석기,8178702843,주식회사 에이치앤씨컴퍼니,2025-07-10,R25BK00949423
R25BK00949423_000_1_000_256207,3,0.008052,0,4111540401,질량분석기,7120702662,,2025-07-10,R25BK00949423
R25BK00949423_000_1_000_256207,4,0.007497,0,4111540401,질량분석기,5910602637,,2025-07-10,R25BK00949423
R25BK00949423_000_1_000_256207,5,0.00711,0,4111540401,질량분석기,2030814550,,2025-07-10,R25BK00949423
R25BK00949423_000_1_000_256207,6,0.006711,0,4111540401,질량분석기,4191701778,,2025-07-10,R25BK00949423
R25BK00949423_000_1_000_256207,7,0.006593,0,4111540401,질량분석기,8710801635,,2025-07-10,R25BK00949423
R25BK00949423_000_1_000_256207,8,0.005821,0,4111540401,질량분석기,8598101754,,2025-07-10,R25BK00949423
R25BK00949423_000_1_000_256207,9,0.005594,0,4111540401,질량분석기,8933300981,,2025-07-10,R25BK00949423
R25BK00949423_000_1_000_256207,10,0.005575,0,4111540401,질량분석기,1993200859,,2025-07-10,R25BK00949423
R25BK00949732_000_1_000_256043,1,0.957481,1,4616150601,눈및얼음융해장치,1248705767,주식회사 영신,2025-07-10,R25BK00949732
R25BK00949732_000_1_000_256043,2,0.147571,0,4616150601,눈및얼음융해장치,6218524131,,2025-07-10,R25BK00949732
R25BK00949732_000_1_000_256043,3,0.016103,0,4616150601,눈및얼음융해장치,7318801270,,2025-07-10,R25BK00949732
R25BK00949732_000_1_000_256043,4,0.010743,0,4616150601,눈및얼음융해장치,8610803034,,2025-07-10,R25BK00949732
R25BK00949732_000_1_000_256043,5,0.008401,0,4616150601,눈및얼음융해장치,1406600449,,2025-07-10,R25BK00949732
R25BK00949732_000_1_000_256043,6,0.006748,0,4616150601,눈및얼음융해장치,4180357215,,2025-07-10,R25BK00949732
R25BK00949732_000_1_000_256043,7,0.006386,0,4616150601,눈및얼음융해장치,2888802606,,2025-07-10,R25BK00949732
R25BK00949732_000_1_000_256043,8,0.005821,0,4616150601,눈및얼음융해장치,8962800138,,2025-07-10,R25BK00949732
R25BK00949732_000_1_000_256043,9,0.005382,0,4616150601,눈및얼음융해장치,1460203291,,2025-07-10,R25BK00949732
R25BK00949732_000_1_000_256043,10,0.004839,0,4616150601,눈및얼음융해장치,4095000949,,2025-07-10,R25BK00949732
R25BK00936469_000_1_000_256227,1,0.720284,1,4014176301,수격방지기,1378126164,주식회사 보은정공,2025-07-11,R25BK00936469
R25BK00936469_000_1_000_256227,2,0.035825,0,4014176301,수격방지기,7910101441,,2025-07-11,R25BK00936469
R25BK00936469_000_1_000_256227,3,0.035714,0,4014176301,수격방지기,3101398435,,2025-07-11,R25BK00936469
R25BK00936469_000_1_000_256227,4,0.031921,0,4014176301,수격방지기,1458102877,,2025-07-11,R25BK00936469
R25BK00936469_000_1_000_256227,5,0.023916,0,4014176301,수격방지기,1870302456,,2025-07-11,R25BK00936469
R25BK00936469_000_1_000_256227,6,0.023894,0,4014176301,수격방지기,4810601587,,2025-07-11,R25BK00936469
R25BK00936469_000_1_000_256227,7,0.022331,0,4014176301,수격방지기,2082252216,,2025-07-11,R25BK00936469
R25BK00936469_000_1_000_256227,8,0.021514,0,4014176301,수격방지기,8115800570,,2025-07-11,R25BK00936469
R25BK00936469_000_1_000_256227,9,0.020428,0,4014176301,수격방지기,2050383567,,2025-07-11,R25BK00936469
R25BK00936469_000_1_000_256227,10,0.018809,0,4014176301,수격방지기,5381602163,,2025-07-11,R25BK00936469
R25BK00939525_000_1_000_258747,1,0.635069,0,4010180602,가스엔진히트펌프,2028703230,,2025-07-11,R25BK00939525
R25BK00939525_000_1_000_258747,2,0.253401,0,4010180602,가스엔진히트펌프,2280866493,,2025-07-11,R25BK00939525
R25BK00939525_000_1_000_258747,3,0.231088,0,4010180602,가스엔진히트펌프,8628601978,,2025-07-11,R25BK00939525
R25BK00939525_000_1_000_258747,4,0.209368,0,4010180602,가스엔진히트펌프,8611101996,,2025-07-11,R25BK00939525
R25BK00939525_000_1_000_258747,5,0.205607,0,4010180602,가스엔진히트펌프,1831102935,,2025-07-11,R25BK00939525
R25BK00939525_000_1_000_258747,6,0.128738,0,4010180602,가스엔진히트펌프,4963401108,,2025-07-11,R25BK00939525
R25BK00939525_000_1_000_258747,7,0.103422,0,4010180602,가스엔진히트펌프,6083892516,,2025-07-11,R25BK00939525
R25BK00939525_000_1_000_258747,8,0.092054,0,4010180602,가스엔진히트펌프,8831702323,,2025-07-11,R25BK00939525
R25BK00939525_000_1_000_258747,9,0.075637,0,4010180602,가스엔진히트펌프,1448701504,,2025-07-11,R25BK00939525
R25BK00939525_000_1_000_258747,10,0.062121,0,4010180602,가스엔진히트펌프,5148174539,,2025-07-11,R25BK00939525
R25BK00940002_000_1_000_258272,1,0.808288,1,4111363801,오실로스코프,8028803191,케이에이치테크스케이프 주식회사,2025-07-11,R25BK00940002
R25BK00940002_000_1_000_258272,2,0.097505,0,4111363801,오실로스코프,2064960982,,2025-07-11,R25BK00940002
R25BK00940002_000_1_000_258272,3,0.084007,0,4111363801,오실로스코프,2423400268,,2025-07-11,R25BK00940002
R25BK00940002_000_1_000_258272,4,0.021985,0,4111363801,오실로스코프,2581302247,,2025-07-11,R25BK00940002
R25BK00940002_000_1_000_258272,5,0.019525,0,4111363801,오실로스코프,1072454517,,2025-07-11,R25BK00940002
R25BK00940002_000_1_000_258272,6,0.018735,0,4111363801,오실로스코프,6832700234,,2025-07-11,R25BK00940002
R25BK00940002_000_1_000_258272,7,0.014789,0,4111363801,오실로스코프,7188802975,,2025-07-11,R25BK00940002
R25BK00940002_000_1_000_258272,8,0.01075,0,4111363801,오실로스코프,1993200859,,2025-07-11,R25BK00940002
R25BK00940002_000_1_000_258272,9,0.010204,0,4111363801,오실로스코프,6986600628,,2025-07-11,R25BK00940002
R25BK00940002_000_1_000_258272,10,0.009899,0,4111363801,오실로스코프,1191972076,,2025-07-11,R25BK00940002
R25BK00946076_000_1_000_258869,1,0.477052,0,4710151601,탁도계,3688100996,,2025-07-14,R25BK00946076
R25BK00946076_000_1_000_258869,2,0.263734,0,4710151601,탁도계,7948100026,,2025-07-14,R25BK00946076
R25BK00946076_000_1_000_258869,3,0.221116,0,4710151601,탁도계,6122552599,,2025-07-14,R25BK00946076
R25BK00946076_000_1_000_258869,4,0.199878,0,4710151601,탁도계,6620203279,,2025-07-14,R25BK00946076
R25BK00946076_000_1_000_258869,5,0.184125,0,4710151601,탁도계,6132297389,,2025-07-14,R25BK00946076
R25BK00946076_000_1_000_258869,6,0.127124,0,4710151601,탁도계,2328103618,,2025-07-14,R25BK00946076
R25BK00946076_000_1_000_258869,7,0.110535,0,4710151601,탁도계,7445400855,,2025-07-14,R25BK00946076
R25BK00946076_000_1_000_258869,8,0.095944,0,4710151601,탁도계,2083702063,,2025-07-14,R25BK00946076
R25BK00946076_000_1_000_258869,9,0.094985,0,4710151601,탁도계,6234100806,,2025-07-14,R25BK00946076
R25BK00946076_000_1_000_258869,10,0.092436,0,4710151601,탁도계,1351396175,,2025-07-14,R25BK00946076
R25BK00941277_000_1_000_257714,1,0.88322,1,4618160501,안전화,6068164024,(주)빅토스,2025-07-15,R25BK00941277
R25BK00941277_000_1_000_257714,2,0.126125,0,4618160501,안전화,5560800718,,2025-07-15,R25BK00941277
R25BK00941277_000_1_000_257714,3,0.091076,0,4618160501,안전화,3451501944,,2025-07-15,R25BK00941277
R25BK00941277_000_1_000_257714,4,0.087494,0,4618160501,안전화,2388102728,,2025-07-15,R25BK00941277
R25BK00941277_000_1_000_257714,5,0.087342,0,4618160501,안전화,4098647017,,2025-07-15,R25BK00941277
R25BK00941277_000_1_000_257714,6,0.044823,0,4618160501,안전화,1400398138,,2025-07-15,R25BK00941277
R25BK00941277_000_1_000_257714,7,0.044213,0,4618160501,안전화,6548800450,,2025-07-15,R25BK00941277
R25BK00941277_000_1_000_257714,8,0.031995,0,4618160501,안전화,2080498372,,2025-07-15,R25BK00941277
R25BK00941277_000_1_000_257714,9,0.0304,0,4618160501,안전화,7262302002,,2025-07-15,R25BK00941277
R25BK00941277_000_1_000_257714,10,0.024989,0,4618160501,안전화,6200274673,,2025-07-15,R25BK00941277
R25BK00945813_000_1_000_257095,1,0.699009,0,1017999901,토양개량제,3128133081,,2025-07-15,R25BK00945813
R25BK00945813_000_1_000_257095,2,0.313983,0,1017999901,토양개량제,1248196214,,2025-07-15,R25BK00945813
R25BK00945813_000_1_000_257095,3,0.276123,0,1017999901,토양개량제,5158100326,,2025-07-15,R25BK00945813
R25BK00945813_000_1_000_257095,4,0.11563,0,1017999901,토양개량제,5303900520,,2025-07-15,R25BK00945813
R25BK00945813_000_1_000_257095,5,0.077555,0,1017999901,토양개량제,8767600149,,2025-07-15,R25BK00945813
R25BK00945813_000_1_000_257095,6,0.055735,0,1017999901,토양개량제,2198602611,,2025-07-15,R25BK00945813
R25BK00945813_000_1_000_257095,7,0.017955,0,1017999901,토양개량제,4028150011,,2025-07-15,R25BK00945813
R25BK00945813_000_1_000_257095,8,0.011682,0,1017999901,토양개량제,4150838835,,2025-07-15,R25BK00945813
R25BK00945813_000_1_000_257095,9,0.005194,0,1017999901,토양개량제,6913601202,,2025-07-15,R25BK00945813
R25BK00945813_000_1_000_257095,10,0.003736,1,1017999901,토양개량제,4040197932,삼미상사,2025-07-15,R25BK00945813
R25BK00924533_000_1_000_258256,1,0.730818,1,4010171101,터보냉동기,6068140018,에스피앤지(주),2025-07-16,R25BK00924533
R25BK00924533_000_1_000_258256,2,0.149712,0,4010171101,터보냉동기,6858700762,,2025-07-16,R25BK00924533
R25BK00924533_000_1_000_258256,3,0.106974,0,4010171101,터보냉동기,6036800416,,2025-07-16,R25BK00924533
R25BK00924533_000_1_000_258256,4,0.090283,0,4010171101,터보냉동기,6082538282,,2025-07-16,R25BK00924533
R25BK00924533_000_1_000_258256,5,0.089981,0,4010171101,터보냉동기,5066400723,,2025-07-16,R25BK00924533
R25BK00924533_000_1_000_258256,6,0.085309,0,4010171101,터보냉동기,6032772881,,2025-07-16,R25BK00924533
R25BK00924533_000_1_000_258256,7,0.074238,0,4010171101,터보냉동기,6430302602,,2025-07-16,R25BK00924533
R25BK00924533_000_1_000_258256,8,0.073645,0,4010171101,터보냉동기,8618101285,,2025-07-16,R25BK00924533
R25BK00924533_000_1_000_258256,9,0.073088,0,4010171101,터보냉동기,7645200836,,2025-07-16,R25BK00924533
R25BK00924533_000_1_000_258256,10,0.071727,0,4010171101,터보냉동기,1308142896,,2025-07-16,R25BK00924533
R25BK00943920_000_1_000_261615,1,0.51478,1,5022120102,전투식량,4128118153,주식회사 샬롬,2025-07-16,R25BK00943920
R25BK00943920_000_1_000_261615,2,0.390211,0,5022120102,전투식량,3038139780,,2025-07-16,R25BK00943920
R25BK00943920_000_1_000_261615,3,0.050426,0,5022120102,전투식량,4458102103,,2025-07-16,R25BK00943920
R25BK00943920_000_1_000_261615,4,0.00667,0,5022120102,전투식량,8808103042,,2025-07-16,R25BK00943920
R25BK00943931_000_1_000_263131,1,0.51478,1,5022120102,전투식량,4128118153,주식회사 샬롬,2025-07-16,R25BK00943931
R25BK00943931_000_1_000_263131,2,0.390211,0,5022120102,전투식량,3038139780,,2025-07-16,R25BK00943931
R25BK00943931_000_1_000_263131,3,0.050426,0,5022120102,전투식량,4458102103,,2025-07-16,R25BK00943931
R25BK00943931_000_1_000_263131,4,0.00667,0,5022120102,전투식량,8808103042,,2025-07-16,R25BK00943931
R25BK00943933_000_1_001_263546,1,0.51478,0,5022120102,전투식량,4128118153,,2025-07-16,R25BK00943933
R25BK00943933_000_1_001_263546,2,0.390211,1,5022120102,전투식량,3038139780,주식회사 에스아이케이,2025-07-16,R25BK00943933
R25BK00943933_000_1_001_263546,3,0.050426,0,5022120102,전투식량,4458102103,,2025-07-16,R25BK00943933
R25BK00943933_000_1_001_263546,4,0.00667,0,5022120102,전투식량,8808103042,,2025-07-16,R25BK00943933
R25BK00943934_000_1_000_261866,1,0.51478,1,5022120102,전투식량,4128118153,주식회사 샬롬,2025-07-16,R25BK00943934
R25BK00943934_000_1_000_261866,2,0.409676,0,5022120102,전투식량,3038139780,,2025-07-16,R25BK00943934
R25BK00943934_000_1_000_261866,3,0.050426,0,5022120102,전투식량,4458102103,,2025-07-16,R25BK00943934
R25BK00943934_000_1_000_261866,4,0.00667,0,5022120102,전투식량,8808103042,,2025-07-16,R25BK00943934
R25BK00943935_000_1_000_265233,1,0.51478,1,5022120102,전투식량,4128118153,주식회사 샬롬,2025-07-16,R25BK00943935
R25BK00943935_000_1_000_265233,2,0.409676,0,5022120102,전투식량,3038139780,,2025-07-16,R25BK00943935
R25BK00943935_000_1_000_265233,3,0.050426,0,5022120102,전투식량,4458102103,,2025-07-16,R25BK00943935
R25BK00943935_000_1_000_265233,4,0.00667,0,5022120102,전투식량,8808103042,,2025-07-16,R25BK00943935
R25BK00943937_000_1_002_265551,1,0.4851,1,5022120102,전투식량,4128118153,주식회사 샬롬,2025-07-16,R25BK00943937
R25BK00943937_000_1_002_265551,2,0.409676,0,5022120102,전투식량,3038139780,,2025-07-16,R25BK00943937
R25BK00943937_000_1_002_265551,3,0.050426,0,5022120102,전투식량,4458102103,,2025-07-16,R25BK00943937
R25BK00943937_000_1_002_265551,4,0.00667,0,5022120102,전투식량,8808103042,,2025-07-16,R25BK00943937
R25BK00943940_000_1_000_265920,1,0.497235,1,5022120102,전투식량,4128118153,주식회사 샬롬,2025-07-16,R25BK00943940
R25BK00943940_000_1_000_265920,2,0.409676,0,5022120102,전투식량,3038139780,,2025-07-16,R25BK00943940
R25BK00943940_000_1_000_265920,3,0.050426,0,5022120102,전투식량,4458102103,,2025-07-16,R25BK00943940
R25BK00943940_000_1_000_265920,4,0.00667,0,5022120102,전투식량,8808103042,,2025-07-16,R25BK00943940
R25BK00943941_000_1_003_262335,1,0.497235,0,5022120102,전투식량,4128118153,,2025-07-16,R25BK00943941
R25BK00943941_000_1_003_262335,2,0.409676,1,5022120102,전투식량,3038139780,주식회사 에스아이케이,2025-07-16,R25BK00943941
R25BK00943941_000_1_003_262335,3,0.050426,0,5022120102,전투식량,4458102103,,2025-07-16,R25BK00943941
R25BK00943941_000_1_003_262335,4,0.00667,0,5022120102,전투식량,8808103042,,2025-07-16,R25BK00943941
R25BK00943942_000_1_001_262760,1,0.497235,0,5022120102,전투식량,4128118153,,2025-07-16,R25BK00943942
R25BK00943942_000_1_001_262760,2,0.409676,1,5022120102,전투식량,3038139780,주식회사 에스아이케이,2025-07-16,R25BK00943942
R25BK00943942_000_1_001_262760,3,0.050426,0,5022120102,전투식량,4458102103,,2025-07-16,R25BK00943942
R25BK00943942_000_1_001_262760,4,0.00667,0,5022120102,전투식량,8808103042,,2025-07-16,R25BK00943942
R25BK00943943_000_1_002_266392,1,0.497235,1,5022120102,전투식량,4128118153,주식회사 샬롬,2025-07-16,R25BK00943943
R25BK00943943_000_1_002_266392,2,0.409676,0,5022120102,전투식량,3038139780,,2025-07-16,R25BK00943943
R25BK00943943_000_1_002_266392,3,0.050426,0,5022120102,전투식량,4458102103,,2025-07-16,R25BK00943943
R25BK00943943_000_1_002_266392,4,0.00667,0,5022120102,전투식량,8808103042,,2025-07-16,R25BK00943943
R25BK00943944_000_1_000_263305,1,0.506334,1,5022120102,전투식량,4128118153,주식회사 샬롬,2025-07-16,R25BK00943944
R25BK00943944_000_1_000_263305,2,0.409676,0,5022120102,전투식량,3038139780,,2025-07-16,R25BK00943944
R25BK00943944_000_1_000_263305,3,0.050426,0,5022120102,전투식량,4458102103,,2025-07-16,R25BK00943944
R25BK00943944_000_1_000_263305,4,0.00667,0,5022120102,전투식량,8808103042,,2025-07-16,R25BK00943944
R25BK00943947_000_1_000_263497,1,0.529185,1,5022120102,전투식량,4128118153,주식회사 샬롬,2025-07-16,R25BK00943947
R25BK00943947_000_1_000_263497,2,0.409676,0,5022120102,전투식량,3038139780,,2025-07-16,R25BK00943947
R25BK00943947_000_1_000_263497,3,0.050426,0,5022120102,전투식량,4458102103,,2025-07-16,R25BK00943947
R25BK00943947_000_1_000_263497,4,0.00667,0,5022120102,전투식량,8808103042,,2025-07-16,R25BK00943947
R25BK00945088_000_1_000_259139,1,0.418652,0,7215169901,정보통신공사,1738100762,,2025-07-16,R25BK00945088
R25BK00945088_000_1_000_259139,2,0.20385,1,7215169901,정보통신공사,2288700439,주식회사은환이엔씨,2025-07-16,R25BK00945088
R25BK00945088_000_1_000_259139,3,0.174628,0,7215169901,정보통신공사,4648700700,,2025-07-16,R25BK00945088
R25BK00945088_000_1_000_259139,4,0.158839,0,7215169901,정보통신공사,2298135230,,2025-07-16,R25BK00945088
R25BK00945088_000_1_000_259139,5,0.15464,0,7215169901,정보통신공사,2248138829,,2025-07-16,R25BK00945088
R25BK00945088_000_1_000_259139,6,0.117532,0,7215169901,정보통신공사,2648126603,,2025-07-16,R25BK00945088
R25BK00945088_000_1_000_259139,7,0.102723,0,7215169901,정보통신공사,4348103359,,2025-07-16,R25BK00945088
R25BK00945088_000_1_000_259139,8,0.10145,0,7215169901,정보통신공사,8038600271,,2025-07-16,R25BK00945088
R25BK00945088_000_1_000_259139,9,0.091629,0,7215169901,정보통신공사,4048148146,,2025-07-16,R25BK00945088
R25BK00945088_000_1_000_259139,10,0.091629,0,7215169901,정보통신공사,4218802687,,2025-07-16,R25BK00945088
R25BK00946922_000_1_000_257589,1,0.881033,1,3010280201,콘크리트파일,5938702587,아주산업(주),2025-07-16,R25BK00946922
R25BK00946922_000_1_000_257589,2,0.194085,0,3010280201,콘크리트파일,6786300564,,2025-07-16,R25BK00946922
R25BK00946922_000_1_000_257589,3,0.152294,0,3010280201,콘크리트파일,7141002649,,2025-07-16,R25BK00946922
R25BK00946922_000_1_000_257589,4,0.083427,0,3010280201,콘크리트파일,6632301982,,2025-07-16,R25BK00946922
R25BK00946922_000_1_000_257589,5,0.055252,0,3010280201,콘크리트파일,6993000597,,2025-07-16,R25BK00946922
R25BK00946922_000_1_000_257589,6,0.041591,0,3010280201,콘크리트파일,7490902746,,2025-07-16,R25BK00946922
R25BK00946922_000_1_000_257589,7,0.036089,0,3010280201,콘크리트파일,2178124012,,2025-07-16,R25BK00946922
R25BK00946922_000_1_000_257589,8,0.032708,0,3010280201,콘크리트파일,3781102135,,2025-07-16,R25BK00946922
R25BK00946922_000_1_000_257589,9,0.030086,0,3010280201,콘크리트파일,6414200887,,2025-07-16,R25BK00946922
R25BK00946922_000_1_000_257589,10,0.027645,0,3010280201,콘크리트파일,5680702615,,2025-07-16,R25BK00946922
R25BK00953119_000_1_000_260691,1,0.899031,1,4010178702,냉난방기,6108120516,(주)백천이앤시,2025-07-16,R25BK00953119
R25BK00953119_000_1_000_260691,2,0.86287,0,4010178702,냉난방기,6098624647,,2025-07-16,R25BK00953119
R25BK00953119_000_1_000_260691,3,0.205342,0,4010178702,냉난방기,2458800595,,2025-07-16,R25BK00953119
R25BK00953119_000_1_000_260691,4,0.203175,0,4010178702,냉난방기,1358168741,,2025-07-16,R25BK00953119
R25BK00953119_000_1_000_260691,5,0.202838,0,4010178702,냉난방기,1784200623,,2025-07-16,R25BK00953119
R25BK00953119_000_1_000_260691,6,0.162334,0,4010178702,냉난방기,3158104227,,2025-07-16,R25BK00953119
R25BK00953119_000_1_000_260691,7,0.146509,0,4010178702,냉난방기,7215800812,,2025-07-16,R25BK00953119
R25BK00953119_000_1_000_260691,8,0.09567,0,4010178702,냉난방기,5418702188,,2025-07-16,R25BK00953119
R25BK00953119_000_1_000_260691,9,0.09495,0,4010178702,냉난방기,8998802371,,2025-07-16,R25BK00953119
R25BK00953119_000_1_000_260691,10,0.089801,0,4010178702,냉난방기,2280605963,,2025-07-16,R25BK00953119
R25BK00954037_000_1_000_258647,1,0.905014,0,3010990201,혼합골재,1968701484,,2025-07-16,R25BK00954037
R25BK00954037_000_1_000_258647,2,0.866199,0,3010990201,혼합골재,1308643982,,2025-07-16,R25BK00954037
R25BK00954037_000_1_000_258647,3,0.709433,0,3010990201,혼합골재,1328131866,,2025-07-16,R25BK00954037
R25BK00954037_000_1_000_258647,4,0.697136,1,3010990201,혼합골재,7938700670,유한회사 거산개발,2025-07-16,R25BK00954037
R25BK00954037_000_1_000_258647,5,0.033213,0,3010990201,혼합골재,8738700826,,2025-07-16,R25BK00954037
R25BK00954037_000_1_000_258647,6,0.012562,0,3010990201,혼합골재,4168180571,,2025-07-16,R25BK00954037
R25BK00954037_000_1_000_258647,7,0.011675,0,3010990201,혼합골재,4161697832,,2025-07-16,R25BK00954037
R25BK00954037_000_1_000_258647,8,0.011196,0,3010990201,혼합골재,4161076586,,2025-07-16,R25BK00954037
R25BK00954037_000_1_000_258647,9,0.010487,0,3010990201,혼합골재,3341100442,,2025-07-16,R25BK00954037
R25BK00954037_000_1_000_258647,10,0.008826,0,3010990201,혼합골재,3122973974,,2025-07-16,R25BK00954037
R25BK00941426_000_1_000_258230,1,0.790091,1,4015151301,수중펌프,1131581453,동양펌프,2025-07-17,R25BK00941426
R25BK00941426_000_1_000_258230,2,0.072912,0,4015151301,수중펌프,1838800905,,2025-07-17,R25BK00941426
R25BK00941426_000_1_000_258230,3,0.051463,0,4015151301,수중펌프,6098152570,,2025-07-17,R25BK00941426
R25BK00941426_000_1_000_258230,4,0.017679,0,4015151301,수중펌프,5138134970,,2025-07-17,R25BK00941426
R25BK00941426_000_1_000_258230,5,0.010828,0,4015151301,수중펌프,5772001579,,2025-07-17,R25BK00941426
R25BK00941426_000_1_000_258230,6,0.009819,0,4015151301,수중펌프,4767000419,,2025-07-17,R25BK00941426
R25BK00941426_000_1_000_258230,7,0.008454,0,4015151301,수중펌프,4964900874,,2025-07-17,R25BK00941426
R25BK00941426_000_1_000_258230,8,0.007086,0,4015151301,수중펌프,5118127226,,2025-07-17,R25BK00941426
R25BK00941426_000_1_000_258230,9,0.006095,0,4015151301,수중펌프,5698703638,,2025-07-17,R25BK00941426
R25BK00941426_000_1_000_258230,10,0.005069,0,4015151301,수중펌프,8612101471,,2025-07-17,R25BK00941426
R25BK00953214_000_1_000_259206,1,0.313067,0,2110170502,콩탈곡기,3018620830,,2025-07-17,R25BK00953214
R25BK00953214_000_1_000_259206,2,0.277125,0,2110170502,콩탈곡기,1970701146,,2025-07-17,R25BK00953214
R25BK00953214_000_1_000_259206,3,0.127003,1,2110170502,콩탈곡기,4802001237,태광기계,2025-07-17,R25BK00953214
R25BK00953214_000_1_000_259206,4,0.00831,0,2110170502,콩탈곡기,5818801898,,2025-07-17,R25BK00953214
R25BK00953214_000_1_000_259206,5,0.005423,0,2110170502,콩탈곡기,5506400813,,2025-07-17,R25BK00953214
R25BK00953214_000_1_000_259206,6,0.004802,0,2110170502,콩탈곡기,2888802606,,2025-07-17,R25BK00953214
R25BK00953214_000_1_000_259206,7,0.004001,0,2110170502,콩탈곡기,5622101119,,2025-07-17,R25BK00953214
R25BK00953214_000_1_000_259206,8,0.002966,0,2110170502,콩탈곡기,6147100487,,2025-07-17,R25BK00953214
R25BK00953214_000_1_000_259206,9,0.002733,0,2110170502,콩탈곡기,7022701500,,2025-07-17,R25BK00953214
R25BK00953214_000_1_000_259206,10,0.002604,0,2110170502,콩탈곡기,2650502065,,2025-07-17,R25BK00953214
R25BK00953255_000_1_000_259293,1,0.553922,0,2110170502,콩탈곡기,4070363809,,2025-07-17,R25BK00953255
R25BK00953255_000_1_000_259293,2,0.297793,0,2110170502,콩탈곡기,5050294574,,2025-07-17,R25BK00953255
R25BK00953255_000_1_000_259293,3,0.287822,1,2110170502,콩탈곡기,4802001237,태광기계,2025-07-17,R25BK00953255
R25BK00953255_000_1_000_259293,4,0.236827,0,2110170502,콩탈곡기,3070478334,,2025-07-17,R25BK00953255
R25BK00953255_000_1_000_259293,5,0.042996,0,2110170502,콩탈곡기,2250494823,,2025-07-17,R25BK00953255
R25BK00953255_000_1_000_259293,6,0.035722,0,2110170502,콩탈곡기,4168198111,,2025-07-17,R25BK00953255
R25BK00953255_000_1_000_259293,7,0.007985,0,2110170502,콩탈곡기,2221482273,,2025-07-17,R25BK00953255
R25BK00953255_000_1_000_259293,8,0.005423,0,2110170502,콩탈곡기,5506400813,,2025-07-17,R25BK00953255
R25BK00953255_000_1_000_259293,9,0.003052,0,2110170502,콩탈곡기,4045000906,,2025-07-17,R25BK00953255
R25BK00953255_000_1_000_259293,10,0.002966,0,2110170502,콩탈곡기,2520802304,,2025-07-17,R25BK00953255
R25BK00834942_000_1_000_256353,1,0.457054,1,3018150902,비누갑,5118127226,주식회사 마크온탑,2025-07-18,R25BK00834942
R25BK00834942_000_1_000_256353,2,0.107431,0,3018150902,비누갑,5788702399,,2025-07-18,R25BK00834942
R25BK00834942_000_1_000_256353,3,0.015243,0,3018150902,비누갑,6132462981,,2025-07-18,R25BK00834942
R25BK00834942_000_1_000_256353,4,0.01184,0,3018150902,비누갑,3952201796,,2025-07-18,R25BK00834942
R25BK00834942_000_1_000_256353,5,0.006805,0,3018150902,비누갑,3660202810,,2025-07-18,R25BK00834942
R25BK00834942_000_1_000_256353,6,0.00591,0,3018150902,비누갑,4968703363,,2025-07-18,R25BK00834942
R25BK00834942_000_1_000_256353,7,0.005359,0,3018150902,비누갑,2187500496,,2025-07-18,R25BK00834942
R25BK00834942_000_1_000_256353,8,0.00454,0,3018150902,비누갑,6041697287,,2025-07-18,R25BK00834942
R25BK00834942_000_1_000_256353,9,0.003745,0,3018150902,비누갑,2131299456,,2025-07-18,R25BK00834942
R25BK00834942_000_1_000_256353,10,0.003544,0,3018150902,비누갑,3943900958,,2025-07-18,R25BK00834942
R25BK00966505_001_1_000_257229,1,0.942203,1,1512190201,그리스,5148130297,(주)루브캠코리아,2025-07-18,R25BK00966505
R25BK00966505_001_1_000_257229,2,0.054505,0,1512190201,그리스,4965100902,,2025-07-18,R25BK00966505
R25BK00966505_001_1_000_257229,3,0.032007,0,1512190201,그리스,2128168465,,2025-07-18,R25BK00966505
R25BK00966505_001_1_000_257229,4,0.019823,0,1512190201,그리스,5315700245,,2025-07-18,R25BK00966505
R25BK00966505_001_1_000_257229,5,0.015955,0,1512190201,그리스,1258164544,,2025-07-18,R25BK00966505
R25BK00966505_001_1_000_257229,6,0.015175,0,1512190201,그리스,8678603097,,2025-07-18,R25BK00966505
R25BK00966505_001_1_000_257229,7,0.012852,0,1512190201,그리스,8511902204,,2025-07-18,R25BK00966505
R25BK00966505_001_1_000_257229,8,0.012443,0,1512190201,그리스,1751602171,,2025-07-18,R25BK00966505
R25BK00966505_001_1_000_257229,9,0.01208,0,1512190201,그리스,6132038877,,2025-07-18,R25BK00966505
R25BK00966505_001_1_000_257229,10,0.009782,0,1512190201,그리스,4150389061,,2025-07-18,R25BK00966505
R25BK00800262_000_1_000_257298,1,0.89992,1,5310271001,근무복,6260902249,다한비,2025-07-22,R25BK00800262
R25BK00800262_000_1_000_257298,2,0.330759,0,5310271001,근무복,3678703162,,2025-07-22,R25BK00800262
R25BK00800262_000_1_000_257298,3,0.164598,0,5310271001,근무복,2638603295,,2025-07-22,R25BK00800262
R25BK00800262_000_1_000_257298,4,0.155794,0,5310271001,근무복,2228602975,,2025-07-22,R25BK00800262
R25BK00800262_000_1_000_257298,5,0.139333,0,5310271001,근무복,1378180611,,2025-07-22,R25BK00800262
R25BK00800262_000_1_000_257298,6,0.124399,0,5310271001,근무복,6854401217,,2025-07-22,R25BK00800262
R25BK00800262_000_1_000_257298,7,0.008481,0,5310271001,근무복,7348100489,,2025-07-22,R25BK00800262
R25BK00800262_000_1_000_257298,8,0.0083,0,5310271001,근무복,8407700303,,2025-07-22,R25BK00800262
R25BK00800262_000_1_000_257298,9,0.008066,0,5310271001,근무복,3122377129,,2025-07-22,R25BK00800262
R25BK00800262_000_1_000_257298,10,0.007435,0,5310271001,근무복,2506200675,,2025-07-22,R25BK00800262
R25BK00942051_001_1_000_267369,1,0.542258,1,4227171301,고압산소챔버,2248142605,(주)메디코넷,2025-07-22,R25BK00942051
R25BK00942051_001_1_000_267369,2,0.493537,0,4227171301,고압산소챔버,3108701358,,2025-07-22,R25BK00942051
R25BK00942051_001_1_000_267369,3,0.0081,0,4227171301,고압산소챔버,1406600449,,2025-07-22,R25BK00942051
R25BK00942051_001_1_000_267369,4,0.007732,0,4227171301,고압산소챔버,4180357215,,2025-07-22,R25BK00942051
R25BK00942051_001_1_000_267369,5,0.007361,0,4227171301,고압산소챔버,4874600729,,2025-07-22,R25BK00942051
R25BK00942051_001_1_000_267369,6,0.006826,0,4227171301,고압산소챔버,7143200681,,2025-07-22,R25BK00942051
R25BK00942051_001_1_000_267369,7,0.004291,0,4227171301,고압산소챔버,1343204426,,2025-07-22,R25BK00942051
R25BK00942051_001_1_000_267369,8,0.004119,0,4227171301,고압산소챔버,6054042252,,2025-07-22,R25BK00942051
R25BK00942051_001_1_000_267369,9,0.003104,0,4227171301,고압산소챔버,4468701792,,2025-07-22,R25BK00942051
R25BK00942051_001_1_000_267369,10,0.002556,0,4227171301,고압산소챔버,4906400597,,2025-07-22,R25BK00942051
R25BK00947148_000_1_000_256332,1,0.477354,1,2317168501,자동화생산시스템,3618103202,주식회사 앤비티에스,2025-07-22,R25BK00947148
R25BK00947148_000_1_000_256332,2,0.330799,0,2317168501,자동화생산시스템,2210487335,,2025-07-22,R25BK00947148
R25BK00947148_000_1_000_256332,3,0.024178,0,2317168501,자동화생산시스템,3778802492,,2025-07-22,R25BK00947148
R25BK00947148_000_1_000_256332,4,0.009251,0,2317168501,자동화생산시스템,2048659733,,2025-07-22,R25BK00947148
R25BK00947148_000_1_000_256332,5,0.008668,0,2317168501,자동화생산시스템,8301100974,,2025-07-22,R25BK00947148
R25BK00947148_000_1_000_256332,6,0.005936,0,2317168501,자동화생산시스템,6913601202,,2025-07-22,R25BK00947148
R25BK00947148_000_1_000_256332,7,0.005117,0,2317168501,자동화생산시스템,7821901573,,2025-07-22,R25BK00947148
R25BK00947148_000_1_000_256332,8,0.005048,0,2317168501,자동화생산시스템,5730900758,,2025-07-22,R25BK00947148
R25BK00947148_000_1_000_256332,9,0.00447,0,2317168501,자동화생산시스템,7278602368,,2025-07-22,R25BK00947148
R25BK00947148_000_1_000_256332,10,0.004368,0,2317168501,자동화생산시스템,3612401235,,2025-07-22,R25BK00947148
R25BK00958295_000_1_000_256765,1,0.619644,1,5612179801,칠판보조장,5158140162,주식회사오퍼스퍼니처,2025-07-22,R25BK00958295
R25BK00958295_000_1_000_256765,2,0.520183,0,5612179801,칠판보조장,4061900345,,2025-07-22,R25BK00958295
R25BK00958295_000_1_000_256765,3,0.26541,0,5612179801,칠판보조장,5048133792,,2025-07-22,R25BK00958295
R25BK00958295_000_1_000_256765,4,0.192372,0,5612179801,칠판보조장,4108668763,,2025-07-22,R25BK00958295
R25BK00958295_000_1_000_256765,5,0.095548,0,5612179801,칠판보조장,2568801968,,2025-07-22,R25BK00958295
R25BK00958295_000_1_000_256765,6,0.065539,0,5612179801,칠판보조장,4661801301,,2025-07-22,R25BK00958295
R25BK00958295_000_1_000_256765,7,0.062783,0,5612179801,칠판보조장,6654101129,,2025-07-22,R25BK00958295
R25BK00958295_000_1_000_256765,8,0.054586,0,5612179801,칠판보조장,1723301258,,2025-07-22,R25BK00958295
R25BK00958295_000_1_000_256765,9,0.051429,0,5612179801,칠판보조장,6568200376,,2025-07-22,R25BK00958295
R25BK00958295_000_1_000_256765,10,0.044718,0,5612179801,칠판보조장,3058195508,,2025-07-22,R25BK00958295
R25BK00959267_000_1_000_263575,1,0.431773,1,4110320301,피펫세척기,2028703230,주식회사 윈컴퍼니,2025-07-22,R25BK00959267
R25BK00959267_000_1_000_263575,2,0.260539,0,4110320301,피펫세척기,2201501330,,2025-07-22,R25BK00959267
R25BK00959267_000_1_000_263575,3,0.234362,0,4110320301,피펫세척기,1861501398,,2025-07-22,R25BK00959267
R25BK00959267_000_1_000_263575,4,0.226542,0,4110320301,피펫세척기,7863701133,,2025-07-22,R25BK00959267
R25BK00959267_000_1_000_263575,5,0.103814,0,4110320301,피펫세척기,4178702191,,2025-07-22,R25BK00959267
R25BK00959267_000_1_000_263575,6,0.033315,0,4110320301,피펫세척기,8918101078,,2025-07-22,R25BK00959267
R25BK00959267_000_1_000_263575,7,0.015272,0,4110320301,피펫세척기,5483301101,,2025-07-22,R25BK00959267
R25BK00959267_000_1_000_263575,8,0.014359,0,4110320301,피펫세척기,6700202359,,2025-07-22,R25BK00959267
R25BK00959267_000_1_000_263575,9,0.014065,0,4110320301,피펫세척기,1848702724,,2025-07-22,R25BK00959267
R25BK00959267_000_1_000_263575,10,0.013608,0,4110320301,피펫세척기,1406600449,,2025-07-22,R25BK00959267
R25BK00970404_000_1_000_257264,1,0.76381,1,2410165301,천장크레인,1808802923,삼성환경 주식회사,2025-07-22,R25BK00970404
R25BK00970404_000_1_000_257264,2,0.642892,0,2410165301,천장크레인,1288690139,,2025-07-22,R25BK00970404
R25BK00970404_000_1_000_257264,3,0.595513,0,2410165301,천장크레인,4188152426,,2025-07-22,R25BK00970404
R25BK00970404_000_1_000_257264,4,0.55942,0,2410165301,천장크레인,5158114780,,2025-07-22,R25BK00970404
R25BK00970404_000_1_000_257264,5,0.243278,0,2410165301,천장크레인,1688102356,,2025-07-22,R25BK00970404
R25BK00970404_000_1_000_257264,6,0.14003,0,2410165301,천장크레인,7748703069,,2025-07-22,R25BK00970404
R25BK00970404_000_1_000_257264,7,0.106327,0,2410165301,천장크레인,3108124631,,2025-07-22,R25BK00970404
R25BK00970404_000_1_000_257264,8,0.015728,0,2410165301,천장크레인,1811200748,,2025-07-22,R25BK00970404
R25BK00970404_000_1_000_257264,9,0.005894,0,2410165301,천장크레인,3018137471,,2025-07-22,R25BK00970404
R25BK00970404_000_1_000_257264,10,0.004422,0,2410165301,천장크레인,5391501739,,2025-07-22,R25BK00970404
R25BK00973681_000_1_000_257113,1,0.973296,1,4619160702,공기호흡기,1358121955,주식회사 한컴라이프케어,2025-07-23,R25BK00973681
R25BK00973681_000_1_000_257113,2,0.014406,0,4619160702,공기호흡기,3695600380,,2025-07-23,R25BK00973681
R25BK00973681_000_1_000_257113,3,0.012452,0,4619160702,공기호흡기,3020538256,,2025-07-23,R25BK00973681
R25BK00973681_000_1_000_257113,4,0.009555,0,4619160702,공기호흡기,8931700389,,2025-07-23,R25BK00973681
R25BK00973681_000_1_000_257113,5,0.00921,0,4619160702,공기호흡기,6762301896,,2025-07-23,R25BK00973681
R25BK00973681_000_1_000_257113,6,0.00895,0,4619160702,공기호흡기,4871302563,,2025-07-23,R25BK00973681
R25BK00973681_000_1_000_257113,7,0.008061,0,4619160702,공기호흡기,1371738543,,2025-07-23,R25BK00973681
R25BK00973681_000_1_000_257113,8,0.007679,0,4619160702,공기호흡기,3660202810,,2025-07-23,R25BK00973681
R25BK00973681_000_1_000_257113,9,0.007596,0,4619160702,공기호흡기,1538702486,,2025-07-23,R25BK00973681
R25BK00973681_000_1_000_257113,10,0.007438,0,4619160702,공기호흡기,5462900754,,2025-07-23,R25BK00973681
R25BK00962283_000_1_000_257170,1,0.882431,1,3010990201,혼합골재,3428803044,씨에스산업주식회사,2025-07-24,R25BK00962283
R25BK00962283_000_1_000_257170,2,0.82233,0,3010990201,혼합골재,7938700670,,2025-07-24,R25BK00962283
R25BK00962283_000_1_000_257170,3,0.040089,0,3010990201,혼합골재,2550102696,,2025-07-24,R25BK00962283
R25BK00962283_000_1_000_257170,4,0.03359,0,3010990201,혼합골재,6790602543,,2025-07-24,R25BK00962283
R25BK00962283_000_1_000_257170,5,0.030362,0,3010990201,혼합골재,6688602531,,2025-07-24,R25BK00962283
R25BK00962283_000_1_000_257170,6,0.012852,0,3010990201,혼합골재,4361601645,,2025-07-24,R25BK00962283
R25BK00962283_000_1_000_257170,7,0.008575,0,3010990201,혼합골재,3606100688,,2025-07-24,R25BK00962283
R25BK00962283_000_1_000_257170,8,0.007988,0,3010990201,혼합골재,5131648632,,2025-07-24,R25BK00962283
R25BK00962283_000_1_000_257170,9,0.007068,0,3010990201,혼합골재,3061417686,,2025-07-24,R25BK00962283
R25BK00962283_000_1_000_257170,10,0.006957,0,3010990201,혼합골재,3112301494,,2025-07-24,R25BK00962283
R25BK00965062_000_1_000_258622,1,0.332864,1,4213150401,환자복,1828602527,(주)누리에프앤씨,2025-07-24,R25BK00965062
R25BK00965062_000_1_000_258622,2,0.048219,0,4213150401,환자복,1330194009,,2025-07-24,R25BK00965062
R25BK00965062_000_1_000_258622,3,0.025904,0,4213150401,환자복,1318622262,,2025-07-24,R25BK00965062
R25BK00965062_000_1_000_258622,4,0.021983,0,4213150401,환자복,1082040959,,2025-07-24,R25BK00965062
R25BK00965062_000_1_000_258622,5,0.020089,0,4213150401,환자복,1361210606,,2025-07-24,R25BK00965062
R25BK00965062_000_1_000_258622,6,0.013095,0,4213150401,환자복,1343204426,,2025-07-24,R25BK00965062
R25BK00965062_000_1_000_258622,7,0.011757,0,4213150401,환자복,3591801809,,2025-07-24,R25BK00965062
R25BK00965062_000_1_000_258622,8,0.010712,0,4213150401,환자복,1290348214,,2025-07-24,R25BK00965062
R25BK00965062_000_1_000_258622,9,0.010421,0,4213150401,환자복,8650102251,,2025-07-24,R25BK00965062
R25BK00965062_000_1_000_258622,10,0.01002,0,4213150401,환자복,4392001530,,2025-07-24,R25BK00965062
R25BK00966487_000_1_000_258474,1,0.320393,0,5214180401,선풍기,1458102877,,2025-07-24,R25BK00966487
R25BK00966487_000_1_000_258474,2,0.292849,0,5214180401,선풍기,1082692347,,2025-07-24,R25BK00966487
R25BK00966487_000_1_000_258474,3,0.228256,0,5214180401,선풍기,2098212394,,2025-07-24,R25BK00966487
R25BK00966487_000_1_000_258474,4,0.157032,0,5214180401,선풍기,4166400527,,2025-07-24,R25BK00966487
R25BK00966487_000_1_000_258474,5,0.137254,1,5214180401,선풍기,4088196956,유한회사 한솔테크노,2025-07-24,R25BK00966487
R25BK00966487_000_1_000_258474,6,0.119452,0,5214180401,선풍기,3430102504,,2025-07-24,R25BK00966487
R25BK00966487_000_1_000_258474,7,0.061822,0,5214180401,선풍기,5443001597,,2025-07-24,R25BK00966487
R25BK00966487_000_1_000_258474,8,0.055176,0,5214180401,선풍기,1068178635,,2025-07-24,R25BK00966487
R25BK00966487_000_1_000_258474,9,0.053889,0,5214180401,선풍기,6022607041,,2025-07-24,R25BK00966487
R25BK00966487_000_1_000_258474,10,0.040212,0,5214180401,선풍기,1998603015,,2025-07-24,R25BK00966487
R25BK00975722_000_1_000_258567,1,0.511409,1,2410171201,벨트컨베이어,5688200569,사단법인 벗나래복지회사업단,2025-07-24,R25BK00975722
R25BK00975722_000_1_000_258567,2,0.235676,0,2410171201,벨트컨베이어,4628102224,,2025-07-24,R25BK00975722
R25BK00975722_000_1_000_258567,3,0.22799,0,2410171201,벨트컨베이어,4098605002,,2025-07-24,R25BK00975722
R25BK00975722_000_1_000_258567,4,0.155169,0,2410171201,벨트컨베이어,8761902071,,2025-07-24,R25BK00975722
R25BK00975722_000_1_000_258567,5,0.112594,0,2410171201,벨트컨베이어,6378102925,,2025-07-24,R25BK00975722
R25BK00975722_000_1_000_258567,6,0.103116,0,2410171201,벨트컨베이어,4188125201,,2025-07-24,R25BK00975722
R25BK00975722_000_1_000_258567,7,0.063834,0,2410171201,벨트컨베이어,4518702357,,2025-07-24,R25BK00975722
R25BK00975722_000_1_000_258567,8,0.01322,0,2410171201,벨트컨베이어,4238800588,,2025-07-24,R25BK00975722
R25BK00975722_000_1_000_258567,9,0.011695,0,2410171201,벨트컨베이어,5938802828,,2025-07-24,R25BK00975722
R25BK00975722_000_1_000_258567,10,0.010113,0,2410171201,벨트컨베이어,5958802256,,2025-07-24,R25BK00975722
R25BK00950831_001_1_000_259453,1,0.574331,0,1235230503,암모니아수,4778700730,,2025-07-25,R25BK00950831
R25BK00950831_001_1_000_259453,2,0.304801,1,1235230503,암모니아수,5427300245,미래케미칼,2025-07-25,R25BK00950831
R25BK00950831_001_1_000_259453,3,0.151397,0,1235230503,암모니아수,3065500548,,2025-07-25,R25BK00950831
R25BK00950831_001_1_000_259453,4,0.117375,0,1235230503,암모니아수,1561400353,,2025-07-25,R25BK00950831
R25BK00950831_001_1_000_259453,5,0.102882,0,1235230503,암모니아수,8490402231,,2025-07-25,R25BK00950831
R25BK00950831_001_1_000_259453,6,0.089108,0,1235230503,암모니아수,7221601401,,2025-07-25,R25BK00950831
R25BK00950831_001_1_000_259453,7,0.079988,0,1235230503,암모니아수,5728802457,,2025-07-25,R25BK00950831
R25BK00950831_001_1_000_259453,8,0.078328,0,1235230503,암모니아수,8632100411,,2025-07-25,R25BK00950831
R25BK00950831_001_1_000_259453,9,0.06261,0,1235230503,암모니아수,4968703363,,2025-07-25,R25BK00950831
R25BK00950831_001_1_000_259453,10,0.05135,0,1235230503,암모니아수,4283501102,,2025-07-25,R25BK00950831
R25BK00965150_000_1_000_264824,1,0.29193,0,4321171101,스캐너,8862901379,,2025-07-25,R25BK00965150
R25BK00965150_000_1_000_264824,2,0.260487,1,4321171101,스캐너,6058636516,주식회사 메이즈,2025-07-25,R25BK00965150
R25BK00965150_000_1_000_264824,3,0.16306,0,4321171101,스캐너,4092111733,,2025-07-25,R25BK00965150
R25BK00965150_000_1_000_264824,4,0.128925,0,4321171101,스캐너,4098606165,,2025-07-25,R25BK00965150
R25BK00965150_000_1_000_264824,5,0.106114,0,4321171101,스캐너,1092684568,,2025-07-25,R25BK00965150
R25BK00965150_000_1_000_264824,6,0.041591,0,4321171101,스캐너,3041803578,,2025-07-25,R25BK00965150
R25BK00965150_000_1_000_264824,7,0.03247,0,4321171101,스캐너,6555400458,,2025-07-25,R25BK00965150
R25BK00965150_000_1_000_264824,8,0.032123,0,4321171101,스캐너,6260303173,,2025-07-25,R25BK00965150
R25BK00965150_000_1_000_264824,9,0.0308,0,4321171101,스캐너,1265700927,,2025-07-25,R25BK00965150
R25BK00965150_000_1_000_264824,10,0.030449,0,4321171101,스캐너,5540402992,,2025-07-25,R25BK00965150
R25BK00967457_000_1_000_258853,1,0.341765,0,2511150802,여객선,4528703363,,2025-07-28,R25BK00967457
R25BK00967457_000_1_000_258853,2,0.183058,0,2511150802,여객선,3888702947,,2025-07-28,R25BK00967457
R25BK00967457_000_1_000_258853,3,0.124596,0,2511150802,여객선,4178145204,,2025-07-28,R25BK00967457
R25BK00967457_000_1_000_258853,4,0.117289,0,2511150802,여객선,6128127140,,2025-07-28,R25BK00967457
R25BK00967457_000_1_000_258853,5,0.078292,1,2511150802,여객선,3288800454,주식회사 코리아조선,2025-07-28,R25BK00967457
R25BK00967457_000_1_000_258853,6,0.036754,0,2511150802,여객선,1138146733,,2025-07-28,R25BK00967457
R25BK00967457_000_1_000_258853,7,0.028519,0,2511150802,여객선,3598803377,,2025-07-28,R25BK00967457
R25BK00967457_000_1_000_258853,8,0.011916,0,2511150802,여객선,4338800023,,2025-07-28,R25BK00967457
R25BK00967457_000_1_000_258853,9,0.004186,0,2511150802,여객선,2888802606,,2025-07-28,R25BK00967457
R25BK00972236_000_1_000_262228,1,0.295411,0,4618160101,방화신발,1378164867,,2025-07-28,R25BK00972236
R25BK00972236_000_1_000_262228,2,0.219386,0,4618160101,방화신발,4344300627,,2025-07-28,R25BK00972236
R25BK00972236_000_1_000_262228,3,0.208931,0,4618160101,방화신발,6502801507,,2025-07-28,R25BK00972236
R25BK00972236_000_1_000_262228,4,0.143651,0,4618160101,방화신발,3141357455,,2025-07-28,R25BK00972236
R25BK00972236_000_1_000_262228,5,0.140827,0,4618160101,방화신발,6502401417,,2025-07-28,R25BK00972236
R25BK00972236_000_1_000_262228,6,0.134768,0,4618160101,방화신발,1218172625,,2025-07-28,R25BK00972236
R25BK00972236_000_1_000_262228,7,0.133552,1,4618160101,방화신발,4188153158,주식회사 신성씨엔에스,2025-07-28,R25BK00972236
R25BK00972236_000_1_000_262228,8,0.089036,0,4618160101,방화신발,4851502222,,2025-07-28,R25BK00972236
R25BK00972236_000_1_000_262228,9,0.085053,0,4618160101,방화신발,2248136762,,2025-07-28,R25BK00972236
R25BK00972236_000_1_000_262228,10,0.070199,0,4618160101,방화신발,6558501465,,2025-07-28,R25BK00972236
R25BK00979439_000_1_000_258755,1,0.983025,1,4619160702,공기호흡기,1358121955,주식회사 한컴라이프케어,2025-07-28,R25BK00979439
R25BK00979439_000_1_000_258755,2,0.219442,0,4619160702,공기호흡기,6091037152,,2025-07-28,R25BK00979439
R25BK00979439_000_1_000_258755,3,0.201659,0,4619160702,공기호흡기,3053143096,,2025-07-28,R25BK00979439
R25BK00979439_000_1_000_258755,4,0.107723,0,4619160702,공기호흡기,5652001877,,2025-07-28,R25BK00979439
R25BK00979439_000_1_000_258755,5,0.035768,0,4619160702,공기호흡기,1280279167,,2025-07-28,R25BK00979439
R25BK00979439_000_1_000_258755,6,0.026371,0,4619160702,공기호흡기,8042701053,,2025-07-28,R25BK00979439
R25BK00979439_000_1_000_258755,7,0.023953,0,4619160702,공기호흡기,2400902778,,2025-07-28,R25BK00979439
R25BK00979439_000_1_000_258755,8,0.02318,0,4619160702,공기호흡기,8481202456,,2025-07-28,R25BK00979439
R25BK00979439_000_1_000_258755,9,0.020989,0,4619160702,공기호흡기,8913600614,,2025-07-28,R25BK00979439
R25BK00979439_000_1_000_258755,10,0.014715,0,4619160702,공기호흡기,5951100805,,2025-07-28,R25BK00979439
R25BK00960103_000_1_000_265494,1,0.379828,0,4010178702,냉난방기,7633700029,,2025-07-29,R25BK00960103
R25BK00960103_000_1_000_265494,2,0.369683,0,4010178702,냉난방기,8272401230,,2025-07-29,R25BK00960103
R25BK00960103_000_1_000_265494,3,0.31629,0,4010178702,냉난방기,5126306327,,2025-07-29,R25BK00960103
R25BK00960103_000_1_000_265494,4,0.300011,0,4010178702,냉난방기,7518602060,,2025-07-29,R25BK00960103
R25BK00960103_000_1_000_265494,5,0.294918,0,4010178702,냉난방기,4851502222,,2025-07-29,R25BK00960103
R25BK00960103_000_1_000_265494,6,0.267609,0,4010178702,냉난방기,1998702105,,2025-07-29,R25BK00960103
R25BK00960103_000_1_000_265494,7,0.176074,0,4010178702,냉난방기,2980802391,,2025-07-29,R25BK00960103
R25BK00960103_000_1_000_265494,8,0.163506,0,4010178702,냉난방기,2418701464,,2025-07-29,R25BK00960103
R25BK00960103_000_1_000_265494,9,0.153045,0,4010178702,냉난방기,7600502589,,2025-07-29,R25BK00960103
R25BK00960103_000_1_000_265494,10,0.131154,0,4010178702,냉난방기,5652701497,,2025-07-29,R25BK00960103
R25BK00969725_000_1_000_256466,1,0.473055,1,2611160701,태양광발전장치,6088700542,주식회사 에스알에너지,2025-07-29,R25BK00969725
R25BK00969725_000_1_000_256466,2,0.443947,0,2611160701,태양광발전장치,6958803079,,2025-07-29,R25BK00969725
R25BK00969725_000_1_000_256466,3,0.017229,0,2611160701,태양광발전장치,2208143198,,2025-07-29,R25BK00969725
R25BK00969725_000_1_000_256466,4,0.016029,0,2611160701,태양광발전장치,4938602470,,2025-07-29,R25BK00969725
R25BK00969725_000_1_000_256466,5,0.009612,0,2611160701,태양광발전장치,4638700901,,2025-07-29,R25BK00969725
R25BK00969725_000_1_000_256466,6,0.009514,0,2611160701,태양광발전장치,8618802361,,2025-07-29,R25BK00969725
R25BK00969725_000_1_000_256466,7,0.008961,0,2611160701,태양광발전장치,4108647486,,2025-07-29,R25BK00969725
R25BK00969725_000_1_000_256466,8,0.008856,0,2611160701,태양광발전장치,4108705431,,2025-07-29,R25BK00969725
R25BK00969725_000_1_000_256466,9,0.005826,0,2611160701,태양광발전장치,8674600527,,2025-07-29,R25BK00969725
R25BK00969725_000_1_000_256466,10,0.004571,0,2611160701,태양광발전장치,3943900958,,2025-07-29,R25BK00969725
R25BK00973790_000_1_000_263474,1,0.872773,0,5310271001,근무복,3778802401,,2025-07-29,R25BK00973790
R25BK00973790_000_1_000_263474,2,0.266326,0,5310271001,근무복,6171740720,,2025-07-29,R25BK00973790
R25BK00973790_000_1_000_263474,3,0.249356,0,5310271001,근무복,6210969454,,2025-07-29,R25BK00973790
R25BK00973790_000_1_000_263474,4,0.237868,0,5310271001,근무복,8348603122,,2025-07-29,R25BK00973790
R25BK00973790_000_1_000_263474,5,0.081203,0,5310271001,근무복,6378702816,,2025-07-29,R25BK00973790
R25BK00973790_000_1_000_263474,6,0.06219,1,5310271001,근무복,1088604814,(주)미쥬,2025-07-29,R25BK00973790
R25BK00973790_000_1_000_263474,7,0.016096,0,5310271001,근무복,5772001579,,2025-07-29,R25BK00973790
R25BK00973790_000_1_000_263474,8,0.015755,0,5310271001,근무복,2108174603,,2025-07-29,R25BK00973790
R25BK00973790_000_1_000_263474,9,0.013967,0,5310271001,근무복,6022593083,,2025-07-29,R25BK00973790
R25BK00973790_000_1_000_263474,10,0.01183,0,5310271001,근무복,5483301101,,2025-07-29,R25BK00973790
R25BK00975848_000_1_001_259282,1,0.333307,0,5310271001,근무복,6210969454,,2025-07-29,R25BK00975848
R25BK00975848_000_1_001_259282,2,0.164761,0,5310271001,근무복,2638603295,,2025-07-29,R25BK00975848
R25BK00975848_000_1_001_259282,3,0.159562,0,5310271001,근무복,6261801320,,2025-07-29,R25BK00975848
R25BK00975848_000_1_001_259282,4,0.124823,1,5310271001,근무복,2228602975,유한회사 디에스어패럴,2025-07-29,R25BK00975848
R25BK00975848_000_1_001_259282,5,0.122736,0,5310271001,근무복,2438200452,,2025-07-29,R25BK00975848
R25BK00975848_000_1_001_259282,6,0.073505,0,5310271001,근무복,1058639463,,2025-07-29,R25BK00975848
R25BK00975848_000_1_001_259282,7,0.030237,0,5310271001,근무복,6038701037,,2025-07-29,R25BK00975848
R25BK00975848_000_1_001_259282,8,0.013648,0,5310271001,근무복,8378803071,,2025-07-29,R25BK00975848
R25BK00975848_000_1_001_259282,9,0.01307,0,5310271001,근무복,2108174603,,2025-07-29,R25BK00975848
R25BK00975848_000_1_001_259282,10,0.009588,0,5310271001,근무복,3458601449,,2025-07-29,R25BK00975848
R25BK00972686_000_1_000_266385,1,0.73429,1,3015180214,섬유시멘트패널,4098116407,주식회사탑원산업,2025-07-30,R25BK00972686
R25BK00972686_000_1_000_266385,2,0.127282,0,3015180214,섬유시멘트패널,2334600670,,2025-07-30,R25BK00972686
R25BK00972686_000_1_000_266385,3,0.06597,0,3015180214,섬유시멘트패널,8132100565,,2025-07-30,R25BK00972686
R25BK00972686_000_1_000_266385,4,0.050559,0,3015180214,섬유시멘트패널,4168149022,,2025-07-30,R25BK00972686
R25BK00972686_000_1_000_266385,5,0.041572,0,3015180214,섬유시멘트패널,2283700375,,2025-07-30,R25BK00972686
R25BK00972686_000_1_000_266385,6,0.032169,0,3015180214,섬유시멘트패널,5208801743,,2025-07-30,R25BK00972686
R25BK00972686_000_1_000_266385,7,0.022992,0,3015180214,섬유시멘트패널,1323000395,,2025-07-30,R25BK00972686
R25BK00972686_000_1_000_266385,8,0.018883,0,3015180214,섬유시멘트패널,7464400610,,2025-07-30,R25BK00972686
R25BK00972686_000_1_000_266385,9,0.018883,0,3015180214,섬유시멘트패널,4810601423,,2025-07-30,R25BK00972686
R25BK00972686_000_1_000_266385,10,0.0169,0,3015180214,섬유시멘트패널,2086070889,,2025-07-30,R25BK00972686
R25BK00982673_000_1_000_259916,1,0.643825,1,4015151301,수중펌프,5688200569,사단법인 벗나래복지회사업단,2025-07-30,R25BK00982673
R25BK00982673_000_1_000_259916,2,0.564369,0,4015151301,수중펌프,2998200019,,2025-07-30,R25BK00982673
R25BK00982673_000_1_000_259916,3,0.192213,0,4015151301,수중펌프,1608803078,,2025-07-30,R25BK00982673
R25BK00982673_000_1_000_259916,4,0.116987,0,4015151301,수중펌프,3128567411,,2025-07-30,R25BK00982673
R25BK00982673_000_1_000_259916,5,0.036876,0,4015151301,수중펌프,6098152570,,2025-07-30,R25BK00982673
R25BK00982673_000_1_000_259916,6,0.024102,0,4015151301,수중펌프,6928701814,,2025-07-30,R25BK00982673
R25BK00982673_000_1_000_259916,7,0.019863,0,4015151301,수중펌프,3018137471,,2025-07-30,R25BK00982673
R25BK00982673_000_1_000_259916,8,0.016851,0,4015151301,수중펌프,3558800437,,2025-07-30,R25BK00982673
R25BK00982673_000_1_000_259916,9,0.016747,0,4015151301,수중펌프,6712801483,,2025-07-30,R25BK00982673
R25BK00982673_000_1_000_259916,10,0.007109,0,4015151301,수중펌프,7508603260,,2025-07-30,R25BK00982673
R25BK00985512_000_1_000_263205,1,0.49994,0,4710998001,제진기,4228602783,,2025-07-30,R25BK00985512
R25BK00985512_000_1_000_263205,2,0.45544,0,4710998001,제진기,1808802923,,2025-07-30,R25BK00985512
R25BK00985512_000_1_000_263205,3,0.436407,0,4710998001,제진기,5158114780,,2025-07-30,R25BK00985512
R25BK00985512_000_1_000_263205,4,0.430992,0,4710998001,제진기,6468600756,,2025-07-30,R25BK00985512
R25BK00985512_000_1_000_263205,5,0.268992,0,4710998001,제진기,5022625977,,2025-07-30,R25BK00985512
R25BK00985512_000_1_000_263205,6,0.266945,0,4710998001,제진기,2108801337,,2025-07-30,R25BK00985512
R25BK00985512_000_1_000_263205,7,0.265994,0,4710998001,제진기,1608803078,,2025-07-30,R25BK00985512
R25BK00985512_000_1_000_263205,8,0.237062,1,4710998001,제진기,7554700615,월드코리아,2025-07-30,R25BK00985512
R25BK00985512_000_1_000_263205,9,0.216559,0,4710998001,제진기,7918103077,,2025-07-30,R25BK00985512
R25BK00985512_000_1_000_263205,10,0.171233,0,4710998001,제진기,4488700969,,2025-07-30,R25BK00985512
R25BK00969264_000_1_000_266553,1,0.588422,1,5046700101,배추김치,7358602656,주식회사 조은에프앤비,2025-07-31,R25BK00969264
R25BK00969264_000_1_000_266553,2,0.295652,0,5046700101,배추김치,6629701544,,2025-07-31,R25BK00969264
R25BK00969264_000_1_000_266553,3,0.231638,0,5046700101,배추김치,6219140108,,2025-07-31,R25BK00969264
R25BK00969264_000_1_000_266553,4,0.198073,0,5046700101,배추김치,4038104830,,2025-07-31,R25BK00969264
R25BK00969264_000_1_000_266553,5,0.194553,0,5046700101,배추김치,1698101874,,2025-07-31,R25BK00969264
R25BK00969264_000_1_000_266553,6,0.177816,0,5046700101,배추김치,8148702994,,2025-07-31,R25BK00969264
R25BK00969264_000_1_000_266553,7,0.16775,0,5046700101,배추김치,3430303448,,2025-07-31,R25BK00969264
R25BK00969264_000_1_000_266553,8,0.160322,0,5046700101,배추김치,6468802419,,2025-07-31,R25BK00969264
R25BK00969264_000_1_000_266553,9,0.130412,0,5046700101,배추김치,7988102711,,2025-07-31,R25BK00969264
R25BK00969264_000_1_000_266553,10,0.124001,0,5046700101,배추김치,6614200580,,2025-07-31,R25BK00969264
R25BK00974719_000_1_000_264382,1,0.957352,1,3010280201,콘크리트파일,2538102921,주식회사 한국파일,2025-07-31,R25BK00974719
R25BK00974719_000_1_000_264382,2,0.134793,0,3010280201,콘크리트파일,1348654875,,2025-07-31,R25BK00974719
R25BK00974719_000_1_000_264382,3,0.132872,0,3010280201,콘크리트파일,1400398138,,2025-07-31,R25BK00974719
R25BK00974719_000_1_000_264382,4,0.118823,0,3010280201,콘크리트파일,1288137177,,2025-07-31,R25BK00974719
R25BK00974719_000_1_000_264382,5,0.09319,0,3010280201,콘크리트파일,3991801864,,2025-07-31,R25BK00974719
R25BK00974719_000_1_000_264382,6,0.083308,0,3010280201,콘크리트파일,2218121765,,2025-07-31,R25BK00974719
R25BK00974719_000_1_000_264382,7,0.072878,0,3010280201,콘크리트파일,6318801816,,2025-07-31,R25BK00974719
R25BK00974719_000_1_000_264382,8,0.069184,0,3010280201,콘크리트파일,4130494736,,2025-07-31,R25BK00974719
R25BK00974719_000_1_000_264382,9,0.062247,0,3010280201,콘크리트파일,5698801700,,2025-07-31,R25BK00974719
R25BK00974719_000_1_000_264382,10,0.059266,0,3010280201,콘크리트파일,2187500496,,2025-07-31,R25BK00974719
R25BK00975145_000_1_000_270455,1,0.422856,1,4111581101,DNA서열분석기,1927500215,바이오비즈,2025-07-31,R25BK00975145
R25BK00975145_000_1_000_270455,2,0.065671,0,4111581101,DNA서열분석기,8011801519,,2025-07-31,R25BK00975145
R25BK00975145_000_1_000_270455,3,0.036942,0,4111581101,DNA서열분석기,7373400034,,2025-07-31,R25BK00975145
R25BK00975145_000_1_000_270455,4,0.033515,0,4111581101,DNA서열분석기,1141655921,,2025-07-31,R25BK00975145
R25BK00975145_000_1_000_270455,5,0.032117,0,4111581101,DNA서열분석기,3514600546,,2025-07-31,R25BK00975145
R25BK00975145_000_1_000_270455,6,0.018961,0,4111581101,DNA서열분석기,8197700430,,2025-07-31,R25BK00975145
R25BK00975145_000_1_000_270455,7,0.015997,0,4111581101,DNA서열분석기,3021193885,,2025-07-31,R25BK00975145
R25BK00975145_000_1_000_270455,8,0.01364,0,4111581101,DNA서열분석기,3112301494,,2025-07-31,R25BK00975145
R25BK00975145_000_1_000_270455,9,0.013458,0,4111581101,DNA서열분석기,2888802606,,2025-07-31,R25BK00975145
R25BK00975145_000_1_000_270455,10,0.01155,0,4111581101,DNA서열분석기,7374000807,,2025-07-31,R25BK00975145
R25BK00978642_001_1_000_263410,1,0.902253,0,4015151301,수중펌프,5688200569,,2025-07-31,R25BK00978642
R25BK00978642_001_1_000_263410,2,0.89382,0,4015151301,수중펌프,1131581453,,2025-07-31,R25BK00978642
R25BK00978642_001_1_000_263410,3,0.423098,1,4015151301,수중펌프,1248653224,(주)신성펌프,2025-07-31,R25BK00978642
R25BK00978642_001_1_000_263410,4,0.064531,0,4015151301,수중펌프,1378622009,,2025-07-31,R25BK00978642
R25BK00978642_001_1_000_263410,5,0.059524,0,4015151301,수중펌프,1373101659,,2025-07-31,R25BK00978642
R25BK00978642_001_1_000_263410,6,0.037436,0,4015151301,수중펌프,1838800905,,2025-07-31,R25BK00978642
R25BK00978642_001_1_000_263410,7,0.031872,0,4015151301,수중펌프,2898102139,,2025-07-31,R25BK00978642
R25BK00978642_001_1_000_263410,8,0.031632,0,4015151301,수중펌프,3292501562,,2025-07-31,R25BK00978642
R25BK00978642_001_1_000_263410,9,0.025532,0,4015151301,수중펌프,3558800437,,2025-07-31,R25BK00978642
R25BK00978642_001_1_000_263410,10,0.020304,0,4015151301,수중펌프,2888802606,,2025-07-31,R25BK00978642
R25BK00943026_000_1_000_269908,1,0.251174,0,5310271001,근무복,5128207934,,2025-08-01,R25BK00943026
R25BK00943026_000_1_000_269908,2,0.235825,1,5310271001,근무복,8548603238,주식회사 더아이원,2025-08-01,R25BK00943026
R25BK00943026_000_1_000_269908,3,0.161029,0,5310271001,근무복,8598602103,,2025-08-01,R25BK00943026
R25BK00943026_000_1_000_269908,4,0.057344,0,5310271001,근무복,1120993498,,2025-08-01,R25BK00943026
R25BK00943026_000_1_000_269908,5,0.016938,0,5310271001,근무복,1724600491,,2025-08-01,R25BK00943026
R25BK00943026_000_1_000_269908,6,0.012078,0,5310271001,근무복,4092344752,,2025-08-01,R25BK00943026
R25BK00943026_000_1_000_269908,7,0.011169,0,5310271001,근무복,6191217384,,2025-08-01,R25BK00943026
R25BK00943026_000_1_000_269908,8,0.010469,0,5310271001,근무복,6022593083,,2025-08-01,R25BK00943026
R25BK00943026_000_1_000_269908,9,0.010142,0,5310271001,근무복,2062451272,,2025-08-01,R25BK00943026
R25BK00943026_000_1_000_269908,10,0.008401,0,5310271001,근무복,1406600449,,2025-08-01,R25BK00943026
R25BK00975752_000_1_000_263025,1,0.966774,1,3010280201,콘크리트파일,2858602210,성우산업 주식회사,2025-08-01,R25BK00975752
R25BK00975752_000_1_000_263025,2,0.170755,0,3010280201,콘크리트파일,6886100719,,2025-08-01,R25BK00975752
R25BK00975752_000_1_000_263025,3,0.170755,0,3010280201,콘크리트파일,8311502541,,2025-08-01,R25BK00975752
R25BK00975752_000_1_000_263025,4,0.112703,0,3010280201,콘크리트파일,7781102617,,2025-08-01,R25BK00975752
R25BK00975752_000_1_000_263025,5,0.05734,0,3010280201,콘크리트파일,1748703196,,2025-08-01,R25BK00975752
R25BK00975752_000_1_000_263025,6,0.029818,0,3010280201,콘크리트파일,6098199463,,2025-08-01,R25BK00975752
R25BK00975752_000_1_000_263025,7,0.028268,0,3010280201,콘크리트파일,2248163274,,2025-08-01,R25BK00975752
R25BK00975752_000_1_000_263025,8,0.026141,0,3010280201,콘크리트파일,8393201811,,2025-08-01,R25BK00975752
R25BK00975752_000_1_000_263025,9,0.023007,0,3010280201,콘크리트파일,5118127226,,2025-08-01,R25BK00975752
R25BK00975752_000_1_000_263025,10,0.018432,0,3010280201,콘크리트파일,4750702593,,2025-08-01,R25BK00975752
R25BK00976757_000_1_000_264320,1,0.793951,1,3010990201,혼합골재,7938700670,유한회사 거산개발,2025-08-01,R25BK00976757
R25BK00976757_000_1_000_264320,2,0.48754,0,3010990201,혼합골재,4208701183,,2025-08-01,R25BK00976757
R25BK00976757_000_1_000_264320,3,0.36977,0,3010990201,혼합골재,6118108586,,2025-08-01,R25BK00976757
R25BK00976757_000_1_000_264320,4,0.041882,0,3010990201,혼합골재,5038193860,,2025-08-01,R25BK00976757
R25BK00976757_000_1_000_264320,5,0.040089,0,3010990201,혼합골재,2550102696,,2025-08-01,R25BK00976757
R25BK00976757_000_1_000_264320,6,0.03359,0,3010990201,혼합골재,2588701837,,2025-08-01,R25BK00976757
R25BK00976757_000_1_000_264320,7,0.033213,0,3010990201,혼합골재,6158158564,,2025-08-01,R25BK00976757
R25BK00976757_000_1_000_264320,8,0.032761,0,3010990201,혼합골재,4173300564,,2025-08-01,R25BK00976757
R25BK00976757_000_1_000_264320,9,0.025358,0,3010990201,혼합골재,6468600192,,2025-08-01,R25BK00976757
R25BK00976757_000_1_000_264320,10,0.025343,0,3010990201,혼합골재,4080371904,,2025-08-01,R25BK00976757
R25BK00979167_000_1_000_260922,1,0.176574,0,4112241001,파라필름,6198107863,,2025-08-04,R25BK00979167
R25BK00979167_000_1_000_260922,2,0.141774,0,4112241001,파라필름,8673801220,,2025-08-04,R25BK00979167
R25BK00979167_000_1_000_260922,3,0.139982,0,4112241001,파라필름,1758602999,,2025-08-04,R25BK00979167
R25BK00979167_000_1_000_260922,4,0.105505,0,4112241001,파라필름,3220602536,,2025-08-04,R25BK00979167
R25BK00979167_000_1_000_260922,5,0.092751,0,4112241001,파라필름,6632301982,,2025-08-04,R25BK00979167
R25BK00979167_000_1_000_260922,6,0.076901,0,4112241001,파라필름,6858701631,,2025-08-04,R25BK00979167
R25BK00979167_000_1_000_260922,7,0.062892,0,4112241001,파라필름,1138638335,,2025-08-04,R25BK00979167
R25BK00979167_000_1_000_260922,8,0.054697,0,4112241001,파라필름,1868702400,,2025-08-04,R25BK00979167
R25BK00979167_000_1_000_260922,9,0.051911,1,4112241001,파라필름,3592201640,하나,2025-08-04,R25BK00979167
R25BK00979167_000_1_000_260922,10,0.044077,0,4112241001,파라필름,2948701793,,2025-08-04,R25BK00979167
R25BK00983454_000_1_000_261239,1,0.350473,1,9930171501,융복합문개폐기,2148838286,주식회사 도래샘,2025-08-04,R25BK00983454
R25BK00983454_000_1_000_261239,2,0.053488,0,9930171501,융복합문개폐기,3213700145,,2025-08-04,R25BK00983454
R25BK00983454_000_1_000_261239,3,0.007569,0,9930171501,융복합문개폐기,8888600840,,2025-08-04,R25BK00983454
R25BK00969672_000_1_000_264253,1,0.156506,1,4110550501,고효율시료검색시스템,2148626563,주식회사 바이오닉스,2025-08-05,R25BK00969672
R25BK00969672_000_1_000_264253,2,0.096617,0,4110550501,고효율시료검색시스템,2011993104,,2025-08-05,R25BK00969672
R25BK00969672_000_1_000_264253,3,0.020881,0,4110550501,고효율시료검색시스템,6225300470,,2025-08-05,R25BK00969672
R25BK00969672_000_1_000_264253,4,0.019452,0,4110550501,고효율시료검색시스템,8947100235,,2025-08-05,R25BK00969672
R25BK00969672_000_1_000_264253,5,0.014671,0,4110550501,고효율시료검색시스템,2611402217,,2025-08-05,R25BK00969672
R25BK00969672_000_1_000_264253,6,0.011523,0,4110550501,고효율시료검색시스템,6702100750,,2025-08-05,R25BK00969672
R25BK00969672_000_1_000_264253,7,0.009702,0,4110550501,고효율시료검색시스템,1173000547,,2025-08-05,R25BK00969672
R25BK00969672_000_1_000_264253,8,0.009572,0,4110550501,고효율시료검색시스템,4418601878,,2025-08-05,R25BK00969672
R25BK00969672_000_1_000_264253,9,0.008237,0,4110550501,고효율시료검색시스템,2028143166,,2025-08-05,R25BK00969672
R25BK00969672_000_1_000_264253,10,0.007014,0,4110550501,고효율시료검색시스템,2410602784,,2025-08-05,R25BK00969672
R25BK00972319_000_1_000_266898,1,0.127899,1,4220189101,감마계수기,3032909046,카이엔,2025-08-05,R25BK00972319
R25BK00972319_000_1_000_266898,2,0.120015,0,4220189101,감마계수기,5058801759,,2025-08-05,R25BK00972319
R25BK00972319_000_1_000_266898,3,0.012497,0,4220189101,감마계수기,8878102928,,2025-08-05,R25BK00972319
R25BK00972319_000_1_000_266898,4,0.005409,0,4220189101,감마계수기,2011525821,,2025-08-05,R25BK00972319
R25BK00972319_000_1_000_266898,5,0.005079,0,4220189101,감마계수기,2888802606,,2025-08-05,R25BK00972319
R25BK00972319_000_1_000_266898,6,0.003472,0,4220189101,감마계수기,2158783619,,2025-08-05,R25BK00972319
R25BK00972319_000_1_000_266898,7,0.003182,0,4220189101,감마계수기,3961002290,,2025-08-05,R25BK00972319
R25BK00972319_000_1_000_266898,8,0.002717,0,4220189101,감마계수기,2168702716,,2025-08-05,R25BK00972319
R25BK00972319_000_1_000_266898,9,0.002418,0,4220189101,감마계수기,8320802167,,2025-08-05,R25BK00972319
R25BK00972319_000_1_000_266898,10,0.002205,0,4220189101,감마계수기,4381202604,,2025-08-05,R25BK00972319
R25BK00981557_000_1_000_261662,1,0.525637,0,2399039501,증류기,8038101163,,2025-08-05,R25BK00981557
R25BK00981557_000_1_000_261662,2,0.488964,0,2399039501,증류기,6808702479,,2025-08-05,R25BK00981557
R25BK00981557_000_1_000_261662,3,0.144348,1,2399039501,증류기,2218138548,합자회사 나라,2025-08-05,R25BK00981557
R25BK00981557_000_1_000_261662,4,0.042635,0,2399039501,증류기,5884800195,,2025-08-05,R25BK00981557
R25BK00981557_000_1_000_261662,5,0.040485,0,2399039501,증류기,5873401516,,2025-08-05,R25BK00981557
R25BK00981557_000_1_000_261662,6,0.017302,0,2399039501,증류기,5506400813,,2025-08-05,R25BK00981557
R25BK00981557_000_1_000_261662,7,0.014454,0,2399039501,증류기,2984000369,,2025-08-05,R25BK00981557
R25BK00981557_000_1_000_261662,8,0.01219,0,2399039501,증류기,4736500231,,2025-08-05,R25BK00981557
R25BK00981557_000_1_000_261662,9,0.011662,0,2399039501,증류기,2888802606,,2025-08-05,R25BK00981557
R25BK00981557_000_1_000_261662,10,0.011436,0,2399039501,증류기,1161068508,,2025-08-05,R25BK00981557
R25BK00984125_000_1_000_263374,1,0.642594,0,4010178702,냉난방기,4115100589,,2025-08-05,R25BK00984125
R25BK00984125_000_1_000_263374,2,0.573032,0,4010178702,냉난방기,8318600451,,2025-08-05,R25BK00984125
R25BK00984125_000_1_000_263374,3,0.321954,0,4010178702,냉난방기,1078218559,,2025-08-05,R25BK00984125
R25BK00984125_000_1_000_263374,4,0.250582,1,4010178702,냉난방기,1218605679,주식회사 시트론정보통신,2025-08-05,R25BK00984125
R25BK00984125_000_1_000_263374,5,0.241007,0,4010178702,냉난방기,5738602422,,2025-08-05,R25BK00984125
R25BK00984125_000_1_000_263374,6,0.212414,0,4010178702,냉난방기,3062576191,,2025-08-05,R25BK00984125
R25BK00984125_000_1_000_263374,7,0.1298,0,4010178702,냉난방기,5643901352,,2025-08-05,R25BK00984125
R25BK00984125_000_1_000_263374,8,0.099438,0,4010178702,냉난방기,5701902080,,2025-08-05,R25BK00984125
R25BK00984125_000_1_000_263374,9,0.099438,0,4010178702,냉난방기,7325200746,,2025-08-05,R25BK00984125
R25BK00984125_000_1_000_263374,10,0.087733,0,4010178702,냉난방기,8511400706,,2025-08-05,R25BK00984125
R25BK00984849_000_1_000_264476,1,0.556898,0,3912100402,전원공급장치,1228192546,,2025-08-05,R25BK00984849
R25BK00984849_000_1_000_264476,2,0.401425,0,3912100402,전원공급장치,3018626659,,2025-08-05,R25BK00984849
R25BK00984849_000_1_000_264476,3,0.29403,0,3912100402,전원공급장치,1348633147,,2025-08-05,R25BK00984849
R25BK00984849_000_1_000_264476,4,0.164356,0,3912100402,전원공급장치,4108600083,,2025-08-05,R25BK00984849
R25BK00984849_000_1_000_264476,5,0.123879,0,3912100402,전원공급장치,3148131809,,2025-08-05,R25BK00984849
R25BK00984849_000_1_000_264476,6,0.086967,1,3912100402,전원공급장치,2371202559,중원랩,2025-08-05,R25BK00984849
R25BK00984849_000_1_000_264476,7,0.063262,0,3912100402,전원공급장치,3058140639,,2025-08-05,R25BK00984849
R25BK00984849_000_1_000_264476,8,0.014661,0,3912100402,전원공급장치,5483301101,,2025-08-05,R25BK00984849
R25BK00984849_000_1_000_264476,9,0.012275,0,3912100402,전원공급장치,8958602017,,2025-08-05,R25BK00984849
R25BK00984849_000_1_000_264476,10,0.009812,0,3912100402,전원공급장치,2352901168,,2025-08-05,R25BK00984849
R25BK00986159_000_1_000_261655,1,0.377853,1,3010280301,강관파일,4643701378,이룸,2025-08-05,R25BK00986159
R25BK00986159_000_1_000_261655,2,0.220282,0,3010280301,강관파일,7820901711,,2025-08-05,R25BK00986159
R25BK00986159_000_1_000_261655,3,0.179663,0,3010280301,강관파일,4251202175,,2025-08-05,R25BK00986159
R25BK00986159_000_1_000_261655,4,0.15873,0,3010280301,강관파일,1194900225,,2025-08-05,R25BK00986159
R25BK00986159_000_1_000_261655,5,0.113296,0,3010280301,강관파일,1841401717,,2025-08-05,R25BK00986159
R25BK00986159_000_1_000_261655,6,0.107526,0,3010280301,강관파일,3960401683,,2025-08-05,R25BK00986159
R25BK00986159_000_1_000_261655,7,0.091894,0,3010280301,강관파일,2565700801,,2025-08-05,R25BK00986159
R25BK00986159_000_1_000_261655,8,0.078853,0,3010280301,강관파일,7830702664,,2025-08-05,R25BK00986159
R25BK00986159_000_1_000_261655,9,0.066252,0,3010280301,강관파일,6805900269,,2025-08-05,R25BK00986159
R25BK00986159_000_1_000_261655,10,0.061248,0,3010280301,강관파일,2951202588,,2025-08-05,R25BK00986159
R25BK00983439_000_1_000_262410,1,0.156378,0,1235239101,염화칼슘,6338103112,,2025-08-06,R25BK00983439
R25BK00983439_000_1_000_262410,2,0.14615,0,1235239101,염화칼슘,1278613158,,2025-08-06,R25BK00983439
R25BK00983439_000_1_000_262410,3,0.139064,0,1235239101,염화칼슘,2378103762,,2025-08-06,R25BK00983439
R25BK00983439_000_1_000_262410,4,0.11688,0,1235239101,염화칼슘,8523101608,,2025-08-06,R25BK00983439
R25BK00983439_000_1_000_262410,5,0.101673,0,1235239101,염화칼슘,2392202516,,2025-08-06,R25BK00983439
R25BK00983439_000_1_000_262410,6,0.091894,0,1235239101,염화칼슘,2673201355,,2025-08-06,R25BK00983439
R25BK00983439_000_1_000_262410,7,0.084504,0,1235239101,염화칼슘,2107031520,,2025-08-06,R25BK00983439
R25BK00983439_000_1_000_262410,8,0.083716,0,1235239101,염화칼슘,7205400465,,2025-08-06,R25BK00983439
R25BK00983439_000_1_000_262410,9,0.077287,0,1235239101,염화칼슘,1750303127,,2025-08-06,R25BK00983439
R25BK00983439_000_1_000_262410,10,0.077279,0,1235239101,염화칼슘,6670702834,,2025-08-06,R25BK00983439
R25BK00984513_001_1_000_264699,1,0.157464,0,4010171401,흡수식냉온수기,1057200262,,2025-08-06,R25BK00984513
R25BK00984513_001_1_000_264699,2,0.113242,0,4010171401,흡수식냉온수기,2073501242,,2025-08-06,R25BK00984513
R25BK00984513_001_1_000_264699,3,0.109337,0,4010171401,흡수식냉온수기,5873401516,,2025-08-06,R25BK00984513
R25BK00984513_001_1_000_264699,4,0.097519,0,4010171401,흡수식냉온수기,5048541136,,2025-08-06,R25BK00984513
R25BK00984513_001_1_000_264699,5,0.084191,0,4010171401,흡수식냉온수기,1328137614,,2025-08-06,R25BK00984513
R25BK00984513_001_1_000_264699,6,0.075676,1,4010171401,흡수식냉온수기,2158112728,(주)세나공조시스템,2025-08-06,R25BK00984513
R25BK00984513_001_1_000_264699,7,0.052969,0,4010171401,흡수식냉온수기,2346200479,,2025-08-06,R25BK00984513
R25BK00984513_001_1_000_264699,8,0.052379,0,4010171401,흡수식냉온수기,3538600330,,2025-08-06,R25BK00984513
R25BK00984513_001_1_000_264699,9,0.043471,0,4010171401,흡수식냉온수기,6973500669,,2025-08-06,R25BK00984513
R25BK00984513_001_1_000_264699,10,0.037797,0,4010171401,흡수식냉온수기,6648103265,,2025-08-06,R25BK00984513
R25BK00988699_000_1_000_262201,1,0.16037,0,6012100201,조형물,2738602560,,2025-08-06,R25BK00988699
R25BK00988699_000_1_000_262201,2,0.092636,0,6012100201,조형물,5041751289,,2025-08-06,R25BK00988699
R25BK00988699_000_1_000_262201,3,0.091265,0,6012100201,조형물,8238600620,,2025-08-06,R25BK00988699
R25BK00988699_000_1_000_262201,4,0.088331,0,6012100201,조형물,7298702449,,2025-08-06,R25BK00988699
R25BK00988699_000_1_000_262201,5,0.081628,1,6012100201,조형물,6041552702,컴퍼스,2025-08-06,R25BK00988699
R25BK00988699_000_1_000_262201,6,0.077017,0,6012100201,조형물,2768800721,,2025-08-06,R25BK00988699
R25BK00988699_000_1_000_262201,7,0.076177,0,6012100201,조형물,4011894711,,2025-08-06,R25BK00988699
R25BK00988699_000_1_000_262201,8,0.076177,0,6012100201,조형물,4108616265,,2025-08-06,R25BK00988699
R25BK00988699_000_1_000_262201,9,0.076177,0,6012100201,조형물,5378701195,,2025-08-06,R25BK00988699
R25BK00988699_000_1_000_262201,10,0.024052,0,6012100201,조형물,2248109019,,2025-08-06,R25BK00988699
R25BK00994973_000_1_000_265315,1,0.588155,0,4111532301,함수발생기,1298616715,,2025-08-06,R25BK00994973
R25BK00994973_000_1_000_265315,2,0.497583,1,4111532301,함수발생기,6380601693,알지인스트루먼트,2025-08-06,R25BK00994973
R25BK00994973_000_1_000_265315,3,0.078428,0,4111532301,함수발생기,2261892752,,2025-08-06,R25BK00994973
R25BK00994973_000_1_000_265315,4,0.027537,0,4111532301,함수발생기,7101201851,,2025-08-06,R25BK00994973
R25BK00994973_000_1_000_265315,5,0.025482,0,4111532301,함수발생기,8272401230,,2025-08-06,R25BK00994973
R25BK00994973_000_1_000_265315,6,0.015412,0,4111532301,함수발생기,6828702887,,2025-08-06,R25BK00994973
R25BK00994973_000_1_000_265315,7,0.013848,0,4111532301,함수발생기,8854401103,,2025-08-06,R25BK00994973
R25BK00994973_000_1_000_265315,8,0.013593,0,4111532301,함수발생기,5074401163,,2025-08-06,R25BK00994973
R25BK00994973_000_1_000_265315,9,0.011065,0,4111532301,함수발생기,4941700391,,2025-08-06,R25BK00994973
R25BK00994973_000_1_000_265315,10,0.010448,0,4111532301,함수발생기,1791301004,,2025-08-06,R25BK00994973
R25BK00962887_000_1_000_265670,1,0.680373,0,4322281805,통합배선반,6098179813,,2025-08-07,R25BK00962887
R25BK00962887_000_1_000_265670,2,0.383958,0,4322281805,통합배선반,3102151454,,2025-08-07,R25BK00962887
R25BK00962887_000_1_000_265670,3,0.364153,0,4322281805,통합배선반,6098161536,,2025-08-07,R25BK00962887
R25BK00962887_000_1_000_265670,4,0.280645,0,4322281805,통합배선반,2128142640,,2025-08-07,R25BK00962887
R25BK00962887_000_1_000_265670,5,0.243152,0,4322281805,통합배선반,4118185741,,2025-08-07,R25BK00962887
R25BK00962887_000_1_000_265670,6,0.19007,0,4322281805,통합배선반,6218184067,,2025-08-07,R25BK00962887
R25BK00962887_000_1_000_265670,7,0.172041,0,4322281805,통합배선반,6068118495,,2025-08-07,R25BK00962887
R25BK00962887_000_1_000_265670,8,0.089599,1,4322281805,통합배선반,6058626788,주식회사 하림아이티,2025-08-07,R25BK00962887
R25BK00962887_000_1_000_265670,9,0.027029,0,4322281805,통합배선반,2167600518,,2025-08-07,R25BK00962887
R25BK00962887_000_1_000_265670,10,0.018707,0,4322281805,통합배선반,8934601108,,2025-08-07,R25BK00962887
R25BK00978527_000_1_000_264756,1,0.464547,0,4010180604,히트펌프,1608803078,,2025-08-07,R25BK00978527
R25BK00978527_000_1_000_264756,2,0.380429,1,4010180604,히트펌프,2248138528,씨에스건설 주식회사,2025-08-07,R25BK00978527
R25BK00978527_000_1_000_264756,3,0.325856,0,4010180604,히트펌프,3061864998,,2025-08-07,R25BK00978527
R25BK00978527_000_1_000_264756,4,0.321305,0,4010180604,히트펌프,8858700815,,2025-08-07,R25BK00978527
R25BK00978527_000_1_000_264756,5,0.184073,0,4010180604,히트펌프,1022395874,,2025-08-07,R25BK00978527
R25BK00978527_000_1_000_264756,6,0.135682,0,4010180604,히트펌프,1040617692,,2025-08-07,R25BK00978527
R25BK00978527_000_1_000_264756,7,0.126341,0,4010180604,히트펌프,6632301982,,2025-08-07,R25BK00978527
R25BK00978527_000_1_000_264756,8,0.123057,0,4010180604,히트펌프,3538600330,,2025-08-07,R25BK00978527
R25BK00978527_000_1_000_264756,9,0.112852,0,4010180604,히트펌프,1358117688,,2025-08-07,R25BK00978527
R25BK00978527_000_1_000_264756,10,0.099715,0,4010180604,히트펌프,2888802606,,2025-08-07,R25BK00978527
R25BK00979679_000_1_000_263649,1,0.45325,0,4322181001,광다중화장치,5028192306,,2025-08-07,R25BK00979679
R25BK00979679_000_1_000_263649,2,0.450711,0,4322181001,광다중화장치,8208802244,,2025-08-07,R25BK00979679
R25BK00979679_000_1_000_263649,3,0.323788,0,4322181001,광다중화장치,6158182399,,2025-08-07,R25BK00979679
R25BK00979679_000_1_000_263649,4,0.229766,0,4322181001,광다중화장치,5148107442,,2025-08-07,R25BK00979679
R25BK00979679_000_1_000_263649,5,0.21207,0,4322181001,광다중화장치,5130276918,,2025-08-07,R25BK00979679
R25BK00979679_000_1_000_263649,6,0.20788,0,4322181001,광다중화장치,5648601996,,2025-08-07,R25BK00979679
R25BK00979679_000_1_000_263649,7,0.187988,0,4322181001,광다중화장치,1428137834,,2025-08-07,R25BK00979679
R25BK00979679_000_1_000_263649,8,0.144316,0,4322181001,광다중화장치,8768102632,,2025-08-07,R25BK00979679
R25BK00979679_000_1_000_263649,9,0.139551,1,4322181001,광다중화장치,2208126447,주식회사 에이치씨코퍼레이션,2025-08-07,R25BK00979679
R25BK00979679_000_1_000_263649,10,0.131434,0,4322181001,광다중화장치,1198108907,,2025-08-07,R25BK00979679
R25BK00980687_000_1_000_266328,1,0.753989,1,4898999903,휴머노이드로봇,8708600586,주식회사 서큘러스,2025-08-07,R25BK00980687
R25BK00980687_000_1_000_266328,2,0.686217,0,4898999903,휴머노이드로봇,7658801540,,2025-08-07,R25BK00980687
R25BK00980687_000_1_000_266328,3,0.257349,0,4898999903,휴머노이드로봇,6777900432,,2025-08-07,R25BK00980687
R25BK00980687_000_1_000_266328,4,0.2401,0,4898999903,휴머노이드로봇,8318101324,,2025-08-07,R25BK00980687
R25BK00980687_000_1_000_266328,5,0.213261,0,4898999903,휴머노이드로봇,6158168228,,2025-08-07,R25BK00980687
R25BK00980687_000_1_000_266328,6,0.199201,0,4898999903,휴머노이드로봇,2668801723,,2025-08-07,R25BK00980687
R25BK00980687_000_1_000_266328,7,0.191548,0,4898999903,휴머노이드로봇,2608603243,,2025-08-07,R25BK00980687
R25BK00980687_000_1_000_266328,8,0.172332,0,4898999903,휴머노이드로봇,5052015267,,2025-08-07,R25BK00980687
R25BK00980687_000_1_000_266328,9,0.166436,0,4898999903,휴머노이드로봇,6068610784,,2025-08-07,R25BK00980687
R25BK00980687_000_1_000_266328,10,0.145205,0,4898999903,휴머노이드로봇,8691600884,,2025-08-07,R25BK00980687
R25BK00990337_000_1_000_264372,1,0.47403,1,4322281805,통합배선반,6058178597,주식회사 진 솔루션,2025-08-07,R25BK00990337
R25BK00990337_000_1_000_264372,2,0.352742,0,4322281805,통합배선반,4038112188,,2025-08-07,R25BK00990337
R25BK00990337_000_1_000_264372,3,0.262856,0,4322281805,통합배선반,1281366542,,2025-08-07,R25BK00990337
R25BK00990337_000_1_000_264372,4,0.19436,0,4322281805,통합배선반,6218184067,,2025-08-07,R25BK00990337
R25BK00990337_000_1_000_264372,5,0.191156,0,4322281805,통합배선반,7288600795,,2025-08-07,R25BK00990337
R25BK00990337_000_1_000_264372,6,0.078667,0,4322281805,통합배선반,5028533611,,2025-08-07,R25BK00990337
R25BK00990337_000_1_000_264372,7,0.021151,0,4322281805,통합배선반,6101692462,,2025-08-07,R25BK00990337
R25BK00990337_000_1_000_264372,8,0.013984,0,4322281805,통합배선반,4098618244,,2025-08-07,R25BK00990337
R25BK00990337_000_1_000_264372,9,0.013948,0,4322281805,통합배선반,5148150594,,2025-08-07,R25BK00990337
R25BK00990337_000_1_000_264372,10,0.01066,0,4322281805,통합배선반,1388703166,,2025-08-07,R25BK00990337
R25BK00990689_000_1_000_261920,1,0.344162,1,4111532301,함수발생기,4022022135,가연시스템,2025-08-07,R25BK00990689
R25BK00990689_000_1_000_261920,2,0.170201,0,4111532301,함수발생기,3826700550,,2025-08-07,R25BK00990689
R25BK00990689_000_1_000_261920,3,0.140517,0,4111532301,함수발생기,2028703230,,2025-08-07,R25BK00990689
R25BK00990689_000_1_000_261920,4,0.075458,0,4111532301,함수발생기,6022362437,,2025-08-07,R25BK00990689
R25BK00990689_000_1_000_261920,5,0.037163,0,4111532301,함수발생기,6678702495,,2025-08-07,R25BK00990689
R25BK00990689_000_1_000_261920,6,0.036293,0,4111532301,함수발생기,1610601946,,2025-08-07,R25BK00990689
R25BK00990689_000_1_000_261920,7,0.024897,0,4111532301,함수발생기,3118702821,,2025-08-07,R25BK00990689
R25BK00990689_000_1_000_261920,8,0.020818,0,4111532301,함수발생기,8538100096,,2025-08-07,R25BK00990689
R25BK00990689_000_1_000_261920,9,0.019929,0,4111532301,함수발생기,6198109594,,2025-08-07,R25BK00990689
R25BK00990689_000_1_000_261920,10,0.019284,0,4111532301,함수발생기,7620102215,,2025-08-07,R25BK00990689
R25BK00967498_000_1_000_271074,1,0.887919,1,4111540401,질량분석기,3078701124,주식회사 시마즈 사이언티픽 코리아,2025-08-08,R25BK00967498
R25BK00967498_000_1_000_271074,2,0.653441,0,4111540401,질량분석기,2130159138,,2025-08-08,R25BK00967498
R25BK00967498_000_1_000_271074,3,0.213174,0,4111540401,질량분석기,7258600739,,2025-08-08,R25BK00967498
R25BK00967498_000_1_000_271074,4,0.106293,0,4111540401,질량분석기,6678701399,,2025-08-08,R25BK00967498
R25BK00967498_000_1_000_271074,5,0.014166,0,4111540401,질량분석기,6913601202,,2025-08-08,R25BK00967498
R25BK00967498_000_1_000_271074,6,0.010582,0,4111540401,질량분석기,7234100746,,2025-08-08,R25BK00967498
R25BK00967498_000_1_000_271074,7,0.010175,0,4111540401,질량분석기,6983701215,,2025-08-08,R25BK00967498
R25BK00967498_000_1_000_271074,8,0.008593,0,4111540401,질량분석기,6078702284,,2025-08-08,R25BK00967498
R25BK00967498_000_1_000_271074,9,0.0081,0,4111540401,질량분석기,5133001201,,2025-08-08,R25BK00967498
R25BK00967498_000_1_000_271074,10,0.006903,0,4111540401,질량분석기,3300802337,,2025-08-08,R25BK00967498
R25BK00988794_000_1_000_270801,1,0.856776,1,4214251502,진공채혈관,8932501665,아름메디,2025-08-08,R25BK00988794
R25BK00988794_000_1_000_270801,2,0.430073,0,4214251502,진공채혈관,3123042157,,2025-08-08,R25BK00988794
R25BK00988794_000_1_000_270801,3,0.056994,0,4214251502,진공채혈관,5604100198,,2025-08-08,R25BK00988794
R25BK00988794_000_1_000_270801,4,0.022142,0,4214251502,진공채혈관,5970202113,,2025-08-08,R25BK00988794
R25BK00988794_000_1_000_270801,5,0.015069,0,4214251502,진공채혈관,4111318210,,2025-08-08,R25BK00988794
R25BK00988794_000_1_000_270801,6,0.014925,0,4214251502,진공채혈관,4161690178,,2025-08-08,R25BK00988794
R25BK00988794_000_1_000_270801,7,0.013765,0,4214251502,진공채혈관,5702301278,,2025-08-08,R25BK00988794
R25BK00988794_000_1_000_270801,8,0.013758,0,4214251502,진공채혈관,5800502760,,2025-08-08,R25BK00988794
R25BK00988794_000_1_000_270801,9,0.012964,0,4214251502,진공채혈관,6022593083,,2025-08-08,R25BK00988794
R25BK00988794_000_1_000_270801,10,0.011576,0,4214251502,진공채혈관,1828600854,,2025-08-08,R25BK00988794
R25BK00988845_000_1_000_271974,1,0.895929,1,4214251502,진공채혈관,8932501665,아름메디,2025-08-08,R25BK00988845
R25BK00988845_000_1_000_271974,2,0.530091,0,4214251502,진공채혈관,1018154225,,2025-08-08,R25BK00988845
R25BK00988845_000_1_000_271974,3,0.019647,0,4214251502,진공채혈관,5480201714,,2025-08-08,R25BK00988845
R25BK00988845_000_1_000_271974,4,0.013559,0,4214251502,진공채혈관,3823300778,,2025-08-08,R25BK00988845
R25BK00988845_000_1_000_271974,5,0.01089,0,4214251502,진공채혈관,1082162682,,2025-08-08,R25BK00988845
R25BK00988845_000_1_000_271974,6,0.010877,0,4214251502,진공채혈관,7073900945,,2025-08-08,R25BK00988845
R25BK00988845_000_1_000_271974,7,0.010487,0,4214251502,진공채혈관,3033725401,,2025-08-08,R25BK00988845
R25BK00988845_000_1_000_271974,8,0.010273,0,4214251502,진공채혈관,5158116041,,2025-08-08,R25BK00988845
R25BK00988845_000_1_000_271974,9,0.010158,0,4214251502,진공채혈관,5772001579,,2025-08-08,R25BK00988845
R25BK00988845_000_1_000_271974,10,0.01009,0,4214251502,진공채혈관,4161744837,,2025-08-08,R25BK00988845
R25BK00994548_000_1_000_261790,1,0.91863,1,3010990401,순환골재,3118120318,주식회사 대영환경,2025-08-11,R25BK00994548
R25BK00994548_000_1_000_261790,2,0.426131,0,3010990401,순환골재,5128109615,,2025-08-11,R25BK00994548
R25BK00994548_000_1_000_261790,3,0.026263,0,3010990401,순환골재,5078506313,,2025-08-11,R25BK00994548
R25BK00994548_000_1_000_261790,4,0.020704,0,3010990401,순환골재,5758600283,,2025-08-11,R25BK00994548
R25BK00994548_000_1_000_261790,5,0.012886,0,3010990401,순환골재,1328612388,,2025-08-11,R25BK00994548
R25BK00994548_000_1_000_261790,6,0.005996,0,3010990401,순환골재,6514700797,,2025-08-11,R25BK00994548
R25BK00994548_000_1_000_261790,7,0.005529,0,3010990401,순환골재,4130495720,,2025-08-11,R25BK00994548
R25BK00994548_000_1_000_261790,8,0.004346,0,3010990401,순환골재,5051459212,,2025-08-11,R25BK00994548
R25BK00994548_000_1_000_261790,9,0.004205,0,3010990401,순환골재,7150501727,,2025-08-11,R25BK00994548
R25BK00994548_000_1_000_261790,10,0.003601,0,3010990401,순환골재,3751102529,,2025-08-11,R25BK00994548
R25BK00995901_000_1_000_265853,1,0.91507,1,4010170101,냉방기,3500503440,세진이엔아이,2025-08-11,R25BK00995901
R25BK00995901_000_1_000_265853,2,0.855667,0,4010170101,냉방기,1225367457,,2025-08-11,R25BK00995901
R25BK00995901_000_1_000_265853,3,0.832666,0,4010170101,냉방기,5478602122,,2025-08-11,R25BK00995901
R25BK00995901_000_1_000_265853,4,0.15765,0,4010170101,냉방기,3991801864,,2025-08-11,R25BK00995901
R25BK00995901_000_1_000_265853,5,0.153334,0,4010170101,냉방기,3720902129,,2025-08-11,R25BK00995901
R25BK00995901_000_1_000_265853,6,0.118644,0,4010170101,냉방기,4850102680,,2025-08-11,R25BK00995901
R25BK00995901_000_1_000_265853,7,0.114149,0,4010170101,냉방기,1068627747,,2025-08-11,R25BK00995901
R25BK00995901_000_1_000_265853,8,0.060537,0,4010170101,냉방기,1068619121,,2025-08-11,R25BK00995901
R25BK00995901_000_1_000_265853,9,0.051199,0,4010170101,냉방기,3472401258,,2025-08-11,R25BK00995901
R25BK00995901_000_1_000_265853,10,0.047579,0,4010170101,냉방기,6404300561,,2025-08-11,R25BK00995901
R25BK00992840_000_1_000_261479,1,0.310676,0,3912110401,전동기제어반,3708102871,,2025-08-12,R25BK00992840
R25BK00992840_000_1_000_261479,2,0.300798,0,3912110401,전동기제어반,1248705767,,2025-08-12,R25BK00992840
R25BK00992840_000_1_000_261479,3,0.259572,0,3912110401,전동기제어반,1868100109,,2025-08-12,R25BK00992840
R25BK00992840_000_1_000_261479,4,0.201856,0,3912110401,전동기제어반,3558102436,,2025-08-12,R25BK00992840
R25BK00992840_000_1_000_261479,5,0.172512,1,3912110401,전동기제어반,3058620337,에이스기전(주),2025-08-12,R25BK00992840
R25BK00992840_000_1_000_261479,6,0.16752,0,3912110401,전동기제어반,5248800538,,2025-08-12,R25BK00992840
R25BK00992840_000_1_000_261479,7,0.130673,0,3912110401,전동기제어반,3130703538,,2025-08-12,R25BK00992840
R25BK00992840_000_1_000_261479,8,0.127282,0,3912110401,전동기제어반,3248200687,,2025-08-12,R25BK00992840
R25BK00992840_000_1_000_261479,9,0.092923,0,3912110401,전동기제어반,1368208103,,2025-08-12,R25BK00992840
R25BK00992840_000_1_000_261479,10,0.06855,0,3912110401,전동기제어반,7858801919,,2025-08-12,R25BK00992840
R25BK00999483_000_1_000_271258,1,0.558629,1,4111540801,적외선분광기,6758603315,주식회사 티아이솔루션즈,2025-08-12,R25BK00999483
R25BK00999483_000_1_000_271258,2,0.087117,0,4111540801,적외선분광기,1361210606,,2025-08-12,R25BK00999483
R25BK00999483_000_1_000_271258,3,0.041604,0,4111540801,적외선분광기,5458102932,,2025-08-12,R25BK00999483
R25BK00999483_000_1_000_271258,4,0.036274,0,4111540801,적외선분광기,1323601168,,2025-08-12,R25BK00999483
R25BK00999483_000_1_000_271258,5,0.033168,0,4111540801,적외선분광기,8610302063,,2025-08-12,R25BK00999483
R25BK00999483_000_1_000_271258,6,0.029202,0,4111540801,적외선분광기,4901402590,,2025-08-12,R25BK00999483
R25BK00999483_000_1_000_271258,7,0.025289,0,4111540801,적외선분광기,6678702495,,2025-08-12,R25BK00999483
R25BK00999483_000_1_000_271258,8,0.023213,0,4111540801,적외선분광기,1123167161,,2025-08-12,R25BK00999483
R25BK00999483_000_1_000_271258,9,0.021616,0,4111540801,적외선분광기,8851801332,,2025-08-12,R25BK00999483
R25BK00999483_000_1_000_271258,10,0.018224,0,4111540801,적외선분광기,7930202894,,2025-08-12,R25BK00999483
R25BK01002437_000_1_000_265554,1,0.848296,1,9930151801,융복합외벽패널,1078650367,제이에스이엔지(주),2025-08-12,R25BK01002437
R25BK01002437_000_1_000_265554,2,0.701964,0,9930151801,융복합외벽패널,1248180274,,2025-08-12,R25BK01002437
R25BK01002437_000_1_000_265554,3,0.074784,0,9930151801,융복합외벽패널,2098115661,,2025-08-12,R25BK01002437
R25BK01002437_000_1_000_265554,4,0.010459,0,9930151801,융복합외벽패널,6803001364,,2025-08-12,R25BK01002437
R25BK01002437_000_1_000_265554,5,0.009976,0,9930151801,융복합외벽패널,6083693694,,2025-08-12,R25BK01002437
R25BK01002437_000_1_000_265554,6,0.00606,0,9930151801,융복합외벽패널,2564400494,,2025-08-12,R25BK01002437
R25BK01002437_000_1_000_265554,7,0.005983,0,9930151801,융복합외벽패널,4410801337,,2025-08-12,R25BK01002437
R25BK01002437_000_1_000_265554,8,0.005821,0,9930151801,융복합외벽패널,2081799823,,2025-08-12,R25BK01002437
R25BK01002437_000_1_000_265554,9,0.005551,0,9930151801,융복합외벽패널,4143701238,,2025-08-12,R25BK01002437
R25BK01002437_000_1_000_265554,10,0.00541,0,9930151801,융복합외벽패널,1212480684,,2025-08-12,R25BK01002437
R25BK00976729_001_1_000_265135,1,0.94763,0,4910170901,기념패,2388100147,,2025-08-13,R25BK00976729
R25BK00976729_001_1_000_265135,2,0.852909,1,4910170901,기념패,7378200302,태일공방 사회적협동조합,2025-08-13,R25BK00976729
R25BK00976729_001_1_000_265135,3,0.201144,0,4910170901,기념패,3610702009,,2025-08-13,R25BK00976729
R25BK00976729_001_1_000_265135,4,0.197524,0,4910170901,기념패,2172265980,,2025-08-13,R25BK00976729
R25BK00976729_001_1_000_265135,5,0.124886,0,4910170901,기념패,2621200799,,2025-08-13,R25BK00976729
R25BK00976729_001_1_000_265135,6,0.10718,0,4910170901,기념패,7221901912,,2025-08-13,R25BK00976729
R25BK00976729_001_1_000_265135,7,0.075929,0,4910170901,기념패,7342101806,,2025-08-13,R25BK00976729
R25BK00976729_001_1_000_265135,8,0.062594,0,4910170901,기념패,1043855722,,2025-08-13,R25BK00976729
R25BK00976729_001_1_000_265135,9,0.061503,0,4910170901,기념패,3944300940,,2025-08-13,R25BK00976729
R25BK00976729_001_1_000_265135,10,0.061263,0,4910170901,기념패,8743300447,,2025-08-13,R25BK00976729
R25BK00987846_000_1_000_266396,1,0.424068,1,2411241301,국기함,1948600221,주식회사매직브이,2025-08-13,R25BK00987846
R25BK00987846_000_1_000_266396,2,0.246177,0,2411241301,국기함,7881802044,,2025-08-13,R25BK00987846
R25BK00987846_000_1_000_266396,3,0.230818,0,2411241301,국기함,7820901711,,2025-08-13,R25BK00987846
R25BK00987846_000_1_000_266396,4,0.220079,0,2411241301,국기함,3148177197,,2025-08-13,R25BK00987846
R25BK00987846_000_1_000_266396,5,0.218448,0,2411241301,국기함,1640103711,,2025-08-13,R25BK00987846
R25BK00987846_000_1_000_266396,6,0.207525,0,2411241301,국기함,4108148646,,2025-08-13,R25BK00987846
R25BK00987846_000_1_000_266396,7,0.182156,0,2411241301,국기함,3091406567,,2025-08-13,R25BK00987846
R25BK00987846_000_1_000_266396,8,0.16658,0,2411241301,국기함,6898700084,,2025-08-13,R25BK00987846
R25BK00987846_000_1_000_266396,9,0.144095,0,2411241301,국기함,3111094163,,2025-08-13,R25BK00987846
R25BK00987846_000_1_000_266396,10,0.120595,0,2411241301,국기함,6251602429,,2025-08-13,R25BK00987846
R25BK00997416_000_1_000_266345,1,0.775509,0,3013159304,압출성형콘크리트패널,4178118217,,2025-08-13,R25BK00997416
R25BK00997416_000_1_000_266345,2,0.592307,1,3013159304,압출성형콘크리트패널,6108167791,주식회사 미래이앤씨,2025-08-13,R25BK00997416
R25BK00997416_000_1_000_266345,3,0.153104,0,3013159304,압출성형콘크리트패널,4061001638,,2025-08-13,R25BK00997416
R25BK00997416_000_1_000_266345,4,0.120352,0,3013159304,압출성형콘크리트패널,5108601460,,2025-08-13,R25BK00997416
R25BK00997416_000_1_000_266345,5,0.070005,0,3013159304,압출성형콘크리트패널,1798102185,,2025-08-13,R25BK00997416
R25BK00997416_000_1_000_266345,6,0.064629,0,3013159304,압출성형콘크리트패널,5973700908,,2025-08-13,R25BK00997416
R25BK00997416_000_1_000_266345,7,0.017908,0,3013159304,압출성형콘크리트패널,2820203409,,2025-08-13,R25BK00997416
R25BK00997416_000_1_000_266345,8,0.015675,0,3013159304,압출성형콘크리트패널,2277500506,,2025-08-13,R25BK00997416
R25BK00997416_000_1_000_266345,9,0.014694,0,3013159304,압출성형콘크리트패널,3717900494,,2025-08-13,R25BK00997416
R25BK00997416_000_1_000_266345,10,0.012944,0,3013159304,압출성형콘크리트패널,6974900287,,2025-08-13,R25BK00997416
R25BK00998946_000_1_000_267318,1,0.483781,1,4110450901,진공건조기,2028703230,주식회사 윈컴퍼니,2025-08-13,R25BK00998946
R25BK00998946_000_1_000_267318,2,0.326473,0,4110450901,진공건조기,5898103310,,2025-08-13,R25BK00998946
R25BK00998946_000_1_000_267318,3,0.261506,0,4110450901,진공건조기,1970401602,,2025-08-13,R25BK00998946
R25BK00998946_000_1_000_267318,4,0.107219,0,4110450901,진공건조기,3952201796,,2025-08-13,R25BK00998946
R25BK00998946_000_1_000_267318,5,0.073522,0,4110450901,진공건조기,6331102672,,2025-08-13,R25BK00998946
R25BK00998946_000_1_000_267318,6,0.06421,0,4110450901,진공건조기,5691702581,,2025-08-13,R25BK00998946
R25BK00998946_000_1_000_267318,7,0.060963,0,4110450901,진공건조기,3532200610,,2025-08-13,R25BK00998946
R25BK00998946_000_1_000_267318,8,0.041903,0,4110450901,진공건조기,8765900555,,2025-08-13,R25BK00998946
R25BK00998946_000_1_000_267318,9,0.040825,0,4110450901,진공건조기,3551601540,,2025-08-13,R25BK00998946
R25BK00998946_000_1_000_267318,10,0.037635,0,4110450901,진공건조기,1818602048,,2025-08-13,R25BK00998946
R25BK01002801_000_1_000_261403,1,0.779285,1,4222200101,의약품주입펌프,4108650657,(주)덕영메디텍,2025-08-13,R25BK01002801
R25BK01002801_000_1_000_261403,2,0.015871,0,4222200101,의약품주입펌프,2251402491,,2025-08-13,R25BK01002801
R25BK01002801_000_1_000_261403,3,0.012373,0,4222200101,의약품주입펌프,2062285157,,2025-08-13,R25BK01002801
R25BK01002801_000_1_000_261403,4,0.008402,0,4222200101,의약품주입펌프,5261201450,,2025-08-13,R25BK01002801
R25BK01002801_000_1_000_261403,5,0.008098,0,4222200101,의약품주입펌프,1672800670,,2025-08-13,R25BK01002801
R25BK01002801_000_1_000_261403,6,0.007854,0,4222200101,의약품주입펌프,6083518378,,2025-08-13,R25BK01002801
R25BK01002801_000_1_000_261403,7,0.007825,0,4222200101,의약품주입펌프,1568602509,,2025-08-13,R25BK01002801
R25BK01002801_000_1_000_261403,8,0.007767,0,4222200101,의약품주입펌프,5238102039,,2025-08-13,R25BK01002801
R25BK01002801_000_1_000_261403,9,0.007761,0,4222200101,의약품주입펌프,7634001300,,2025-08-13,R25BK01002801
R25BK01002801_000_1_000_261403,10,0.007356,0,4222200101,의약품주입펌프,6380701249,,2025-08-13,R25BK01002801
R25BK01003783_000_1_000_263352,1,0.77656,1,4015151301,수중펌프,3978200633,(사)한빛장애인협회 환경사업단,2025-08-13,R25BK01003783
R25BK01003783_000_1_000_263352,2,0.025892,0,4015151301,수중펌프,1211887352,,2025-08-13,R25BK01003783
R25BK01003783_000_1_000_263352,3,0.006687,0,4015151301,수중펌프,4874600729,,2025-08-13,R25BK01003783
R25BK01003783_000_1_000_263352,4,0.005705,0,4015151301,수중펌프,3061417686,,2025-08-13,R25BK01003783
R25BK01003783_000_1_000_263352,5,0.005653,0,4015151301,수중펌프,1610601946,,2025-08-13,R25BK01003783
R25BK01003783_000_1_000_263352,6,0.004448,0,4015151301,수중펌프,2760702467,,2025-08-13,R25BK01003783
R25BK01003783_000_1_000_263352,7,0.004357,0,4015151301,수중펌프,7225700517,,2025-08-13,R25BK01003783
R25BK01003783_000_1_000_263352,8,0.003643,0,4015151301,수중펌프,6514700797,,2025-08-13,R25BK01003783
R25BK01003783_000_1_000_263352,9,0.003607,0,4015151301,수중펌프,3018607477,,2025-08-13,R25BK01003783
R25BK01003783_000_1_000_263352,10,0.003173,0,4015151301,수중펌프,2548500899,,2025-08-13,R25BK01003783
R25BK01007254_000_1_000_262416,1,0.373048,1,4619161301,소화약제,1058741291,(주) 에코이앤씨,2025-08-13,R25BK01007254
R25BK01007254_000_1_000_262416,2,0.024936,0,4619161301,소화약제,8560201309,,2025-08-13,R25BK01007254
R25BK01007254_000_1_000_262416,3,0.021019,0,4619161301,소화약제,4711601987,,2025-08-13,R25BK01007254
R25BK01007254_000_1_000_262416,4,0.021019,0,4619161301,소화약제,2901101044,,2025-08-13,R25BK01007254
R25BK01007254_000_1_000_262416,5,0.018388,0,4619161301,소화약제,2764201208,,2025-08-13,R25BK01007254
R25BK01007254_000_1_000_262416,6,0.016698,0,4619161301,소화약제,1348523088,,2025-08-13,R25BK01007254
R25BK01007254_000_1_000_262416,7,0.015384,0,4619161301,소화약제,8602102287,,2025-08-13,R25BK01007254
R25BK01007254_000_1_000_262416,8,0.015384,0,4619161301,소화약제,3154001149,,2025-08-13,R25BK01007254
R25BK01007254_000_1_000_262416,9,0.014846,0,4619161301,소화약제,7226300648,,2025-08-13,R25BK01007254
R25BK01007254_000_1_000_262416,10,0.011689,0,4619161301,소화약제,3053412556,,2025-08-13,R25BK01007254
R25BK01001649_000_1_000_265085,1,0.298427,0,3010220401,일반구조용압연강판,4837700527,,2025-08-14,R25BK01001649
R25BK01001649_000_1_000_265085,2,0.292182,0,3010220401,일반구조용압연강판,6032651889,,2025-08-14,R25BK01001649
R25BK01001649_000_1_000_265085,3,0.291284,0,3010220401,일반구조용압연강판,7437100164,,2025-08-14,R25BK01001649
R25BK01001649_000_1_000_265085,4,0.253887,0,3010220401,일반구조용압연강판,7301002826,,2025-08-14,R25BK01001649
R25BK01001649_000_1_000_265085,5,0.250204,0,3010220401,일반구조용압연강판,7251902434,,2025-08-14,R25BK01001649
R25BK01001649_000_1_000_265085,6,0.206005,0,3010220401,일반구조용압연강판,3151862219,,2025-08-14,R25BK01001649
R25BK01001649_000_1_000_265085,7,0.202291,1,3010220401,일반구조용압연강판,8678603097,주식회사 마음,2025-08-14,R25BK01001649
R25BK01001649_000_1_000_265085,8,0.175061,0,3010220401,일반구조용압연강판,8864101084,,2025-08-14,R25BK01001649
R25BK01001649_000_1_000_265085,9,0.165038,0,3010220401,일반구조용압연강판,4477000594,,2025-08-14,R25BK01001649
R25BK01001649_000_1_000_265085,10,0.160347,0,3010220401,일반구조용압연강판,8490402231,,2025-08-14,R25BK01001649
R25BK01004289_000_1_000_262363,1,0.908231,0,3010990201,혼합골재,1968701484,,2025-08-14,R25BK01004289
R25BK01004289_000_1_000_262363,2,0.748409,1,3010990201,혼합골재,7938700670,유한회사 거산개발,2025-08-14,R25BK01004289
R25BK01004289_000_1_000_262363,3,0.279801,0,3010990201,혼합골재,1288130136,,2025-08-14,R25BK01004289
R25BK01004289_000_1_000_262363,4,0.049186,0,3010990201,혼합골재,2550102696,,2025-08-14,R25BK01004289
R25BK01004289_000_1_000_262363,5,0.032688,0,3010990201,혼합골재,4173300564,,2025-08-14,R25BK01004289
R25BK01004289_000_1_000_262363,6,0.024401,0,3010990201,혼합골재,6468600192,,2025-08-14,R25BK01004289
R25BK01004289_000_1_000_262363,7,0.012985,0,3010990201,혼합골재,3513100426,,2025-08-14,R25BK01004289
R25BK01004289_000_1_000_262363,8,0.008431,0,3010990201,혼합골재,1883200790,,2025-08-14,R25BK01004289
R25BK01004289_000_1_000_262363,9,0.008381,0,3010990201,혼합골재,5318101818,,2025-08-14,R25BK01004289
R25BK01004289_000_1_000_262363,10,0.00788,0,3010990201,혼합골재,1410553410,,2025-08-14,R25BK01004289
R25BK00992320_000_1_000_263578,1,0.859576,1,4218190401,환자감시장치,3058115334,(주)동성메디칼,2025-08-18,R25BK00992320
R25BK00992320_000_1_000_263578,2,0.018077,0,4218190401,환자감시장치,7230100769,,2025-08-18,R25BK00992320
R25BK00992320_000_1_000_263578,3,0.015272,0,4218190401,환자감시장치,6152101107,,2025-08-18,R25BK00992320
R25BK00992320_000_1_000_263578,4,0.01437,0,4218190401,환자감시장치,8170201250,,2025-08-18,R25BK00992320
R25BK00992320_000_1_000_263578,5,0.012294,0,4218190401,환자감시장치,2346300326,,2025-08-18,R25BK00992320
R25BK00992320_000_1_000_263578,6,0.010391,0,4218190401,환자감시장치,4851502222,,2025-08-18,R25BK00992320
R25BK00992320_000_1_000_263578,7,0.008459,0,4218190401,환자감시장치,5108601460,,2025-08-18,R25BK00992320
R25BK00992320_000_1_000_263578,8,0.008095,0,4218190401,환자감시장치,2888802606,,2025-08-18,R25BK00992320
R25BK00992320_000_1_000_263578,9,0.007815,0,4218190401,환자감시장치,2198801163,,2025-08-18,R25BK00992320
R25BK00992320_000_1_000_263578,10,0.005864,0,4218190401,환자감시장치,1792401714,,2025-08-18,R25BK00992320
R25BK00996845_000_1_000_261066,1,0.776768,0,4220171201,초음파영상진단장치,5221402029,,2025-08-18,R25BK00996845
R25BK00996845_000_1_000_261066,2,0.348026,0,4220171201,초음파영상진단장치,3018197426,,2025-08-18,R25BK00996845
R25BK00996845_000_1_000_261066,3,0.195897,1,4220171201,초음파영상진단장치,1418702974,주식회사 엠앤디,2025-08-18,R25BK00996845
R25BK00996845_000_1_000_261066,4,0.014112,0,4220171201,초음파영상진단장치,4038180895,,2025-08-18,R25BK00996845
R25BK00996845_000_1_000_261066,5,0.00906,0,4220171201,초음파영상진단장치,5743001846,,2025-08-18,R25BK00996845
R25BK00996845_000_1_000_261066,6,0.008318,0,4220171201,초음파영상진단장치,4181202459,,2025-08-18,R25BK00996845
R25BK00996845_000_1_000_261066,7,0.007846,0,4220171201,초음파영상진단장치,1890503381,,2025-08-18,R25BK00996845
R25BK00996845_000_1_000_261066,8,0.007846,0,4220171201,초음파영상진단장치,1690802958,,2025-08-18,R25BK00996845
R25BK00996845_000_1_000_261066,9,0.007205,0,4220171201,초음파영상진단장치,6502801507,,2025-08-18,R25BK00996845
R25BK00996845_000_1_000_261066,10,0.006977,0,4220171201,초음파영상진단장치,2980802391,,2025-08-18,R25BK00996845
R25BK01007681_000_1_000_266220,1,0.247993,0,4111440901,풍향풍속계,6122552599,,2025-08-18,R25BK01007681
R25BK01007681_000_1_000_266220,2,0.247444,0,4111440901,풍향풍속계,6620203279,,2025-08-18,R25BK01007681
R25BK01007681_000_1_000_266220,3,0.192021,0,4111440901,풍향풍속계,1338137048,,2025-08-18,R25BK01007681
R25BK01007681_000_1_000_266220,4,0.135467,0,4111440901,풍향풍속계,3531702346,,2025-08-18,R25BK01007681
R25BK01007681_000_1_000_266220,5,0.12288,0,4111440901,풍향풍속계,5142670586,,2025-08-18,R25BK01007681
R25BK01007681_000_1_000_266220,6,0.095092,0,4111440901,풍향풍속계,1138600504,,2025-08-18,R25BK01007681
R25BK01007681_000_1_000_266220,7,0.081601,0,4111440901,풍향풍속계,4946100661,,2025-08-18,R25BK01007681
R25BK01007681_000_1_000_266220,8,0.071272,0,4111440901,풍향풍속계,8521602190,,2025-08-18,R25BK01007681
R25BK01007681_000_1_000_266220,9,0.070499,0,4111440901,풍향풍속계,2790503350,,2025-08-18,R25BK01007681
R25BK01007681_000_1_000_266220,10,0.06227,0,4111440901,풍향풍속계,7374101351,,2025-08-18,R25BK01007681
R25BK01004245_000_1_000_271108,1,0.294619,1,3013159304,압출성형콘크리트패널,7233501220,뉴테크인,2025-08-19,R25BK01004245
R25BK01004245_000_1_000_271108,2,0.206258,0,3013159304,압출성형콘크리트패널,1798102185,,2025-08-19,R25BK01004245
R25BK01004245_000_1_000_271108,3,0.18326,0,3013159304,압출성형콘크리트패널,2218701397,,2025-08-19,R25BK01004245
R25BK01004245_000_1_000_271108,4,0.177553,0,3013159304,압출성형콘크리트패널,5245800434,,2025-08-19,R25BK01004245
R25BK01004245_000_1_000_271108,5,0.155898,0,3013159304,압출성형콘크리트패널,1132352744,,2025-08-19,R25BK01004245
R25BK01004245_000_1_000_271108,6,0.145113,0,3013159304,압출성형콘크리트패널,8622501958,,2025-08-19,R25BK01004245
R25BK01004245_000_1_000_271108,7,0.114058,0,3013159304,압출성형콘크리트패널,4333701054,,2025-08-19,R25BK01004245
R25BK01004245_000_1_000_271108,8,0.111134,0,3013159304,압출성형콘크리트패널,4353600850,,2025-08-19,R25BK01004245
R25BK01004245_000_1_000_271108,9,0.10537,0,3013159304,압출성형콘크리트패널,5978100992,,2025-08-19,R25BK01004245
R25BK01004245_000_1_000_271108,10,0.064922,0,3013159304,압출성형콘크리트패널,5278801900,,2025-08-19,R25BK01004245
R25BK01006371_000_1_000_262586,1,0.502357,1,4616170601,에어텐트,2882602044,올스타,2025-08-19,R25BK01006371
R25BK01006371_000_1_000_262586,2,0.13582,0,4616170601,에어텐트,6251901964,,2025-08-19,R25BK01006371
R25BK01006371_000_1_000_262586,3,0.107982,0,4616170601,에어텐트,2218119158,,2025-08-19,R25BK01006371
R25BK01006371_000_1_000_262586,4,0.107799,0,4616170601,에어텐트,2187500496,,2025-08-19,R25BK01006371
R25BK01006371_000_1_000_262586,5,0.066634,0,4616170601,에어텐트,7988703333,,2025-08-19,R25BK01006371
R25BK01006371_000_1_000_262586,6,0.043648,0,4616170601,에어텐트,6343001395,,2025-08-19,R25BK01006371
R25BK01006371_000_1_000_262586,7,0.033276,0,4616170601,에어텐트,1921302097,,2025-08-19,R25BK01006371
R25BK01006371_000_1_000_262586,8,0.025681,0,4616170601,에어텐트,6042362791,,2025-08-19,R25BK01006371
R25BK01006371_000_1_000_262586,9,0.015071,0,4616170601,에어텐트,3230402044,,2025-08-19,R25BK01006371
R25BK01006371_000_1_000_262586,10,0.01394,0,4616170601,에어텐트,6951602049,,2025-08-19,R25BK01006371
R25BK01006541_000_1_000_263702,1,0.73467,0,4110551701,핵산추출기,3864100061,,2025-08-19,R25BK01006541
R25BK01006541_000_1_000_263702,2,0.277618,1,4110551701,핵산추출기,6074562486,에이치제이컴퍼니,2025-08-19,R25BK01006541
R25BK01006541_000_1_000_263702,3,0.169026,0,4110551701,핵산추출기,5080843682,,2025-08-19,R25BK01006541
R25BK01006541_000_1_000_263702,4,0.141542,0,4110551701,핵산추출기,7274300965,,2025-08-19,R25BK01006541
R25BK01006541_000_1_000_263702,5,0.1294,0,4110551701,핵산추출기,5022674750,,2025-08-19,R25BK01006541
R25BK01006541_000_1_000_263702,6,0.042007,0,4110551701,핵산추출기,6578702144,,2025-08-19,R25BK01006541
R25BK01006541_000_1_000_263702,7,0.019497,0,4110551701,핵산추출기,4156200030,,2025-08-19,R25BK01006541
R25BK01006541_000_1_000_263702,8,0.017233,0,4110551701,핵산추출기,4050144705,,2025-08-19,R25BK01006541
R25BK01006541_000_1_000_263702,9,0.010424,0,4110551701,핵산추출기,4658803124,,2025-08-19,R25BK01006541
R25BK01006541_000_1_000_263702,10,0.010125,0,4110551701,핵산추출기,1962601260,,2025-08-19,R25BK01006541
R25BK01001163_000_1_000_267776,1,0.701787,1,2110229501,포워더,4473500496,포맥,2025-08-20,R25BK01001163
R25BK01001163_000_1_000_267776,2,0.588106,0,2110229501,포워더,4178703375,,2025-08-20,R25BK01001163
R25BK01001163_000_1_000_267776,3,0.169504,0,2110229501,포워더,5020127424,,2025-08-20,R25BK01001163
R25BK01001163_000_1_000_267776,4,0.012475,0,2110229501,포워더,8958101051,,2025-08-20,R25BK01001163
R25BK01008105_000_1_000_265647,1,0.346333,0,4010178702,냉난방기,2258113888,,2025-08-20,R25BK01008105
R25BK01008105_000_1_000_265647,2,0.262751,0,4010178702,냉난방기,2052269760,,2025-08-20,R25BK01008105
R25BK01008105_000_1_000_265647,3,0.256907,0,4010178702,냉난방기,5904201216,,2025-08-20,R25BK01008105
R25BK01008105_000_1_000_265647,4,0.231484,0,4010178702,냉난방기,1061634454,,2025-08-20,R25BK01008105
R25BK01008105_000_1_000_265647,5,0.163492,0,4010178702,냉난방기,6404101116,,2025-08-20,R25BK01008105
R25BK01008105_000_1_000_265647,6,0.139376,0,4010178702,냉난방기,6022593083,,2025-08-20,R25BK01008105
R25BK01008105_000_1_000_265647,7,0.118657,0,4010178702,냉난방기,6131988686,,2025-08-20,R25BK01008105
R25BK01008105_000_1_000_265647,8,0.116003,0,4010178702,냉난방기,6698802940,,2025-08-20,R25BK01008105
R25BK01008105_000_1_000_265647,9,0.116003,0,4010178702,냉난방기,5455800843,,2025-08-20,R25BK01008105
R25BK01008105_000_1_000_265647,10,0.116003,0,4010178702,냉난방기,4091987259,,2025-08-20,R25BK01008105
R25BK01011079_000_1_000_262746,1,0.921695,1,6010999901,교육훈련장비,1098145958,세종일렉트릭 주식회사,2025-08-20,R25BK01011079
R25BK01011079_000_1_000_262746,2,0.533013,0,6010999901,교육훈련장비,5138166467,,2025-08-20,R25BK01011079
R25BK01011079_000_1_000_262746,3,0.428708,0,6010999901,교육훈련장비,5048533257,,2025-08-20,R25BK01011079
R25BK01011079_000_1_000_262746,4,0.302891,0,6010999901,교육훈련장비,6607000557,,2025-08-20,R25BK01011079
R25BK01011079_000_1_000_262746,5,0.212633,0,6010999901,교육훈련장비,7898600446,,2025-08-20,R25BK01011079
R25BK01011079_000_1_000_262746,6,0.186695,0,6010999901,교육훈련장비,3148629986,,2025-08-20,R25BK01011079
R25BK01011079_000_1_000_262746,7,0.010587,0,6010999901,교육훈련장비,1141866169,,2025-08-20,R25BK01011079
R25BK01011079_000_1_000_262746,8,0.010505,0,6010999901,교육훈련장비,2126000344,,2025-08-20,R25BK01011079
R25BK01011079_000_1_000_262746,9,0.010039,0,6010999901,교육훈련장비,3808702225,,2025-08-20,R25BK01011079
R25BK01011079_000_1_000_262746,10,0.008393,0,6010999901,교육훈련장비,2526900457,,2025-08-20,R25BK01011079
R25BK01001249_000_1_000_272334,1,0.393954,0,4110381701,반응기,3050879771,,2025-08-21,R25BK01001249
R25BK01001249_000_1_000_272334,2,0.353499,1,4110381701,반응기,3208103327,주식회사 비피티,2025-08-21,R25BK01001249
R25BK01001249_000_1_000_272334,3,0.150796,0,4110381701,반응기,6292100316,,2025-08-21,R25BK01001249
R25BK01001249_000_1_000_272334,4,0.091052,0,4110381701,반응기,1702600779,,2025-08-21,R25BK01001249
R25BK01001249_000_1_000_272334,5,0.065602,0,4110381701,반응기,1358801638,,2025-08-21,R25BK01001249
R25BK01001249_000_1_000_272334,6,0.063021,0,4110381701,반응기,5528501055,,2025-08-21,R25BK01001249
R25BK01001249_000_1_000_272334,7,0.063021,0,4110381701,반응기,8508502808,,2025-08-21,R25BK01001249
R25BK01001249_000_1_000_272334,8,0.059489,0,4110381701,반응기,1430118823,,2025-08-21,R25BK01001249
R25BK01001249_000_1_000_272334,9,0.05719,0,4110381701,반응기,8118603060,,2025-08-21,R25BK01001249
R25BK01001249_000_1_000_272334,10,0.054138,0,4110381701,반응기,7978601714,,2025-08-21,R25BK01001249
R25BK01003689_000_1_000_269299,1,0.358754,1,4713180901,구두약,1170365656,한강,2025-08-21,R25BK01003689
R25BK01003689_000_1_000_269299,2,0.205292,0,4713180901,구두약,2068693703,,2025-08-21,R25BK01003689
R25BK01003689_000_1_000_269299,3,0.191496,0,4713180901,구두약,6870700558,,2025-08-21,R25BK01003689
R25BK01003689_000_1_000_269299,4,0.159605,0,4713180901,구두약,1058762466,,2025-08-21,R25BK01003689
R25BK01003689_000_1_000_269299,5,0.148698,0,4713180901,구두약,7278602368,,2025-08-21,R25BK01003689
R25BK01003689_000_1_000_269299,6,0.11608,0,4713180901,구두약,2418701464,,2025-08-21,R25BK01003689
R25BK01003689_000_1_000_269299,7,0.111387,0,4713180901,구두약,2071992520,,2025-08-21,R25BK01003689
R25BK01003689_000_1_000_269299,8,0.090822,0,4713180901,구두약,3150881459,,2025-08-21,R25BK01003689
R25BK01003689_000_1_000_269299,9,0.078399,0,4713180901,구두약,1013051930,,2025-08-21,R25BK01003689
R25BK01003689_000_1_000_269299,10,0.072112,0,4713180901,구두약,4730803012,,2025-08-21,R25BK01003689
R25BK01004994_000_1_000_265331,1,0.142384,1,2611169901,태양전지조절기,2108802898,주식회사 동원코리아,2025-08-21,R25BK01004994
R25BK01004994_000_1_000_265331,2,0.070014,0,2611169901,태양전지조절기,7072401561,,2025-08-21,R25BK01004994
R25BK01004994_000_1_000_265331,3,0.061575,0,2611169901,태양전지조절기,5150737726,,2025-08-21,R25BK01004994
R25BK01004994_000_1_000_265331,4,0.060542,0,2611169901,태양전지조절기,7387200460,,2025-08-21,R25BK01004994
R25BK01004994_000_1_000_265331,5,0.058051,0,2611169901,태양전지조절기,7105900503,,2025-08-21,R25BK01004994
R25BK01004994_000_1_000_265331,6,0.04425,0,2611169901,태양전지조절기,5761001621,,2025-08-21,R25BK01004994
R25BK01004994_000_1_000_265331,7,0.03929,0,2611169901,태양전지조절기,7242101809,,2025-08-21,R25BK01004994
R25BK01004994_000_1_000_265331,8,0.038862,0,2611169901,태양전지조절기,4242201871,,2025-08-21,R25BK01004994
R25BK01004994_000_1_000_265331,9,0.036457,0,2611169901,태양전지조절기,5328602440,,2025-08-21,R25BK01004994
R25BK01004994_000_1_000_265331,10,0.021804,0,2611169901,태양전지조절기,7635000921,,2025-08-21,R25BK01004994
R25BK01008822_000_1_000_267636,1,0.212272,1,5512180401,계급장,8368703426,주식회사 하나,2025-08-21,R25BK01008822
R25BK01008822_000_1_000_267636,2,0.111545,0,5512180401,계급장,7117800297,,2025-08-21,R25BK01008822
R25BK01008822_000_1_000_267636,3,0.038575,0,5512180401,계급장,2250952643,,2025-08-21,R25BK01008822
R25BK01008822_000_1_000_267636,4,0.03634,0,5512180401,계급장,1084481882,,2025-08-21,R25BK01008822
R25BK01008822_000_1_000_267636,5,0.033678,0,5512180401,계급장,3804701050,,2025-08-21,R25BK01008822
R25BK01008822_000_1_000_267636,6,0.030746,0,5512180401,계급장,1901701921,,2025-08-21,R25BK01008822
R25BK01008822_000_1_000_267636,7,0.028853,0,5512180401,계급장,5772001579,,2025-08-21,R25BK01008822
R25BK01008822_000_1_000_267636,8,0.02749,0,5512180401,계급장,7648602386,,2025-08-21,R25BK01008822
R25BK01008822_000_1_000_267636,9,0.025799,0,5512180401,계급장,5073901136,,2025-08-21,R25BK01008822
R25BK01008822_000_1_000_267636,10,0.025718,0,5512180401,계급장,4193201276,,2025-08-21,R25BK01008822
R25BK01007514_000_1_000_261146,1,0.869988,1,6010999901,교육훈련장비,7898703154,주식회사 지앨,2025-08-22,R25BK01007514
R25BK01007514_000_1_000_261146,2,0.212633,0,6010999901,교육훈련장비,7898600446,,2025-08-22,R25BK01007514
R25BK01007514_000_1_000_261146,3,0.054458,0,6010999901,교육훈련장비,5013170508,,2025-08-22,R25BK01007514
R25BK01007514_000_1_000_261146,4,0.011379,0,6010999901,교육훈련장비,4706100520,,2025-08-22,R25BK01007514
R25BK01007514_000_1_000_261146,5,0.011379,0,6010999901,교육훈련장비,2872201480,,2025-08-22,R25BK01007514
R25BK01007514_000_1_000_261146,6,0.010539,0,6010999901,교육훈련장비,3180139626,,2025-08-22,R25BK01007514
R25BK01007514_000_1_000_261146,7,0.010505,0,6010999901,교육훈련장비,5410202406,,2025-08-22,R25BK01007514
R25BK01007514_000_1_000_261146,8,0.010273,0,6010999901,교육훈련장비,6041293231,,2025-08-22,R25BK01007514
R25BK01007514_000_1_000_261146,9,0.008611,0,6010999901,교육훈련장비,5803400869,,2025-08-22,R25BK01007514
R25BK01007514_000_1_000_261146,10,0.00794,0,6010999901,교육훈련장비,3400803217,,2025-08-22,R25BK01007514
R25BK01009414_000_1_000_264743,1,0.399458,0,4713190901,롤형유흡착재,2115261038,,2025-08-22,R25BK01009414
R25BK01009414_000_1_000_264743,2,0.353768,0,4713190901,롤형유흡착재,2218702533,,2025-08-22,R25BK01009414
R25BK01009414_000_1_000_264743,3,0.288723,0,4713190901,롤형유흡착재,8417300521,,2025-08-22,R25BK01009414
R25BK01009414_000_1_000_264743,4,0.200216,0,4713190901,롤형유흡착재,1943401124,,2025-08-22,R25BK01009414
R25BK01009414_000_1_000_264743,5,0.100712,0,4713190901,롤형유흡착재,7573900993,,2025-08-22,R25BK01009414
R25BK01009414_000_1_000_264743,6,0.100515,1,4713190901,롤형유흡착재,4060553767,더조은,2025-08-22,R25BK01009414
R25BK01009414_000_1_000_264743,7,0.07565,0,4713190901,롤형유흡착재,1110365925,,2025-08-22,R25BK01009414
R25BK01009414_000_1_000_264743,8,0.052343,0,4713190901,롤형유흡착재,8942201352,,2025-08-22,R25BK01009414
R25BK01009414_000_1_000_264743,9,0.034857,0,4713190901,롤형유흡착재,4140795710,,2025-08-22,R25BK01009414
R25BK01009414_000_1_000_264743,10,0.031842,0,4713190901,롤형유흡착재,4948100198,,2025-08-22,R25BK01009414
R25BK01014864_000_1_000_269718,1,0.72537,0,4010150601,통기관,4882500936,,2025-08-22,R25BK01014864
R25BK01014864_000_1_000_269718,2,0.054685,0,4010150601,통기관,6068623843,,2025-08-22,R25BK01014864
R25BK01014864_000_1_000_269718,3,0.05338,1,4010150601,통기관,5118602803,에코오아시스(주),2025-08-22,R25BK01014864
R25BK01014864_000_1_000_269718,4,0.023937,0,4010150601,통기관,6762901582,,2025-08-22,R25BK01014864
R25BK01014864_000_1_000_269718,5,0.014741,0,4010150601,통기관,1160412279,,2025-08-22,R25BK01014864
R25BK01014864_000_1_000_269718,6,0.014267,0,4010150601,통기관,2901801228,,2025-08-22,R25BK01014864
R25BK01014864_000_1_000_269718,7,0.012027,0,4010150601,통기관,8674901003,,2025-08-22,R25BK01014864
R25BK01014864_000_1_000_269718,8,0.011973,0,4010150601,통기관,1191972076,,2025-08-22,R25BK01014864
R25BK01014864_000_1_000_269718,9,0.011901,0,4010150601,통기관,1300947105,,2025-08-22,R25BK01014864
R25BK01014864_000_1_000_269718,10,0.01131,0,4010150601,통기관,2152651552,,2025-08-22,R25BK01014864
R25BK01020339_000_1_000_263946,1,0.981542,1,4619160702,공기호흡기,1358121955,주식회사 한컴라이프케어,2025-08-22,R25BK01020339
R25BK01020339_000_1_000_263946,2,0.021528,0,4619160702,공기호흡기,8323300249,,2025-08-22,R25BK01020339
R25BK01020339_000_1_000_263946,3,0.01584,0,4619160702,공기호흡기,6168603000,,2025-08-22,R25BK01020339
R25BK01020339_000_1_000_263946,4,0.01352,0,4619160702,공기호흡기,7208101456,,2025-08-22,R25BK01020339
R25BK01020339_000_1_000_263946,5,0.012169,0,4619160702,공기호흡기,7508603260,,2025-08-22,R25BK01020339
R25BK01020339_000_1_000_263946,6,0.011945,0,4619160702,공기호흡기,2032368933,,2025-08-22,R25BK01020339
R25BK01020339_000_1_000_263946,7,0.011574,0,4619160702,공기호흡기,7640901770,,2025-08-22,R25BK01020339
R25BK01020339_000_1_000_263946,8,0.01149,0,4619160702,공기호흡기,8671901928,,2025-08-22,R25BK01020339
R25BK01020339_000_1_000_263946,9,0.011121,0,4619160702,공기호흡기,1481201925,,2025-08-22,R25BK01020339
R25BK01020339_000_1_000_263946,10,0.010527,0,4619160702,공기호흡기,1198139434,,2025-08-22,R25BK01020339
R25BK01010816_002_1_000_271922,1,0.471232,1,1235239101,염화칼슘,4968703363,(주)아베마리아,2025-08-25,R25BK01010816
R25BK01010816_002_1_000_271922,2,0.311281,0,1235239101,염화칼슘,3464301178,,2025-08-25,R25BK01010816
R25BK01010816_002_1_000_271922,3,0.26901,0,1235239101,염화칼슘,2242297312,,2025-08-25,R25BK01010816
R25BK01010816_002_1_000_271922,4,0.25792,0,1235239101,염화칼슘,2710302732,,2025-08-25,R25BK01010816
R25BK01010816_002_1_000_271922,5,0.215241,0,1235239101,염화칼슘,2031275796,,2025-08-25,R25BK01010816
R25BK01010816_002_1_000_271922,6,0.213619,0,1235239101,염화칼슘,4428702504,,2025-08-25,R25BK01010816
R25BK01010816_002_1_000_271922,7,0.197951,0,1235239101,염화칼슘,1248124933,,2025-08-25,R25BK01010816
R25BK01010816_002_1_000_271922,8,0.187407,0,1235239101,염화칼슘,1322380557,,2025-08-25,R25BK01010816
R25BK01010816_002_1_000_271922,9,0.164652,0,1235239101,염화칼슘,2686700841,,2025-08-25,R25BK01010816
R25BK01010816_002_1_000_271922,10,0.164652,0,1235239101,염화칼슘,5960203797,,2025-08-25,R25BK01010816
R25BK01011133_000_1_000_288737,1,0.13585,0,4229480501,복강경,7158703468,,2025-08-25,R25BK01011133
R25BK01011133_000_1_000_288737,2,0.042121,1,4229480501,복강경,4358103240,주식회사 수멕스,2025-08-25,R25BK01011133
R25BK01011133_000_1_000_288737,3,0.014343,0,4229480501,복강경,6238103279,,2025-08-25,R25BK01011133
R25BK01011133_000_1_000_288737,4,0.005738,0,4229480501,복강경,7374000807,,2025-08-25,R25BK01011133
R25BK01011133_000_1_000_288737,5,0.005045,0,4229480501,복강경,8466000619,,2025-08-25,R25BK01011133
R25BK01011133_000_1_000_288737,6,0.004825,0,4229480501,복강경,2888802606,,2025-08-25,R25BK01011133
R25BK01011133_000_1_000_288737,7,0.004087,0,4229480501,복강경,2372201447,,2025-08-25,R25BK01011133
R25BK01011133_000_1_000_288737,8,0.004082,0,4229480501,복강경,3612401235,,2025-08-25,R25BK01011133
R25BK01011133_000_1_000_288737,9,0.003929,0,4229480501,복강경,4240801327,,2025-08-25,R25BK01011133
R25BK01011133_000_1_000_288737,10,0.003734,0,4229480501,복강경,1115224470,,2025-08-25,R25BK01011133
R25BK01011208_001_1_000_289637,1,0.680175,1,4229480401,절제경,2838801112,주식회사 에스엘바이오엠,2025-08-25,R25BK01011208
R25BK01011208_001_1_000_289637,2,0.513582,0,4229480401,절제경,2818701123,,2025-08-25,R25BK01011208
R25BK01011208_001_1_000_289637,3,0.042758,0,4229480401,절제경,8332701798,,2025-08-25,R25BK01011208
R25BK01011208_001_1_000_289637,4,0.004765,0,4229480401,절제경,2888802606,,2025-08-25,R25BK01011208
R25BK01011208_001_1_000_289637,5,0.004621,0,4229480401,절제경,1268652084,,2025-08-25,R25BK01011208
R25BK01011208_001_1_000_289637,6,0.003531,0,4229480401,절제경,2011525821,,2025-08-25,R25BK01011208
R25BK01011208_001_1_000_289637,7,0.002169,0,4229480401,절제경,3961002290,,2025-08-25,R25BK01011208
R25BK01011208_001_1_000_289637,8,0.001909,0,4229480401,절제경,2168702716,,2025-08-25,R25BK01011208
R25BK01011208_001_1_000_289637,9,0.001879,0,4229480401,절제경,4381202604,,2025-08-25,R25BK01011208
R25BK01011208_001_1_000_289637,10,0.001273,0,4229480401,절제경,2277500506,,2025-08-25,R25BK01011208
R25BK01015095_001_1_000_264614,1,0.702688,1,6010999901,교육훈련장비,1728603252,주식회사 리즈너스,2025-08-25,R25BK01015095
R25BK01015095_001_1_000_264614,2,0.29106,0,6010999901,교육훈련장비,1058649262,,2025-08-25,R25BK01015095
R25BK01015095_001_1_000_264614,3,0.155164,0,6010999901,교육훈련장비,5795600916,,2025-08-25,R25BK01015095
R25BK01015095_001_1_000_264614,4,0.13819,0,6010999901,교육훈련장비,1161100261,,2025-08-25,R25BK01015095
R25BK01015095_001_1_000_264614,5,0.118428,0,6010999901,교육훈련장비,2638802174,,2025-08-25,R25BK01015095
R25BK01015095_001_1_000_264614,6,0.107612,0,6010999901,교육훈련장비,7377300616,,2025-08-25,R25BK01015095
R25BK01015095_001_1_000_264614,7,0.078015,0,6010999901,교육훈련장비,1158701092,,2025-08-25,R25BK01015095
R25BK01015095_001_1_000_264614,8,0.075908,0,6010999901,교육훈련장비,2438701704,,2025-08-25,R25BK01015095
R25BK01015095_001_1_000_264614,9,0.075259,0,6010999901,교육훈련장비,1180368582,,2025-08-25,R25BK01015095
R25BK01015095_001_1_000_264614,10,0.073642,0,6010999901,교육훈련장비,1138637898,,2025-08-25,R25BK01015095
R25BK01024757_000_1_000_263977,1,0.803328,1,3912100601,인버터,7508603009,주식회사 성우솔루텍,2025-08-25,R25BK01024757
R25BK01024757_000_1_000_263977,2,0.167246,0,3912100601,인버터,7938800890,,2025-08-25,R25BK01024757
R25BK01024757_000_1_000_263977,3,0.136534,0,3912100601,인버터,5060526745,,2025-08-25,R25BK01024757
R25BK01024757_000_1_000_263977,4,0.13103,0,3912100601,인버터,1378519021,,2025-08-25,R25BK01024757
R25BK01024757_000_1_000_263977,5,0.128962,0,3912100601,인버터,5180600482,,2025-08-25,R25BK01024757
R25BK01024757_000_1_000_263977,6,0.074977,0,3912100601,인버터,6032772881,,2025-08-25,R25BK01024757
R25BK01024757_000_1_000_263977,7,0.052108,0,3912100601,인버터,4128136689,,2025-08-25,R25BK01024757
R25BK01024757_000_1_000_263977,8,0.040686,0,3912100601,인버터,8732100586,,2025-08-25,R25BK01024757
R25BK01024757_000_1_000_263977,9,0.039766,0,3912100601,인버터,8618101285,,2025-08-25,R25BK01024757
R25BK01024757_000_1_000_263977,10,0.036215,0,3912100601,인버터,4371301690,,2025-08-25,R25BK01024757
R25BK00988779_000_1_000_263642,1,0.941745,1,4618240301,청정부스,1358644614,주식회사 에프엠솔루션,2025-08-26,R25BK00988779
R25BK00988779_000_1_000_263642,2,0.018684,0,4618240301,청정부스,4344300627,,2025-08-26,R25BK00988779
R25BK00988779_000_1_000_263642,3,0.00978,0,4618240301,청정부스,4137400527,,2025-08-26,R25BK00988779
R25BK00988779_000_1_000_263642,4,0.009329,0,4618240301,청정부스,6093665847,,2025-08-26,R25BK00988779
R25BK00988779_000_1_000_263642,5,0.009188,0,4618240301,청정부스,7780101773,,2025-08-26,R25BK00988779
R25BK00988779_000_1_000_263642,6,0.008932,0,4618240301,청정부스,5196200384,,2025-08-26,R25BK00988779
R25BK00988779_000_1_000_263642,7,0.008856,0,4618240301,청정부스,6910401685,,2025-08-26,R25BK00988779
R25BK00988779_000_1_000_263642,8,0.00782,0,4618240301,청정부스,1522102279,,2025-08-26,R25BK00988779
R25BK00988779_000_1_000_263642,9,0.007699,0,4618240301,청정부스,2361000874,,2025-08-26,R25BK00988779
R25BK00988779_000_1_000_263642,10,0.007654,0,4618240301,청정부스,1035900535,,2025-08-26,R25BK00988779
R25BK01003811_000_1_000_272246,1,0.178094,1,4924151101,퍼걸러,2258120701,(주)토토,2025-08-26,R25BK01003811
R25BK01003811_000_1_000_272246,2,0.15484,0,4924151101,퍼걸러,1278702828,,2025-08-26,R25BK01003811
R25BK01003811_000_1_000_272246,3,0.096197,0,4924151101,퍼걸러,2508801918,,2025-08-26,R25BK01003811
R25BK01003811_000_1_000_272246,4,0.093738,0,4924151101,퍼걸러,7558603343,,2025-08-26,R25BK01003811
R25BK01003811_000_1_000_272246,5,0.083602,0,4924151101,퍼걸러,2181650102,,2025-08-26,R25BK01003811
R25BK01003811_000_1_000_272246,6,0.073802,0,4924151101,퍼걸러,4508600024,,2025-08-26,R25BK01003811
R25BK01003811_000_1_000_272246,7,0.064967,0,4924151101,퍼걸러,5148521044,,2025-08-26,R25BK01003811
R25BK01003811_000_1_000_272246,8,0.064967,0,4924151101,퍼걸러,4188119558,,2025-08-26,R25BK01003811
R25BK01003811_000_1_000_272246,9,0.062377,0,4924151101,퍼걸러,5148143074,,2025-08-26,R25BK01003811
R25BK01003811_000_1_000_272246,10,0.056387,0,4924151101,퍼걸러,4078125725,,2025-08-26,R25BK01003811
R25BK01008439_000_1_000_261111,1,0.524552,0,4710153601,슬러지수집기,5688200569,,2025-08-26,R25BK01008439
R25BK01008439_000_1_000_261111,2,0.244043,1,4710153601,슬러지수집기,5508702203,주식회사 웰스테크,2025-08-26,R25BK01008439
R25BK01008439_000_1_000_261111,3,0.194457,0,4710153601,슬러지수집기,5248103254,,2025-08-26,R25BK01008439
R25BK01008439_000_1_000_261111,4,0.192,0,4710153601,슬러지수집기,3808701658,,2025-08-26,R25BK01008439
R25BK01008439_000_1_000_261111,5,0.17979,0,4710153601,슬러지수집기,8761902071,,2025-08-26,R25BK01008439
R25BK01008439_000_1_000_261111,6,0.124551,0,4710153601,슬러지수집기,6378102925,,2025-08-26,R25BK01008439
R25BK01008439_000_1_000_261111,7,0.120608,0,4710153601,슬러지수집기,4188125201,,2025-08-26,R25BK01008439
R25BK01008439_000_1_000_261111,8,0.103162,0,4710153601,슬러지수집기,1718802894,,2025-08-26,R25BK01008439
R25BK01008439_000_1_000_261111,9,0.097966,0,4710153601,슬러지수집기,1588702399,,2025-08-26,R25BK01008439
R25BK01008439_000_1_000_261111,10,0.036581,0,4710153601,슬러지수집기,3758200180,,2025-08-26,R25BK01008439
R25BK01011139_000_1_000_269302,1,0.790271,1,4111172201,형광현미경,2458703085,(주)비엠에스 부산,2025-08-26,R25BK01011139
R25BK01011139_000_1_000_269302,2,0.176784,0,4111172201,형광현미경,7345900061,,2025-08-26,R25BK01011139
R25BK01011139_000_1_000_269302,3,0.082654,0,4111172201,형광현미경,6331002466,,2025-08-26,R25BK01011139
R25BK01011139_000_1_000_269302,4,0.030725,0,4111172201,형광현미경,6783800510,,2025-08-26,R25BK01011139
R25BK01011139_000_1_000_269302,5,0.017494,0,4111172201,형광현미경,3790301361,,2025-08-26,R25BK01011139
R25BK01011139_000_1_000_269302,6,0.01309,0,4111172201,형광현미경,2362501649,,2025-08-26,R25BK01011139
R25BK01011139_000_1_000_269302,7,0.011869,0,4111172201,형광현미경,2130233834,,2025-08-26,R25BK01011139
R25BK01011139_000_1_000_269302,8,0.01144,0,4111172201,형광현미경,1218186809,,2025-08-26,R25BK01011139
R25BK01011139_000_1_000_269302,9,0.008242,0,4111172201,형광현미경,8144000803,,2025-08-26,R25BK01011139
R25BK01011139_000_1_000_269302,10,0.007517,0,4111172201,형광현미경,6400402309,,2025-08-26,R25BK01011139
R25BK01017492_000_1_000_271607,1,0.757539,1,6010999901,교육훈련장비,1058762466,(주)케이에이치그룹한국역사문화원,2025-08-26,R25BK01017492
R25BK01017492_000_1_000_271607,2,0.255297,0,6010999901,교육훈련장비,2078802795,,2025-08-26,R25BK01017492
R25BK01017492_000_1_000_271607,3,0.177483,0,6010999901,교육훈련장비,6907400522,,2025-08-26,R25BK01017492
R25BK01017492_000_1_000_271607,4,0.120208,0,6010999901,교육훈련장비,5988601077,,2025-08-26,R25BK01017492
R25BK01017492_000_1_000_271607,5,0.115595,0,6010999901,교육훈련장비,7471302451,,2025-08-26,R25BK01017492
R25BK01017492_000_1_000_271607,6,0.094439,0,6010999901,교육훈련장비,6858700762,,2025-08-26,R25BK01017492
R25BK01017492_000_1_000_271607,7,0.086492,0,6010999901,교육훈련장비,1288676480,,2025-08-26,R25BK01017492
R25BK01017492_000_1_000_271607,8,0.073967,0,6010999901,교육훈련장비,8701402160,,2025-08-26,R25BK01017492
R25BK01017492_000_1_000_271607,9,0.060857,0,6010999901,교육훈련장비,3398700710,,2025-08-26,R25BK01017492
R25BK01017492_000_1_000_271607,10,0.054777,0,6010999901,교육훈련장비,6523600983,,2025-08-26,R25BK01017492
R25BK00969643_000_1_000_268375,1,0.557111,0,3020178602,모듈러교사,6158803199,,2025-08-27,R25BK00969643
R25BK00969643_000_1_000_268375,2,0.327432,1,3020178602,모듈러교사,2218802146,주식회사 엠쓰리시스템즈,2025-08-27,R25BK00969643
R25BK00969643_000_1_000_268375,3,0.284271,0,3020178602,모듈러교사,4168168863,,2025-08-27,R25BK00969643
R25BK00969643_000_1_000_268375,4,0.257357,0,3020178602,모듈러교사,2158789758,,2025-08-27,R25BK00969643
R25BK00969643_000_1_000_268375,5,0.251954,0,3020178602,모듈러교사,3553500197,,2025-08-27,R25BK00969643
R25BK00969643_000_1_000_268375,6,0.250547,0,3020178602,모듈러교사,3658800905,,2025-08-27,R25BK00969643
R25BK00969643_000_1_000_268375,7,0.139859,0,3020178602,모듈러교사,1348160877,,2025-08-27,R25BK00969643
R25BK00969643_000_1_000_268375,8,0.120391,0,3020178602,모듈러교사,2328800584,,2025-08-27,R25BK00969643
R25BK00969643_000_1_000_268375,9,0.110781,0,3020178602,모듈러교사,2268144574,,2025-08-27,R25BK00969643
R25BK00969643_000_1_000_268375,10,0.094612,0,3020178602,모듈러교사,4088177740,,2025-08-27,R25BK00969643
R25BK00999587_000_1_000_265089,1,0.466868,1,3010990201,혼합골재,1098156362,금천토건(주),2025-08-27,R25BK00999587
R25BK00999587_000_1_000_265089,2,0.077584,0,3010990201,혼합골재,8661200285,,2025-08-27,R25BK00999587
R25BK00999587_000_1_000_265089,3,0.060657,0,3010990201,혼합골재,2508801752,,2025-08-27,R25BK00999587
R25BK00999587_000_1_000_265089,4,0.050162,0,3010990201,혼합골재,1048703222,,2025-08-27,R25BK00999587
R25BK00999587_000_1_000_265089,5,0.036554,0,3010990201,혼합골재,7508801077,,2025-08-27,R25BK00999587
R25BK00999587_000_1_000_265089,6,0.023183,0,3010990201,혼합골재,4488602785,,2025-08-27,R25BK00999587
R25BK00999587_000_1_000_265089,7,0.017549,0,3010990201,혼합골재,1328612388,,2025-08-27,R25BK00999587
R25BK00999587_000_1_000_265089,8,0.016281,0,3010990201,혼합골재,6495800072,,2025-08-27,R25BK00999587
R25BK00999587_000_1_000_265089,9,0.015982,0,3010990201,혼합골재,1348617389,,2025-08-27,R25BK00999587
R25BK00999587_000_1_000_265089,10,0.011497,0,3010990201,혼합골재,2808601477,,2025-08-27,R25BK00999587
R25BK01007895_000_1_000_268928,1,0.719961,1,4110370101,냉온식순환조,1070842869,렉스티앤아이,2025-08-27,R25BK01007895
R25BK01007895_000_1_000_268928,2,0.10454,0,4110370101,냉온식순환조,5958601777,,2025-08-27,R25BK01007895
R25BK01007895_000_1_000_268928,3,0.101899,0,4110370101,냉온식순환조,6068120439,,2025-08-27,R25BK01007895
R25BK01007895_000_1_000_268928,4,0.085101,0,4110370101,냉온식순환조,7868803093,,2025-08-27,R25BK01007895
R25BK01007895_000_1_000_268928,5,0.060772,0,4110370101,냉온식순환조,1348675337,,2025-08-27,R25BK01007895
R25BK01007895_000_1_000_268928,6,0.030445,0,4110370101,냉온식순환조,5998700194,,2025-08-27,R25BK01007895
R25BK01007895_000_1_000_268928,7,0.020861,0,4110370101,냉온식순환조,7180103124,,2025-08-27,R25BK01007895
R25BK01007895_000_1_000_268928,8,0.01471,0,4110370101,냉온식순환조,2051667999,,2025-08-27,R25BK01007895
R25BK01007895_000_1_000_268928,9,0.014195,0,4110370101,냉온식순환조,7820901711,,2025-08-27,R25BK01007895
R25BK01007895_000_1_000_268928,10,0.011214,0,4110370101,냉온식순환조,6331102672,,2025-08-27,R25BK01007895
R25BK01020031_000_1_000_270822,1,0.749955,1,3013150206,소파블록,5118111097,주식회사 삼성엠케이,2025-08-27,R25BK01020031
R25BK01020031_000_1_000_270822,2,0.007648,0,3013150206,소파블록,4874600729,,2025-08-27,R25BK01020031
R25BK01020031_000_1_000_270822,3,0.006631,0,3013150206,소파블록,1406600449,,2025-08-27,R25BK01020031
R25BK01020031_000_1_000_270822,4,0.006631,0,3013150206,소파블록,6700202359,,2025-08-27,R25BK01020031
R25BK01020031_000_1_000_270822,5,0.006621,0,3013150206,소파블록,6191217384,,2025-08-27,R25BK01020031
R25BK01020031_000_1_000_270822,6,0.006601,0,3013150206,소파블록,5483301101,,2025-08-27,R25BK01020031
R25BK01020031_000_1_000_270822,7,0.006011,0,3013150206,소파블록,4773900175,,2025-08-27,R25BK01020031
R25BK01020031_000_1_000_270822,8,0.005293,0,3013150206,소파블록,5391501739,,2025-08-27,R25BK01020031
R25BK01020031_000_1_000_270822,9,0.005293,0,3013150206,소파블록,3112301494,,2025-08-27,R25BK01020031
R25BK01020031_000_1_000_270822,10,0.005293,0,3013150206,소파블록,3061417686,,2025-08-27,R25BK01020031
R25BK00994182_000_1_000_266762,1,0.938983,1,4618160501,안전화,6068164024,(주)빅토스,2025-08-28,R25BK00994182
R25BK00994182_000_1_000_266762,2,0.139179,0,4618160501,안전화,4110845348,,2025-08-28,R25BK00994182
R25BK00994182_000_1_000_266762,3,0.117284,0,4618160501,안전화,4504600974,,2025-08-28,R25BK00994182
R25BK00994182_000_1_000_266762,4,0.108666,0,4618160501,안전화,7134000965,,2025-08-28,R25BK00994182
R25BK00994182_000_1_000_266762,5,0.073743,0,4618160501,안전화,3248102510,,2025-08-28,R25BK00994182
R25BK00994182_000_1_000_266762,6,0.042993,0,4618160501,안전화,7182400432,,2025-08-28,R25BK00994182
R25BK00994182_000_1_000_266762,7,0.035613,0,4618160501,안전화,6955600751,,2025-08-28,R25BK00994182
R25BK00994182_000_1_000_266762,8,0.034429,0,4618160501,안전화,2711402631,,2025-08-28,R25BK00994182
R25BK00994182_000_1_000_266762,9,0.024143,0,4618160501,안전화,2686700841,,2025-08-28,R25BK00994182
R25BK00994182_000_1_000_266762,10,0.019677,0,4618160501,안전화,5060145098,,2025-08-28,R25BK00994182
R25BK01021675_000_1_000_263366,1,0.572616,1,4014219601,이중보온관,7581602506,에버클린,2025-08-28,R25BK01021675
R25BK01021675_000_1_000_263366,2,0.192157,0,4014219601,이중보온관,2270144973,,2025-08-28,R25BK01021675
R25BK01021675_000_1_000_263366,3,0.158052,0,4014219601,이중보온관,8468101160,,2025-08-28,R25BK01021675
R25BK01021675_000_1_000_263366,4,0.140977,0,4014219601,이중보온관,3240901548,,2025-08-28,R25BK01021675
R25BK01021675_000_1_000_263366,5,0.139374,0,4014219601,이중보온관,3828102200,,2025-08-28,R25BK01021675
R25BK01021675_000_1_000_263366,6,0.087684,0,4014219601,이중보온관,6678702495,,2025-08-28,R25BK01021675
R25BK01021675_000_1_000_263366,7,0.051055,0,4014219601,이중보온관,1120570347,,2025-08-28,R25BK01021675
R25BK01021675_000_1_000_263366,8,0.047196,0,4014219601,이중보온관,7082101767,,2025-08-28,R25BK01021675
R25BK01021675_000_1_000_263366,9,0.046575,0,4014219601,이중보온관,7202401278,,2025-08-28,R25BK01021675
R25BK01021675_000_1_000_263366,10,0.026215,0,4014219601,이중보온관,1278635870,,2025-08-28,R25BK01021675
R25BK01021943_000_1_000_271956,1,0.690898,1,4218153501,생체신호처리장치,4098184303,(주)한독사이언스,2025-08-28,R25BK01021943
R25BK01021943_000_1_000_271956,2,0.14687,0,4218153501,생체신호처리장치,6058618444,,2025-08-28,R25BK01021943
R25BK01021943_000_1_000_271956,3,0.0229,0,4218153501,생체신호처리장치,4142601703,,2025-08-28,R25BK01021943
R25BK01021943_000_1_000_271956,4,0.016185,0,4218153501,생체신호처리장치,6072817397,,2025-08-28,R25BK01021943
R25BK01021943_000_1_000_271956,5,0.015954,0,4218153501,생체신호처리장치,2518601576,,2025-08-28,R25BK01021943
R25BK01021943_000_1_000_271956,6,0.015294,0,4218153501,생체신호처리장치,2152651552,,2025-08-28,R25BK01021943
R25BK01021943_000_1_000_271956,7,0.014744,0,4218153501,생체신호처리장치,2960501527,,2025-08-28,R25BK01021943
R25BK01021943_000_1_000_271956,8,0.014653,0,4218153501,생체신호처리장치,2750203639,,2025-08-28,R25BK01021943
R25BK01021943_000_1_000_271956,9,0.014653,0,4218153501,생체신호처리장치,6502601819,,2025-08-28,R25BK01021943
R25BK01021943_000_1_000_271956,10,0.01059,0,4218153501,생체신호처리장치,7230100769,,2025-08-28,R25BK01021943
R25BK01022918_000_1_000_267083,1,0.162713,1,4111362101,임피던스측정기,2371202559,중원랩,2025-08-28,R25BK01022918
R25BK01022918_000_1_000_267083,2,0.101886,0,4111362101,임피던스측정기,1160724873,,2025-08-28,R25BK01022918
R25BK01022918_000_1_000_267083,3,0.092669,0,4111362101,임피던스측정기,2852501641,,2025-08-28,R25BK01022918
R25BK01022918_000_1_000_267083,4,0.033271,0,4111362101,임피던스측정기,3808800942,,2025-08-28,R25BK01022918
R25BK01022918_000_1_000_267083,5,0.020488,0,4111362101,임피던스측정기,2271113576,,2025-08-28,R25BK01022918
R25BK01022918_000_1_000_267083,6,0.012004,0,4111362101,임피던스측정기,6788603390,,2025-08-28,R25BK01022918
R25BK01022918_000_1_000_267083,7,0.010469,0,4111362101,임피던스측정기,1410553410,,2025-08-28,R25BK01022918
R25BK01022918_000_1_000_267083,8,0.010205,0,4111362101,임피던스측정기,2021751739,,2025-08-28,R25BK01022918
R25BK01022918_000_1_000_267083,9,0.008856,0,4111362101,임피던스측정기,8598101754,,2025-08-28,R25BK01022918
R25BK01022918_000_1_000_267083,10,0.008706,0,4111362101,임피던스측정기,1431601909,,2025-08-28,R25BK01022918
R25BK01021465_000_1_000_264342,1,0.594875,1,3010990401,순환골재,4068103922,유한회사 덕유환경개발,2025-08-29,R25BK01021465
R25BK01021465_000_1_000_264342,2,0.493171,0,3010990401,순환골재,5078110293,,2025-08-29,R25BK01021465
R25BK01021465_000_1_000_264342,3,0.070374,0,3010990401,순환골재,6168103780,,2025-08-29,R25BK01021465
R25BK01021465_000_1_000_264342,4,0.036043,0,3010990401,순환골재,4098651262,,2025-08-29,R25BK01021465
R25BK01021465_000_1_000_264342,5,0.035114,0,3010990401,순환골재,5078506313,,2025-08-29,R25BK01021465
R25BK01021465_000_1_000_264342,6,0.028962,0,3010990401,순환골재,1048703222,,2025-08-29,R25BK01021465
R25BK01021465_000_1_000_264342,7,0.021484,0,3010990401,순환골재,7448602849,,2025-08-29,R25BK01021465
R25BK01021465_000_1_000_264342,8,0.015939,0,3010990401,순환골재,7923001779,,2025-08-29,R25BK01021465
R25BK01021465_000_1_000_264342,9,0.015,0,3010990401,순환골재,5720500311,,2025-08-29,R25BK01021465
R25BK01021465_000_1_000_264342,10,0.005629,0,3010990401,순환골재,4180357215,,2025-08-29,R25BK01021465
R25BK01024986_000_1_000_268888,1,0.529701,1,3010161901,철근콘크리트용봉강,3998602988,주식회사 교우,2025-08-29,R25BK01024986
R25BK01024986_000_1_000_268888,2,0.367843,0,3010161901,철근콘크리트용봉강,5901802641,,2025-08-29,R25BK01024986
R25BK01024986_000_1_000_268888,3,0.34947,0,3010161901,철근콘크리트용봉강,6567800480,,2025-08-29,R25BK01024986
R25BK01024986_000_1_000_268888,4,0.174521,0,3010161901,철근콘크리트용봉강,6038134711,,2025-08-29,R25BK01024986
R25BK01024986_000_1_000_268888,5,0.08166,0,3010161901,철근콘크리트용봉강,7075400711,,2025-08-29,R25BK01024986
R25BK01024986_000_1_000_268888,6,0.032822,0,3010161901,철근콘크리트용봉강,7663200697,,2025-08-29,R25BK01024986
R25BK01024986_000_1_000_268888,7,0.030369,0,3010161901,철근콘크리트용봉강,3808800942,,2025-08-29,R25BK01024986
R25BK01024986_000_1_000_268888,8,0.029982,0,3010161901,철근콘크리트용봉강,2081980390,,2025-08-29,R25BK01024986
R25BK01024986_000_1_000_268888,9,0.029736,0,3010161901,철근콘크리트용봉강,2818803190,,2025-08-29,R25BK01024986
R25BK01024986_000_1_000_268888,10,0.019477,0,3010161901,철근콘크리트용봉강,2928102891,,2025-08-29,R25BK01024986
R25BK01025803_000_1_000_272713,1,0.613422,1,2110178501,상토조제기,7278100031,주식회사 성도그린테크,2025-08-29,R25BK01025803
R25BK01025803_000_1_000_272713,2,0.448386,0,2110178501,상토조제기,5080676549,,2025-08-29,R25BK01025803
R25BK01025803_000_1_000_272713,3,0.34706,0,2110178501,상토조제기,3088124093,,2025-08-29,R25BK01025803
R25BK01025803_000_1_000_272713,4,0.322412,0,2110178501,상토조제기,6570502809,,2025-08-29,R25BK01025803
R25BK01025803_000_1_000_272713,5,0.295467,0,2110178501,상토조제기,4810500558,,2025-08-29,R25BK01025803
R25BK01025803_000_1_000_272713,6,0.236573,0,2110178501,상토조제기,1252372520,,2025-08-29,R25BK01025803
R25BK01025803_000_1_000_272713,7,0.20803,0,2110178501,상토조제기,3020942933,,2025-08-29,R25BK01025803
R25BK01025803_000_1_000_272713,8,0.082173,0,2110178501,상토조제기,2208632207,,2025-08-29,R25BK01025803
R25BK01025803_000_1_000_272713,9,0.042503,0,2110178501,상토조제기,1378128594,,2025-08-29,R25BK01025803
R25BK01025803_000_1_000_272713,10,0.012908,0,2110178501,상토조제기,6808703099,,2025-08-29,R25BK01025803
R25BK01018834_001_1_000_269592,1,0.787785,1,4110371401,조직부양조,4022482844,미래과학,2025-09-02,R25BK01018834
R25BK01018834_001_1_000_269592,2,0.454446,0,4110371401,조직부양조,4048600244,,2025-09-02,R25BK01018834
R25BK01018834_001_1_000_269592,3,0.180346,0,4110371401,조직부양조,2273001106,,2025-09-02,R25BK01018834
R25BK01018834_001_1_000_269592,4,0.069133,0,4110371401,조직부양조,5028801589,,2025-09-02,R25BK01018834
R25BK01018834_001_1_000_269592,5,0.045951,0,4110371401,조직부양조,3384300144,,2025-09-02,R25BK01018834
R25BK01018834_001_1_000_269592,6,0.040739,0,4110371401,조직부양조,3210402072,,2025-09-02,R25BK01018834
R25BK01018834_001_1_000_269592,7,0.035903,0,4110371401,조직부양조,3808800942,,2025-09-02,R25BK01018834
R25BK01018834_001_1_000_269592,8,0.03522,0,4110371401,조직부양조,2212564545,,2025-09-02,R25BK01018834
R25BK01018834_001_1_000_269592,9,0.032783,0,4110371401,조직부양조,1680601670,,2025-09-02,R25BK01018834
R25BK01018834_001_1_000_269592,10,0.031464,0,4110371401,조직부양조,3668800441,,2025-09-02,R25BK01018834
R25BK01024427_000_1_000_268450,1,0.110434,1,4111532301,함수발생기,2951000951,한결사,2025-09-02,R25BK01024427
R25BK01024427_000_1_000_268450,2,0.060115,0,4111532301,함수발생기,7073900945,,2025-09-02,R25BK01024427
R25BK01024427_000_1_000_268450,3,0.051247,0,4111532301,함수발생기,1094691204,,2025-09-02,R25BK01024427
R25BK01024427_000_1_000_268450,4,0.046889,0,4111532301,함수발생기,6530602672,,2025-09-02,R25BK01024427
R25BK01024427_000_1_000_268450,5,0.028991,0,4111532301,함수발생기,2978801580,,2025-09-02,R25BK01024427
R25BK01024427_000_1_000_268450,6,0.025306,0,4111532301,함수발생기,7258703238,,2025-09-02,R25BK01024427
R25BK01024427_000_1_000_268450,7,0.020529,0,4111532301,함수발생기,2155000801,,2025-09-02,R25BK01024427
R25BK01024427_000_1_000_268450,8,0.019123,0,4111532301,함수발생기,1713301390,,2025-09-02,R25BK01024427
R25BK01024427_000_1_000_268450,9,0.017604,0,4111532301,함수발생기,6976300717,,2025-09-02,R25BK01024427
R25BK01024427_000_1_000_268450,10,0.015523,0,4111532301,함수발생기,1643901206,,2025-09-02,R25BK01024427
R25BK01030394_000_1_000_270611,1,0.2497,0,3010170402,경량형강,5718601238,,2025-09-02,R25BK01030394
R25BK01030394_000_1_000_270611,2,0.161501,0,3010170402,경량형강,5128120721,,2025-09-02,R25BK01030394
R25BK01030394_000_1_000_270611,3,0.073785,0,3010170402,경량형강,3544401180,,2025-09-02,R25BK01030394
R25BK01030394_000_1_000_270611,4,0.073192,0,3010170402,경량형강,4211701145,,2025-09-02,R25BK01030394
R25BK01030394_000_1_000_270611,5,0.071071,0,3010170402,경량형강,4833000309,,2025-09-02,R25BK01030394
R25BK01030394_000_1_000_270611,6,0.044939,0,3010170402,경량형강,1228648201,,2025-09-02,R25BK01030394
R25BK01030394_000_1_000_270611,7,0.036442,0,3010170402,경량형강,8088100043,,2025-09-02,R25BK01030394
R25BK01030394_000_1_000_270611,8,0.03201,1,3010170402,경량형강,4318802234,주식회사 이광,2025-09-02,R25BK01030394
R25BK01030394_000_1_000_270611,9,0.02374,0,3010170402,경량형강,3018148852,,2025-09-02,R25BK01030394
R25BK01030394_000_1_000_270611,10,0.019829,0,3010170402,경량형강,1667700511,,2025-09-02,R25BK01030394
R25BK01036076_000_1_000_271469,1,0.791577,1,2315199301,리파이너,1231667265,세원테크,2025-09-02,R25BK01036076
R25BK01036076_000_1_000_271469,2,0.035198,0,2315199301,리파이너,8323700612,,2025-09-02,R25BK01036076
R25BK01036076_000_1_000_271469,3,0.005509,0,2315199301,리파이너,2888802606,,2025-09-02,R25BK01036076
R25BK01036076_000_1_000_271469,4,0.0013,0,2315199301,리파이너,2277500506,,2025-09-02,R25BK01036076
R25BK01036395_000_1_000_270309,1,0.922072,1,3011160102,시멘트,3128195471,주식회사 지스코,2025-09-02,R25BK01036395
R25BK01036395_000_1_000_270309,2,0.178099,0,3011160102,시멘트,7553501421,,2025-09-02,R25BK01036395
R25BK01036395_000_1_000_270309,3,0.039882,0,3011160102,시멘트,2092569555,,2025-09-02,R25BK01036395
R25BK01036395_000_1_000_270309,4,0.038185,0,3011160102,시멘트,4028189592,,2025-09-02,R25BK01036395
R25BK01036395_000_1_000_270309,5,0.028204,0,3011160102,시멘트,3018175382,,2025-09-02,R25BK01036395
R25BK01036395_000_1_000_270309,6,0.027736,0,3011160102,시멘트,6761400707,,2025-09-02,R25BK01036395
R25BK01036395_000_1_000_270309,7,0.023615,0,3011160102,시멘트,2538603153,,2025-09-02,R25BK01036395
R25BK01036395_000_1_000_270309,8,0.02186,0,3011160102,시멘트,1940101882,,2025-09-02,R25BK01036395
R25BK01036395_000_1_000_270309,9,0.018195,0,3011160102,시멘트,3053235138,,2025-09-02,R25BK01036395
R25BK01036395_000_1_000_270309,10,0.016747,0,3011160102,시멘트,2021016693,,2025-09-02,R25BK01036395
R25BK01016613_000_1_000_272268,1,0.866482,1,4618200302,화재대피마스크,1208711670,도부 주식회사,2025-09-03,R25BK01016613
R25BK01016613_000_1_000_272268,2,0.682106,0,4618200302,화재대피마스크,6650701144,,2025-09-03,R25BK01016613
R25BK01016613_000_1_000_272268,3,0.392112,0,4618200302,화재대피마스크,1288673106,,2025-09-03,R25BK01016613
R25BK01016613_000_1_000_272268,4,0.244967,0,4618200302,화재대피마스크,7251302204,,2025-09-03,R25BK01016613
R25BK01016613_000_1_000_272268,5,0.117397,0,4618200302,화재대피마스크,3103000807,,2025-09-03,R25BK01016613
R25BK01016613_000_1_000_272268,6,0.079266,0,4618200302,화재대피마스크,6032651889,,2025-09-03,R25BK01016613
R25BK01016613_000_1_000_272268,7,0.074645,0,4618200302,화재대피마스크,1742301973,,2025-09-03,R25BK01016613
R25BK01016613_000_1_000_272268,8,0.065312,0,4618200302,화재대피마스크,2602602105,,2025-09-03,R25BK01016613
R25BK01016613_000_1_000_272268,9,0.048472,0,4618200302,화재대피마스크,1930802970,,2025-09-03,R25BK01016613
R25BK01016613_000_1_000_272268,10,0.046011,0,4618200302,화재대피마스크,3175200872,,2025-09-03,R25BK01016613
R25BK01024842_000_1_000_272124,1,0.253566,0,4111180401,초음파탐상기,7730302131,,2025-09-03,R25BK01024842
R25BK01024842_000_1_000_272124,2,0.24456,0,4111180401,초음파탐상기,2268149185,,2025-09-03,R25BK01024842
R25BK01024842_000_1_000_272124,3,0.220782,0,4111180401,초음파탐상기,5118127226,,2025-09-03,R25BK01024842
R25BK01024842_000_1_000_272124,4,0.057427,0,4111180401,초음파탐상기,6685001173,,2025-09-03,R25BK01024842
R25BK01024842_000_1_000_272124,5,0.053475,0,4111180401,초음파탐상기,7202401278,,2025-09-03,R25BK01024842
R25BK01024842_000_1_000_272124,6,0.044566,0,4111180401,초음파탐상기,1550703247,,2025-09-03,R25BK01024842
R25BK01024842_000_1_000_272124,7,0.043313,0,4111180401,초음파탐상기,5483301101,,2025-09-03,R25BK01024842
R25BK01024842_000_1_000_272124,8,0.034301,0,4111180401,초음파탐상기,8950200867,,2025-09-03,R25BK01024842
R25BK01024842_000_1_000_272124,9,0.029411,0,4111180401,초음파탐상기,4088188460,,2025-09-03,R25BK01024842
R25BK01024842_000_1_000_272124,10,0.029063,0,4111180401,초음파탐상기,2081552260,,2025-09-03,R25BK01024842
R25BK01031455_000_1_000_266770,1,0.51865,0,4710153601,슬러지수집기,8208602842,,2025-09-03,R25BK01031455
R25BK01031455_000_1_000_266770,2,0.514942,1,4710153601,슬러지수집기,1608803078,유명이엔지주식회사,2025-09-03,R25BK01031455
R25BK01031455_000_1_000_266770,3,0.448352,0,4710153601,슬러지수집기,4228602783,,2025-09-03,R25BK01031455
R25BK01031455_000_1_000_266770,4,0.288739,0,4710153601,슬러지수집기,5688200569,,2025-09-03,R25BK01031455
R25BK01031455_000_1_000_266770,5,0.194457,0,4710153601,슬러지수집기,5248103254,,2025-09-03,R25BK01031455
R25BK01031455_000_1_000_266770,6,0.104823,0,4710153601,슬러지수집기,8761902071,,2025-09-03,R25BK01031455
R25BK01031455_000_1_000_266770,7,0.104245,0,4710153601,슬러지수집기,1588702399,,2025-09-03,R25BK01031455
R25BK01031455_000_1_000_266770,8,0.0935,0,4710153601,슬러지수집기,1878200356,,2025-09-03,R25BK01031455
R25BK01031455_000_1_000_266770,9,0.085687,0,4710153601,슬러지수집기,6378102925,,2025-09-03,R25BK01031455
R25BK01031455_000_1_000_266770,10,0.075804,0,4710153601,슬러지수집기,4518702357,,2025-09-03,R25BK01031455
R25BK01031865_000_1_000_267401,1,0.863418,1,4111151101,트럭스케일,5088106147,(주)동신산업개발,2025-09-03,R25BK01031865
R25BK01031865_000_1_000_267401,2,0.103137,0,4111151101,트럭스케일,2254100989,,2025-09-03,R25BK01031865
R25BK01031865_000_1_000_267401,3,0.091894,0,4111151101,트럭스케일,2072691951,,2025-09-03,R25BK01031865
R25BK01031865_000_1_000_267401,4,0.073718,0,4111151101,트럭스케일,4903200728,,2025-09-03,R25BK01031865
R25BK01031865_000_1_000_267401,5,0.06203,0,4111151101,트럭스케일,6232201541,,2025-09-03,R25BK01031865
R25BK01031865_000_1_000_267401,6,0.040778,0,4111151101,트럭스케일,4163124439,,2025-09-03,R25BK01031865
R25BK01031865_000_1_000_267401,7,0.030532,0,4111151101,트럭스케일,8152501383,,2025-09-03,R25BK01031865
R25BK01031865_000_1_000_267401,8,0.028357,0,4111151101,트럭스케일,5047400430,,2025-09-03,R25BK01031865
R25BK01031865_000_1_000_267401,9,0.027961,0,4111151101,트럭스케일,5970502069,,2025-09-03,R25BK01031865
R25BK01031865_000_1_000_267401,10,0.024398,0,4111151101,트럭스케일,7591302022,,2025-09-03,R25BK01031865
R25BK01028649_000_1_000_269602,1,0.166282,0,3011160102,시멘트,7561801863,,2025-09-04,R25BK01028649
R25BK01028649_000_1_000_269602,2,0.146772,0,3011160102,시멘트,1258632071,,2025-09-04,R25BK01028649
R25BK01028649_000_1_000_269602,3,0.135247,0,3011160102,시멘트,5508700258,,2025-09-04,R25BK01028649
R25BK01028649_000_1_000_269602,4,0.132923,0,3011160102,시멘트,6088129310,,2025-09-04,R25BK01028649
R25BK01028649_000_1_000_269602,5,0.124219,0,3011160102,시멘트,2646300837,,2025-09-04,R25BK01028649
R25BK01028649_000_1_000_269602,6,0.119034,1,3011160102,시멘트,4428701484,주식회사 써드아이코리아,2025-09-04,R25BK01028649
R25BK01028649_000_1_000_269602,7,0.081865,0,3011160102,시멘트,6151370934,,2025-09-04,R25BK01028649
R25BK01028649_000_1_000_269602,8,0.079645,0,3011160102,시멘트,2218123803,,2025-09-04,R25BK01028649
R25BK01028649_000_1_000_269602,9,0.074288,0,3011160102,시멘트,1142800657,,2025-09-04,R25BK01028649
R25BK01028649_000_1_000_269602,10,0.07379,0,3011160102,시멘트,2118738543,,2025-09-04,R25BK01028649
R25BK01029219_000_1_000_267736,1,0.800941,1,6010999901,교육훈련장비,8075800625,쓰리에스시스템,2025-09-04,R25BK01029219
R25BK01029219_000_1_000_267736,2,0.796386,0,6010999901,교육훈련장비,1428177291,,2025-09-04,R25BK01029219
R25BK01029219_000_1_000_267736,3,0.792743,0,6010999901,교육훈련장비,1388171717,,2025-09-04,R25BK01029219
R25BK01029219_000_1_000_267736,4,0.423165,0,6010999901,교육훈련장비,2028703230,,2025-09-04,R25BK01029219
R25BK01029219_000_1_000_267736,5,0.369824,0,6010999901,교육훈련장비,4965400688,,2025-09-04,R25BK01029219
R25BK01029219_000_1_000_267736,6,0.367845,0,6010999901,교육훈련장비,1058182077,,2025-09-04,R25BK01029219
R25BK01029219_000_1_000_267736,7,0.118325,0,6010999901,교육훈련장비,4022045900,,2025-09-04,R25BK01029219
R25BK01029219_000_1_000_267736,8,0.085837,0,6010999901,교육훈련장비,2184800961,,2025-09-04,R25BK01029219
R25BK01029219_000_1_000_267736,9,0.07619,0,6010999901,교육훈련장비,2148751899,,2025-09-04,R25BK01029219
R25BK01029219_000_1_000_267736,10,0.062448,0,6010999901,교육훈련장비,1628802551,,2025-09-04,R25BK01029219
R25BK01021444_000_1_000_271252,1,0.445456,0,5512190303,교통정보전광판,1088162065,,2025-09-05,R25BK01021444
R25BK01021444_000_1_000_271252,2,0.432637,0,5512190303,교통정보전광판,1078624267,,2025-09-05,R25BK01021444
R25BK01021444_000_1_000_271252,3,0.334447,0,5512190303,교통정보전광판,4808600442,,2025-09-05,R25BK01021444
R25BK01021444_000_1_000_271252,4,0.325799,1,5512190303,교통정보전광판,1138645971,주식회사 포딕스시스템,2025-09-05,R25BK01021444
R25BK01021444_000_1_000_271252,5,0.260975,0,5512190303,교통정보전광판,1348633147,,2025-09-05,R25BK01021444
R25BK01021444_000_1_000_271252,6,0.088856,0,5512190303,교통정보전광판,2218123803,,2025-09-05,R25BK01021444
R25BK01021444_000_1_000_271252,7,0.053779,0,5512190303,교통정보전광판,4188800136,,2025-09-05,R25BK01021444
R25BK01021444_000_1_000_271252,8,0.053305,0,5512190303,교통정보전광판,1611202761,,2025-09-05,R25BK01021444
R25BK01021444_000_1_000_271252,9,0.025432,0,5512190303,교통정보전광판,7143200681,,2025-09-05,R25BK01021444
R25BK01021444_000_1_000_271252,10,0.024224,0,5512190303,교통정보전광판,3504700778,,2025-09-05,R25BK01021444
R25BK01027996_000_1_000_269580,1,0.931306,1,6010999901,교육훈련장비,7898703154,주식회사 지앨,2025-09-05,R25BK01027996
R25BK01027996_000_1_000_269580,2,0.258458,0,6010999901,교육훈련장비,8498701180,,2025-09-05,R25BK01027996
R25BK01027996_000_1_000_269580,3,0.152611,0,6010999901,교육훈련장비,3128645791,,2025-09-05,R25BK01027996
R25BK01027996_000_1_000_269580,4,0.092563,0,6010999901,교육훈련장비,8273001487,,2025-09-05,R25BK01027996
R25BK01027996_000_1_000_269580,5,0.069259,0,6010999901,교육훈련장비,1698702894,,2025-09-05,R25BK01027996
R25BK01027996_000_1_000_269580,6,0.039066,0,6010999901,교육훈련장비,4950701579,,2025-09-05,R25BK01027996
R25BK01027996_000_1_000_269580,7,0.035065,0,6010999901,교육훈련장비,2028703230,,2025-09-05,R25BK01027996
R25BK01027996_000_1_000_269580,8,0.018604,0,6010999901,교육훈련장비,3880401377,,2025-09-05,R25BK01027996
R25BK01027996_000_1_000_269580,9,0.01501,0,6010999901,교육훈련장비,4078800612,,2025-09-05,R25BK01027996
R25BK01027996_000_1_000_269580,10,0.014606,0,6010999901,교육훈련장비,1418124544,,2025-09-05,R25BK01027996
R25BK01031188_000_1_001_269540,1,0.824307,1,2110170401,콤바인,5068190687,신국제농기계주식회사,2025-09-05,R25BK01031188
R25BK01031188_000_1_001_269540,2,0.420706,0,2110170401,콤바인,4030272099,,2025-09-05,R25BK01031188
R25BK01031188_000_1_001_269540,3,0.401171,0,2110170401,콤바인,5308800474,,2025-09-05,R25BK01031188
R25BK01031188_000_1_001_269540,4,0.320092,0,2110170401,콤바인,6110752059,,2025-09-05,R25BK01031188
R25BK01031188_000_1_001_269540,5,0.269336,0,2110170401,콤바인,2208815411,,2025-09-05,R25BK01031188
R25BK01031188_000_1_001_269540,6,0.1957,0,2110170401,콤바인,5102091608,,2025-09-05,R25BK01031188
R25BK01031188_000_1_001_269540,7,0.112696,0,2110170401,콤바인,1981902030,,2025-09-05,R25BK01031188
R25BK01031188_000_1_001_269540,8,0.085302,0,2110170401,콤바인,2201801836,,2025-09-05,R25BK01031188
R25BK01031188_000_1_001_269540,9,0.082944,0,2110170401,콤바인,5372502105,,2025-09-05,R25BK01031188
R25BK01031188_000_1_001_269540,10,0.066982,0,2110170401,콤바인,5450203445,,2025-09-05,R25BK01031188
R25BK01035811_000_1_000_270780,1,0.070049,0,4711150302,의류관리기,3532200610,,2025-09-05,R25BK01035811
R25BK01035811_000_1_000_270780,2,0.061921,0,4711150302,의류관리기,3650702641,,2025-09-05,R25BK01035811
R25BK01035811_000_1_000_270780,3,0.048801,0,4711150302,의류관리기,6888702167,,2025-09-05,R25BK01035811
R25BK01035811_000_1_000_270780,4,0.038379,1,4711150302,의류관리기,6960400551,문테크,2025-09-05,R25BK01035811
R25BK01035811_000_1_000_270780,5,0.035548,0,4711150302,의류관리기,6866900441,,2025-09-05,R25BK01035811
R25BK01035811_000_1_000_270780,6,0.028505,0,4711150302,의류관리기,6021452878,,2025-09-05,R25BK01035811
R25BK01035811_000_1_000_270780,7,0.02712,0,4711150302,의류관리기,1091537109,,2025-09-05,R25BK01035811
R25BK01035811_000_1_000_270780,8,0.02701,0,4711150302,의류관리기,3752401743,,2025-09-05,R25BK01035811
R25BK01035811_000_1_000_270780,9,0.026444,0,4711150302,의류관리기,7262601722,,2025-09-05,R25BK01035811
R25BK01035811_000_1_000_270780,10,0.025549,0,4711150302,의류관리기,2051382529,,2025-09-05,R25BK01035811
R25BK01041087_000_1_000_268215,1,0.402398,0,3912118901,계장제어장치,7252401012,,2025-09-05,R25BK01041087
R25BK01041087_000_1_000_268215,2,0.285884,0,3912118901,계장제어장치,5248800538,,2025-09-05,R25BK01041087
R25BK01041087_000_1_000_268215,3,0.279276,0,3912118901,계장제어장치,1198146158,,2025-09-05,R25BK01041087
R25BK01041087_000_1_000_268215,4,0.17183,1,3912118901,계장제어장치,5108122946,주식회사 에스에이치,2025-09-05,R25BK01041087
R25BK01041087_000_1_000_268215,5,0.115805,0,3912118901,계장제어장치,7048502903,,2025-09-05,R25BK01041087
R25BK01041087_000_1_000_268215,6,0.095352,0,3912118901,계장제어장치,1878200356,,2025-09-05,R25BK01041087
R25BK01041087_000_1_000_268215,7,0.072692,0,3912118901,계장제어장치,7312301586,,2025-09-05,R25BK01041087
R25BK01041087_000_1_000_268215,8,0.067833,0,3912118901,계장제어장치,1342422598,,2025-09-05,R25BK01041087
R25BK01041087_000_1_000_268215,9,0.022299,0,3912118901,계장제어장치,6168129780,,2025-09-05,R25BK01041087
R25BK01041087_000_1_000_268215,10,0.017084,0,3912118901,계장제어장치,1478800888,,2025-09-05,R25BK01041087
R25BK01009800_000_1_000_268186,1,0.558134,1,4321159401,특수목적컴퓨터,1198682955,주식회사 메이커스테크놀로지,2025-09-08,R25BK01009800
R25BK01009800_000_1_000_268186,2,0.316997,0,4321159401,특수목적컴퓨터,2298504865,,2025-09-08,R25BK01009800
R25BK01009800_000_1_000_268186,3,0.048494,0,4321159401,특수목적컴퓨터,1068189433,,2025-09-08,R25BK01009800
R25BK01009800_000_1_000_268186,4,0.009183,0,4321159401,특수목적컴퓨터,2888802606,,2025-09-08,R25BK01009800
R25BK01009800_000_1_000_268186,5,0.008627,0,4321159401,특수목적컴퓨터,5961302246,,2025-09-08,R25BK01009800
R25BK01009800_000_1_000_268186,6,0.008564,0,4321159401,특수목적컴퓨터,2210697424,,2025-09-08,R25BK01009800
R25BK01009800_000_1_000_268186,7,0.005532,0,4321159401,특수목적컴퓨터,1380853827,,2025-09-08,R25BK01009800
R25BK01009800_000_1_000_268186,8,0.005531,0,4321159401,특수목적컴퓨터,1248745639,,2025-09-08,R25BK01009800
R25BK01009800_000_1_000_268186,9,0.005445,0,4321159401,특수목적컴퓨터,3620902006,,2025-09-08,R25BK01009800
R25BK01009800_000_1_000_268186,10,0.005378,0,4321159401,특수목적컴퓨터,2438802092,,2025-09-08,R25BK01009800
R25BK01038676_000_1_000_269131,1,0.525286,1,3010990201,혼합골재,3121777171,온양조경석,2025-09-08,R25BK01038676
R25BK01038676_000_1_000_269131,2,0.049186,0,3010990201,혼합골재,7818101897,,2025-09-08,R25BK01038676
R25BK01038676_000_1_000_269131,3,0.020699,0,3010990201,혼합골재,4080371904,,2025-09-08,R25BK01038676
R25BK01038676_000_1_000_269131,4,0.020314,0,3010990201,혼합골재,6108177912,,2025-09-08,R25BK01038676
R25BK01038676_000_1_000_269131,5,0.012769,0,3010990201,혼합골재,4088166210,,2025-09-08,R25BK01038676
R25BK01038676_000_1_000_269131,6,0.010899,0,3010990201,혼합골재,5897500501,,2025-09-08,R25BK01038676
R25BK01038676_000_1_000_269131,7,0.009831,0,3010990201,혼합골재,6543600941,,2025-09-08,R25BK01038676
R25BK01038676_000_1_000_269131,8,0.008453,0,3010990201,혼합골재,6993301447,,2025-09-08,R25BK01038676
R25BK01038676_000_1_000_269131,9,0.005814,0,3010990201,혼합골재,6823400826,,2025-09-08,R25BK01038676
R25BK01038676_000_1_000_269131,10,0.005508,0,3010990201,혼합골재,6804601104,,2025-09-08,R25BK01038676
R25BK01038724_000_1_000_272212,1,0.34754,0,4910160202,선물세트,1501501841,,2025-09-09,R25BK01038724
R25BK01038724_000_1_000_272212,2,0.314227,0,4910160202,선물세트,5751702252,,2025-09-09,R25BK01038724
R25BK01038724_000_1_000_272212,3,0.266788,0,4910160202,선물세트,8143201151,,2025-09-09,R25BK01038724
R25BK01038724_000_1_000_272212,4,0.211035,0,4910160202,선물세트,8071902736,,2025-09-09,R25BK01038724
R25BK01038724_000_1_000_272212,5,0.170321,0,4910160202,선물세트,2660203329,,2025-09-09,R25BK01038724
R25BK01038724_000_1_000_272212,6,0.151891,0,4910160202,선물세트,3884001230,,2025-09-09,R25BK01038724
R25BK01038724_000_1_000_272212,7,0.133529,0,4910160202,선물세트,4140871511,,2025-09-09,R25BK01038724
R25BK01038724_000_1_000_272212,8,0.130938,0,4910160202,선물세트,7261102810,,2025-09-09,R25BK01038724
R25BK01038724_000_1_000_272212,9,0.130374,0,4910160202,선물세트,7703001819,,2025-09-09,R25BK01038724
R25BK01038724_000_1_000_272212,10,0.09807,0,4910160202,선물세트,6158120879,,2025-09-09,R25BK01038724
R25BK01040485_000_1_000_269853,1,0.625542,1,4016160501,탈취기,5158114780,(주)한길엔지니어링,2025-09-09,R25BK01040485
R25BK01040485_000_1_000_269853,2,0.608452,0,4016160501,탈취기,4228602783,,2025-09-09,R25BK01040485
R25BK01040485_000_1_000_269853,3,0.119152,0,4016160501,탈취기,6078700549,,2025-09-09,R25BK01040485
R25BK01040485_000_1_000_269853,4,0.103307,0,4016160501,탈취기,7476400552,,2025-09-09,R25BK01040485
R25BK01040485_000_1_000_269853,5,0.094501,0,4016160501,탈취기,8118101581,,2025-09-09,R25BK01040485
R25BK01040485_000_1_000_269853,6,0.07921,0,4016160501,탈취기,8761902071,,2025-09-09,R25BK01040485
R25BK01040485_000_1_000_269853,7,0.073462,0,4016160501,탈취기,7960801464,,2025-09-09,R25BK01040485
R25BK01040485_000_1_000_269853,8,0.0547,0,4016160501,탈취기,3518601269,,2025-09-09,R25BK01040485
R25BK01040485_000_1_000_269853,9,0.042442,0,4016160501,탈취기,4518702357,,2025-09-09,R25BK01040485
R25BK01040485_000_1_000_269853,10,0.041471,0,4016160501,탈취기,2028702513,,2025-09-09,R25BK01040485
R25BK01041041_000_1_000_276649,1,0.486883,1,4014219601,이중보온관,2978801580,주식회사 에스엘상사,2025-09-09,R25BK01041041
R25BK01041041_000_1_000_276649,2,0.279313,0,4014219601,이중보온관,6443601171,,2025-09-09,R25BK01041041
R25BK01041041_000_1_000_276649,3,0.185204,0,4014219601,이중보온관,5672601588,,2025-09-09,R25BK01041041
R25BK01041041_000_1_000_276649,4,0.055909,0,4014219601,이중보온관,5391701484,,2025-09-09,R25BK01041041
R25BK01041041_000_1_000_276649,5,0.043191,0,4014219601,이중보온관,5061570221,,2025-09-09,R25BK01041041
R25BK01041041_000_1_000_276649,6,0.033584,0,4014219601,이중보온관,2051972912,,2025-09-09,R25BK01041041
R25BK01041041_000_1_000_276649,7,0.031918,0,4014219601,이중보온관,3038700818,,2025-09-09,R25BK01041041
R25BK01041041_000_1_000_276649,8,0.025555,0,4014219601,이중보온관,2148686955,,2025-09-09,R25BK01041041
R25BK01041041_000_1_000_276649,9,0.024669,0,4014219601,이중보온관,2693700852,,2025-09-09,R25BK01041041
R25BK01041041_000_1_000_276649,10,0.02178,0,4014219601,이중보온관,2738600811,,2025-09-09,R25BK01041041
R25BK01041319_000_1_000_269897,1,0.763663,0,1411180605,조사표,6828200040,,2025-09-09,R25BK01041319
R25BK01041319_000_1_000_269897,2,0.567197,1,1411180605,조사표,1711600040,디앤에이,2025-09-09,R25BK01041319
R25BK01041319_000_1_000_269897,3,0.416958,0,1411180605,조사표,3123161127,,2025-09-09,R25BK01041319
R25BK01041319_000_1_000_269897,4,0.332233,0,1411180605,조사표,6948602239,,2025-09-09,R25BK01041319
R25BK01041319_000_1_000_269897,5,0.31434,0,1411180605,조사표,7432601917,,2025-09-09,R25BK01041319
R25BK01041319_000_1_000_269897,6,0.299348,0,1411180605,조사표,4887600321,,2025-09-09,R25BK01041319
R25BK01041319_000_1_000_269897,7,0.122592,0,1411180605,조사표,3052089645,,2025-09-09,R25BK01041319
R25BK01041319_000_1_000_269897,8,0.122592,0,1411180605,조사표,8321400404,,2025-09-09,R25BK01041319
R25BK01041319_000_1_000_269897,9,0.058955,0,1411180605,조사표,3160902584,,2025-09-09,R25BK01041319
R25BK01041319_000_1_000_269897,10,0.012999,0,1411180605,조사표,2158783619,,2025-09-09,R25BK01041319
R25BK01041419_000_1_000_271699,1,0.543637,0,4111303701,마이크로플레이트리더,7286700305,,2025-09-09,R25BK01041419
R25BK01041419_000_1_000_271699,2,0.373766,0,4111303701,마이크로플레이트리더,6632701317,,2025-09-09,R25BK01041419
R25BK01041419_000_1_000_271699,3,0.326575,1,4111303701,마이크로플레이트리더,2028703230,주식회사 윈컴퍼니,2025-09-09,R25BK01041419
R25BK01041419_000_1_000_271699,4,0.144598,0,4111303701,마이크로플레이트리더,7032900639,,2025-09-09,R25BK01041419
R25BK01041419_000_1_000_271699,5,0.118295,0,4111303701,마이크로플레이트리더,5142619935,,2025-09-09,R25BK01041419
R25BK01041419_000_1_000_271699,6,0.113745,0,4111303701,마이크로플레이트리더,7368602265,,2025-09-09,R25BK01041419
R25BK01041419_000_1_000_271699,7,0.080394,0,4111303701,마이크로플레이트리더,3798802300,,2025-09-09,R25BK01041419
R25BK01041419_000_1_000_271699,8,0.065587,0,4111303701,마이크로플레이트리더,2801800479,,2025-09-09,R25BK01041419
R25BK01041419_000_1_000_271699,9,0.038788,0,4111303701,마이크로플레이트리더,2520102718,,2025-09-09,R25BK01041419
R25BK01041419_000_1_000_271699,10,0.037284,0,4111303701,마이크로플레이트리더,7143200681,,2025-09-09,R25BK01041419
R25BK01044527_002_1_000_272523,1,0.704794,0,2399039501,증류기,1130224433,,2025-09-09,R25BK01044527
R25BK01044527_002_1_000_272523,2,0.527193,1,2399039501,증류기,6808702479,한국주류종합연구소 주식회사,2025-09-09,R25BK01044527
R25BK01044527_002_1_000_272523,3,0.485249,0,2399039501,증류기,1223245195,,2025-09-09,R25BK01044527
R25BK01044527_002_1_000_272523,4,0.017816,0,2399039501,증류기,6198109594,,2025-09-09,R25BK01044527
R25BK01044527_002_1_000_272523,5,0.011434,0,2399039501,증류기,1052868648,,2025-09-09,R25BK01044527
R25BK01044527_002_1_000_272523,6,0.011192,0,2399039501,증류기,1672800670,,2025-09-09,R25BK01044527
R25BK01044527_002_1_000_272523,7,0.007967,0,2399039501,증류기,2888802606,,2025-09-09,R25BK01044527
R25BK01044527_002_1_000_272523,8,0.007495,0,2399039501,증류기,5873401516,,2025-09-09,R25BK01044527
R25BK01044527_002_1_000_272523,9,0.007213,0,2399039501,증류기,5933800301,,2025-09-09,R25BK01044527
R25BK01044527_002_1_000_272523,10,0.006438,0,2399039501,증류기,3680203004,,2025-09-09,R25BK01044527
R25BK01031710_000_1_000_268674,1,0.184802,0,4617163501,화학작용제탐지기,8954201130,,2025-09-10,R25BK01031710
R25BK01031710_000_1_000_268674,2,0.175926,0,4617163501,화학작용제탐지기,7188802975,,2025-09-10,R25BK01031710
R25BK01031710_000_1_000_268674,3,0.120015,0,4617163501,화학작용제탐지기,7874201218,,2025-09-10,R25BK01031710
R25BK01031710_000_1_000_268674,4,0.114767,0,4617163501,화학작용제탐지기,8978601881,,2025-09-10,R25BK01031710
R25BK01031710_000_1_000_268674,5,0.0853,0,4617163501,화학작용제탐지기,4016800431,,2025-09-10,R25BK01031710
R25BK01031710_000_1_000_268674,6,0.084234,0,4617163501,화학작용제탐지기,8722300684,,2025-09-10,R25BK01031710
R25BK01031710_000_1_000_268674,7,0.075933,0,4617163501,화학작용제탐지기,1043799121,,2025-09-10,R25BK01031710
R25BK01031710_000_1_000_268674,8,0.073722,0,4617163501,화학작용제탐지기,2991402662,,2025-09-10,R25BK01031710
R25BK01031710_000_1_000_268674,9,0.072706,0,4617163501,화학작용제탐지기,7076000707,,2025-09-10,R25BK01031710
R25BK01031710_000_1_000_268674,10,0.069253,0,4617163501,화학작용제탐지기,3354900147,,2025-09-10,R25BK01031710
R25BK01035812_000_1_000_267436,1,0.395249,0,1110159801,비식용소금,5085127510,,2025-09-10,R25BK01035812
R25BK01035812_000_1_000_267436,2,0.288626,0,1110159801,비식용소금,4108113865,,2025-09-10,R25BK01035812
R25BK01035812_000_1_000_267436,3,0.169608,0,1110159801,비식용소금,6183711060,,2025-09-10,R25BK01035812
R25BK01035812_000_1_000_267436,4,0.111335,0,1110159801,비식용소금,6092439860,,2025-09-10,R25BK01035812
R25BK01035812_000_1_000_267436,5,0.094657,0,1110159801,비식용소금,2388702884,,2025-09-10,R25BK01035812
R25BK01035812_000_1_000_267436,6,0.085044,0,1110159801,비식용소금,2108160375,,2025-09-10,R25BK01035812
R25BK01035812_000_1_000_267436,7,0.081462,0,1110159801,비식용소금,6270502619,,2025-09-10,R25BK01035812
R25BK01035812_000_1_000_267436,8,0.079313,0,1110159801,비식용소금,5081294849,,2025-09-10,R25BK01035812
R25BK01035812_000_1_000_267436,9,0.068247,0,1110159801,비식용소금,2335200889,,2025-09-10,R25BK01035812
R25BK01035812_000_1_000_267436,10,0.066241,0,1110159801,비식용소금,2840702702,,2025-09-10,R25BK01035812
R25BK01042400_000_1_000_268289,1,0.669545,0,4321171101,스캐너,1088165330,,2025-09-10,R25BK01042400
R25BK01042400_000_1_000_268289,2,0.164611,0,4321171101,스캐너,4092111733,,2025-09-10,R25BK01042400
R25BK01042400_000_1_000_268289,3,0.110087,1,4321171101,스캐너,2028703230,주식회사 윈컴퍼니,2025-09-10,R25BK01042400
R25BK01042400_000_1_000_268289,4,0.101654,0,4321171101,스캐너,1058659488,,2025-09-10,R25BK01042400
R25BK01042400_000_1_000_268289,5,0.0928,0,4321171101,스캐너,7850902363,,2025-09-10,R25BK01042400
R25BK01042400_000_1_000_268289,6,0.059385,0,4321171101,스캐너,5178600822,,2025-09-10,R25BK01042400
R25BK01042400_000_1_000_268289,7,0.029088,0,4321171101,스캐너,7791602750,,2025-09-10,R25BK01042400
R25BK01042400_000_1_000_268289,8,0.023777,0,4321171101,스캐너,3483501219,,2025-09-10,R25BK01042400
R25BK01042400_000_1_000_268289,9,0.021509,0,4321171101,스캐너,4810502686,,2025-09-10,R25BK01042400
R25BK01042400_000_1_000_268289,10,0.021209,0,4321171101,스캐너,7791602288,,2025-09-10,R25BK01042400
R25BK01042539_000_1_000_271096,1,0.622606,1,3010290301,금속기둥,3108124631,신강건설산업 주식회사,2025-09-11,R25BK01042539
R25BK01042539_000_1_000_271096,2,0.586195,0,3010290301,금속기둥,1288197817,,2025-09-11,R25BK01042539
R25BK01042539_000_1_000_271096,3,0.183944,0,3010290301,금속기둥,3908500574,,2025-09-11,R25BK01042539
R25BK01042539_000_1_000_271096,4,0.144832,0,3010290301,금속기둥,1268661341,,2025-09-11,R25BK01042539
R25BK01042539_000_1_000_271096,5,0.013769,0,3010290301,금속기둥,1388111650,,2025-09-11,R25BK01042539
R25BK01042539_000_1_000_271096,6,0.012677,0,3010290301,금속기둥,5483301101,,2025-09-11,R25BK01042539
R25BK01042539_000_1_000_271096,7,0.005687,0,3010290301,금속기둥,2720603297,,2025-09-11,R25BK01042539
R25BK01042539_000_1_000_271096,8,0.005254,0,3010290301,금속기둥,5621801609,,2025-09-11,R25BK01042539
R25BK01042539_000_1_000_271096,9,0.005195,0,3010290301,금속기둥,4130495720,,2025-09-11,R25BK01042539
R25BK01042539_000_1_000_271096,10,0.004513,0,3010290301,금속기둥,1766500626,,2025-09-11,R25BK01042539
R25BK01035692_000_1_000_277408,1,0.632237,1,4111302701,삼투압계,1361263419,나노에스티,2025-09-12,R25BK01035692
R25BK01035692_000_1_000_277408,2,0.310732,0,4111302701,삼투압계,4870703033,,2025-09-12,R25BK01035692
R25BK01035692_000_1_000_277408,3,0.290714,0,4111302701,삼투압계,1536900091,,2025-09-12,R25BK01035692
R25BK01035692_000_1_000_277408,4,0.003496,0,4111302701,삼투압계,3960402907,,2025-09-12,R25BK01035692
R25BK01035692_000_1_000_277408,5,0.003299,0,4111302701,삼투압계,3886400479,,2025-09-12,R25BK01035692
R25BK01035692_000_1_000_277408,6,0.003298,0,4111302701,삼투압계,7350502021,,2025-09-12,R25BK01035692
R25BK01035692_000_1_000_277408,7,0.003208,0,4111302701,삼투압계,3021193885,,2025-09-12,R25BK01035692
R25BK01035692_000_1_000_277408,8,0.003074,0,4111302701,삼투압계,1332608753,,2025-09-12,R25BK01035692
R25BK01035692_000_1_000_277408,9,0.003041,0,4111302701,삼투압계,7531102675,,2025-09-12,R25BK01035692
R25BK01035692_000_1_000_277408,10,0.002945,0,4111302701,삼투압계,6803000730,,2025-09-12,R25BK01035692
R25BK01042622_000_1_000_272785,1,0.790884,1,4228150802,고압증기멸균기,6068612822,(주)동명메디칼,2025-09-12,R25BK01042622
R25BK01042622_000_1_000_272785,2,0.747035,0,4228150802,고압증기멸균기,1968702751,,2025-09-12,R25BK01042622
R25BK01042622_000_1_000_272785,3,0.325498,0,4228150802,고압증기멸균기,5080834198,,2025-09-12,R25BK01042622
R25BK01042622_000_1_000_272785,4,0.271981,0,4228150802,고압증기멸균기,5358601829,,2025-09-12,R25BK01042622
R25BK01042622_000_1_000_272785,5,0.196162,0,4228150802,고압증기멸균기,3058633263,,2025-09-12,R25BK01042622
R25BK01042622_000_1_000_272785,6,0.167791,0,4228150802,고압증기멸균기,6752701232,,2025-09-12,R25BK01042622
R25BK01042622_000_1_000_272785,7,0.143353,0,4228150802,고압증기멸균기,5080849027,,2025-09-12,R25BK01042622
R25BK01042622_000_1_000_272785,8,0.028529,0,4228150802,고압증기멸균기,7188802975,,2025-09-12,R25BK01042622
R25BK01042622_000_1_000_272785,9,0.010762,0,4228150802,고압증기멸균기,8642001376,,2025-09-12,R25BK01042622
R25BK01042622_000_1_000_272785,10,0.008251,0,4228150802,고압증기멸균기,7445400855,,2025-09-12,R25BK01042622
R25BK01043781_000_1_000_269326,1,0.637714,1,4010178702,냉난방기,2108148842,명인이엔씨주식회사,2025-09-12,R25BK01043781
R25BK01043781_000_1_000_269326,2,0.425722,0,4010178702,냉난방기,5608700750,,2025-09-12,R25BK01043781
R25BK01043781_000_1_000_269326,3,0.269206,0,4010178702,냉난방기,5068111872,,2025-09-12,R25BK01043781
R25BK01043781_000_1_000_269326,4,0.240438,0,4010178702,냉난방기,2870300802,,2025-09-12,R25BK01043781
R25BK01043781_000_1_000_269326,5,0.192747,0,4010178702,냉난방기,7732500251,,2025-09-12,R25BK01043781
R25BK01043781_000_1_000_269326,6,0.184596,0,4010178702,냉난방기,5110478307,,2025-09-12,R25BK01043781
R25BK01043781_000_1_000_269326,7,0.169317,0,4010178702,냉난방기,3371901091,,2025-09-12,R25BK01043781
R25BK01043781_000_1_000_269326,8,0.147532,0,4010178702,냉난방기,6150452633,,2025-09-12,R25BK01043781
R25BK01043781_000_1_000_269326,9,0.132445,0,4010178702,냉난방기,4048700955,,2025-09-12,R25BK01043781
R25BK01043781_000_1_000_269326,10,0.128528,0,4010178702,냉난방기,4284201186,,2025-09-12,R25BK01043781
R25BK01044764_001_1_000_267377,1,0.851874,0,4617160601,사이렌,2218141951,,2025-09-12,R25BK01044764
R25BK01044764_001_1_000_267377,2,0.848258,1,4617160601,사이렌,6058629558,(주)휴메인텍,2025-09-12,R25BK01044764
R25BK01044764_001_1_000_267377,3,0.793763,0,4617160601,사이렌,5048609846,,2025-09-12,R25BK01044764
R25BK01044764_001_1_000_267377,4,0.260057,0,4617160601,사이렌,3538602833,,2025-09-12,R25BK01044764
R25BK01044764_001_1_000_267377,5,0.094927,0,4617160601,사이렌,6038192875,,2025-09-12,R25BK01044764
R25BK01044764_001_1_000_267377,6,0.051674,0,4617160601,사이렌,3118103231,,2025-09-12,R25BK01044764
R25BK01044764_001_1_000_267377,7,0.041279,0,4617160601,사이렌,5048177349,,2025-09-12,R25BK01044764
R25BK01044764_001_1_000_267377,8,0.040499,0,4617160601,사이렌,5028173314,,2025-09-12,R25BK01044764
R25BK01044764_001_1_000_267377,9,0.034671,0,4617160601,사이렌,4731501477,,2025-09-12,R25BK01044764
R25BK01044764_001_1_000_267377,10,0.029318,0,4617160601,사이렌,1168137418,,2025-09-12,R25BK01044764
R25BK01045044_001_1_000_271308,1,0.926485,1,3010990201,혼합골재,3428803044,씨에스산업주식회사,2025-09-12,R25BK01045044
R25BK01045044_001_1_000_271308,2,0.216058,0,3010990201,혼합골재,2708701574,,2025-09-12,R25BK01045044
R25BK01045044_001_1_000_271308,3,0.050299,0,3010990201,혼합골재,2588701837,,2025-09-12,R25BK01045044
R25BK01045044_001_1_000_271308,4,0.049744,0,3010990201,혼합골재,6075418338,,2025-09-12,R25BK01045044
R25BK01045044_001_1_000_271308,5,0.026254,0,3010990201,혼합골재,3268603067,,2025-09-12,R25BK01045044
R25BK01045044_001_1_000_271308,6,0.02255,0,3010990201,혼합골재,4088189324,,2025-09-12,R25BK01045044
R25BK01045044_001_1_000_271308,7,0.01229,0,3010990201,혼합골재,2140216314,,2025-09-12,R25BK01045044
R25BK01045044_001_1_000_271308,8,0.012174,0,3010990201,혼합골재,2520102718,,2025-09-12,R25BK01045044
R25BK01045044_001_1_000_271308,9,0.011403,0,3010990201,혼합골재,3061417686,,2025-09-12,R25BK01045044
R25BK01045044_001_1_000_271308,10,0.010975,0,3010990201,혼합골재,1406600449,,2025-09-12,R25BK01045044
R25BK01047129_000_1_000_271214,1,0.470437,1,4321150102,컴퓨터서버,4778800659,더파트주식회사,2025-09-12,R25BK01047129
R25BK01047129_000_1_000_271214,2,0.116058,0,4321150102,컴퓨터서버,5438702923,,2025-09-12,R25BK01047129
R25BK01047129_000_1_000_271214,3,0.097042,0,4321150102,컴퓨터서버,5518802348,,2025-09-12,R25BK01047129
R25BK01047129_000_1_000_271214,4,0.072736,0,4321150102,컴퓨터서버,3141932529,,2025-09-12,R25BK01047129
R25BK01047129_000_1_000_271214,5,0.053728,0,4321150102,컴퓨터서버,8688502037,,2025-09-12,R25BK01047129
R25BK01047129_000_1_000_271214,6,0.02505,0,4321150102,컴퓨터서버,3058189495,,2025-09-12,R25BK01047129
R25BK01047129_000_1_000_271214,7,0.022227,0,4321150102,컴퓨터서버,5772001579,,2025-09-12,R25BK01047129
R25BK01047129_000_1_000_271214,8,0.02019,0,4321150102,컴퓨터서버,2128107793,,2025-09-12,R25BK01047129
R25BK01047129_000_1_000_271214,9,0.019384,0,4321150102,컴퓨터서버,6828702311,,2025-09-12,R25BK01047129
R25BK01047129_000_1_000_271214,10,0.016427,0,4321150102,컴퓨터서버,4436200530,,2025-09-12,R25BK01047129
R25BK01025314_000_1_000_275307,1,0.828663,1,2611160801,증기터빈발전기,7238100586,월드에너지솔루션 주식회사,2025-09-15,R25BK01025314
R25BK01025314_000_1_000_275307,2,0.735231,0,2611160801,증기터빈발전기,3018187739,,2025-09-15,R25BK01025314
R25BK01025314_000_1_000_275307,3,0.296505,0,2611160801,증기터빈발전기,3148653870,,2025-09-15,R25BK01025314
R25BK01025314_000_1_000_275307,4,0.267361,0,2611160801,증기터빈발전기,5048143738,,2025-09-15,R25BK01025314
R25BK01025314_000_1_000_275307,5,0.141145,0,2611160801,증기터빈발전기,3018179199,,2025-09-15,R25BK01025314
R25BK01025314_000_1_000_275307,6,0.071086,0,2611160801,증기터빈발전기,6398702054,,2025-09-15,R25BK01025314
R25BK01025314_000_1_000_275307,7,0.027383,0,2611160801,증기터빈발전기,7488800662,,2025-09-15,R25BK01025314
R25BK01025314_000_1_000_275307,8,0.013604,0,2611160801,증기터빈발전기,5743001846,,2025-09-15,R25BK01025314
R25BK01025314_000_1_000_275307,9,0.009896,0,2611160801,증기터빈발전기,3448603328,,2025-09-15,R25BK01025314
R25BK01025314_000_1_000_275307,10,0.008226,0,2611160801,증기터빈발전기,1610102033,,2025-09-15,R25BK01025314
R25BK01053079_000_1_000_271755,1,0.917754,1,5299999901,감성교감로봇,1198651224,주식회사 토룩,2025-09-15,R25BK01053079
R25BK01053079_000_1_000_271755,2,0.266999,0,5299999901,감성교감로봇,4028523846,,2025-09-15,R25BK01053079
R25BK01053079_000_1_000_271755,3,0.120389,0,5299999901,감성교감로봇,4288601991,,2025-09-15,R25BK01053079
R25BK01053079_000_1_000_271755,4,0.100029,0,5299999901,감성교감로봇,3058149402,,2025-09-15,R25BK01053079
R25BK01053079_000_1_000_271755,5,0.05447,0,5299999901,감성교감로봇,7072501947,,2025-09-15,R25BK01053079
R25BK01053079_000_1_000_271755,6,0.028512,0,5299999901,감성교감로봇,1058190091,,2025-09-15,R25BK01053079
R25BK01053079_000_1_000_271755,7,0.020281,0,5299999901,감성교감로봇,4800900363,,2025-09-15,R25BK01053079
R25BK01053079_000_1_000_271755,8,0.019654,0,5299999901,감성교감로봇,6221375295,,2025-09-15,R25BK01053079
R25BK01053079_000_1_000_271755,9,0.018373,0,5299999901,감성교감로봇,1245259752,,2025-09-15,R25BK01053079
R25BK01053079_000_1_000_271755,10,0.01602,0,5299999901,감성교감로봇,2701400834,,2025-09-15,R25BK01053079
R25BK01045419_000_1_000_266913,1,0.586668,1,6010999901,교육훈련장비,4628602632,주식회사 씽크렉스,2025-09-16,R25BK01045419
R25BK01045419_000_1_000_266913,2,0.204547,0,6010999901,교육훈련장비,2342401175,,2025-09-16,R25BK01045419
R25BK01045419_000_1_000_266913,3,0.141815,0,6010999901,교육훈련장비,3278101674,,2025-09-16,R25BK01045419
R25BK01045419_000_1_000_266913,4,0.130933,0,6010999901,교육훈련장비,6058183620,,2025-09-16,R25BK01045419
R25BK01045419_000_1_000_266913,5,0.118554,0,6010999901,교육훈련장비,2051845816,,2025-09-16,R25BK01045419
R25BK01045419_000_1_000_266913,6,0.115359,0,6010999901,교육훈련장비,7788601294,,2025-09-16,R25BK01045419
R25BK01045419_000_1_000_266913,7,0.095225,0,6010999901,교육훈련장비,8710700959,,2025-09-16,R25BK01045419
R25BK01045419_000_1_000_266913,8,0.061326,0,6010999901,교육훈련장비,4278600704,,2025-09-16,R25BK01045419
R25BK01045419_000_1_000_266913,9,0.054895,0,6010999901,교육훈련장비,8721502595,,2025-09-16,R25BK01045419
R25BK01045419_000_1_000_266913,10,0.054782,0,6010999901,교육훈련장비,2618114262,,2025-09-16,R25BK01045419
R25BK01047703_000_1_000_273366,1,0.198988,0,4111530303,주파수분석기,3101140297,,2025-09-16,R25BK01047703
R25BK01047703_000_1_000_273366,2,0.181432,0,4111530303,주파수분석기,3141556601,,2025-09-16,R25BK01047703
R25BK01047703_000_1_000_273366,3,0.14797,0,4111530303,주파수분석기,4555100293,,2025-09-16,R25BK01047703
R25BK01047703_000_1_000_273366,4,0.120152,0,4111530303,주파수분석기,6543400326,,2025-09-16,R25BK01047703
R25BK01047703_000_1_000_273366,5,0.080139,0,4111530303,주파수분석기,1092944757,,2025-09-16,R25BK01047703
R25BK01047703_000_1_000_273366,6,0.066069,0,4111530303,주파수분석기,1631300994,,2025-09-16,R25BK01047703
R25BK01047703_000_1_000_273366,7,0.057677,0,4111530303,주파수분석기,1103312043,,2025-09-16,R25BK01047703
R25BK01047703_000_1_000_273366,8,0.044928,0,4111530303,주파수분석기,6706200447,,2025-09-16,R25BK01047703
R25BK01047703_000_1_000_273366,9,0.042378,0,4111530303,주파수분석기,6331102672,,2025-09-16,R25BK01047703
R25BK01047703_000_1_000_273366,10,0.0391,0,4111530303,주파수분석기,5941500625,,2025-09-16,R25BK01047703
R25BK01049271_000_1_000_270865,1,0.526461,0,4710151201,교반기,5488200089,,2025-09-16,R25BK01049271
R25BK01049271_000_1_000_270865,2,0.410868,0,4710151201,교반기,2028702513,,2025-09-16,R25BK01049271
R25BK01049271_000_1_000_270865,3,0.289615,0,4710151201,교반기,3218701571,,2025-09-16,R25BK01049271
R25BK01049271_000_1_000_270865,4,0.264738,1,4710151201,교반기,8208602842,주식회사 케이텍,2025-09-16,R25BK01049271
R25BK01049271_000_1_000_270865,5,0.032096,0,4710151201,교반기,6072862188,,2025-09-16,R25BK01049271
R25BK01049271_000_1_000_270865,6,0.02348,0,4710151201,교반기,1121567609,,2025-09-16,R25BK01049271
R25BK01049271_000_1_000_270865,7,0.017743,0,4710151201,교반기,1104666914,,2025-09-16,R25BK01049271
R25BK01049271_000_1_000_270865,8,0.014333,0,4710151201,교반기,5143668075,,2025-09-16,R25BK01049271
R25BK01049271_000_1_000_270865,9,0.013446,0,4710151201,교반기,6191217384,,2025-09-16,R25BK01049271
R25BK01049271_000_1_000_270865,10,0.009975,0,4710151201,교반기,1406600449,,2025-09-16,R25BK01049271
R25BK01051282_000_1_000_272390,1,0.144318,0,4110449801,이산화탄소배양기,8934601108,,2025-09-16,R25BK01051282
R25BK01051282_000_1_000_272390,2,0.121462,0,4110449801,이산화탄소배양기,3960401683,,2025-09-16,R25BK01051282
R25BK01051282_000_1_000_272390,3,0.111383,0,4110449801,이산화탄소배양기,1903900943,,2025-09-16,R25BK01051282
R25BK01051282_000_1_000_272390,4,0.104391,0,4110449801,이산화탄소배양기,4098646681,,2025-09-16,R25BK01051282
R25BK01051282_000_1_000_272390,5,0.099325,1,4110449801,이산화탄소배양기,7296500702,민서연상사,2025-09-16,R25BK01051282
R25BK01051282_000_1_000_272390,6,0.079788,0,4110449801,이산화탄소배양기,1308570537,,2025-09-16,R25BK01051282
R25BK01051282_000_1_000_272390,7,0.077592,0,4110449801,이산화탄소배양기,2611402217,,2025-09-16,R25BK01051282
R25BK01051282_000_1_000_272390,8,0.075786,0,4110449801,이산화탄소배양기,1222535006,,2025-09-16,R25BK01051282
R25BK01051282_000_1_000_272390,9,0.068577,0,4110449801,이산화탄소배양기,6953300989,,2025-09-16,R25BK01051282
R25BK01051282_000_1_000_272390,10,0.058691,0,4110449801,이산화탄소배양기,3063252222,,2025-09-16,R25BK01051282
R25BK01051661_000_1_000_271226,1,0.658327,1,4321150701,데스크톱컴퓨터,7238701404,주식회사누리나루,2025-09-16,R25BK01051661
R25BK01051661_000_1_000_271226,2,0.180616,0,4321150701,데스크톱컴퓨터,2627600321,,2025-09-16,R25BK01051661
R25BK01051661_000_1_000_271226,3,0.123621,0,4321150701,데스크톱컴퓨터,5380103886,,2025-09-16,R25BK01051661
R25BK01051661_000_1_000_271226,4,0.11276,0,4321150701,데스크톱컴퓨터,7092501486,,2025-09-16,R25BK01051661
R25BK01051661_000_1_000_271226,5,0.089243,0,4321150701,데스크톱컴퓨터,1068677096,,2025-09-16,R25BK01051661
R25BK01051661_000_1_000_271226,6,0.082484,0,4321150701,데스크톱컴퓨터,6013566772,,2025-09-16,R25BK01051661
R25BK01051661_000_1_000_271226,7,0.05375,0,4321150701,데스크톱컴퓨터,2050347580,,2025-09-16,R25BK01051661
R25BK01051661_000_1_000_271226,8,0.053593,0,4321150701,데스크톱컴퓨터,3826100316,,2025-09-16,R25BK01051661
R25BK01051661_000_1_000_271226,9,0.029383,0,4321150701,데스크톱컴퓨터,3185100688,,2025-09-16,R25BK01051661
R25BK01051661_000_1_000_271226,10,0.020251,0,4321150701,데스크톱컴퓨터,3148613617,,2025-09-16,R25BK01051661
R25BK01048936_000_1_000_267658,1,0.415916,1,4110381101,회전식진탕기,2028703230,주식회사 윈컴퍼니,2025-09-17,R25BK01048936
R25BK01048936_000_1_000_267658,2,0.185218,0,4110381101,회전식진탕기,3303200940,,2025-09-17,R25BK01048936
R25BK01048936_000_1_000_267658,3,0.092265,0,4110381101,회전식진탕기,2338601340,,2025-09-17,R25BK01048936
R25BK01048936_000_1_000_267658,4,0.089728,0,4110381101,회전식진탕기,6068612031,,2025-09-17,R25BK01048936
R25BK01048936_000_1_000_267658,5,0.079407,0,4110381101,회전식진탕기,1082692347,,2025-09-17,R25BK01048936
R25BK01048936_000_1_000_267658,6,0.078645,0,4110381101,회전식진탕기,7511001877,,2025-09-17,R25BK01048936
R25BK01048936_000_1_000_267658,7,0.069496,0,4110381101,회전식진탕기,1288686770,,2025-09-17,R25BK01048936
R25BK01048936_000_1_000_267658,8,0.068925,0,4110381101,회전식진탕기,4566200142,,2025-09-17,R25BK01048936
R25BK01048936_000_1_000_267658,9,0.062322,0,4110381101,회전식진탕기,6990302508,,2025-09-17,R25BK01048936
R25BK01048936_000_1_000_267658,10,0.057439,0,4110381101,회전식진탕기,4154400910,,2025-09-17,R25BK01048936
R25BK01054653_000_1_000_279442,1,0.605999,1,4110370601,항온수조,2371202559,중원랩,2025-09-17,R25BK01054653
R25BK01054653_000_1_000_279442,2,0.471081,0,4110370601,항온수조,6168184750,,2025-09-17,R25BK01054653
R25BK01054653_000_1_000_279442,3,0.169588,0,4110370601,항온수조,7500202183,,2025-09-17,R25BK01054653
R25BK01054653_000_1_000_279442,4,0.088868,0,4110370601,항온수조,5041812115,,2025-09-17,R25BK01054653
R25BK01054653_000_1_000_279442,5,0.077831,0,4110370601,항온수조,8522002014,,2025-09-17,R25BK01054653
R25BK01054653_000_1_000_279442,6,0.047698,0,4110370601,항온수조,8781601780,,2025-09-17,R25BK01054653
R25BK01054653_000_1_000_279442,7,0.031438,0,4110370601,항온수조,2117400300,,2025-09-17,R25BK01054653
R25BK01054653_000_1_000_279442,8,0.031154,0,4110370601,항온수조,8104800637,,2025-09-17,R25BK01054653
R25BK01054653_000_1_000_279442,9,0.03092,0,4110370601,항온수조,2060379479,,2025-09-17,R25BK01054653
R25BK01054653_000_1_000_279442,10,0.030557,0,4110370601,항온수조,7461500250,,2025-09-17,R25BK01054653
R25BK01056835_000_1_000_268685,1,0.114591,1,6012100201,조형물,2031344548,제이에스앤,2025-09-18,R25BK01056835
R25BK01056835_000_1_000_268685,2,0.112098,0,6012100201,조형물,3018627250,,2025-09-18,R25BK01056835
R25BK01056835_000_1_000_268685,3,0.097209,0,6012100201,조형물,3010246373,,2025-09-18,R25BK01056835
R25BK01056835_000_1_000_268685,4,0.093201,0,6012100201,조형물,6338102433,,2025-09-18,R25BK01056835
R25BK01056835_000_1_000_268685,5,0.0917,0,6012100201,조형물,5028603093,,2025-09-18,R25BK01056835
R25BK01056835_000_1_000_268685,6,0.085017,0,6012100201,조형물,4118519730,,2025-09-18,R25BK01056835
R25BK01056835_000_1_000_268685,7,0.079644,0,6012100201,조형물,4758700433,,2025-09-18,R25BK01056835
R25BK01056835_000_1_000_268685,8,0.047604,0,6012100201,조형물,6458800344,,2025-09-18,R25BK01056835
R25BK01056835_000_1_000_268685,9,0.040078,0,6012100201,조형물,4178132596,,2025-09-18,R25BK01056835
R25BK01056835_000_1_000_268685,10,0.035675,0,6012100201,조형물,2362501649,,2025-09-18,R25BK01056835
R25BK01057644_000_1_000_267923,1,0.242021,0,5512171801,안내판,3228703228,,2025-09-18,R25BK01057644
R25BK01057644_000_1_000_267923,2,0.154536,0,5512171801,안내판,6638600203,,2025-09-18,R25BK01057644
R25BK01057644_000_1_000_267923,3,0.108255,0,5512171801,안내판,1014292351,,2025-09-18,R25BK01057644
R25BK01057644_000_1_000_267923,4,0.101347,0,5512171801,안내판,3200502402,,2025-09-18,R25BK01057644
R25BK01057644_000_1_000_267923,5,0.093412,0,5512171801,안내판,2068682036,,2025-09-18,R25BK01057644
R25BK01057644_000_1_000_267923,6,0.083124,1,5512171801,안내판,8854700987,자인건설,2025-09-18,R25BK01057644
R25BK01057644_000_1_000_267923,7,0.08247,0,5512171801,안내판,5431602302,,2025-09-18,R25BK01057644
R25BK01057644_000_1_000_267923,8,0.082301,0,5512171801,안내판,2468500355,,2025-09-18,R25BK01057644
R25BK01057644_000_1_000_267923,9,0.061973,0,5512171801,안내판,1248581970,,2025-09-18,R25BK01057644
R25BK01057644_000_1_000_267923,10,0.061973,0,5512171801,안내판,2078514626,,2025-09-18,R25BK01057644
R25BK01059116_000_1_000_268963,1,0.426873,0,4015151701,오수펌프,1353205205,,2025-09-18,R25BK01059116
R25BK01059116_000_1_000_268963,2,0.374448,0,4015151701,오수펌프,1248653224,,2025-09-18,R25BK01059116
R25BK01059116_000_1_000_268963,3,0.231075,0,4015151701,오수펌프,6838603053,,2025-09-18,R25BK01059116
R25BK01059116_000_1_000_268963,4,0.215053,0,4015151701,오수펌프,6148603149,,2025-09-18,R25BK01059116
R25BK01059116_000_1_000_268963,5,0.203939,0,4015151701,오수펌프,5533201028,,2025-09-18,R25BK01059116
R25BK01059116_000_1_000_268963,6,0.165763,0,4015151701,오수펌프,8468101781,,2025-09-18,R25BK01059116
R25BK01059116_000_1_000_268963,7,0.163351,1,4015151701,오수펌프,2988102360,주식회사 아이수(i-su Inc.),2025-09-18,R25BK01059116
R25BK01059116_000_1_000_268963,8,0.087068,0,4015151701,오수펌프,1608803078,,2025-09-18,R25BK01059116
R25BK01059116_000_1_000_268963,9,0.070783,0,4015151701,오수펌프,1878200356,,2025-09-18,R25BK01059116
R25BK01059116_000_1_000_268963,10,0.066348,0,4015151701,오수펌프,3168601136,,2025-09-18,R25BK01059116
R25BK01051589_000_1_000_269313,1,0.965887,1,3010280201,콘크리트파일,2858602210,성우산업 주식회사,2025-09-19,R25BK01051589
R25BK01051589_000_1_000_269313,2,0.061198,0,3010280201,콘크리트파일,3742800977,,2025-09-19,R25BK01051589
R25BK01051589_000_1_000_269313,3,0.049666,0,3010280201,콘크리트파일,5158800849,,2025-09-19,R25BK01051589
R25BK01051589_000_1_000_269313,4,0.037279,0,3010280201,콘크리트파일,1268634086,,2025-09-19,R25BK01051589
R25BK01051589_000_1_000_269313,5,0.024196,0,3010280201,콘크리트파일,1410543528,,2025-09-19,R25BK01051589
R25BK01051589_000_1_000_269313,6,0.023858,0,3010280201,콘크리트파일,5112056701,,2025-09-19,R25BK01051589
R25BK01051589_000_1_000_269313,7,0.021739,0,3010280201,콘크리트파일,8580701654,,2025-09-19,R25BK01051589
R25BK01051589_000_1_000_269313,8,0.018965,0,3010280201,콘크리트파일,7931002360,,2025-09-19,R25BK01051589
R25BK01051589_000_1_000_269313,9,0.01671,0,3010280201,콘크리트파일,3981402203,,2025-09-19,R25BK01051589
R25BK01051589_000_1_000_269313,10,0.015671,0,3010280201,콘크리트파일,8862500222,,2025-09-19,R25BK01051589
R25BK01058469_000_1_000_268371,1,0.869305,1,4010178702,냉난방기,4028137570,유한회사 일호네트웍스,2025-09-19,R25BK01058469
R25BK01058469_000_1_000_268371,2,0.503975,0,4010178702,냉난방기,5438601835,,2025-09-19,R25BK01058469
R25BK01058469_000_1_000_268371,3,0.22366,0,4010178702,냉난방기,6068637333,,2025-09-19,R25BK01058469
R25BK01058469_000_1_000_268371,4,0.190711,0,4010178702,냉난방기,7314301304,,2025-09-19,R25BK01058469
R25BK01058469_000_1_000_268371,5,0.172129,0,4010178702,냉난방기,7650302902,,2025-09-19,R25BK01058469
R25BK01058469_000_1_000_268371,6,0.109853,0,4010178702,냉난방기,1258128494,,2025-09-19,R25BK01058469
R25BK01058469_000_1_000_268371,7,0.092677,0,4010178702,냉난방기,4851502222,,2025-09-19,R25BK01058469
R25BK01058469_000_1_000_268371,8,0.089681,0,4010178702,냉난방기,1251564442,,2025-09-19,R25BK01058469
R25BK01058469_000_1_000_268371,9,0.081944,0,4010178702,냉난방기,8388702928,,2025-09-19,R25BK01058469
R25BK01058469_000_1_000_268371,10,0.07999,0,4010178702,냉난방기,8375200508,,2025-09-19,R25BK01058469
R25BK01060232_000_1_000_272742,1,0.945062,1,4321150102,컴퓨터서버,4098136422,(주)드림정보시스템,2025-09-22,R25BK01060232
R25BK01060232_000_1_000_272742,2,0.435078,0,4321150102,컴퓨터서버,5628600778,,2025-09-22,R25BK01060232
R25BK01060232_000_1_000_272742,3,0.256788,0,4321150102,컴퓨터서버,1168172147,,2025-09-22,R25BK01060232
R25BK01060232_000_1_000_272742,4,0.166902,0,4321150102,컴퓨터서버,6848103027,,2025-09-22,R25BK01060232
R25BK01060232_000_1_000_272742,5,0.129919,0,4321150102,컴퓨터서버,2848502388,,2025-09-22,R25BK01060232
R25BK01060232_000_1_000_272742,6,0.114845,0,4321150102,컴퓨터서버,2498701643,,2025-09-22,R25BK01060232
R25BK01060232_000_1_000_272742,7,0.106804,0,4321150102,컴퓨터서버,3028131688,,2025-09-22,R25BK01060232
R25BK01060232_000_1_000_272742,8,0.072816,0,4321150102,컴퓨터서버,8088702515,,2025-09-22,R25BK01060232
R25BK01060232_000_1_000_272742,9,0.04472,0,4321150102,컴퓨터서버,3122606950,,2025-09-22,R25BK01060232
R25BK01060232_000_1_000_272742,10,0.042838,0,4321150102,컴퓨터서버,5076300485,,2025-09-22,R25BK01060232
R25BK01061542_000_1_000_269042,1,0.690402,1,6012100201,조형물,6041552702,컴퍼스,2025-09-22,R25BK01061542
R25BK01061542_000_1_000_269042,2,0.560851,0,6012100201,조형물,8028103057,,2025-09-22,R25BK01061542
R25BK01061542_000_1_000_269042,3,0.519174,0,6012100201,조형물,4092345182,,2025-09-22,R25BK01061542
R25BK01061542_000_1_000_269042,4,0.418522,0,6012100201,조형물,2338111144,,2025-09-22,R25BK01061542
R25BK01061542_000_1_000_269042,5,0.133597,0,6012100201,조형물,6051878119,,2025-09-22,R25BK01061542
R25BK01061542_000_1_000_269042,6,0.128675,0,6012100201,조형물,5308603313,,2025-09-22,R25BK01061542
R25BK01061542_000_1_000_269042,7,0.111787,0,6012100201,조형물,6068189044,,2025-09-22,R25BK01061542
R25BK01061542_000_1_000_269042,8,0.102305,0,6012100201,조형물,3578102994,,2025-09-22,R25BK01061542
R25BK01061542_000_1_000_269042,9,0.088414,0,6012100201,조형물,4011894711,,2025-09-22,R25BK01061542
R25BK01061542_000_1_000_269042,10,0.088414,0,6012100201,조형물,6071939410,,2025-09-22,R25BK01061542
R25BK01048835_000_1_000_275675,1,0.652697,1,4111170301,실체현미경,6058636516,주식회사 메이즈,2025-09-23,R25BK01048835
R25BK01048835_000_1_000_275675,2,0.450845,0,4111170301,실체현미경,7751001494,,2025-09-23,R25BK01048835
R25BK01048835_000_1_000_275675,3,0.336012,0,4111170301,실체현미경,7958701414,,2025-09-23,R25BK01048835
R25BK01048835_000_1_000_275675,4,0.149584,0,4111170301,실체현미경,1664901007,,2025-09-23,R25BK01048835
R25BK01048835_000_1_000_275675,5,0.061781,0,4111170301,실체현미경,3502301183,,2025-09-23,R25BK01048835
R25BK01048835_000_1_000_275675,6,0.050565,0,4111170301,실체현미경,6523600983,,2025-09-23,R25BK01048835
R25BK01048835_000_1_000_275675,7,0.0318,0,4111170301,실체현미경,7373301166,,2025-09-23,R25BK01048835
R25BK01048835_000_1_000_275675,8,0.030619,0,4111170301,실체현미경,5553700976,,2025-09-23,R25BK01048835
R25BK01048835_000_1_000_275675,9,0.028937,0,4111170301,실체현미경,7640702950,,2025-09-23,R25BK01048835
R25BK01048835_000_1_000_275675,10,0.028034,0,4111170301,실체현미경,6623600791,,2025-09-23,R25BK01048835
R25BK01050160_000_1_000_273635,1,0.812981,1,4110260101,사육장,6088147910,주식회사 우레아텍,2025-09-23,R25BK01050160
R25BK01050160_000_1_000_273635,2,0.022701,0,4110260101,사육장,6428701328,,2025-09-23,R25BK01050160
R25BK01050160_000_1_000_273635,3,0.019019,0,4110260101,사육장,6581702300,,2025-09-23,R25BK01050160
R25BK01050160_000_1_000_273635,4,0.014499,0,4110260101,사육장,3531702346,,2025-09-23,R25BK01050160
R25BK01050160_000_1_000_273635,5,0.010289,0,4110260101,사육장,2348104383,,2025-09-23,R25BK01050160
R25BK01050160_000_1_000_273635,6,0.010131,0,4110260101,사육장,4108176083,,2025-09-23,R25BK01050160
R25BK01050160_000_1_000_273635,7,0.009737,0,4110260101,사육장,3692801620,,2025-09-23,R25BK01050160
R25BK01050160_000_1_000_273635,8,0.009102,0,4110260101,사육장,1790800938,,2025-09-23,R25BK01050160
R25BK01050160_000_1_000_273635,9,0.008771,0,4110260101,사육장,3048122661,,2025-09-23,R25BK01050160
R25BK01050160_000_1_000_273635,10,0.007733,0,4110260101,사육장,3063262657,,2025-09-23,R25BK01050160
R25BK01050535_000_1_000_272341,1,0.56438,0,4710997601,경사판침강장치,1808802923,,2025-09-23,R25BK01050535
R25BK01050535_000_1_000_272341,2,0.517743,0,4710997601,경사판침강장치,1608803078,,2025-09-23,R25BK01050535
R25BK01050535_000_1_000_272341,3,0.368169,0,4710997601,경사판침강장치,5508702203,,2025-09-23,R25BK01050535
R25BK01050535_000_1_000_272341,4,0.273284,1,4710997601,경사판침강장치,5608600369,주식회사 씨앤지,2025-09-23,R25BK01050535
R25BK01050535_000_1_000_272341,5,0.194392,0,4710997601,경사판침강장치,3978101727,,2025-09-23,R25BK01050535
R25BK01050535_000_1_000_272341,6,0.105811,0,4710997601,경사판침강장치,5248103254,,2025-09-23,R25BK01050535
R25BK01050535_000_1_000_272341,7,0.104411,0,4710997601,경사판침강장치,8761902071,,2025-09-23,R25BK01050535
R25BK01050535_000_1_000_272341,8,0.101332,0,4710997601,경사판침강장치,7918103077,,2025-09-23,R25BK01050535
R25BK01050535_000_1_000_272341,9,0.099213,0,4710997601,경사판침강장치,3138132479,,2025-09-23,R25BK01050535
R25BK01050535_000_1_000_272341,10,0.089765,0,4710997601,경사판침강장치,2028702513,,2025-09-23,R25BK01050535
R25BK01057397_002_1_000_272673,1,0.293172,0,4010178702,냉난방기,7580203186,,2025-09-23,R25BK01057397
R25BK01057397_002_1_000_272673,2,0.246587,0,4010178702,냉난방기,3178137248,,2025-09-23,R25BK01057397
R25BK01057397_002_1_000_272673,3,0.240419,0,4010178702,냉난방기,1218140540,,2025-09-23,R25BK01057397
R25BK01057397_002_1_000_272673,4,0.203637,0,4010178702,냉난방기,1046500617,,2025-09-23,R25BK01057397
R25BK01057397_002_1_000_272673,5,0.188232,1,4010178702,냉난방기,2228112293,주식회사 현대기전,2025-09-23,R25BK01057397
R25BK01057397_002_1_000_272673,6,0.15978,0,4010178702,냉난방기,4160333236,,2025-09-23,R25BK01057397
R25BK01057397_002_1_000_272673,7,0.142693,0,4010178702,냉난방기,8288702033,,2025-09-23,R25BK01057397
R25BK01057397_002_1_000_272673,8,0.135663,0,4010178702,냉난방기,7501402420,,2025-09-23,R25BK01057397
R25BK01057397_002_1_000_272673,9,0.134633,0,4010178702,냉난방기,2903001588,,2025-09-23,R25BK01057397
R25BK01057397_002_1_000_272673,10,0.131567,0,4010178702,냉난방기,1582002358,,2025-09-23,R25BK01057397
R25BK01064512_000_1_000_272539,1,0.435888,1,4010178702,냉난방기,1318150083,(주)정인건설,2025-09-23,R25BK01064512
R25BK01064512_000_1_000_272539,2,0.399149,0,4010178702,냉난방기,1318624746,,2025-09-23,R25BK01064512
R25BK01064512_000_1_000_272539,3,0.213691,0,4010178702,냉난방기,7228700455,,2025-09-23,R25BK01064512
R25BK01064512_000_1_000_272539,4,0.157316,0,4010178702,냉난방기,3708103491,,2025-09-23,R25BK01064512
R25BK01064512_000_1_000_272539,5,0.095292,0,4010178702,냉난방기,1422801888,,2025-09-23,R25BK01064512
R25BK01064512_000_1_000_272539,6,0.065362,0,4010178702,냉난방기,4108683027,,2025-09-23,R25BK01064512
R25BK01064512_000_1_000_272539,7,0.065022,0,4010178702,냉난방기,1378141582,,2025-09-23,R25BK01064512
R25BK01064512_000_1_000_272539,8,0.063359,0,4010178702,냉난방기,2040812837,,2025-09-23,R25BK01064512
R25BK01064512_000_1_000_272539,9,0.048302,0,4010178702,냉난방기,1238136038,,2025-09-23,R25BK01064512
R25BK01064512_000_1_000_272539,10,0.045552,0,4010178702,냉난방기,2781802042,,2025-09-23,R25BK01064512
R25BK01066144_000_1_000_271683,1,0.472576,1,4617166801,불법촬영카메라탐지기,2318602547,(주)지슨,2025-09-23,R25BK01066144
R25BK01066144_000_1_000_271683,2,0.012392,0,4617166801,불법촬영카메라탐지기,3686700516,,2025-09-23,R25BK01066144
R25BK01066144_000_1_000_271683,3,0.011881,0,4617166801,불법촬영카메라탐지기,6645900817,,2025-09-23,R25BK01066144
R25BK01066144_000_1_000_271683,4,0.01122,0,4617166801,불법촬영카메라탐지기,8680702913,,2025-09-23,R25BK01066144
R25BK01066144_000_1_000_271683,5,0.008479,0,4617166801,불법촬영카메라탐지기,8368600683,,2025-09-23,R25BK01066144
R25BK01066144_000_1_000_271683,6,0.008084,0,4617166801,불법촬영카메라탐지기,1471400892,,2025-09-23,R25BK01066144
R25BK01066144_000_1_000_271683,7,0.007837,0,4617166801,불법촬영카메라탐지기,6460400629,,2025-09-23,R25BK01066144
R25BK01066144_000_1_000_271683,8,0.006436,0,4617166801,불법촬영카메라탐지기,5683100719,,2025-09-23,R25BK01066144
R25BK01066144_000_1_000_271683,9,0.005674,0,4617166801,불법촬영카메라탐지기,8741002844,,2025-09-23,R25BK01066144
R25BK01066144_000_1_000_271683,10,0.005413,0,4617166801,불법촬영카메라탐지기,4022170444,,2025-09-23,R25BK01066144
R25BK01070894_000_1_000_272400,1,0.946729,1,6010481001,분광기,1198604298,주식회사 나노베이스,2025-09-23,R25BK01070894
R25BK01070894_000_1_000_272400,2,0.010995,0,6010481001,분광기,8272401230,,2025-09-23,R25BK01070894
R25BK01070894_000_1_000_272400,3,0.009388,0,6010481001,분광기,6096900411,,2025-09-23,R25BK01070894
R25BK01070894_000_1_000_272400,4,0.007673,0,6010481001,분광기,2210248191,,2025-09-23,R25BK01070894
R25BK01070894_000_1_000_272400,5,0.006305,0,6010481001,분광기,1171424869,,2025-09-23,R25BK01070894
R25BK01070894_000_1_000_272400,6,0.005914,0,6010481001,분광기,2030475243,,2025-09-23,R25BK01070894
R25BK01070894_000_1_000_272400,7,0.004794,0,6010481001,분광기,5250802328,,2025-09-23,R25BK01070894
R25BK01070894_000_1_000_272400,8,0.004746,0,6010481001,분광기,1173000547,,2025-09-23,R25BK01070894
R25BK01070894_000_1_000_272400,9,0.004656,0,6010481001,분광기,6233801348,,2025-09-23,R25BK01070894
R25BK01070894_000_1_000_272400,10,0.004617,0,6010481001,분광기,2078802795,,2025-09-23,R25BK01070894
R25BK01071667_000_1_000_269018,1,0.666361,1,9940161601,융복합공기청정기,6108196409,주식회사 성진하이텍,2025-09-23,R25BK01071667
R25BK01071667_000_1_000_269018,2,0.007898,0,9940161601,융복합공기청정기,2140832301,,2025-09-23,R25BK01071667
R25BK01071667_000_1_000_269018,3,0.00546,0,9940161601,융복합공기청정기,8028103343,,2025-09-23,R25BK01071667
R25BK01071667_000_1_000_269018,4,0.004769,0,9940161601,융복합공기청정기,1788603153,,2025-09-23,R25BK01071667
R25BK01071667_000_1_000_269018,5,0.00449,0,9940161601,융복합공기청정기,1108618742,,2025-09-23,R25BK01071667
R25BK01071667_000_1_000_269018,6,0.003853,0,9940161601,융복합공기청정기,8100902280,,2025-09-23,R25BK01071667
R25BK01071667_000_1_000_269018,7,0.002174,0,9940161601,융복합공기청정기,8320802167,,2025-09-23,R25BK01071667
R25BK01071667_000_1_000_269018,8,0.002162,0,9940161601,융복합공기청정기,2571602599,,2025-09-23,R25BK01071667
R25BK01071667_000_1_000_269018,9,0.002135,0,9940161601,융복합공기청정기,8638800113,,2025-09-23,R25BK01071667
R25BK01071667_000_1_000_269018,10,0.001906,0,9940161601,융복합공기청정기,3660501016,,2025-09-23,R25BK01071667
R25BK01051936_002_1_000_268732,1,0.843388,1,6010410101,인체모형,2352601599,알로하메디,2025-09-24,R25BK01051936
R25BK01051936_002_1_000_268732,2,0.479456,0,6010410101,인체모형,2733900568,,2025-09-24,R25BK01051936
R25BK01051936_002_1_000_268732,3,0.426122,0,6010410101,인체모형,8831401814,,2025-09-24,R25BK01051936
R25BK01051936_002_1_000_268732,4,0.045754,0,6010410101,인체모형,2238112087,,2025-09-24,R25BK01051936
R25BK01051936_002_1_000_268732,5,0.030032,0,6010410101,인체모형,2700900602,,2025-09-24,R25BK01051936
R25BK01051936_002_1_000_268732,6,0.020407,0,6010410101,인체모형,3610702009,,2025-09-24,R25BK01051936
R25BK01051936_002_1_000_268732,7,0.018359,0,6010410101,인체모형,4022086779,,2025-09-24,R25BK01051936
R25BK01051936_002_1_000_268732,8,0.017005,0,6010410101,인체모형,4118150015,,2025-09-24,R25BK01051936
R25BK01051936_002_1_000_268732,9,0.016802,0,6010410101,인체모형,8028103232,,2025-09-24,R25BK01051936
R25BK01051936_002_1_000_268732,10,0.013769,0,6010410101,인체모형,6098199463,,2025-09-24,R25BK01051936
R25BK01057672_000_1_000_271121,1,0.281537,0,4110351701,생물안전작업대,1082774609,,2025-09-24,R25BK01057672
R25BK01057672_000_1_000_271121,2,0.219491,1,4110351701,생물안전작업대,3148174303,주식회사지오필테크,2025-09-24,R25BK01057672
R25BK01057672_000_1_000_271121,3,0.03001,0,4110351701,생물안전작업대,2938600815,,2025-09-24,R25BK01057672
R25BK01057672_000_1_000_271121,4,0.01588,0,4110351701,생물안전작업대,6331102672,,2025-09-24,R25BK01057672
R25BK01057672_000_1_000_271121,5,0.012825,0,4110351701,생물안전작업대,1818602048,,2025-09-24,R25BK01057672
R25BK01057672_000_1_000_271121,6,0.012053,0,4110351701,생물안전작업대,3912201173,,2025-09-24,R25BK01057672
R25BK01057672_000_1_000_271121,7,0.009003,0,4110351701,생물안전작업대,5192002271,,2025-09-24,R25BK01057672
R25BK01057672_000_1_000_271121,8,0.007979,0,4110351701,생물안전작업대,3381601303,,2025-09-24,R25BK01057672
R25BK01057672_000_1_000_271121,9,0.007891,0,4110351701,생물안전작업대,1408161167,,2025-09-24,R25BK01057672
R25BK01057672_000_1_000_271121,10,0.007231,0,4110351701,생물안전작업대,5710101298,,2025-09-24,R25BK01057672
R25BK01058088_000_1_000_277095,1,0.45772,1,4010178702,냉난방기,1318150083,(주)정인건설,2025-09-24,R25BK01058088
R25BK01058088_000_1_000_277095,2,0.369035,0,4010178702,냉난방기,4882101408,,2025-09-24,R25BK01058088
R25BK01058088_000_1_000_277095,3,0.36738,0,4010178702,냉난방기,1108164504,,2025-09-24,R25BK01058088
R25BK01058088_000_1_000_277095,4,0.223614,0,4010178702,냉난방기,7254000347,,2025-09-24,R25BK01058088
R25BK01058088_000_1_000_277095,5,0.221719,0,4010178702,냉난방기,2636100562,,2025-09-24,R25BK01058088
R25BK01058088_000_1_000_277095,6,0.178228,0,4010178702,냉난방기,6370202162,,2025-09-24,R25BK01058088
R25BK01058088_000_1_000_277095,7,0.15978,0,4010178702,냉난방기,6813801306,,2025-09-24,R25BK01058088
R25BK01058088_000_1_000_277095,8,0.148759,0,4010178702,냉난방기,5772001579,,2025-09-24,R25BK01058088
R25BK01058088_000_1_000_277095,9,0.142119,0,4010178702,냉난방기,4585500738,,2025-09-24,R25BK01058088
R25BK01058088_000_1_000_277095,10,0.141521,0,4010178702,냉난방기,1318603625,,2025-09-24,R25BK01058088
R25BK01062633_001_1_000_274482,1,0.487401,1,4111581101,DNA서열분석기,1927500215,바이오비즈,2025-09-24,R25BK01062633
R25BK01062633_001_1_000_274482,2,0.309979,0,4111581101,DNA서열분석기,6162222892,,2025-09-24,R25BK01062633
R25BK01062633_001_1_000_274482,3,0.093428,0,4111581101,DNA서열분석기,2011993104,,2025-09-24,R25BK01062633
R25BK01062633_001_1_000_274482,4,0.055164,0,4111581101,DNA서열분석기,8011801519,,2025-09-24,R25BK01062633
R25BK01062633_001_1_000_274482,5,0.042626,0,4111581101,DNA서열분석기,3078802019,,2025-09-24,R25BK01062633
R25BK01062633_001_1_000_274482,6,0.039278,0,4111581101,DNA서열분석기,5483301101,,2025-09-24,R25BK01062633
R25BK01062633_001_1_000_274482,7,0.036983,0,4111581101,DNA서열분석기,6700202359,,2025-09-24,R25BK01062633
R25BK01062633_001_1_000_274482,8,0.036772,0,4111581101,DNA서열분석기,2477800516,,2025-09-24,R25BK01062633
R25BK01062633_001_1_000_274482,9,0.036231,0,4111581101,DNA서열분석기,5122501941,,2025-09-24,R25BK01062633
R25BK01062633_001_1_000_274482,10,0.032435,0,4111581101,DNA서열분석기,3021193885,,2025-09-24,R25BK01062633
R25BK01064265_000_1_000_275241,1,0.923021,1,2210152201,궤도형도저,1218140254,에이치디현대인프라코어(주),2025-09-24,R25BK01064265
R25BK01064265_000_1_000_275241,2,0.052495,0,2210152201,궤도형도저,6128128979,,2025-09-24,R25BK01064265
R25BK01064265_000_1_000_275241,3,0.049601,0,2210152201,궤도형도저,6102144760,,2025-09-24,R25BK01064265
R25BK01064265_000_1_000_275241,4,0.046719,0,2210152201,궤도형도저,2277500506,,2025-09-24,R25BK01064265
R25BK01064265_000_1_000_275241,5,0.035972,0,2210152201,궤도형도저,6108191549,,2025-09-24,R25BK01064265
R25BK01064265_000_1_000_275241,6,0.03555,0,2210152201,궤도형도저,1318152607,,2025-09-24,R25BK01064265
R25BK01064265_000_1_000_275241,7,0.033863,0,2210152201,궤도형도저,4858601669,,2025-09-24,R25BK01064265
R25BK01064265_000_1_000_275241,8,0.01995,0,2210152201,궤도형도저,6803001364,,2025-09-24,R25BK01064265
R25BK01064265_000_1_000_275241,9,0.01925,0,2210152201,궤도형도저,3538603356,,2025-09-24,R25BK01064265
R25BK01064265_000_1_000_275241,10,0.018703,0,2210152201,궤도형도저,7143200681,,2025-09-24,R25BK01064265
R25BK01066909_000_1_000_275687,1,0.212399,0,4110451001,건조기,2355100796,,2025-09-24,R25BK01066909
R25BK01066909_000_1_000_275687,2,0.186477,0,4110451001,건조기,6108191549,,2025-09-24,R25BK01066909
R25BK01066909_000_1_000_275687,3,0.163882,0,4110451001,건조기,3038602497,,2025-09-24,R25BK01066909
R25BK01066909_000_1_000_275687,4,0.159221,0,4110451001,건조기,6835400773,,2025-09-24,R25BK01066909
R25BK01066909_000_1_000_275687,5,0.107562,0,4110451001,건조기,1401602229,,2025-09-24,R25BK01066909
R25BK01066909_000_1_000_275687,6,0.086754,0,4110451001,건조기,3063252222,,2025-09-24,R25BK01066909
R25BK01066909_000_1_000_275687,7,0.078022,0,4110451001,건조기,7552502154,,2025-09-24,R25BK01066909
R25BK01066909_000_1_000_275687,8,0.074652,0,4110451001,건조기,2902701588,,2025-09-24,R25BK01066909
R25BK01066909_000_1_000_275687,9,0.073118,0,4110451001,건조기,6803001364,,2025-09-24,R25BK01066909
R25BK01066909_000_1_000_275687,10,0.054388,0,4110451001,건조기,1220426012,,2025-09-24,R25BK01066909
R25BK01074983_000_1_000_272802,1,0.681141,1,4110670201,광합성측정장치,2158196636,주식회사 화산엔지니어링,2025-09-24,R25BK01074983
R25BK01074983_000_1_000_272802,2,0.110773,0,4110670201,광합성측정장치,8272401230,,2025-09-24,R25BK01074983
R25BK01074983_000_1_000_272802,3,0.030636,0,4110670201,광합성측정장치,6132156192,,2025-09-24,R25BK01074983
R25BK01074983_000_1_000_272802,4,0.015306,0,4110670201,광합성측정장치,7201301326,,2025-09-24,R25BK01074983
R25BK01074983_000_1_000_272802,5,0.014628,0,4110670201,광합성측정장치,5031996593,,2025-09-24,R25BK01074983
R25BK01074983_000_1_000_272802,6,0.013402,0,4110670201,광합성측정장치,3890402097,,2025-09-24,R25BK01074983
R25BK01074983_000_1_000_272802,7,0.011738,0,4110670201,광합성측정장치,4021661408,,2025-09-24,R25BK01074983
R25BK01074983_000_1_000_272802,8,0.011176,0,4110670201,광합성측정장치,8310901032,,2025-09-24,R25BK01074983
R25BK01074983_000_1_000_272802,9,0.010604,0,4110670201,광합성측정장치,1620600708,,2025-09-24,R25BK01074983
R25BK01074983_000_1_000_272802,10,0.007321,0,4110670201,광합성측정장치,3063252222,,2025-09-24,R25BK01074983
R25BK01064071_000_1_000_268366,1,0.916925,1,4616156601,터널진입차단설비,7348600771,주식회사 에이치피시스템,2025-09-25,R25BK01064071
R25BK01064071_000_1_000_268366,2,0.57382,0,4616156601,터널진입차단설비,7728800215,,2025-09-25,R25BK01064071
R25BK01064071_000_1_000_268366,3,0.528461,0,4616156601,터널진입차단설비,8318702121,,2025-09-25,R25BK01064071
R25BK01064071_000_1_000_268366,4,0.128945,0,4616156601,터널진입차단설비,5328600030,,2025-09-25,R25BK01064071
R25BK01064071_000_1_000_268366,5,0.103447,0,4616156601,터널진입차단설비,4098193457,,2025-09-25,R25BK01064071
R25BK01064071_000_1_000_268366,6,0.091206,0,4616156601,터널진입차단설비,1188119473,,2025-09-25,R25BK01064071
R25BK01064071_000_1_000_268366,7,0.088693,0,4616156601,터널진입차단설비,4108649164,,2025-09-25,R25BK01064071
R25BK01064071_000_1_000_268366,8,0.06126,0,4616156601,터널진입차단설비,6588802896,,2025-09-25,R25BK01064071
R25BK01064071_000_1_000_268366,9,0.027916,0,4616156601,터널진입차단설비,3058632532,,2025-09-25,R25BK01064071
R25BK01064071_000_1_000_268366,10,0.022108,0,4616156601,터널진입차단설비,4098618244,,2025-09-25,R25BK01064071
R25BK01068002_000_1_000_272203,1,0.939556,1,4616156601,터널진입차단설비,7348600771,주식회사 에이치피시스템,2025-09-25,R25BK01068002
R25BK01068002_000_1_000_272203,2,0.476132,0,4616156601,터널진입차단설비,1198108907,,2025-09-25,R25BK01068002
R25BK01068002_000_1_000_272203,3,0.087639,0,4616156601,터널진입차단설비,4168700832,,2025-09-25,R25BK01068002
R25BK01068002_000_1_000_272203,4,0.079823,0,4616156601,터널진입차단설비,7758101271,,2025-09-25,R25BK01068002
R25BK01068002_000_1_000_272203,5,0.073738,0,4616156601,터널진입차단설비,3148652605,,2025-09-25,R25BK01068002
R25BK01068002_000_1_000_272203,6,0.046074,0,4616156601,터널진입차단설비,6068169830,,2025-09-25,R25BK01068002
R25BK01068002_000_1_000_272203,7,0.008303,0,4616156601,터널진입차단설비,8368100150,,2025-09-25,R25BK01068002
R25BK01068002_000_1_000_272203,8,0.00758,0,4616156601,터널진입차단설비,5161901433,,2025-09-25,R25BK01068002
R25BK01068002_000_1_000_272203,9,0.005925,0,4616156601,터널진입차단설비,3122973974,,2025-09-25,R25BK01068002
R25BK01068002_000_1_000_272203,10,0.00582,0,4616156601,터널진입차단설비,7800702175,,2025-09-25,R25BK01068002
R25BK01073700_000_1_000_271470,1,0.9188,1,9946171603,융복합비상벨,1068624944,주식회사 이레씨즈,2025-09-25,R25BK01073700
R25BK01073700_000_1_000_271470,2,0.028404,0,9946171603,융복합비상벨,1218140540,,2025-09-25,R25BK01073700
R25BK01073700_000_1_000_271470,3,0.023154,0,9946171603,융복합비상벨,8228502308,,2025-09-25,R25BK01073700
R25BK01073700_000_1_000_271470,4,0.009006,0,9946171603,융복합비상벨,7027100014,,2025-09-25,R25BK01073700
R25BK01073700_000_1_000_271470,5,0.008964,0,9946171603,융복합비상벨,6380801208,,2025-09-25,R25BK01073700
R25BK01073700_000_1_000_271470,6,0.007323,0,9946171603,융복합비상벨,4610903001,,2025-09-25,R25BK01073700
R25BK01073700_000_1_000_271470,7,0.007309,0,9946171603,융복합비상벨,5865400472,,2025-09-25,R25BK01073700
R25BK01073700_000_1_000_271470,8,0.00704,0,9946171603,융복합비상벨,7690300717,,2025-09-25,R25BK01073700
R25BK01073700_000_1_000_271470,9,0.006586,0,9946171603,융복합비상벨,1313376914,,2025-09-25,R25BK01073700
R25BK01073700_000_1_000_271470,10,0.006522,0,9946171603,융복합비상벨,1848702724,,2025-09-25,R25BK01073700
R25BK01076613_000_1_000_272654,1,0.132315,0,4111190501,프로브,1178800908,,2025-09-25,R25BK01076613
R25BK01076613_000_1_000_272654,2,0.05431,1,4111190501,프로브,2762601741,휴테스,2025-09-25,R25BK01076613
R25BK01076613_000_1_000_272654,3,0.009956,0,4111190501,프로브,6828702887,,2025-09-25,R25BK01076613
R25BK01076613_000_1_000_272654,4,0.007054,0,4111190501,프로브,6538602029,,2025-09-25,R25BK01076613
R25BK01076613_000_1_000_272654,5,0.005886,0,4111190501,프로브,3081565667,,2025-09-25,R25BK01076613
R25BK01076613_000_1_000_272654,6,0.005625,0,4111190501,프로브,5043137508,,2025-09-25,R25BK01076613
R25BK01076613_000_1_000_272654,7,0.004875,0,4111190501,프로브,6632301982,,2025-09-25,R25BK01076613
R25BK01076613_000_1_000_272654,8,0.004341,0,4111190501,프로브,3612401235,,2025-09-25,R25BK01076613
R25BK01076613_000_1_000_272654,9,0.003749,0,4111190501,프로브,8360902619,,2025-09-25,R25BK01076613
R25BK01076613_000_1_000_272654,10,0.003467,0,4111190501,프로브,6618700072,,2025-09-25,R25BK01076613
R25BK01061776_001_1_000_270182,1,0.863948,1,3010990201,혼합골재,3428803044,씨에스산업주식회사,2025-09-26,R25BK01061776
R25BK01061776_001_1_000_270182,2,0.050299,0,3010990201,혼합골재,5068137474,,2025-09-26,R25BK01061776
R25BK01061776_001_1_000_270182,3,0.049744,0,3010990201,혼합골재,1391702226,,2025-09-26,R25BK01061776
R25BK01061776_001_1_000_270182,4,0.024721,0,3010990201,혼합골재,8078601501,,2025-09-26,R25BK01061776
R25BK01061776_001_1_000_270182,5,0.013136,0,3010990201,혼합골재,4088613853,,2025-09-26,R25BK01061776
R25BK01061776_001_1_000_270182,6,0.011352,0,3010990201,혼합골재,2210986423,,2025-09-26,R25BK01061776
R25BK01061776_001_1_000_270182,7,0.009156,0,3010990201,혼합골재,7628103249,,2025-09-26,R25BK01061776
R25BK01061776_001_1_000_270182,8,0.005549,0,3010990201,혼합골재,3857800050,,2025-09-26,R25BK01061776
R25BK01061776_001_1_000_270182,9,0.004762,0,3010990201,혼합골재,4810601423,,2025-09-26,R25BK01061776
R25BK01061776_001_1_000_270182,10,0.004231,0,3010990201,혼합골재,5621801609,,2025-09-26,R25BK01061776
R25BK01071272_000_1_000_270516,1,0.479876,0,4618200101,방진마스크,4137400527,,2025-09-26,R25BK01071272
R25BK01071272_000_1_000_270516,2,0.277501,0,4618200101,방진마스크,6577300440,,2025-09-26,R25BK01071272
R25BK01071272_000_1_000_270516,3,0.259382,0,4618200101,방진마스크,7512402043,,2025-09-26,R25BK01071272
R25BK01071272_000_1_000_270516,4,0.23018,0,4618200101,방진마스크,3531702346,,2025-09-26,R25BK01071272
R25BK01071272_000_1_000_270516,5,0.217265,0,4618200101,방진마스크,5960702677,,2025-09-26,R25BK01071272
R25BK01071272_000_1_000_270516,6,0.164471,0,4618200101,방진마스크,6025600875,,2025-09-26,R25BK01071272
R25BK01071272_000_1_000_270516,7,0.141379,0,4618200101,방진마스크,8147700527,,2025-09-26,R25BK01071272
R25BK01071272_000_1_000_270516,8,0.132193,0,4618200101,방진마스크,2033752122,,2025-09-26,R25BK01071272
R25BK01071272_000_1_000_270516,9,0.130188,0,4618200101,방진마스크,4470101767,,2025-09-26,R25BK01071272
R25BK01071272_000_1_000_270516,10,0.115402,0,4618200101,방진마스크,2131299456,,2025-09-26,R25BK01071272
R25BK01061927_000_1_000_272976,1,0.539377,0,3911150402,무대조명장치,1238605694,,2025-10-01,R25BK01061927
R25BK01061927_000_1_000_272976,2,0.52346,1,3911150402,무대조명장치,6458801606,주식회사 미디어컨버전스,2025-10-01,R25BK01061927
R25BK01061927_000_1_000_272976,3,0.235314,0,3911150402,무대조명장치,3168113340,,2025-10-01,R25BK01061927
R25BK01061927_000_1_000_272976,4,0.115084,0,3911150402,무대조명장치,5607700483,,2025-10-01,R25BK01061927
R25BK01061927_000_1_000_272976,5,0.074012,0,3911150402,무대조명장치,7200202033,,2025-10-01,R25BK01061927
R25BK01061927_000_1_000_272976,6,0.064364,0,3911150402,무대조명장치,8650701609,,2025-10-01,R25BK01061927
R25BK01061927_000_1_000_272976,7,0.04976,0,3911150402,무대조명장치,6812501698,,2025-10-01,R25BK01061927
R25BK01061927_000_1_000_272976,8,0.037544,0,3911150402,무대조명장치,1068626393,,2025-10-01,R25BK01061927
R25BK01061927_000_1_000_272976,9,0.018796,0,3911150402,무대조명장치,3141219416,,2025-10-01,R25BK01061927
R25BK01061927_000_1_000_272976,10,0.014188,0,3911150402,무대조명장치,6168183178,,2025-10-01,R25BK01061927
R25BK01083760_000_1_000_276295,1,0.79019,0,3012999401,투수골재포장재,6458101553,,2025-10-13,R25BK01083760
R25BK01083760_000_1_000_276295,2,0.632849,1,3012999401,투수골재포장재,2588601373,에코리엔트샤인 주식회사,2025-10-13,R25BK01083760
R25BK01083760_000_1_000_276295,3,0.536019,0,3012999401,투수골재포장재,6078185041,,2025-10-13,R25BK01083760
R25BK01083760_000_1_000_276295,4,0.005886,0,3012999401,투수골재포장재,6191217384,,2025-10-13,R25BK01083760
R25BK01083760_000_1_000_276295,5,0.005787,0,3012999401,투수골재포장재,6700202359,,2025-10-13,R25BK01083760
R25BK01083760_000_1_000_276295,6,0.005761,0,3012999401,투수골재포장재,5483301101,,2025-10-13,R25BK01083760
R25BK01083760_000_1_000_276295,7,0.005115,0,3012999401,투수골재포장재,2888802606,,2025-10-13,R25BK01083760
R25BK01083760_000_1_000_276295,8,0.004656,0,3012999401,투수골재포장재,2520102718,,2025-10-13,R25BK01083760
R25BK01083760_000_1_000_276295,9,0.004482,0,3012999401,투수골재포장재,3112301494,,2025-10-13,R25BK01083760
R25BK01083760_000_1_000_276295,10,0.003349,0,3012999401,투수골재포장재,4858103906,,2025-10-13,R25BK01083760
R25BK01065948_000_1_000_278288,1,0.375384,0,4323250501,교육용소프트웨어,3315500961,,2025-10-15,R25BK01065948
R25BK01065948_000_1_000_278288,2,0.34045,0,4323250501,교육용소프트웨어,3948701128,,2025-10-15,R25BK01065948
R25BK01065948_000_1_000_278288,3,0.31213,0,4323250501,교육용소프트웨어,5928602423,,2025-10-15,R25BK01065948
R25BK01065948_000_1_000_278288,4,0.202386,1,4323250501,교육용소프트웨어,3698102906,주식회사 케이앤지,2025-10-15,R25BK01065948
R25BK01065948_000_1_000_278288,5,0.108696,0,4323250501,교육용소프트웨어,2158767899,,2025-10-15,R25BK01065948
R25BK01065948_000_1_000_278288,6,0.053014,0,4323250501,교육용소프트웨어,2218702741,,2025-10-15,R25BK01065948
R25BK01065948_000_1_000_278288,7,0.043515,0,4323250501,교육용소프트웨어,1388197231,,2025-10-15,R25BK01065948
R25BK01065948_000_1_000_278288,8,0.037102,0,4323250501,교육용소프트웨어,4248700624,,2025-10-15,R25BK01065948
R25BK01065948_000_1_000_278288,9,0.026975,0,4323250501,교육용소프트웨어,3878601249,,2025-10-15,R25BK01065948
R25BK01065948_000_1_000_278288,10,0.026683,0,4323250501,교육용소프트웨어,2514500443,,2025-10-15,R25BK01065948
R25BK01067665_000_1_000_274413,1,0.558387,0,6010999901,교육훈련장비,2346200479,,2025-10-15,R25BK01067665
R25BK01067665_000_1_000_274413,2,0.358059,0,6010999901,교육훈련장비,5126306327,,2025-10-15,R25BK01067665
R25BK01067665_000_1_000_274413,3,0.114295,0,6010999901,교육훈련장비,3490903069,,2025-10-15,R25BK01067665
R25BK01067665_000_1_000_274413,4,0.079412,0,6010999901,교육훈련장비,3253301264,,2025-10-15,R25BK01067665
R25BK01067665_000_1_000_274413,5,0.068851,0,6010999901,교육훈련장비,5818700908,,2025-10-15,R25BK01067665
R25BK01067665_000_1_000_274413,6,0.056496,0,6010999901,교육훈련장비,1220426012,,2025-10-15,R25BK01067665
R25BK01067665_000_1_000_274413,7,0.054194,0,6010999901,교육훈련장비,1516600565,,2025-10-15,R25BK01067665
R25BK01067665_000_1_000_274413,8,0.051431,0,6010999901,교육훈련장비,6465201013,,2025-10-15,R25BK01067665
R25BK01067665_000_1_000_274413,9,0.04974,0,6010999901,교육훈련장비,1680402544,,2025-10-15,R25BK01067665
R25BK01067665_000_1_000_274413,10,0.047502,0,6010999901,교육훈련장비,7198700857,,2025-10-15,R25BK01067665
R25BK01069104_000_1_000_276593,1,0.257438,0,4016169901,공기살균기,1698501265,,2025-10-15,R25BK01069104
R25BK01069104_000_1_000_276593,2,0.208302,1,4016169901,공기살균기,4168174458,주식회사 원일테크,2025-10-15,R25BK01069104
R25BK01069104_000_1_000_276593,3,0.057232,0,4016169901,공기살균기,1996400374,,2025-10-15,R25BK01069104
R25BK01069104_000_1_000_276593,4,0.02936,0,4016169901,공기살균기,1298114309,,2025-10-15,R25BK01069104
R25BK01069104_000_1_000_276593,5,0.02759,0,4016169901,공기살균기,2498602233,,2025-10-15,R25BK01069104
R25BK01069104_000_1_000_276593,6,0.006903,0,4016169901,공기살균기,1788603153,,2025-10-15,R25BK01069104
R25BK01069104_000_1_000_276593,7,0.005765,0,4016169901,공기살균기,3952201796,,2025-10-15,R25BK01069104
R25BK01069104_000_1_000_276593,8,0.004216,0,4016169901,공기살균기,2872201480,,2025-10-15,R25BK01069104
R25BK01069104_000_1_000_276593,9,0.003437,0,4016169901,공기살균기,2187500496,,2025-10-15,R25BK01069104
R25BK01069104_000_1_000_276593,10,0.003422,0,4016169901,공기살균기,4073400981,,2025-10-15,R25BK01069104
R25BK01069638_000_1_000_274528,1,0.797318,0,4322181001,광다중화장치,7198700629,,2025-10-15,R25BK01069638
R25BK01069638_000_1_000_274528,2,0.264423,0,4322181001,광다중화장치,1298189469,,2025-10-15,R25BK01069638
R25BK01069638_000_1_000_274528,3,0.240616,1,4322181001,광다중화장치,5648601996,주식회사 원테크,2025-10-15,R25BK01069638
R25BK01069638_000_1_000_274528,4,0.208222,0,4322181001,광다중화장치,5028150325,,2025-10-15,R25BK01069638
R25BK01069638_000_1_000_274528,5,0.193669,0,4322181001,광다중화장치,8768102632,,2025-10-15,R25BK01069638
R25BK01069638_000_1_000_274528,6,0.145577,0,4322181001,광다중화장치,2188601661,,2025-10-15,R25BK01069638
R25BK01069638_000_1_000_274528,7,0.136756,0,4322181001,광다중화장치,1108194973,,2025-10-15,R25BK01069638
R25BK01069638_000_1_000_274528,8,0.135534,0,4322181001,광다중화장치,5018123048,,2025-10-15,R25BK01069638
R25BK01069638_000_1_000_274528,9,0.083475,0,4322181001,광다중화장치,3148142645,,2025-10-15,R25BK01069638
R25BK01069638_000_1_000_274528,10,0.014857,0,4322181001,광다중화장치,2248522169,,2025-10-15,R25BK01069638
R25BK01074240_000_1_000_276710,1,0.404025,0,4010170101,냉방기,3300802337,,2025-10-15,R25BK01074240
R25BK01074240_000_1_000_276710,2,0.235787,0,4010170101,냉방기,7990402237,,2025-10-15,R25BK01074240
R25BK01074240_000_1_000_276710,3,0.214246,0,4010170101,냉방기,4703201121,,2025-10-15,R25BK01074240
R25BK01074240_000_1_000_276710,4,0.182054,1,4010170101,냉방기,4038150372,유한회사 우경에너텍,2025-10-15,R25BK01074240
R25BK01074240_000_1_000_276710,5,0.154725,0,4010170101,냉방기,1082335398,,2025-10-15,R25BK01074240
R25BK01074240_000_1_000_276710,6,0.136343,0,4010170101,냉방기,4318100315,,2025-10-15,R25BK01074240
R25BK01074240_000_1_000_276710,7,0.113265,0,4010170101,냉방기,6967700254,,2025-10-15,R25BK01074240
R25BK01074240_000_1_000_276710,8,0.111644,0,4010170101,냉방기,8432601916,,2025-10-15,R25BK01074240
R25BK01074240_000_1_000_276710,9,0.09804,0,4010170101,냉방기,2362102276,,2025-10-15,R25BK01074240
R25BK01074240_000_1_000_276710,10,0.0756,0,4010170101,냉방기,8545600608,,2025-10-15,R25BK01074240
R25BK01076725_000_1_000_278188,1,0.435026,0,4226170301,부검대,2028703230,,2025-10-15,R25BK01076725
R25BK01076725_000_1_000_278188,2,0.18329,0,4226170301,부검대,4812501875,,2025-10-15,R25BK01076725
R25BK01076725_000_1_000_278188,3,0.167669,0,4226170301,부검대,5161901433,,2025-10-15,R25BK01076725
R25BK01076725_000_1_000_278188,4,0.152055,0,4226170301,부검대,1028145205,,2025-10-15,R25BK01076725
R25BK01076725_000_1_000_278188,5,0.146833,0,4226170301,부검대,8858700815,,2025-10-15,R25BK01076725
R25BK01076725_000_1_000_278188,6,0.146827,0,4226170301,부검대,4210602677,,2025-10-15,R25BK01076725
R25BK01076725_000_1_000_278188,7,0.109306,0,4226170301,부검대,4170948113,,2025-10-15,R25BK01076725
R25BK01076725_000_1_000_278188,8,0.106596,0,4226170301,부검대,4156200030,,2025-10-15,R25BK01076725
R25BK01076725_000_1_000_278188,9,0.093749,0,4226170301,부검대,1268652084,,2025-10-15,R25BK01076725
R25BK01076725_000_1_000_278188,10,0.093542,0,4226170301,부검대,4556600429,,2025-10-15,R25BK01076725
R25BK01076800_000_1_000_277997,1,0.323539,0,1235239101,염화칼슘,3411000050,,2025-10-15,R25BK01076800
R25BK01076800_000_1_000_277997,2,0.266352,0,1235239101,염화칼슘,7574800753,,2025-10-15,R25BK01076800
R25BK01076800_000_1_000_277997,3,0.207652,0,1235239101,염화칼슘,1210455227,,2025-10-15,R25BK01076800
R25BK01076800_000_1_000_277997,4,0.17247,0,1235239101,염화칼슘,2228112293,,2025-10-15,R25BK01076800
R25BK01076800_000_1_000_277997,5,0.141642,0,1235239101,염화칼슘,7490602745,,2025-10-15,R25BK01076800
R25BK01076800_000_1_000_277997,6,0.141361,0,1235239101,염화칼슘,1278627098,,2025-10-15,R25BK01076800
R25BK01076800_000_1_000_277997,7,0.113008,0,1235239101,염화칼슘,3118603177,,2025-10-15,R25BK01076800
R25BK01076800_000_1_000_277997,8,0.111142,0,1235239101,염화칼슘,2198602611,,2025-10-15,R25BK01076800
R25BK01076800_000_1_000_277997,9,0.105939,0,1235239101,염화칼슘,6842002406,,2025-10-15,R25BK01076800
R25BK01076800_000_1_000_277997,10,0.102853,0,1235239101,염화칼슘,4088109960,,2025-10-15,R25BK01076800
R25BK01078642_000_1_000_275845,1,0.717658,1,4010171501,항온항습기,1378127445,주식회사 동인써모,2025-10-15,R25BK01078642
R25BK01078642_000_1_000_275845,2,0.320034,0,4010171501,항온항습기,4108170930,,2025-10-15,R25BK01078642
R25BK01078642_000_1_000_275845,3,0.31517,0,4010171501,항온항습기,4788601884,,2025-10-15,R25BK01078642
R25BK01078642_000_1_000_275845,4,0.170237,0,4010171501,항온항습기,6158113999,,2025-10-15,R25BK01078642
R25BK01078642_000_1_000_275845,5,0.11266,0,4010171501,항온항습기,4844800651,,2025-10-15,R25BK01078642
R25BK01078642_000_1_000_275845,6,0.102748,0,4010171501,항온항습기,1242424492,,2025-10-15,R25BK01078642
R25BK01078642_000_1_000_275845,7,0.028524,0,4010171501,항온항습기,7714300448,,2025-10-15,R25BK01078642
R25BK01078642_000_1_000_275845,8,0.02837,0,4010171501,항온항습기,7828802317,,2025-10-15,R25BK01078642
R25BK01078642_000_1_000_275845,9,0.006951,0,4010171501,항온항습기,2210697424,,2025-10-15,R25BK01078642
R25BK01078642_000_1_000_275845,10,0.006923,0,4010171501,항온항습기,2762002020,,2025-10-15,R25BK01078642
R25BK01090624_000_1_000_274117,1,0.537736,1,4010170101,냉방기,8878801331,늘빛기업주식회사,2025-10-15,R25BK01090624
R25BK01090624_000_1_000_274117,2,0.128683,0,4010170101,냉방기,6818700737,,2025-10-15,R25BK01090624
R25BK01090624_000_1_000_274117,3,0.090305,0,4010170101,냉방기,1598602643,,2025-10-15,R25BK01090624
R25BK01090624_000_1_000_274117,4,0.072775,0,4010170101,냉방기,5898601184,,2025-10-15,R25BK01090624
R25BK01090624_000_1_000_274117,5,0.067641,0,4010170101,냉방기,1092952368,,2025-10-15,R25BK01090624
R25BK01090624_000_1_000_274117,6,0.060841,0,4010170101,냉방기,3472401258,,2025-10-15,R25BK01090624
R25BK01090624_000_1_000_274117,7,0.055685,0,4010170101,냉방기,2908703445,,2025-10-15,R25BK01090624
R25BK01090624_000_1_000_274117,8,0.050723,0,4010170101,냉방기,3482801282,,2025-10-15,R25BK01090624
R25BK01090624_000_1_000_274117,9,0.049451,0,4010170101,냉방기,3893101100,,2025-10-15,R25BK01090624
R25BK01090624_000_1_000_274117,10,0.041009,0,4010170101,냉방기,3961501976,,2025-10-15,R25BK01090624
R25BK01091608_000_1_000_277986,1,0.404001,0,4710998001,제진기,4228602783,,2025-10-15,R25BK01091608
R25BK01091608_000_1_000_277986,2,0.354862,0,4710998001,제진기,1808802923,,2025-10-15,R25BK01091608
R25BK01091608_000_1_000_277986,3,0.35067,0,4710998001,제진기,7554700615,,2025-10-15,R25BK01091608
R25BK01091608_000_1_000_277986,4,0.276071,1,4710998001,제진기,5688200569,사단법인 벗나래복지회사업단,2025-10-15,R25BK01091608
R25BK01091608_000_1_000_277986,5,0.235687,0,4710998001,제진기,2028702513,,2025-10-15,R25BK01091608
R25BK01091608_000_1_000_277986,6,0.222963,0,4710998001,제진기,7918103077,,2025-10-15,R25BK01091608
R25BK01091608_000_1_000_277986,7,0.130728,0,4710998001,제진기,6468600756,,2025-10-15,R25BK01091608
R25BK01091608_000_1_000_277986,8,0.106824,0,4710998001,제진기,5441002147,,2025-10-15,R25BK01091608
R25BK01091608_000_1_000_277986,9,0.088601,0,4710998001,제진기,4488700969,,2025-10-15,R25BK01091608
R25BK01091608_000_1_000_277986,10,0.07041,0,4710998001,제진기,5418702932,,2025-10-15,R25BK01091608
R25BK01065823_002_1_000_278875,1,0.164904,1,4111172201,형광현미경,4810900347,에스엠비,2025-10-16,R25BK01065823
R25BK01065823_002_1_000_278875,2,0.135512,0,4111172201,형광현미경,5870702504,,2025-10-16,R25BK01065823
R25BK01065823_002_1_000_278875,3,0.050015,0,4111172201,형광현미경,7180103124,,2025-10-16,R25BK01065823
R25BK01065823_002_1_000_278875,4,0.048363,0,4111172201,형광현미경,1761002094,,2025-10-16,R25BK01065823
R25BK01065823_002_1_000_278875,5,0.038963,0,4111172201,형광현미경,7671801112,,2025-10-16,R25BK01065823
R25BK01065823_002_1_000_278875,6,0.038883,0,4111172201,형광현미경,4968703363,,2025-10-16,R25BK01065823
R25BK01065823_002_1_000_278875,7,0.03466,0,4111172201,형광현미경,4010554567,,2025-10-16,R25BK01065823
R25BK01065823_002_1_000_278875,8,0.017666,0,4111172201,형광현미경,6632301982,,2025-10-16,R25BK01065823
R25BK01065823_002_1_000_278875,9,0.014912,0,4111172201,형광현미경,6578103160,,2025-10-16,R25BK01065823
R25BK01065823_002_1_000_278875,10,0.011262,0,4111172201,형광현미경,6191217384,,2025-10-16,R25BK01065823
R25BK01065978_001_1_000_282607,1,0.680206,0,4111172201,형광현미경,5048606174,,2025-10-16,R25BK01065978
R25BK01065978_001_1_000_282607,2,0.465023,1,4111172201,형광현미경,4810900347,에스엠비,2025-10-16,R25BK01065978
R25BK01065978_001_1_000_282607,3,0.139245,0,4111172201,형광현미경,1758802159,,2025-10-16,R25BK01065978
R25BK01065978_001_1_000_282607,4,0.06753,0,4111172201,형광현미경,4098643516,,2025-10-16,R25BK01065978
R25BK01065978_001_1_000_282607,5,0.024669,0,4111172201,형광현미경,6581702300,,2025-10-16,R25BK01065978
R25BK01065978_001_1_000_282607,6,0.023854,0,4111172201,형광현미경,4241202551,,2025-10-16,R25BK01065978
R25BK01065978_001_1_000_282607,7,0.019314,0,4111172201,형광현미경,4874600729,,2025-10-16,R25BK01065978
R25BK01065978_001_1_000_282607,8,0.015712,0,4111172201,형광현미경,4251002147,,2025-10-16,R25BK01065978
R25BK01065978_001_1_000_282607,9,0.012258,0,4111172201,형광현미경,8442301709,,2025-10-16,R25BK01065978
R25BK01065978_001_1_000_282607,10,0.009989,0,4111172201,형광현미경,3183400997,,2025-10-16,R25BK01065978
R25BK01066069_000_1_000_280569,1,0.27143,0,4111303701,마이크로플레이트리더,6632701317,,2025-10-16,R25BK01066069
R25BK01066069_000_1_000_280569,2,0.264071,0,4111303701,마이크로플레이트리더,8420603058,,2025-10-16,R25BK01066069
R25BK01066069_000_1_000_280569,3,0.11898,1,4111303701,마이크로플레이트리더,4810900347,에스엠비,2025-10-16,R25BK01066069
R25BK01066069_000_1_000_280569,4,0.103742,0,4111303701,마이크로플레이트리더,8348800814,,2025-10-16,R25BK01066069
R25BK01066069_000_1_000_280569,5,0.054391,0,4111303701,마이크로플레이트리더,2028703230,,2025-10-16,R25BK01066069
R25BK01066069_000_1_000_280569,6,0.054008,0,4111303701,마이크로플레이트리더,7032900639,,2025-10-16,R25BK01066069
R25BK01066069_000_1_000_280569,7,0.012205,0,4111303701,마이크로플레이트리더,4101641679,,2025-10-16,R25BK01066069
R25BK01066069_000_1_000_280569,8,0.009137,0,4111303701,마이크로플레이트리더,7461500250,,2025-10-16,R25BK01066069
R25BK01066069_000_1_000_280569,9,0.007556,0,4111303701,마이크로플레이트리더,4655400438,,2025-10-16,R25BK01066069
R25BK01066069_000_1_000_280569,10,0.006883,0,4111303701,마이크로플레이트리더,1940500066,,2025-10-16,R25BK01066069
R25BK01072658_001_1_000_275053,1,0.433527,1,4010178702,냉난방기,1288613049,주식회사 성우이앤씨,2025-10-16,R25BK01072658
R25BK01072658_001_1_000_275053,2,0.416835,0,4010178702,냉난방기,1308685487,,2025-10-16,R25BK01072658
R25BK01072658_001_1_000_275053,3,0.239634,0,4010178702,냉난방기,4820902479,,2025-10-16,R25BK01072658
R25BK01072658_001_1_000_275053,4,0.231461,0,4010178702,냉난방기,3148130057,,2025-10-16,R25BK01072658
R25BK01072658_001_1_000_275053,5,0.204358,0,4010178702,냉난방기,3148109423,,2025-10-16,R25BK01072658
R25BK01072658_001_1_000_275053,6,0.194162,0,4010178702,냉난방기,4038180895,,2025-10-16,R25BK01072658
R25BK01072658_001_1_000_275053,7,0.165602,0,4010178702,냉난방기,3178134692,,2025-10-16,R25BK01072658
R25BK01072658_001_1_000_275053,8,0.148644,0,4010178702,냉난방기,7703701142,,2025-10-16,R25BK01072658
R25BK01072658_001_1_000_275053,9,0.133643,0,4010178702,냉난방기,1211872790,,2025-10-16,R25BK01072658
R25BK01072658_001_1_000_275053,10,0.133643,0,4010178702,냉난방기,2418701464,,2025-10-16,R25BK01072658
R25BK01075252_001_1_000_274353,1,0.203255,1,4110630701,유전자증폭기,5938702267,주식회사 이솔사이언스,2025-10-16,R25BK01075252
R25BK01075252_001_1_000_274353,2,0.101946,0,4110630701,유전자증폭기,1274281313,,2025-10-16,R25BK01075252
R25BK01075252_001_1_000_274353,3,0.064521,0,4110630701,유전자증폭기,4048802080,,2025-10-16,R25BK01075252
R25BK01075252_001_1_000_274353,4,0.042361,0,4110630701,유전자증폭기,2838703224,,2025-10-16,R25BK01075252
R25BK01075252_001_1_000_274353,5,0.022958,0,4110630701,유전자증폭기,2362201430,,2025-10-16,R25BK01075252
R25BK01075252_001_1_000_274353,6,0.010922,0,4110630701,유전자증폭기,7180103124,,2025-10-16,R25BK01075252
R25BK01075252_001_1_000_274353,7,0.010467,0,4110630701,유전자증폭기,3017100261,,2025-10-16,R25BK01075252
R25BK01075252_001_1_000_274353,8,0.009321,0,4110630701,유전자증폭기,2921201881,,2025-10-16,R25BK01075252
R25BK01075252_001_1_000_274353,9,0.00929,0,4110630701,유전자증폭기,1141924962,,2025-10-16,R25BK01075252
R25BK01075252_001_1_000_274353,10,0.008691,0,4110630701,유전자증폭기,1014161623,,2025-10-16,R25BK01075252
R25BK01079710_001_1_000_277806,1,0.194804,0,4010178702,냉난방기,2311700785,,2025-10-16,R25BK01079710
R25BK01079710_001_1_000_277806,2,0.177171,1,4010178702,냉난방기,5538802795,주식회사 태성공조,2025-10-16,R25BK01079710
R25BK01079710_001_1_000_277806,3,0.112907,0,4010178702,냉난방기,2276400418,,2025-10-16,R25BK01079710
R25BK01079710_001_1_000_277806,4,0.102501,0,4010178702,냉난방기,6990302717,,2025-10-16,R25BK01079710
R25BK01079710_001_1_000_277806,5,0.090323,0,4010178702,냉난방기,4081372784,,2025-10-16,R25BK01079710
R25BK01079710_001_1_000_277806,6,0.045552,0,4010178702,냉난방기,5231601390,,2025-10-16,R25BK01079710
R25BK01079710_001_1_000_277806,7,0.045525,0,4010178702,냉난방기,5378802449,,2025-10-16,R25BK01079710
R25BK01079710_001_1_000_277806,8,0.038951,0,4010178702,냉난방기,5301801392,,2025-10-16,R25BK01079710
R25BK01079710_001_1_000_277806,9,0.03712,0,4010178702,냉난방기,1068659424,,2025-10-16,R25BK01079710
R25BK01079710_001_1_000_277806,10,0.036013,0,4010178702,냉난방기,7137600402,,2025-10-16,R25BK01079710
R25BK01087447_000_1_000_277858,1,0.318942,0,5512170601,현수막,8078602698,,2025-10-16,R25BK01087447
R25BK01087447_000_1_000_277858,2,0.318942,0,5512170601,현수막,2668103891,,2025-10-16,R25BK01087447
R25BK01087447_000_1_000_277858,3,0.273289,0,5512170601,현수막,8561002832,,2025-10-16,R25BK01087447
R25BK01087447_000_1_000_277858,4,0.245649,0,5512170601,현수막,8990902416,,2025-10-16,R25BK01087447
R25BK01087447_000_1_000_277858,5,0.218532,0,5512170601,현수막,5638602482,,2025-10-16,R25BK01087447
R25BK01087447_000_1_000_277858,6,0.192891,0,5512170601,현수막,4740402852,,2025-10-16,R25BK01087447
R25BK01087447_000_1_000_277858,7,0.146305,0,5512170601,현수막,5798101090,,2025-10-16,R25BK01087447
R25BK01087447_000_1_000_277858,8,0.140099,0,5512170601,현수막,1190627663,,2025-10-16,R25BK01087447
R25BK01087447_000_1_000_277858,9,0.125621,1,5512170601,현수막,4091969305,모던종합광고기획,2025-10-16,R25BK01087447
R25BK01087447_000_1_000_277858,10,0.120948,0,5512170601,현수막,2478701797,,2025-10-16,R25BK01087447
R25BK01078530_000_1_000_273281,1,0.323537,0,4111570501,액체크로마토그래피,2044206440,,2025-10-17,R25BK01078530
R25BK01078530_000_1_000_273281,2,0.307128,0,4111570501,액체크로마토그래피,6211360519,,2025-10-17,R25BK01078530
R25BK01078530_000_1_000_273281,3,0.281352,0,4111570501,액체크로마토그래피,1312680365,,2025-10-17,R25BK01078530
R25BK01078530_000_1_000_273281,4,0.087364,1,4111570501,액체크로마토그래피,1728603252,주식회사 리즈너스,2025-10-17,R25BK01078530
R25BK01078530_000_1_000_273281,5,0.086329,0,4111570501,액체크로마토그래피,8331102097,,2025-10-17,R25BK01078530
R25BK01078530_000_1_000_273281,6,0.038047,0,4111570501,액체크로마토그래피,5108601460,,2025-10-17,R25BK01078530
R25BK01078530_000_1_000_273281,7,0.032231,0,4111570501,액체크로마토그래피,1104666914,,2025-10-17,R25BK01078530
R25BK01078530_000_1_000_273281,8,0.02617,0,4111570501,액체크로마토그래피,4923600794,,2025-10-17,R25BK01078530
R25BK01078530_000_1_000_273281,9,0.017018,0,4111570501,액체크로마토그래피,2771302078,,2025-10-17,R25BK01078530
R25BK01078530_000_1_000_273281,10,0.013837,0,4111570501,액체크로마토그래피,8056200441,,2025-10-17,R25BK01078530
R25BK01078838_000_1_000_279399,1,0.105086,1,2413150101,냉장고,2371202559,중원랩,2025-10-17,R25BK01078838
R25BK01078838_000_1_000_279399,2,0.042829,0,2413150101,냉장고,3538600330,,2025-10-17,R25BK01078838
R25BK01078838_000_1_000_279399,3,0.037312,0,2413150101,냉장고,7808601190,,2025-10-17,R25BK01078838
R25BK01078838_000_1_000_279399,4,0.021299,0,2413150101,냉장고,6973500669,,2025-10-17,R25BK01078838
R25BK01078838_000_1_000_279399,5,0.012926,0,2413150101,냉장고,6825500821,,2025-10-17,R25BK01078838
R25BK01078838_000_1_000_279399,6,0.012404,0,2413150101,냉장고,3053028647,,2025-10-17,R25BK01078838
R25BK01078838_000_1_000_279399,7,0.011567,0,2413150101,냉장고,1901701921,,2025-10-17,R25BK01078838
R25BK01078838_000_1_000_279399,8,0.01004,0,2413150101,냉장고,6913601202,,2025-10-17,R25BK01078838
R25BK01078838_000_1_000_279399,9,0.009869,0,2413150101,냉장고,1138600843,,2025-10-17,R25BK01078838
R25BK01078838_000_1_000_279399,10,0.009866,0,2413150101,냉장고,3828702269,,2025-10-17,R25BK01078838
R25BK01078867_000_1_000_283775,1,0.524188,1,2413150101,냉장고,2371202559,중원랩,2025-10-17,R25BK01078867
R25BK01078867_000_1_000_283775,2,0.413089,0,2413150101,냉장고,6998103238,,2025-10-17,R25BK01078867
R25BK01078867_000_1_000_283775,3,0.26287,0,2413150101,냉장고,7800601918,,2025-10-17,R25BK01078867
R25BK01078867_000_1_000_283775,4,0.083482,0,2413150101,냉장고,2458800595,,2025-10-17,R25BK01078867
R25BK01078867_000_1_000_283775,5,0.020191,0,2413150101,냉장고,3980601285,,2025-10-17,R25BK01078867
R25BK01078867_000_1_000_283775,6,0.015007,0,2413150101,냉장고,2522800473,,2025-10-17,R25BK01078867
R25BK01078867_000_1_000_283775,7,0.010914,0,2413150101,냉장고,1308673507,,2025-10-17,R25BK01078867
R25BK01078867_000_1_000_283775,8,0.010399,0,2413150101,냉장고,1970702107,,2025-10-17,R25BK01078867
R25BK01078867_000_1_000_283775,9,0.008225,0,2413150101,냉장고,8498101290,,2025-10-17,R25BK01078867
R25BK01078867_000_1_000_283775,10,0.008139,0,2413150101,냉장고,3943900958,,2025-10-17,R25BK01078867
R25BK01082190_000_1_000_276203,1,0.653585,0,4110630701,유전자증폭기,4103020914,,2025-10-17,R25BK01082190
R25BK01082190_000_1_000_276203,2,0.102411,0,4110630701,유전자증폭기,7351301861,,2025-10-17,R25BK01082190
R25BK01082190_000_1_000_276203,3,0.082365,1,4110630701,유전자증폭기,3053143096,아주과학,2025-10-17,R25BK01082190
R25BK01082190_000_1_000_276203,4,0.07634,0,4110630701,유전자증폭기,2051667999,,2025-10-17,R25BK01082190
R25BK01082190_000_1_000_276203,5,0.068677,0,4110630701,유전자증폭기,7902201399,,2025-10-17,R25BK01082190
R25BK01082190_000_1_000_276203,6,0.060957,0,4110630701,유전자증폭기,2818603385,,2025-10-17,R25BK01082190
R25BK01082190_000_1_000_276203,7,0.042181,0,4110630701,유전자증폭기,8622100403,,2025-10-17,R25BK01082190
R25BK01082190_000_1_000_276203,8,0.036764,0,4110630701,유전자증폭기,4180116054,,2025-10-17,R25BK01082190
R25BK01082190_000_1_000_276203,9,0.030969,0,4110630701,유전자증폭기,8388602784,,2025-10-17,R25BK01082190
R25BK01082190_000_1_000_276203,10,0.02715,0,4110630701,유전자증폭기,6140801143,,2025-10-17,R25BK01082190
R25BK01081391_000_1_000_274097,1,0.47121,1,4111363701,전압계,1978601710,주식회사 위더스,2025-10-20,R25BK01081391
R25BK01081391_000_1_000_274097,2,0.120937,0,4111363701,전압계,3952201796,,2025-10-20,R25BK01081391
R25BK01081391_000_1_000_274097,3,0.083779,0,4111363701,전압계,7342101806,,2025-10-20,R25BK01081391
R25BK01081391_000_1_000_274097,4,0.046286,0,4111363701,전압계,4130495720,,2025-10-20,R25BK01081391
R25BK01081391_000_1_000_274097,5,0.045246,0,4111363701,전압계,5483301101,,2025-10-20,R25BK01081391
R25BK01081391_000_1_000_274097,6,0.044657,0,4111363701,전압계,7101200449,,2025-10-20,R25BK01081391
R25BK01081391_000_1_000_274097,7,0.026908,0,4111363701,전압계,8642001376,,2025-10-20,R25BK01081391
R25BK01081391_000_1_000_274097,8,0.025999,0,4111363701,전압계,7171501697,,2025-10-20,R25BK01081391
R25BK01081391_000_1_000_274097,9,0.02352,0,4111363701,전압계,6870801457,,2025-10-20,R25BK01081391
R25BK01081391_000_1_000_274097,10,0.022006,0,4111363701,전압계,6782601699,,2025-10-20,R25BK01081391
R25BK01090555_000_1_000_275323,1,0.402428,0,4010178702,냉난방기,6218152769,,2025-10-20,R25BK01090555
R25BK01090555_000_1_000_275323,2,0.200856,0,4010178702,냉난방기,6700202359,,2025-10-20,R25BK01090555
R25BK01090555_000_1_000_275323,3,0.133417,0,4010178702,냉난방기,6402200192,,2025-10-20,R25BK01090555
R25BK01090555_000_1_000_275323,4,0.133384,0,4010178702,냉난방기,6168131573,,2025-10-20,R25BK01090555
R25BK01090555_000_1_000_275323,5,0.108411,0,4010178702,냉난방기,3208102124,,2025-10-20,R25BK01090555
R25BK01090555_000_1_000_275323,6,0.096211,0,4010178702,냉난방기,6151370934,,2025-10-20,R25BK01090555
R25BK01090555_000_1_000_275323,7,0.084398,0,4010178702,냉난방기,4028800903,,2025-10-20,R25BK01090555
R25BK01090555_000_1_000_275323,8,0.083692,0,4010178702,냉난방기,6880403090,,2025-10-20,R25BK01090555
R25BK01090555_000_1_000_275323,9,0.0804,0,4010178702,냉난방기,8778700814,,2025-10-20,R25BK01090555
R25BK01090555_000_1_000_275323,10,0.078231,0,4010178702,냉난방기,5043178120,,2025-10-20,R25BK01090555
R25BK00853766_000_1_000_278429,1,0.630564,1,3911170801,유도등,1278107419,주식회사 지에프에스,2025-10-21,R25BK00853766
R25BK00853766_000_1_000_278429,2,0.083231,0,3911170801,유도등,1798102185,,2025-10-21,R25BK00853766
R25BK00853766_000_1_000_278429,3,0.083191,0,3911170801,유도등,4156200030,,2025-10-21,R25BK00853766
R25BK00853766_000_1_000_278429,4,0.056577,0,3911170801,유도등,4874600729,,2025-10-21,R25BK00853766
R25BK00853766_000_1_000_278429,5,0.040373,0,3911170801,유도등,5510601192,,2025-10-21,R25BK00853766
R25BK00853766_000_1_000_278429,6,0.038774,0,3911170801,유도등,2338601340,,2025-10-21,R25BK00853766
R25BK00853766_000_1_000_278429,7,0.028896,0,3911170801,유도등,4161282291,,2025-10-21,R25BK00853766
R25BK00853766_000_1_000_278429,8,0.021279,0,3911170801,유도등,3948701545,,2025-10-21,R25BK00853766
R25BK00853766_000_1_000_278429,9,0.020568,0,3911170801,유도등,4180357215,,2025-10-21,R25BK00853766
R25BK00853766_000_1_000_278429,10,0.015122,0,3911170801,유도등,4745200632,,2025-10-21,R25BK00853766
R25BK01079106_000_1_000_273228,1,0.56157,0,4010180602,가스엔진히트펌프,2983001428,,2025-10-21,R25BK01079106
R25BK01079106_000_1_000_273228,2,0.363671,0,4010180602,가스엔진히트펌프,6590103276,,2025-10-21,R25BK01079106
R25BK01079106_000_1_000_273228,3,0.19804,0,4010180602,가스엔진히트펌프,7758800553,,2025-10-21,R25BK01079106
R25BK01079106_000_1_000_273228,4,0.137581,0,4010180602,가스엔진히트펌프,6168608946,,2025-10-21,R25BK01079106
R25BK01079106_000_1_000_273228,5,0.125927,0,4010180602,가스엔진히트펌프,7190102661,,2025-10-21,R25BK01079106
R25BK01079106_000_1_000_273228,6,0.116931,0,4010180602,가스엔진히트펌프,7180103124,,2025-10-21,R25BK01079106
R25BK01079106_000_1_000_273228,7,0.103206,0,4010180602,가스엔진히트펌프,1628502337,,2025-10-21,R25BK01079106
R25BK01079106_000_1_000_273228,8,0.095441,0,4010180602,가스엔진히트펌프,5985500467,,2025-10-21,R25BK01079106
R25BK01079106_000_1_000_273228,9,0.082721,0,4010180602,가스엔진히트펌프,1813401415,,2025-10-21,R25BK01079106
R25BK01079106_000_1_000_273228,10,0.074207,1,4010180602,가스엔진히트펌프,7228802988,주식회사 위지컨설팅,2025-10-21,R25BK01079106
R25BK01085400_000_1_000_275072,1,0.287983,0,4010171301,흡수식냉동기,1348609235,,2025-10-21,R25BK01085400
R25BK01085400_000_1_000_275072,2,0.215677,0,4010171301,흡수식냉동기,4158159814,,2025-10-21,R25BK01085400
R25BK01085400_000_1_000_275072,3,0.20354,0,4010171301,흡수식냉동기,3088142107,,2025-10-21,R25BK01085400
R25BK01085400_000_1_000_275072,4,0.201667,0,4010171301,흡수식냉동기,3188100822,,2025-10-21,R25BK01085400
R25BK01085400_000_1_000_275072,5,0.189743,0,4010171301,흡수식냉동기,1488101111,,2025-10-21,R25BK01085400
R25BK01085400_000_1_000_275072,6,0.142182,0,4010171301,흡수식냉동기,1268660492,,2025-10-21,R25BK01085400
R25BK01085400_000_1_000_275072,7,0.10007,0,4010171301,흡수식냉동기,3652000884,,2025-10-21,R25BK01085400
R25BK01085400_000_1_000_275072,8,0.080233,1,4010171301,흡수식냉동기,6058150075,동부산엘리텍(주),2025-10-21,R25BK01085400
R25BK01085400_000_1_000_275072,9,0.071339,0,4010171301,흡수식냉동기,4968703363,,2025-10-21,R25BK01085400
R25BK01085400_000_1_000_275072,10,0.057795,0,4010171301,흡수식냉동기,6061788160,,2025-10-21,R25BK01085400
R25BK01091224_000_1_000_278144,1,0.542137,1,4010178702,냉난방기,5778701330,엠비에스 주식회사,2025-10-21,R25BK01091224
R25BK01091224_000_1_000_278144,2,0.262539,0,4010178702,냉난방기,6955600751,,2025-10-21,R25BK01091224
R25BK01091224_000_1_000_278144,3,0.201271,0,4010178702,냉난방기,7481202705,,2025-10-21,R25BK01091224
R25BK01091224_000_1_000_278144,4,0.194095,0,4010178702,냉난방기,4311701569,,2025-10-21,R25BK01091224
R25BK01091224_000_1_000_278144,5,0.146978,0,4010178702,냉난방기,5142044825,,2025-10-21,R25BK01091224
R25BK01091224_000_1_000_278144,6,0.133337,0,4010178702,냉난방기,1082335398,,2025-10-21,R25BK01091224
R25BK01091224_000_1_000_278144,7,0.133119,0,4010178702,냉난방기,1318603625,,2025-10-21,R25BK01091224
R25BK01091224_000_1_000_278144,8,0.122464,0,4010178702,냉난방기,5808800765,,2025-10-21,R25BK01091224
R25BK01091224_000_1_000_278144,9,0.120053,0,4010178702,냉난방기,6190703737,,2025-10-21,R25BK01091224
R25BK01091224_000_1_000_278144,10,0.086344,0,4010178702,냉난방기,7651002569,,2025-10-21,R25BK01091224
R25BK01096420_000_1_000_275196,1,0.758419,1,4321210501,레이저프린터,1574300676,바인 엑스트라 칼라,2025-10-21,R25BK01096420
R25BK01096420_000_1_000_275196,2,0.042631,0,4321210501,레이저프린터,5102410281,,2025-10-21,R25BK01096420
R25BK01096420_000_1_000_275196,3,0.041965,0,4321210501,레이저프린터,2311900590,,2025-10-21,R25BK01096420
R25BK01096420_000_1_000_275196,4,0.038109,0,4321210501,레이저프린터,3390502459,,2025-10-21,R25BK01096420
R25BK01096420_000_1_000_275196,5,0.033226,0,4321210501,레이저프린터,7328103743,,2025-10-21,R25BK01096420
R25BK01096420_000_1_000_275196,6,0.02396,0,4321210501,레이저프린터,8970503217,,2025-10-21,R25BK01096420
R25BK01096420_000_1_000_275196,7,0.009588,0,4321210501,레이저프린터,1108604229,,2025-10-21,R25BK01096420
R25BK01096420_000_1_000_275196,8,0.008163,0,4321210501,레이저프린터,4738802505,,2025-10-21,R25BK01096420
R25BK01096420_000_1_000_275196,9,0.006765,0,4321210501,레이저프린터,3632301573,,2025-10-21,R25BK01096420
R25BK01096420_000_1_000_275196,10,0.006411,0,4321210501,레이저프린터,2372201447,,2025-10-21,R25BK01096420
R25BK01081540_000_1_000_279876,1,0.397384,1,4412150401,창봉투,1658603609,(주)이문피앤피,2025-10-22,R25BK01081540
R25BK01081540_000_1_000_279876,2,0.016223,0,4412150401,창봉투,1567100453,,2025-10-22,R25BK01081540
R25BK01081540_000_1_000_279876,3,0.01538,0,4412150401,창봉투,4130163722,,2025-10-22,R25BK01081540
R25BK01081540_000_1_000_279876,4,0.011958,0,4412150401,창봉투,7782600684,,2025-10-22,R25BK01081540
R25BK01081540_000_1_000_279876,5,0.005498,0,4412150401,창봉투,2888802606,,2025-10-22,R25BK01081540
R25BK01081540_000_1_000_279876,6,0.00484,0,4412150401,창봉투,5118127226,,2025-10-22,R25BK01081540
R25BK01081540_000_1_000_279876,7,0.003742,0,4412150401,창봉투,4188800136,,2025-10-22,R25BK01081540
R25BK01081540_000_1_000_279876,8,0.002694,0,4412150401,창봉투,2248160485,,2025-10-22,R25BK01081540
R25BK01081540_000_1_000_279876,9,0.002525,0,4412150401,창봉투,3158702240,,2025-10-22,R25BK01081540
R25BK01081540_000_1_000_279876,10,0.002466,0,4412150401,창봉투,5318702798,,2025-10-22,R25BK01081540
R25BK01090091_000_1_000_273460,1,0.46421,1,2316158101,분사기,3062639460,대전종합총포사,2025-10-22,R25BK01090091
R25BK01090091_000_1_000_273460,2,0.013285,0,2316158101,분사기,7304000510,,2025-10-22,R25BK01090091
R25BK01090091_000_1_000_273460,3,0.012371,0,2316158101,분사기,1268638777,,2025-10-22,R25BK01090091
R25BK01090091_000_1_000_273460,4,0.011786,0,2316158101,분사기,8524200380,,2025-10-22,R25BK01090091
R25BK01090091_000_1_000_273460,5,0.011742,0,2316158101,분사기,3952201796,,2025-10-22,R25BK01090091
R25BK01090091_000_1_000_273460,6,0.007024,0,2316158101,분사기,5511202149,,2025-10-22,R25BK01090091
R25BK01090091_000_1_000_273460,7,0.006368,0,2316158101,분사기,3531702346,,2025-10-22,R25BK01090091
R25BK01090091_000_1_000_273460,8,0.005372,0,2316158101,분사기,2888802606,,2025-10-22,R25BK01090091
R25BK01090091_000_1_000_273460,9,0.005184,0,2316158101,분사기,5772001579,,2025-10-22,R25BK01090091
R25BK01090091_000_1_000_273460,10,0.004881,0,2316158101,분사기,2691101486,,2025-10-22,R25BK01090091
R25BK01094456_000_1_000_275535,1,0.778664,0,6010999901,교육훈련장비,5098800198,,2025-10-22,R25BK01094456
R25BK01094456_000_1_000_275535,2,0.446481,1,6010999901,교육훈련장비,2148712713,주식회사인피네트,2025-10-22,R25BK01094456
R25BK01094456_000_1_000_275535,3,0.191844,0,6010999901,교육훈련장비,6140801143,,2025-10-22,R25BK01094456
R25BK01094456_000_1_000_275535,4,0.168833,0,6010999901,교육훈련장비,2346200479,,2025-10-22,R25BK01094456
R25BK01094456_000_1_000_275535,5,0.066918,0,6010999901,교육훈련장비,3130161424,,2025-10-22,R25BK01094456
R25BK01094456_000_1_000_275535,6,0.019315,0,6010999901,교육훈련장비,2730402453,,2025-10-22,R25BK01094456
R25BK01094456_000_1_000_275535,7,0.019015,0,6010999901,교육훈련장비,8992701712,,2025-10-22,R25BK01094456
R25BK01094456_000_1_000_275535,8,0.017644,0,6010999901,교육훈련장비,3296000768,,2025-10-22,R25BK01094456
R25BK01094456_000_1_000_275535,9,0.016527,0,6010999901,교육훈련장비,8561501255,,2025-10-22,R25BK01094456
R25BK01094456_000_1_000_275535,10,0.015669,0,6010999901,교육훈련장비,1161100261,,2025-10-22,R25BK01094456
R25BK01096365_000_1_000_276021,1,0.367756,0,1411170102,물티슈,7244501182,,2025-10-22,R25BK01096365
R25BK01096365_000_1_000_276021,2,0.199738,0,1411170102,물티슈,4028127975,,2025-10-22,R25BK01096365
R25BK01096365_000_1_000_276021,3,0.150538,0,1411170102,물티슈,7180103124,,2025-10-22,R25BK01096365
R25BK01096365_000_1_000_276021,4,0.143825,0,1411170102,물티슈,2130233834,,2025-10-22,R25BK01096365
R25BK01096365_000_1_000_276021,5,0.126991,0,1411170102,물티슈,4501002459,,2025-10-22,R25BK01096365
R25BK01096365_000_1_000_276021,6,0.125485,0,1411170102,물티슈,6041814897,,2025-10-22,R25BK01096365
R25BK01096365_000_1_000_276021,7,0.116635,0,1411170102,물티슈,6481002570,,2025-10-22,R25BK01096365
R25BK01096365_000_1_000_276021,8,0.103658,1,1411170102,물티슈,6231600541,테라이엔씨,2025-10-22,R25BK01096365
R25BK01096365_000_1_000_276021,9,0.071721,0,1411170102,물티슈,8461600862,,2025-10-22,R25BK01096365
R25BK01096365_000_1_000_276021,10,0.049903,0,1411170102,물티슈,2224200672,,2025-10-22,R25BK01096365
R25BK01096432_000_1_000_276842,1,0.428036,0,4111249801,프로세스제어반,2628100698,,2025-10-22,R25BK01096432
R25BK01096432_000_1_000_276842,2,0.157739,0,4111249801,프로세스제어반,7048502903,,2025-10-22,R25BK01096432
R25BK01096432_000_1_000_276842,3,0.157022,0,4111249801,프로세스제어반,1138152502,,2025-10-22,R25BK01096432
R25BK01096432_000_1_000_276842,4,0.151869,0,4111249801,프로세스제어반,8938102923,,2025-10-22,R25BK01096432
R25BK01096432_000_1_000_276842,5,0.129875,0,4111249801,프로세스제어반,1583100322,,2025-10-22,R25BK01096432
R25BK01096432_000_1_000_276842,6,0.127273,0,4111249801,프로세스제어반,8098200761,,2025-10-22,R25BK01096432
R25BK01096432_000_1_000_276842,7,0.112669,0,4111249801,프로세스제어반,5358102181,,2025-10-22,R25BK01096432
R25BK01096432_000_1_000_276842,8,0.102634,0,4111249801,프로세스제어반,6138130240,,2025-10-22,R25BK01096432
R25BK01096432_000_1_000_276842,9,0.085002,0,4111249801,프로세스제어반,6988600820,,2025-10-22,R25BK01096432
R25BK01096432_000_1_000_276842,10,0.052311,0,4111249801,프로세스제어반,5848701492,,2025-10-22,R25BK01096432
R25BK01099221_000_1_000_275760,1,0.421945,1,4323260801,산업관리소프트웨어,1208731851,주식회사 차후,2025-10-22,R25BK01099221
R25BK01099221_000_1_000_275760,2,0.351271,0,4323260801,산업관리소프트웨어,1318672006,,2025-10-22,R25BK01099221
R25BK01099221_000_1_000_275760,3,0.310678,0,4323260801,산업관리소프트웨어,8698601718,,2025-10-22,R25BK01099221
R25BK01099221_000_1_000_275760,4,0.262765,0,4323260801,산업관리소프트웨어,1268801269,,2025-10-22,R25BK01099221
R25BK01099221_000_1_000_275760,5,0.262765,0,4323260801,산업관리소프트웨어,3988101962,,2025-10-22,R25BK01099221
R25BK01099221_000_1_000_275760,6,0.254683,0,4323260801,산업관리소프트웨어,7118602330,,2025-10-22,R25BK01099221
R25BK01099221_000_1_000_275760,7,0.21057,0,4323260801,산업관리소프트웨어,8938101564,,2025-10-22,R25BK01099221
R25BK01099221_000_1_000_275760,8,0.201766,0,4323260801,산업관리소프트웨어,6038800597,,2025-10-22,R25BK01099221
R25BK01099221_000_1_000_275760,9,0.140308,0,4323260801,산업관리소프트웨어,4178513374,,2025-10-22,R25BK01099221
R25BK01099221_000_1_000_275760,10,0.138467,0,4323260801,산업관리소프트웨어,3608101706,,2025-10-22,R25BK01099221
R25BK01098378_000_1_000_275325,1,0.596802,1,3012999001,하드코트용아크릴바닥재,6150961985,티엔피산업,2025-10-23,R25BK01098378
R25BK01098378_000_1_000_275325,2,0.04889,0,3012999001,하드코트용아크릴바닥재,4253300532,,2025-10-23,R25BK01098378
R25BK01098378_000_1_000_275325,3,0.032536,0,3012999001,하드코트용아크릴바닥재,2828702877,,2025-10-23,R25BK01098378
R25BK01098378_000_1_000_275325,4,0.028503,0,3012999001,하드코트용아크릴바닥재,1394000468,,2025-10-23,R25BK01098378
R25BK01098378_000_1_000_275325,5,0.017454,0,3012999001,하드코트용아크릴바닥재,3674401003,,2025-10-23,R25BK01098378
R25BK01098378_000_1_000_275325,6,0.016804,0,3012999001,하드코트용아크릴바닥재,8521702542,,2025-10-23,R25BK01098378
R25BK01098378_000_1_000_275325,7,0.016685,0,3012999001,하드코트용아크릴바닥재,1283364090,,2025-10-23,R25BK01098378
R25BK01098378_000_1_000_275325,8,0.013176,0,3012999001,하드코트용아크릴바닥재,7622800849,,2025-10-23,R25BK01098378
R25BK01098378_000_1_000_275325,9,0.011972,0,3012999001,하드코트용아크릴바닥재,8684300494,,2025-10-23,R25BK01098378
R25BK01098378_000_1_000_275325,10,0.011194,0,3012999001,하드코트용아크릴바닥재,4480103394,,2025-10-23,R25BK01098378
R25BK01096455_000_1_000_275518,1,0.174102,0,4322280501,전자교환기,1078820815,,2025-10-24,R25BK01096455
R25BK01096455_000_1_000_275518,2,0.144361,0,4322280501,전자교환기,4298800422,,2025-10-24,R25BK01096455
R25BK01096455_000_1_000_275518,3,0.136744,0,4322280501,전자교환기,1078161011,,2025-10-24,R25BK01096455
R25BK01096455_000_1_000_275518,4,0.103643,0,4322280501,전자교환기,6328102177,,2025-10-24,R25BK01096455
R25BK01096455_000_1_000_275518,5,0.073201,0,4322280501,전자교환기,2388501580,,2025-10-24,R25BK01096455
R25BK01096455_000_1_000_275518,6,0.063105,0,4322280501,전자교환기,1848701818,,2025-10-24,R25BK01096455
R25BK01096455_000_1_000_275518,7,0.057771,0,4322280501,전자교환기,2148552778,,2025-10-24,R25BK01096455
R25BK01096455_000_1_000_275518,8,0.05261,0,4322280501,전자교환기,3078117380,,2025-10-24,R25BK01096455
R25BK01096455_000_1_000_275518,9,0.050124,0,4322280501,전자교환기,5218702340,,2025-10-24,R25BK01096455
R25BK01096455_000_1_000_275518,10,0.043331,0,4322280501,전자교환기,4803800418,,2025-10-24,R25BK01096455
R25BK01102480_000_1_000_280781,1,0.368936,0,4010180604,히트펌프,7538603430,,2025-10-27,R25BK01102480
R25BK01102480_000_1_000_280781,2,0.253885,0,4010180604,히트펌프,6138148755,,2025-10-27,R25BK01102480
R25BK01102480_000_1_000_280781,3,0.211367,0,4010180604,히트펌프,1141655921,,2025-10-27,R25BK01102480
R25BK01102480_000_1_000_280781,4,0.198726,0,4010180604,히트펌프,7810302068,,2025-10-27,R25BK01102480
R25BK01102480_000_1_000_280781,5,0.160074,0,4010180604,히트펌프,7342101806,,2025-10-27,R25BK01102480
R25BK01102480_000_1_000_280781,6,0.109049,0,4010180604,히트펌프,5250802328,,2025-10-27,R25BK01102480
R25BK01102480_000_1_000_280781,7,0.09932,0,4010180604,히트펌프,7328702300,,2025-10-27,R25BK01102480
R25BK01102480_000_1_000_280781,8,0.090551,1,4010180604,히트펌프,5138135421,(주)에이씨에스,2025-10-27,R25BK01102480
R25BK01102480_000_1_000_280781,9,0.084187,0,4010180604,히트펌프,1948600949,,2025-10-27,R25BK01102480
R25BK01102480_000_1_000_280781,10,0.080317,0,4010180604,히트펌프,5038189269,,2025-10-27,R25BK01102480
R25BK01103016_000_1_000_281279,1,0.459667,0,4010180604,히트펌프,3968701707,,2025-10-27,R25BK01103016
R25BK01103016_000_1_000_281279,2,0.425842,1,4010180604,히트펌프,4178137460,(주)일진공조,2025-10-27,R25BK01103016
R25BK01103016_000_1_000_281279,3,0.127377,0,4010180604,히트펌프,4072701871,,2025-10-27,R25BK01103016
R25BK01103016_000_1_000_281279,4,0.122638,0,4010180604,히트펌프,1058684707,,2025-10-27,R25BK01103016
R25BK01103016_000_1_000_281279,5,0.109905,0,4010180604,히트펌프,4333701054,,2025-10-27,R25BK01103016
R25BK01103016_000_1_000_281279,6,0.104366,0,4010180604,히트펌프,4658803124,,2025-10-27,R25BK01103016
R25BK01103016_000_1_000_281279,7,0.096845,0,4010180604,히트펌프,8768801248,,2025-10-27,R25BK01103016
R25BK01103016_000_1_000_281279,8,0.094553,0,4010180604,히트펌프,5772001579,,2025-10-27,R25BK01103016
R25BK01103016_000_1_000_281279,9,0.085702,0,4010180604,히트펌프,1278178215,,2025-10-27,R25BK01103016
R25BK01103016_000_1_000_281279,10,0.084449,0,4010180604,히트펌프,2518103623,,2025-10-27,R25BK01103016
R25BK01104656_000_1_000_280991,1,0.5381,0,4710152503,디칸터형원심탈수기,1808802923,,2025-10-28,R25BK01104656
R25BK01104656_000_1_000_280991,2,0.53346,1,4710152503,디칸터형원심탈수기,5158114780,(주)한길엔지니어링,2025-10-28,R25BK01104656
R25BK01104656_000_1_000_280991,3,0.492613,0,4710152503,디칸터형원심탈수기,1608803078,,2025-10-28,R25BK01104656
R25BK01104656_000_1_000_280991,4,0.355204,0,4710152503,디칸터형원심탈수기,3978101727,,2025-10-28,R25BK01104656
R25BK01104656_000_1_000_280991,5,0.318954,0,4710152503,디칸터형원심탈수기,5608600369,,2025-10-28,R25BK01104656
R25BK01104656_000_1_000_280991,6,0.280111,0,4710152503,디칸터형원심탈수기,7918103077,,2025-10-28,R25BK01104656
R25BK01104656_000_1_000_280991,7,0.224542,0,4710152503,디칸터형원심탈수기,2028702513,,2025-10-28,R25BK01104656
R25BK01104656_000_1_000_280991,8,0.168468,0,4710152503,디칸터형원심탈수기,5058175174,,2025-10-28,R25BK01104656
R25BK01104656_000_1_000_280991,9,0.128381,0,4710152503,디칸터형원심탈수기,3808701658,,2025-10-28,R25BK01104656
R25BK01104656_000_1_000_280991,10,0.124511,0,4710152503,디칸터형원심탈수기,5508702203,,2025-10-28,R25BK01104656
R25BK01117460_000_1_000_276255,1,0.750123,1,4111440901,풍향풍속계,5888602026,주식회사 비앤피인스트루먼트,2025-10-28,R25BK01117460
R25BK01117460_000_1_000_276255,2,0.352055,0,4111440901,풍향풍속계,2118173932,,2025-10-28,R25BK01117460
R25BK01117460_000_1_000_276255,3,0.251962,0,4111440901,풍향풍속계,1348143368,,2025-10-28,R25BK01117460
R25BK01117460_000_1_000_276255,4,0.130229,0,4111440901,풍향풍속계,1288174148,,2025-10-28,R25BK01117460
R25BK01117460_000_1_000_276255,5,0.006622,0,4111440901,풍향풍속계,5165700891,,2025-10-28,R25BK01117460
R25BK01117460_000_1_000_276255,6,0.006406,0,4111440901,풍향풍속계,1713301390,,2025-10-28,R25BK01117460
R25BK01117460_000_1_000_276255,7,0.005759,0,4111440901,풍향풍속계,8361002013,,2025-10-28,R25BK01117460
R25BK01117460_000_1_000_276255,8,0.005619,0,4111440901,풍향풍속계,1343204426,,2025-10-28,R25BK01117460
R25BK01117460_000_1_000_276255,9,0.005559,0,4111440901,풍향풍속계,2228136150,,2025-10-28,R25BK01117460
R25BK01117460_000_1_000_276255,10,0.005462,0,4111440901,풍향풍속계,6521102426,,2025-10-28,R25BK01117460
R25BK01099488_000_1_000_281250,1,0.484347,1,4111540301,분광계,4288601725,주식회사 스마트찬스,2025-10-29,R25BK01099488
R25BK01099488_000_1_000_281250,2,0.060337,0,4111540301,분광계,1840901538,,2025-10-29,R25BK01099488
R25BK01099488_000_1_000_281250,3,0.036444,0,4111540301,분광계,5040747485,,2025-10-29,R25BK01099488
R25BK01099488_000_1_000_281250,4,0.026619,0,4111540301,분광계,3952201796,,2025-10-29,R25BK01099488
R25BK01099488_000_1_000_281250,5,0.023406,0,4111540301,분광계,1318152607,,2025-10-29,R25BK01099488
R25BK01099488_000_1_000_281250,6,0.022734,0,4111540301,분광계,1402901313,,2025-10-29,R25BK01099488
R25BK01099488_000_1_000_281250,7,0.018497,0,4111540301,분광계,7213401187,,2025-10-29,R25BK01099488
R25BK01099488_000_1_000_281250,8,0.014167,0,4111540301,분광계,8660501030,,2025-10-29,R25BK01099488
R25BK01099488_000_1_000_281250,9,0.013184,0,4111540301,분광계,6702100750,,2025-10-29,R25BK01099488
R25BK01099488_000_1_000_281250,10,0.013118,0,4111540301,분광계,2136500681,,2025-10-29,R25BK01099488
R25BK01100898_000_1_000_284974,1,0.341577,0,4322181001,광다중화장치,4268800874,,2025-10-29,R25BK01100898
R25BK01100898_000_1_000_284974,2,0.328979,0,4322181001,광다중화장치,6138177115,,2025-10-29,R25BK01100898
R25BK01100898_000_1_000_284974,3,0.32865,0,4322181001,광다중화장치,2208126447,,2025-10-29,R25BK01100898
R25BK01100898_000_1_000_284974,4,0.305779,1,4322181001,광다중화장치,5648601996,주식회사 원테크,2025-10-29,R25BK01100898
R25BK01100898_000_1_000_284974,5,0.229195,0,4322181001,광다중화장치,5028150325,,2025-10-29,R25BK01100898
R25BK01100898_000_1_000_284974,6,0.167584,0,4322181001,광다중화장치,1358135916,,2025-10-29,R25BK01100898
R25BK01100898_000_1_000_284974,7,0.135534,0,4322181001,광다중화장치,5018123048,,2025-10-29,R25BK01100898
R25BK01100898_000_1_000_284974,8,0.034144,0,4322181001,광다중화장치,1388150425,,2025-10-29,R25BK01100898
R25BK01100898_000_1_000_284974,9,0.017795,0,4322181001,광다중화장치,1078820815,,2025-10-29,R25BK01100898
R25BK01100898_000_1_000_284974,10,0.013932,0,4322181001,광다중화장치,2248522169,,2025-10-29,R25BK01100898
R25BK01101303_002_1_000_273020,1,0.144509,0,2410160301,지게차,6168117004,,2025-10-29,R25BK01101303
R25BK01101303_002_1_000_273020,2,0.05088,0,2410160301,지게차,2998800480,,2025-10-29,R25BK01101303
R25BK01101303_002_1_000_273020,3,0.048152,0,2410160301,지게차,4048700955,,2025-10-29,R25BK01101303
R25BK01101303_002_1_000_273020,4,0.046413,0,2410160301,지게차,6231600541,,2025-10-29,R25BK01101303
R25BK01101303_002_1_000_273020,5,0.045486,0,2410160301,지게차,8042701053,,2025-10-29,R25BK01101303
R25BK01101303_002_1_000_273020,6,0.039533,0,2410160301,지게차,8480502443,,2025-10-29,R25BK01101303
R25BK01101303_002_1_000_273020,7,0.039228,0,2410160301,지게차,7513001555,,2025-10-29,R25BK01101303
R25BK01101303_002_1_000_273020,8,0.038217,0,2410160301,지게차,8523101608,,2025-10-29,R25BK01101303
R25BK01101303_002_1_000_273020,9,0.031954,0,2410160301,지게차,4578802051,,2025-10-29,R25BK01101303
R25BK01101303_002_1_000_273020,10,0.027375,0,2410160301,지게차,2128168465,,2025-10-29,R25BK01101303
R25BK01104517_000_1_000_276138,1,0.719332,0,4111368901,종합계측기,3648700884,,2025-10-29,R25BK01104517
R25BK01104517_000_1_000_276138,2,0.678332,0,4111368901,종합계측기,5588102239,,2025-10-29,R25BK01104517
R25BK01104517_000_1_000_276138,3,0.642616,1,4111368901,종합계측기,4628602632,주식회사 씽크렉스,2025-10-29,R25BK01104517
R25BK01104517_000_1_000_276138,4,0.142604,0,4111368901,종합계측기,7968102603,,2025-10-29,R25BK01104517
R25BK01104517_000_1_000_276138,5,0.142604,0,4111368901,종합계측기,3148631783,,2025-10-29,R25BK01104517
R25BK01104517_000_1_000_276138,6,0.012882,0,4111368901,종합계측기,1388116747,,2025-10-29,R25BK01104517
R25BK01104517_000_1_000_276138,7,0.010036,0,4111368901,종합계측기,4436200530,,2025-10-29,R25BK01104517
R25BK01104517_000_1_000_276138,8,0.005319,0,4111368901,종합계측기,7150501727,,2025-10-29,R25BK01104517
R25BK01104517_000_1_000_276138,9,0.004909,0,4111368901,종합계측기,4092564903,,2025-10-29,R25BK01104517
R25BK01104517_000_1_000_276138,10,0.004787,0,4111368901,종합계측기,1108192387,,2025-10-29,R25BK01104517
R25BK01109477_000_1_000_278174,1,0.279407,0,1511151001,액화석유가스,2271506132,,2025-10-29,R25BK01109477
R25BK01109477_000_1_000_278174,2,0.272121,0,1511151001,액화석유가스,3718601531,,2025-10-29,R25BK01109477
R25BK01109477_000_1_000_278174,3,0.241299,0,1511151001,액화석유가스,2861801137,,2025-10-29,R25BK01109477
R25BK01109477_000_1_000_278174,4,0.109028,1,1511151001,액화석유가스,6630303279,마산LPG충전소,2025-10-29,R25BK01109477
R25BK01109477_000_1_000_278174,5,0.103701,0,1511151001,액화석유가스,7883801233,,2025-10-29,R25BK01109477
R25BK01109477_000_1_000_278174,6,0.103701,0,1511151001,액화석유가스,4018703249,,2025-10-29,R25BK01109477
R25BK01109477_000_1_000_278174,7,0.080638,0,1511151001,액화석유가스,6862601991,,2025-10-29,R25BK01109477
R25BK01109477_000_1_000_278174,8,0.078043,0,1511151001,액화석유가스,6990501124,,2025-10-29,R25BK01109477
R25BK01109477_000_1_000_278174,9,0.065265,0,1511151001,액화석유가스,1231469764,,2025-10-29,R25BK01109477
R25BK01109477_000_1_000_278174,10,0.064148,0,1511151001,액화석유가스,2782602047,,2025-10-29,R25BK01109477
R25BK01113297_000_1_000_284310,1,0.430059,0,1235239101,염화칼슘,3220602536,,2025-10-30,R25BK01113297
R25BK01113297_000_1_000_284310,2,0.281135,0,1235239101,염화칼슘,7534801008,,2025-10-30,R25BK01113297
R25BK01113297_000_1_000_284310,3,0.240481,0,1235239101,염화칼슘,2261325622,,2025-10-30,R25BK01113297
R25BK01113297_000_1_000_284310,4,0.230084,0,1235239101,염화칼슘,6523600983,,2025-10-30,R25BK01113297
R25BK01113297_000_1_000_284310,5,0.163238,1,1235239101,염화칼슘,6040121503,삼화텔콤,2025-10-30,R25BK01113297
R25BK01113297_000_1_000_284310,6,0.162419,0,1235239101,염화칼슘,7672801386,,2025-10-30,R25BK01113297
R25BK01113297_000_1_000_284310,7,0.134496,0,1235239101,염화칼슘,3701801937,,2025-10-30,R25BK01113297
R25BK01113297_000_1_000_284310,8,0.129804,0,1235239101,염화칼슘,6813801306,,2025-10-30,R25BK01113297
R25BK01113297_000_1_000_284310,9,0.108018,0,1235239101,염화칼슘,5156016686,,2025-10-30,R25BK01113297
R25BK01113297_000_1_000_284310,10,0.105356,0,1235239101,염화칼슘,2898602172,,2025-10-30,R25BK01113297
R25BK01114444_000_1_000_284582,1,0.875346,1,4110670501,식물생장조절실,1348720367,주식회사 엔씽,2025-11-03,R25BK01114444
R25BK01114444_000_1_000_284582,2,0.025804,0,4110670501,식물생장조절실,4523200987,,2025-11-03,R25BK01114444
R25BK01114444_000_1_000_284582,3,0.017617,0,4110670501,식물생장조절실,1011475043,,2025-11-03,R25BK01114444
R25BK01114444_000_1_000_284582,4,0.012526,0,4110670501,식물생장조절실,2451701274,,2025-11-03,R25BK01114444
R25BK01114444_000_1_000_284582,5,0.010566,0,4110670501,식물생장조절실,8612101471,,2025-11-03,R25BK01114444
R25BK01114444_000_1_000_284582,6,0.005645,0,4110670501,식물생장조절실,3870502633,,2025-11-03,R25BK01114444
R25BK01114444_000_1_000_284582,7,0.004924,0,4110670501,식물생장조절실,8998101000,,2025-11-03,R25BK01114444
R25BK01114444_000_1_000_284582,8,0.004695,0,4110670501,식물생장조절실,8210702874,,2025-11-03,R25BK01114444
R25BK01114444_000_1_000_284582,9,0.00392,0,4110670501,식물생장조절실,1611003164,,2025-11-03,R25BK01114444
R25BK01114444_000_1_000_284582,10,0.003915,0,4110670501,식물생장조절실,4130495720,,2025-11-03,R25BK01114444
R25BK01115268_000_1_000_281204,1,0.631678,0,4010178702,냉난방기,1108164504,,2025-11-03,R25BK01115268
R25BK01115268_000_1_000_281204,2,0.423022,0,4010178702,냉난방기,1308661224,,2025-11-03,R25BK01115268
R25BK01115268_000_1_000_281204,3,0.338111,0,4010178702,냉난방기,5295500699,,2025-11-03,R25BK01115268
R25BK01115268_000_1_000_281204,4,0.174923,0,4010178702,냉난방기,4882101408,,2025-11-03,R25BK01115268
R25BK01115268_000_1_000_281204,5,0.156158,0,4010178702,냉난방기,7033901281,,2025-11-03,R25BK01115268
R25BK01115268_000_1_000_281204,6,0.134489,1,4010178702,냉난방기,5038159843,주식회사 영진건업,2025-11-03,R25BK01115268
R25BK01115268_000_1_000_281204,7,0.126922,0,4010178702,냉난방기,8828603591,,2025-11-03,R25BK01115268
R25BK01115268_000_1_000_281204,8,0.110176,0,4010178702,냉난방기,3501100819,,2025-11-03,R25BK01115268
R25BK01115268_000_1_000_281204,9,0.078477,0,4010178702,냉난방기,6790703442,,2025-11-03,R25BK01115268
R25BK01115268_000_1_000_281204,10,0.078149,0,4010178702,냉난방기,2042969989,,2025-11-03,R25BK01115268
R25BK01117672_000_1_000_285237,1,0.458228,0,4321200201,모니터암,6598802147,,2025-11-03,R25BK01117672
R25BK01117672_000_1_000_285237,2,0.255936,0,4321200201,모니터암,3985400161,,2025-11-03,R25BK01117672
R25BK01117672_000_1_000_285237,3,0.155915,0,4321200201,모니터암,5933800301,,2025-11-03,R25BK01117672
R25BK01117672_000_1_000_285237,4,0.154384,0,4321200201,모니터암,3384300144,,2025-11-03,R25BK01117672
R25BK01117672_000_1_000_285237,5,0.146613,0,4321200201,모니터암,2071992520,,2025-11-03,R25BK01117672
R25BK01117672_000_1_000_285237,6,0.122826,0,4321200201,모니터암,1278612483,,2025-11-03,R25BK01117672
R25BK01117672_000_1_000_285237,7,0.12161,0,4321200201,모니터암,5975400337,,2025-11-03,R25BK01117672
R25BK01117672_000_1_000_285237,8,0.105828,0,4321200201,모니터암,5974000873,,2025-11-03,R25BK01117672
R25BK01117672_000_1_000_285237,9,0.104989,0,4321200201,모니터암,5500201944,,2025-11-03,R25BK01117672
R25BK01117672_000_1_000_285237,10,0.103198,0,4321200201,모니터암,2178129680,,2025-11-03,R25BK01117672
R25BK01118404_000_1_000_283289,1,0.315726,0,4010178702,냉난방기,5438601835,,2025-11-03,R25BK01118404
R25BK01118404_000_1_000_283289,2,0.298984,0,4010178702,냉난방기,7060302261,,2025-11-03,R25BK01118404
R25BK01118404_000_1_000_283289,3,0.269991,0,4010178702,냉난방기,4968703363,,2025-11-03,R25BK01118404
R25BK01118404_000_1_000_283289,4,0.240029,0,4010178702,냉난방기,2032004151,,2025-11-03,R25BK01118404
R25BK01118404_000_1_000_283289,5,0.22374,0,4010178702,냉난방기,8638102897,,2025-11-03,R25BK01118404
R25BK01118404_000_1_000_283289,6,0.198984,0,4010178702,냉난방기,8668102654,,2025-11-03,R25BK01118404
R25BK01118404_000_1_000_283289,7,0.196321,0,4010178702,냉난방기,7732500251,,2025-11-03,R25BK01118404
R25BK01118404_000_1_000_283289,8,0.18591,0,4010178702,냉난방기,4363401431,,2025-11-03,R25BK01118404
R25BK01118404_000_1_000_283289,9,0.184028,0,4010178702,냉난방기,6345800920,,2025-11-03,R25BK01118404
R25BK01118404_000_1_000_283289,10,0.177979,0,4010178702,냉난방기,4810301816,,2025-11-03,R25BK01118404
R25BK01101154_001_1_000_283785,1,0.218537,0,4321179701,도서관리시스템,6078149991,,2025-11-04,R25BK01101154
R25BK01101154_001_1_000_283785,2,0.097294,0,4321179701,도서관리시스템,5213101738,,2025-11-04,R25BK01101154
R25BK01101154_001_1_000_283785,3,0.082909,0,4321179701,도서관리시스템,6058626788,,2025-11-04,R25BK01101154
R25BK01101154_001_1_000_283785,4,0.082514,0,4321179701,도서관리시스템,2072720808,,2025-11-04,R25BK01101154
R25BK01101154_001_1_000_283785,5,0.068149,0,4321179701,도서관리시스템,3148171698,,2025-11-04,R25BK01101154
R25BK01101154_001_1_000_283785,6,0.062824,0,4321179701,도서관리시스템,5118127226,,2025-11-04,R25BK01101154
R25BK01101154_001_1_000_283785,7,0.054415,0,4321179701,도서관리시스템,4468701225,,2025-11-04,R25BK01101154
R25BK01101154_001_1_000_283785,8,0.045595,0,4321179701,도서관리시스템,2790503350,,2025-11-04,R25BK01101154
R25BK01101154_001_1_000_283785,9,0.045232,1,4321179701,도서관리시스템,3882300549,금호이엔에스,2025-11-04,R25BK01101154
R25BK01101154_001_1_000_283785,10,0.036144,0,4321179701,도서관리시스템,4918601285,,2025-11-04,R25BK01101154
R25BK01112766_000_1_000_283863,1,0.674166,1,1235230503,암모니아수,5038135370,(주)엠닥터,2025-11-04,R25BK01112766
R25BK01112766_000_1_000_283863,2,0.479589,0,1235230503,암모니아수,1728100148,,2025-11-04,R25BK01112766
R25BK01112766_000_1_000_283863,3,0.100444,0,1235230503,암모니아수,4058701812,,2025-11-04,R25BK01112766
R25BK01112766_000_1_000_283863,4,0.089271,0,1235230503,암모니아수,5061875867,,2025-11-04,R25BK01112766
R25BK01112766_000_1_000_283863,5,0.055833,0,1235230503,암모니아수,3505200715,,2025-11-04,R25BK01112766
R25BK01112766_000_1_000_283863,6,0.055536,0,1235230503,암모니아수,1103312043,,2025-11-04,R25BK01112766
R25BK01112766_000_1_000_283863,7,0.054987,0,1235230503,암모니아수,3504300936,,2025-11-04,R25BK01112766
R25BK01112766_000_1_000_283863,8,0.054091,0,1235230503,암모니아수,6523600983,,2025-11-04,R25BK01112766
R25BK01112766_000_1_000_283863,9,0.041726,0,1235230503,암모니아수,2946700651,,2025-11-04,R25BK01112766
R25BK01112766_000_1_000_283863,10,0.041205,0,1235230503,암모니아수,6206200651,,2025-11-04,R25BK01112766
R25BK01111484_000_1_000_284308,1,0.205327,0,4712160201,진공청소기,2791401150,,2025-11-05,R25BK01111484
R25BK01111484_000_1_000_284308,2,0.093592,0,4712160201,진공청소기,6041814897,,2025-11-05,R25BK01111484
R25BK01111484_000_1_000_284308,3,0.088406,0,4712160201,진공청소기,6805500747,,2025-11-05,R25BK01111484
R25BK01111484_000_1_000_284308,4,0.087419,0,4712160201,진공청소기,6506700467,,2025-11-05,R25BK01111484
R25BK01111484_000_1_000_284308,5,0.087274,0,4712160201,진공청소기,6502202014,,2025-11-05,R25BK01111484
R25BK01111484_000_1_000_284308,6,0.085796,0,4712160201,진공청소기,5998603248,,2025-11-05,R25BK01111484
R25BK01111484_000_1_000_284308,7,0.085768,0,4712160201,진공청소기,1477600570,,2025-11-05,R25BK01111484
R25BK01111484_000_1_000_284308,8,0.085666,0,4712160201,진공청소기,4585500738,,2025-11-05,R25BK01111484
R25BK01111484_000_1_000_284308,9,0.08421,0,4712160201,진공청소기,6022046741,,2025-11-05,R25BK01111484
R25BK01111484_000_1_000_284308,10,0.08358,0,4712160201,진공청소기,4268702934,,2025-11-05,R25BK01111484
R25BK01118883_000_1_000_282769,1,0.349778,0,5214180401,선풍기,7254000347,,2025-11-05,R25BK01118883
R25BK01118883_000_1_000_282769,2,0.280319,0,5214180401,선풍기,1058762466,,2025-11-05,R25BK01118883
R25BK01118883_000_1_000_282769,3,0.171333,0,5214180401,선풍기,2073501242,,2025-11-05,R25BK01118883
R25BK01118883_000_1_000_282769,4,0.132286,1,5214180401,선풍기,1841401717,솔라곤,2025-11-05,R25BK01118883
R25BK01118883_000_1_000_282769,5,0.111495,0,5214180401,선풍기,6640101659,,2025-11-05,R25BK01118883
R25BK01118883_000_1_000_282769,6,0.107662,0,5214180401,선풍기,6398500431,,2025-11-05,R25BK01118883
R25BK01118883_000_1_000_282769,7,0.106016,0,5214180401,선풍기,8628601978,,2025-11-05,R25BK01118883
R25BK01118883_000_1_000_282769,8,0.097403,0,5214180401,선풍기,3148138573,,2025-11-05,R25BK01118883
R25BK01118883_000_1_000_282769,9,0.087351,0,5214180401,선풍기,7373600794,,2025-11-05,R25BK01118883
R25BK01118883_000_1_000_282769,10,0.081084,0,5214180401,선풍기,4030828159,,2025-11-05,R25BK01118883
R25BK01122116_001_1_000_279638,1,0.933759,1,2413160401,동결건조기,7968102506,주식회사 아이에스비,2025-11-05,R25BK01122116
R25BK01122116_001_1_000_279638,2,0.826187,0,2413160401,동결건조기,7498600375,,2025-11-05,R25BK01122116
R25BK01122116_001_1_000_279638,3,0.565946,0,2413160401,동결건조기,4098619995,,2025-11-05,R25BK01122116
R25BK01122116_001_1_000_279638,4,0.132673,0,2413160401,동결건조기,1238130034,,2025-11-05,R25BK01122116
R25BK01122116_001_1_000_279638,5,0.092251,0,2413160401,동결건조기,2540203312,,2025-11-05,R25BK01122116
R25BK01122116_001_1_000_279638,6,0.057459,0,2413160401,동결건조기,5118127226,,2025-11-05,R25BK01122116
R25BK01122116_001_1_000_279638,7,0.022659,0,2413160401,동결건조기,1798102185,,2025-11-05,R25BK01122116
R25BK01122116_001_1_000_279638,8,0.009505,0,2413160401,동결건조기,7374000807,,2025-11-05,R25BK01122116
R25BK01122116_001_1_000_279638,9,0.007606,0,2413160401,동결건조기,1332608753,,2025-11-05,R25BK01122116
R25BK01122116_001_1_000_279638,10,0.006578,0,2413160401,동결건조기,6562102029,,2025-11-05,R25BK01122116
R25BK01125297_000_1_000_283043,1,0.337969,0,3011160102,시멘트,2166500735,,2025-11-05,R25BK01125297
R25BK01125297_000_1_000_283043,2,0.327151,0,3011160102,시멘트,5151604381,,2025-11-05,R25BK01125297
R25BK01125297_000_1_000_283043,3,0.301628,0,3011160102,시멘트,1288602824,,2025-11-05,R25BK01125297
R25BK01125297_000_1_000_283043,4,0.291873,1,3011160102,시멘트,6088129310,(주)유강피씨,2025-11-05,R25BK01125297
R25BK01125297_000_1_000_283043,5,0.160833,0,3011160102,시멘트,4022086779,,2025-11-05,R25BK01125297
R25BK01125297_000_1_000_283043,6,0.160545,0,3011160102,시멘트,1258195260,,2025-11-05,R25BK01125297
R25BK01125297_000_1_000_283043,7,0.159769,0,3011160102,시멘트,8598602103,,2025-11-05,R25BK01125297
R25BK01125297_000_1_000_283043,8,0.117344,0,3011160102,시멘트,2184800961,,2025-11-05,R25BK01125297
R25BK01125297_000_1_000_283043,9,0.116976,0,3011160102,시멘트,1288676480,,2025-11-05,R25BK01125297
R25BK01125297_000_1_000_283043,10,0.111966,0,3011160102,시멘트,1570901123,,2025-11-05,R25BK01125297
R25BK01107694_000_1_000_281272,1,0.152363,1,6013100101,피아노,6778102582,주식회사 그랜드일번지,2025-11-06,R25BK01107694
R25BK01107694_000_1_000_281272,2,0.077843,0,6013100101,피아노,4098619428,,2025-11-06,R25BK01107694
R25BK01107694_000_1_000_281272,3,0.017668,0,6013100101,피아노,4168138864,,2025-11-06,R25BK01107694
R25BK01107694_000_1_000_281272,4,0.015429,0,6013100101,피아노,4050144705,,2025-11-06,R25BK01107694
R25BK01107694_000_1_000_281272,5,0.009938,0,6013100101,피아노,7374000807,,2025-11-06,R25BK01107694
R25BK01107694_000_1_000_281272,6,0.008526,0,6013100101,피아노,5043137508,,2025-11-06,R25BK01107694
R25BK01107694_000_1_000_281272,7,0.007859,0,6013100101,피아노,6213601014,,2025-11-06,R25BK01107694
R25BK01107694_000_1_000_281272,8,0.005908,0,6013100101,피아노,2870300802,,2025-11-06,R25BK01107694
R25BK01107694_000_1_000_281272,9,0.005879,0,6013100101,피아노,3564000855,,2025-11-06,R25BK01107694
R25BK01107694_000_1_000_281272,10,0.005684,0,6013100101,피아노,5321801535,,2025-11-06,R25BK01107694
R25BK01114128_000_1_000_282395,1,0.233162,0,1235239101,염화칼슘,5058118703,,2025-11-06,R25BK01114128
R25BK01114128_000_1_000_282395,2,0.122543,0,1235239101,염화칼슘,3143400923,,2025-11-06,R25BK01114128
R25BK01114128_000_1_000_282395,3,0.114047,1,1235239101,염화칼슘,8670302474,조성기업,2025-11-06,R25BK01114128
R25BK01114128_000_1_000_282395,4,0.112532,0,1235239101,염화칼슘,7534801008,,2025-11-06,R25BK01114128
R25BK01114128_000_1_000_282395,5,0.105939,0,1235239101,염화칼슘,5202601954,,2025-11-06,R25BK01114128
R25BK01114128_000_1_000_282395,6,0.103025,0,1235239101,염화칼슘,6033027203,,2025-11-06,R25BK01114128
R25BK01114128_000_1_000_282395,7,0.097447,0,1235239101,염화칼슘,7352901130,,2025-11-06,R25BK01114128
R25BK01114128_000_1_000_282395,8,0.070341,0,1235239101,염화칼슘,2510100148,,2025-11-06,R25BK01114128
R25BK01114128_000_1_000_282395,9,0.06213,0,1235239101,염화칼슘,8820601679,,2025-11-06,R25BK01114128
R25BK01114128_000_1_000_282395,10,0.052581,0,1235239101,염화칼슘,4168195661,,2025-11-06,R25BK01114128
R25BK01114373_000_1_000_280531,1,0.199468,0,6012100201,조형물,6318103396,,2025-11-06,R25BK01114373
R25BK01114373_000_1_000_280531,2,0.178022,1,6012100201,조형물,3528700222,주식회사 티원커뮤니케이션,2025-11-06,R25BK01114373
R25BK01114373_000_1_000_280531,3,0.170226,0,6012100201,조형물,4926100248,,2025-11-06,R25BK01114373
R25BK01114373_000_1_000_280531,4,0.132104,0,6012100201,조형물,3168801367,,2025-11-06,R25BK01114373
R25BK01114373_000_1_000_280531,5,0.097209,0,6012100201,조형물,1348612929,,2025-11-06,R25BK01114373
R25BK01114373_000_1_000_280531,6,0.094193,0,6012100201,조형물,4380702124,,2025-11-06,R25BK01114373
R25BK01114373_000_1_000_280531,7,0.085017,0,6012100201,조형물,4118519730,,2025-11-06,R25BK01114373
R25BK01114373_000_1_000_280531,8,0.075831,0,6012100201,조형물,2488602773,,2025-11-06,R25BK01114373
R25BK01114373_000_1_000_280531,9,0.054878,0,6012100201,조형물,2220146767,,2025-11-06,R25BK01114373
R25BK01114373_000_1_000_280531,10,0.021887,0,6012100201,조형물,5608602071,,2025-11-06,R25BK01114373
R25BK01121137_000_1_000_278622,1,0.804226,1,4111193801,수위측정기,5568101821,주아정보 주식회사,2025-11-06,R25BK01121137
R25BK01121137_000_1_000_278622,2,0.032552,0,4111193801,수위측정기,7117800297,,2025-11-06,R25BK01121137
R25BK01121137_000_1_000_278622,3,0.01271,0,4111193801,수위측정기,4130228440,,2025-11-06,R25BK01121137
R25BK01121137_000_1_000_278622,4,0.009348,0,4111193801,수위측정기,2070896758,,2025-11-06,R25BK01121137
R25BK01121137_000_1_000_278622,5,0.009348,0,4111193801,수위측정기,4391101988,,2025-11-06,R25BK01121137
R25BK01121137_000_1_000_278622,6,0.008335,0,4111193801,수위측정기,2286700426,,2025-11-06,R25BK01121137
R25BK01121137_000_1_000_278622,7,0.008335,0,4111193801,수위측정기,7821201991,,2025-11-06,R25BK01121137
R25BK01121137_000_1_000_278622,8,0.008199,0,4111193801,수위측정기,7181102105,,2025-11-06,R25BK01121137
R25BK01121137_000_1_000_278622,9,0.007324,0,4111193801,수위측정기,3858601544,,2025-11-06,R25BK01121137
R25BK01121137_000_1_000_278622,10,0.007277,0,4111193801,수위측정기,7164000945,,2025-11-06,R25BK01121137
R25BK01123680_000_1_000_280246,1,0.811122,1,2411150501,벌크컨테이너백,5118127226,주식회사 마크온탑,2025-11-06,R25BK01123680
R25BK01123680_000_1_000_280246,2,0.193321,0,2411150501,벌크컨테이너백,4028119010,,2025-11-06,R25BK01123680
R25BK01123680_000_1_000_280246,3,0.049778,0,2411150501,벌크컨테이너백,7608102114,,2025-11-06,R25BK01123680
R25BK01123680_000_1_000_280246,4,0.048225,0,2411150501,벌크컨테이너백,6028168538,,2025-11-06,R25BK01123680
R25BK01123680_000_1_000_280246,5,0.031978,0,2411150501,벌크컨테이너백,8418602572,,2025-11-06,R25BK01123680
R25BK01123680_000_1_000_280246,6,0.020172,0,2411150501,벌크컨테이너백,6521102426,,2025-11-06,R25BK01123680
R25BK01123680_000_1_000_280246,7,0.016575,0,2411150501,벌크컨테이너백,7390302693,,2025-11-06,R25BK01123680
R25BK01123680_000_1_000_280246,8,0.016207,0,2411150501,벌크컨테이너백,3018625169,,2025-11-06,R25BK01123680
R25BK01123680_000_1_000_280246,9,0.010149,0,2411150501,벌크컨테이너백,3051957225,,2025-11-06,R25BK01123680
R25BK01123680_000_1_000_280246,10,0.010013,0,2411150501,벌크컨테이너백,1795400779,,2025-11-06,R25BK01123680
R25BK01126584_000_1_000_281212,1,0.782146,0,4010180604,히트펌프,4108676754,,2025-11-06,R25BK01126584
R25BK01126584_000_1_000_281212,2,0.661496,0,4010180604,히트펌프,5658701695,,2025-11-06,R25BK01126584
R25BK01126584_000_1_000_281212,3,0.650235,0,4010180604,히트펌프,6178173969,,2025-11-06,R25BK01126584
R25BK01126584_000_1_000_281212,4,0.206045,1,4010180604,히트펌프,1058190091,삼성기전 주식회사,2025-11-06,R25BK01126584
R25BK01126584_000_1_000_281212,5,0.1834,0,4010180604,히트펌프,6058150809,,2025-11-06,R25BK01126584
R25BK01126584_000_1_000_281212,6,0.052387,0,4010180604,히트펌프,4161678062,,2025-11-06,R25BK01126584
R25BK01126584_000_1_000_281212,7,0.045254,0,4010180604,히트펌프,4030863457,,2025-11-06,R25BK01126584
R25BK01126584_000_1_000_281212,8,0.032415,0,4010180604,히트펌프,2048167499,,2025-11-06,R25BK01126584
R25BK01126584_000_1_000_281212,9,0.029966,0,4010180604,히트펌프,7571001803,,2025-11-06,R25BK01126584
R25BK01126584_000_1_000_281212,10,0.022428,0,4010180604,히트펌프,3061864998,,2025-11-06,R25BK01126584
R25BK01127028_000_1_000_279636,1,0.343018,1,4010178702,냉난방기,1128601058,주식회사키온테크,2025-11-06,R25BK01127028
R25BK01127028_000_1_000_279636,2,0.289656,0,4010178702,냉난방기,8668603338,,2025-11-06,R25BK01127028
R25BK01127028_000_1_000_279636,3,0.091123,0,4010178702,냉난방기,1188702746,,2025-11-06,R25BK01127028
R25BK01127028_000_1_000_279636,4,0.087557,0,4010178702,냉난방기,2960501662,,2025-11-06,R25BK01127028
R25BK01127028_000_1_000_279636,5,0.082151,0,4010178702,냉난방기,6791601669,,2025-11-06,R25BK01127028
R25BK01127028_000_1_000_279636,6,0.078668,0,4010178702,냉난방기,7580203186,,2025-11-06,R25BK01127028
R25BK01127028_000_1_000_279636,7,0.074067,0,4010178702,냉난방기,1225305164,,2025-11-06,R25BK01127028
R25BK01127028_000_1_000_279636,8,0.072801,0,4010178702,냉난방기,8357000675,,2025-11-06,R25BK01127028
R25BK01127028_000_1_000_279636,9,0.072095,0,4010178702,냉난방기,5818700908,,2025-11-06,R25BK01127028
R25BK01127028_000_1_000_279636,10,0.067471,0,4010178702,냉난방기,7630403222,,2025-11-06,R25BK01127028
R25BK01134053_000_1_000_280405,1,0.956473,1,4616150601,눈및얼음융해장치,1248705767,주식회사 영신,2025-11-06,R25BK01134053
R25BK01134053_000_1_000_280405,2,0.087839,0,4616150601,눈및얼음융해장치,2108152647,,2025-11-06,R25BK01134053
R25BK01134053_000_1_000_280405,3,0.005245,0,4616150601,눈및얼음융해장치,4551701809,,2025-11-06,R25BK01134053
R25BK01134053_000_1_000_280405,4,0.005204,0,4616150601,눈및얼음융해장치,5948803024,,2025-11-06,R25BK01134053
R25BK01134053_000_1_000_280405,5,0.004672,0,4616150601,눈및얼음융해장치,3411000050,,2025-11-06,R25BK01134053
R25BK01134053_000_1_000_280405,6,0.004613,0,4616150601,눈및얼음융해장치,4098529744,,2025-11-06,R25BK01134053
R25BK01134053_000_1_000_280405,7,0.004494,0,4616150601,눈및얼음융해장치,6121910147,,2025-11-06,R25BK01134053
R25BK01134053_000_1_000_280405,8,0.003853,0,4616150601,눈및얼음융해장치,2181908416,,2025-11-06,R25BK01134053
R25BK01134053_000_1_000_280405,9,0.00378,0,4616150601,눈및얼음융해장치,4130495720,,2025-11-06,R25BK01134053
R25BK01134053_000_1_000_280405,10,0.003412,0,4616150601,눈및얼음융해장치,3813700905,,2025-11-06,R25BK01134053
R25BK01138139_000_1_000_281004,1,0.71896,1,3016160102,벽천장용흡음재,7738700792,주식회사 엘티에스,2025-11-07,R25BK01138139
R25BK01138139_000_1_000_281004,2,0.007825,0,3016160102,벽천장용흡음재,2258700861,,2025-11-07,R25BK01138139
R25BK01138139_000_1_000_281004,3,0.006834,0,3016160102,벽천장용흡음재,8408101648,,2025-11-07,R25BK01138139
R25BK01138139_000_1_000_281004,4,0.005781,0,3016160102,벽천장용흡음재,3118702821,,2025-11-07,R25BK01138139
R25BK01138139_000_1_000_281004,5,0.005364,0,3016160102,벽천장용흡음재,8765900555,,2025-11-07,R25BK01138139
R25BK01138139_000_1_000_281004,6,0.004652,0,3016160102,벽천장용흡음재,2803701009,,2025-11-07,R25BK01138139
R25BK01138139_000_1_000_281004,7,0.004403,0,3016160102,벽천장용흡음재,3522001946,,2025-11-07,R25BK01138139
R25BK01138139_000_1_000_281004,8,0.004038,0,3016160102,벽천장용흡음재,6255300824,,2025-11-07,R25BK01138139
R25BK01138139_000_1_000_281004,9,0.004004,0,3016160102,벽천장용흡음재,2901702161,,2025-11-07,R25BK01138139
R25BK01138139_000_1_000_281004,10,0.003696,0,3016160102,벽천장용흡음재,5165700891,,2025-11-07,R25BK01138139
R25BK01122261_000_1_000_279401,1,0.782238,0,4322181001,광다중화장치,7198700629,,2025-11-11,R25BK01122261
R25BK01122261_000_1_000_279401,2,0.444743,0,4322181001,광다중화장치,8208802244,,2025-11-11,R25BK01122261
R25BK01122261_000_1_000_279401,3,0.393025,0,4322181001,광다중화장치,6158182399,,2025-11-11,R25BK01122261
R25BK01122261_000_1_000_279401,4,0.264423,0,4322181001,광다중화장치,1298189469,,2025-11-11,R25BK01122261
R25BK01122261_000_1_000_279401,5,0.201265,0,4322181001,광다중화장치,8418801179,,2025-11-11,R25BK01122261
R25BK01122261_000_1_000_279401,6,0.197199,1,4322181001,광다중화장치,8768102632,주식회사 디오이,2025-11-11,R25BK01122261
R25BK01122261_000_1_000_279401,7,0.18156,0,4322181001,광다중화장치,1328636304,,2025-11-11,R25BK01122261
R25BK01122261_000_1_000_279401,8,0.167584,0,4322181001,광다중화장치,1358135916,,2025-11-11,R25BK01122261
R25BK01122261_000_1_000_279401,9,0.131685,0,4322181001,광다중화장치,1108194973,,2025-11-11,R25BK01122261
R25BK01122261_000_1_000_279401,10,0.079436,0,4322181001,광다중화장치,4098616872,,2025-11-11,R25BK01122261
R25BK01134422_000_1_000_291086,1,0.82891,0,4321150901,태블릿컴퓨터,2838102562,,2025-11-11,R25BK01134422
R25BK01134422_000_1_000_291086,2,0.417867,1,4321150901,태블릿컴퓨터,7518602060,유한회사 청전정보기술,2025-11-11,R25BK01134422
R25BK01134422_000_1_000_291086,3,0.212472,0,4321150901,태블릿컴퓨터,7778803556,,2025-11-11,R25BK01134422
R25BK01134422_000_1_000_291086,4,0.168891,0,4321150901,태블릿컴퓨터,6168111863,,2025-11-11,R25BK01134422
R25BK01134422_000_1_000_291086,5,0.122786,0,4321150901,태블릿컴퓨터,4658802197,,2025-11-11,R25BK01134422
R25BK01134422_000_1_000_291086,6,0.04076,0,4321150901,태블릿컴퓨터,6808701581,,2025-11-11,R25BK01134422
R25BK01134422_000_1_000_291086,7,0.031707,0,4321150901,태블릿컴퓨터,5438701259,,2025-11-11,R25BK01134422
R25BK01134422_000_1_000_291086,8,0.031364,0,4321150901,태블릿컴퓨터,3058148820,,2025-11-11,R25BK01134422
R25BK01134422_000_1_000_291086,9,0.017322,0,4321150901,태블릿컴퓨터,3058158522,,2025-11-11,R25BK01134422
R25BK01134422_000_1_000_291086,10,0.016408,0,4321150901,태블릿컴퓨터,2452001065,,2025-11-11,R25BK01134422
R25BK01136697_000_1_000_284625,1,0.068177,0,4323291101,에뮬레이터,3078150899,,2025-11-11,R25BK01136697
R25BK01136697_000_1_000_284625,2,0.068177,0,4323291101,에뮬레이터,1208104309,,2025-11-11,R25BK01136697
R25BK01136697_000_1_000_284625,3,0.044138,0,4323291101,에뮬레이터,6068659002,,2025-11-11,R25BK01136697
R25BK01136697_000_1_000_284625,4,0.038373,0,4323291101,에뮬레이터,1221744475,,2025-11-11,R25BK01136697
R25BK01136697_000_1_000_284625,5,0.03828,0,4323291101,에뮬레이터,8272401230,,2025-11-11,R25BK01136697
R25BK01136697_000_1_000_284625,6,0.036739,0,4323291101,에뮬레이터,5898103310,,2025-11-11,R25BK01136697
R25BK01136697_000_1_000_284625,7,0.027799,1,4323291101,에뮬레이터,4018128966,주식회사 아이앤지,2025-11-11,R25BK01136697
R25BK01136697_000_1_000_284625,8,0.026108,0,4323291101,에뮬레이터,1492302146,,2025-11-11,R25BK01136697
R25BK01136697_000_1_000_284625,9,0.019531,0,4323291101,에뮬레이터,1318152607,,2025-11-11,R25BK01136697
R25BK01136697_000_1_000_284625,10,0.017821,0,4323291101,에뮬레이터,6672101281,,2025-11-11,R25BK01136697
R25BK01131888_000_1_000_283915,1,0.46521,0,4111582102,미생물자동동정기,8040501987,,2025-11-12,R25BK01131888
R25BK01131888_000_1_000_283915,2,0.20659,0,4111582102,미생물자동동정기,5508700578,,2025-11-12,R25BK01131888
R25BK01131888_000_1_000_283915,3,0.185203,0,4111582102,미생물자동동정기,2520102718,,2025-11-12,R25BK01131888
R25BK01131888_000_1_000_283915,4,0.082987,0,4111582102,미생물자동동정기,1406600449,,2025-11-12,R25BK01131888
R25BK01131888_000_1_000_283915,5,0.074845,0,4111582102,미생물자동동정기,3112301494,,2025-11-12,R25BK01131888
R25BK01131888_000_1_000_283915,6,0.068719,0,4111582102,미생물자동동정기,8330801502,,2025-11-12,R25BK01131888
R25BK01131888_000_1_000_283915,7,0.059888,0,4111582102,미생물자동동정기,6352100820,,2025-11-12,R25BK01131888
R25BK01131888_000_1_000_283915,8,0.059346,0,4111582102,미생물자동동정기,1501800090,,2025-11-12,R25BK01131888
R25BK01131888_000_1_000_283915,9,0.05677,0,4111582102,미생물자동동정기,1380351824,,2025-11-12,R25BK01131888
R25BK01131888_000_1_000_283915,10,0.054276,0,4111582102,미생물자동동정기,6221218526,,2025-11-12,R25BK01131888
R25BK01133482_000_1_000_279202,1,0.698947,0,4110630701,유전자증폭기,3088101708,,2025-11-13,R25BK01133482
R25BK01133482_000_1_000_279202,2,0.696362,1,4110630701,유전자증폭기,8798800928,주식회사 유비코리아,2025-11-13,R25BK01133482
R25BK01133482_000_1_000_279202,3,0.358869,0,4110630701,유전자증폭기,1672001877,,2025-11-13,R25BK01133482
R25BK01133482_000_1_000_279202,4,0.099084,0,4110630701,유전자증폭기,1990601242,,2025-11-13,R25BK01133482
R25BK01133482_000_1_000_279202,5,0.084,0,4110630701,유전자증폭기,3110867737,,2025-11-13,R25BK01133482
R25BK01133482_000_1_000_279202,6,0.06247,0,4110630701,유전자증폭기,1408189995,,2025-11-13,R25BK01133482
R25BK01133482_000_1_000_279202,7,0.056163,0,4110630701,유전자증폭기,2098167607,,2025-11-13,R25BK01133482
R25BK01133482_000_1_000_279202,8,0.049941,0,4110630701,유전자증폭기,2031275796,,2025-11-13,R25BK01133482
R25BK01133482_000_1_000_279202,9,0.042945,0,4110630701,유전자증폭기,6620203279,,2025-11-13,R25BK01133482
R25BK01133482_000_1_000_279202,10,0.024771,0,4110630701,유전자증폭기,3098701101,,2025-11-13,R25BK01133482
R25BK01138358_000_1_000_278595,1,0.294365,0,1235239101,염화칼슘,6021864668,,2025-11-13,R25BK01138358
R25BK01138358_000_1_000_278595,2,0.2834,0,1235239101,염화칼슘,5372801257,,2025-11-13,R25BK01138358
R25BK01138358_000_1_000_278595,3,0.217774,0,1235239101,염화칼슘,2168148122,,2025-11-13,R25BK01138358
R25BK01138358_000_1_000_278595,4,0.211107,0,1235239101,염화칼슘,5772001579,,2025-11-13,R25BK01138358
R25BK01138358_000_1_000_278595,5,0.178585,0,1235239101,염화칼슘,1698702894,,2025-11-13,R25BK01138358
R25BK01138358_000_1_000_278595,6,0.13978,0,1235239101,염화칼슘,1495700560,,2025-11-13,R25BK01138358
R25BK01138358_000_1_000_278595,7,0.105242,0,1235239101,염화칼슘,2198602611,,2025-11-13,R25BK01138358
R25BK01138358_000_1_000_278595,8,0.103045,0,1235239101,염화칼슘,8033501002,,2025-11-13,R25BK01138358
R25BK01138358_000_1_000_278595,9,0.09765,0,1235239101,염화칼슘,6083164568,,2025-11-13,R25BK01138358
R25BK01138358_000_1_000_278595,10,0.097613,0,1235239101,염화칼슘,4028144163,,2025-11-13,R25BK01138358
R25BK01145348_000_1_000_283356,1,0.755504,1,3911161102,LED투광등기구,6588802450,주식회사 엔어스,2025-11-13,R25BK01145348
R25BK01145348_000_1_000_283356,2,0.390591,0,3911161102,LED투광등기구,5248602342,,2025-11-13,R25BK01145348
R25BK01145348_000_1_000_283356,3,0.221372,0,3911161102,LED투광등기구,7475200826,,2025-11-13,R25BK01145348
R25BK01145348_000_1_000_283356,4,0.220275,0,3911161102,LED투광등기구,1718703090,,2025-11-13,R25BK01145348
R25BK01145348_000_1_000_283356,5,0.063969,0,3911161102,LED투광등기구,6068183787,,2025-11-13,R25BK01145348
R25BK01145348_000_1_000_283356,6,0.005521,0,3911161102,LED투광등기구,8642001376,,2025-11-13,R25BK01145348
R25BK01145348_000_1_000_283356,7,0.005349,0,3911161102,LED투광등기구,1406600449,,2025-11-13,R25BK01145348
R25BK01145348_000_1_000_283356,8,0.004971,0,3911161102,LED투광등기구,1388189672,,2025-11-13,R25BK01145348
R25BK01145348_000_1_000_283356,9,0.004428,0,3911161102,LED투광등기구,2263900470,,2025-11-13,R25BK01145348
R25BK01145348_000_1_000_283356,10,0.00418,0,3911161102,LED투광등기구,4535600123,,2025-11-13,R25BK01145348
R25BK01150180_000_1_000_279278,1,0.729133,1,2410171201,벨트컨베이어,5688200569,사단법인 벗나래복지회사업단,2025-11-13,R25BK01150180
R25BK01150180_000_1_000_279278,2,0.290583,0,2410171201,벨트컨베이어,7918103077,,2025-11-13,R25BK01150180
R25BK01150180_000_1_000_279278,3,0.158179,0,2410171201,벨트컨베이어,8978802036,,2025-11-13,R25BK01150180
R25BK01150180_000_1_000_279278,4,0.104375,0,2410171201,벨트컨베이어,5441002147,,2025-11-13,R25BK01150180
R25BK01150180_000_1_000_279278,5,0.032258,0,2410171201,벨트컨베이어,6730102119,,2025-11-13,R25BK01150180
R25BK01150180_000_1_000_279278,6,0.010248,0,2410171201,벨트컨베이어,2218138548,,2025-11-13,R25BK01150180
R25BK01150180_000_1_000_279278,7,0.007977,0,2410171201,벨트컨베이어,4180357215,,2025-11-13,R25BK01150180
R25BK01150180_000_1_000_279278,8,0.006071,0,2410171201,벨트컨베이어,7143200681,,2025-11-13,R25BK01150180
R25BK01150180_000_1_000_279278,9,0.005527,0,2410171201,벨트컨베이어,2533800908,,2025-11-13,R25BK01150180
R25BK01150180_000_1_000_279278,10,0.004809,0,2410171201,벨트컨베이어,4098636617,,2025-11-13,R25BK01150180
R25BK01136951_000_1_000_284686,1,0.393025,0,4322181001,광다중화장치,6158182399,,2025-11-14,R25BK01136951
R25BK01136951_000_1_000_284686,2,0.350841,0,4322181001,광다중화장치,4268800874,,2025-11-14,R25BK01136951
R25BK01136951_000_1_000_284686,3,0.30286,0,4322181001,광다중화장치,2208126447,,2025-11-14,R25BK01136951
R25BK01136951_000_1_000_284686,4,0.253489,0,4322181001,광다중화장치,5148107442,,2025-11-14,R25BK01136951
R25BK01136951_000_1_000_284686,5,0.237341,0,4322181001,광다중화장치,5130276918,,2025-11-14,R25BK01136951
R25BK01136951_000_1_000_284686,6,0.201265,1,4322181001,광다중화장치,8418801179,주식회사 태경정보통신,2025-11-14,R25BK01136951
R25BK01136951_000_1_000_284686,7,0.18156,0,4322181001,광다중화장치,1328636304,,2025-11-14,R25BK01136951
R25BK01136951_000_1_000_284686,8,0.079436,0,4322181001,광다중화장치,4098616872,,2025-11-14,R25BK01136951
R25BK01136951_000_1_000_284686,9,0.022684,0,4322181001,광다중화장치,1078820815,,2025-11-14,R25BK01136951
R25BK01136951_000_1_000_284686,10,0.021036,0,4322181001,광다중화장치,5118127226,,2025-11-14,R25BK01136951
R25BK01140550_000_1_000_280128,1,0.550736,0,2410168501,수문권양기,3018187739,,2025-11-14,R25BK01140550
R25BK01140550_000_1_000_280128,2,0.492878,1,2410168501,수문권양기,4188152426,하이스트 주식회사,2025-11-14,R25BK01140550
R25BK01140550_000_1_000_280128,3,0.295551,0,2410168501,수문권양기,4628102224,,2025-11-14,R25BK01140550
R25BK01140550_000_1_000_280128,4,0.039012,0,2410168501,수문권양기,1928703286,,2025-11-14,R25BK01140550
R25BK01140550_000_1_000_280128,5,0.011259,0,2410168501,수문권양기,1048158671,,2025-11-14,R25BK01140550
R25BK01140550_000_1_000_280128,6,0.0104,0,2410168501,수문권양기,4168156810,,2025-11-14,R25BK01140550
R25BK01140550_000_1_000_280128,7,0.009298,0,2410168501,수문권양기,7018101381,,2025-11-14,R25BK01140550
R25BK01140550_000_1_000_280128,8,0.009115,0,2410168501,수문권양기,7401401647,,2025-11-14,R25BK01140550
R25BK01140550_000_1_000_280128,9,0.007993,0,2410168501,수문권양기,1022134719,,2025-11-14,R25BK01140550
R25BK01140550_000_1_000_280128,10,0.007954,0,2410168501,수문권양기,2010989673,,2025-11-14,R25BK01140550
R25BK01152567_000_1_000_281682,1,0.371606,0,9943211701,융복합자료수집장치,1298624990,,2025-11-14,R25BK01152567
R25BK01152567_000_1_000_281682,2,0.361374,1,9943211701,융복합자료수집장치,2468700214,주식회사 제이씨에프테크놀러지,2025-11-14,R25BK01152567
R25BK01152567_000_1_000_281682,3,0.010675,0,9943211701,융복합자료수집장치,8738101196,,2025-11-14,R25BK01152567
R25BK01152567_000_1_000_281682,4,0.006389,0,9943211701,융복합자료수집장치,6738100957,,2025-11-14,R25BK01152567
R25BK01152567_000_1_000_281682,5,0.003481,0,9943211701,융복합자료수집장치,8518802379,,2025-11-14,R25BK01152567
R25BK01152567_000_1_000_281682,6,0.002843,0,9943211701,융복합자료수집장치,2277500506,,2025-11-14,R25BK01152567
R25BK01152567_000_1_000_281682,7,0.002382,0,9943211701,융복합자료수집장치,1341282818,,2025-11-14,R25BK01152567
R25BK01152567_000_1_000_281682,8,0.002119,0,9943211701,융복합자료수집장치,2691101486,,2025-11-14,R25BK01152567
R25BK01138303_000_1_000_285135,1,0.848515,1,3010990201,혼합골재,1098156362,금천토건(주),2025-11-17,R25BK01138303
R25BK01138303_000_1_000_285135,2,0.013143,0,3010990201,혼합골재,8938700548,,2025-11-17,R25BK01138303
R25BK01138303_000_1_000_285135,3,0.006945,0,3010990201,혼합골재,4568701601,,2025-11-17,R25BK01138303
R25BK01138303_000_1_000_285135,4,0.006047,0,3010990201,혼합골재,2793101119,,2025-11-17,R25BK01138303
R25BK01138303_000_1_000_285135,5,0.005891,0,3010990201,혼합골재,8222900982,,2025-11-17,R25BK01138303
R25BK01138303_000_1_000_285135,6,0.005872,0,3010990201,혼합골재,7311302397,,2025-11-17,R25BK01138303
R25BK01138303_000_1_000_285135,7,0.005232,0,3010990201,혼합골재,2931401189,,2025-11-17,R25BK01138303
R25BK01138303_000_1_000_285135,8,0.004488,0,3010990201,혼합골재,7630100919,,2025-11-17,R25BK01138303
R25BK01138303_000_1_000_285135,9,0.004229,0,3010990201,혼합골재,3912201173,,2025-11-17,R25BK01138303
R25BK01138303_000_1_000_285135,10,0.004101,0,3010990201,혼합골재,6683800551,,2025-11-17,R25BK01138303
R25BK01147789_000_1_000_283614,1,0.262588,1,4111240701,수위계,1348654875,(주)인프라칩,2025-11-17,R25BK01147789
R25BK01147789_000_1_000_283614,2,0.161695,0,4111240701,수위계,3612800802,,2025-11-17,R25BK01147789
R25BK01147789_000_1_000_283614,3,0.067517,0,4111240701,수위계,2278119724,,2025-11-17,R25BK01147789
R25BK01147789_000_1_000_283614,4,0.055829,0,4111240701,수위계,4156800459,,2025-11-17,R25BK01147789
R25BK01147789_000_1_000_283614,5,0.046489,0,4111240701,수위계,2034467695,,2025-11-17,R25BK01147789
R25BK01147789_000_1_000_283614,6,0.034976,0,4111240701,수위계,2491502102,,2025-11-17,R25BK01147789
R25BK01147789_000_1_000_283614,7,0.034633,0,4111240701,수위계,6620102652,,2025-11-17,R25BK01147789
R25BK01147789_000_1_000_283614,8,0.033735,0,4111240701,수위계,1262675216,,2025-11-17,R25BK01147789
R25BK01147789_000_1_000_283614,9,0.027412,0,4111240701,수위계,4495400789,,2025-11-17,R25BK01147789
R25BK01147789_000_1_000_283614,10,0.027412,0,4111240701,수위계,8651802036,,2025-11-17,R25BK01147789
R25BK01152354_000_1_000_283028,1,0.86535,1,4110332701,유속계,1288642073,엠디시스템주식회사（MD SYSTEM CO）,2025-11-17,R25BK01152354
R25BK01152354_000_1_000_283028,2,0.118341,0,4110332701,유속계,7188100283,,2025-11-17,R25BK01152354
R25BK01152354_000_1_000_283028,3,0.04778,0,4110332701,유속계,6122552599,,2025-11-17,R25BK01152354
R25BK01152354_000_1_000_283028,4,0.031197,0,4110332701,유속계,8911002266,,2025-11-17,R25BK01152354
R25BK01152354_000_1_000_283028,5,0.023473,0,4110332701,유속계,2676600555,,2025-11-17,R25BK01152354
R25BK01152354_000_1_000_283028,6,0.022598,0,4110332701,유속계,6058168992,,2025-11-17,R25BK01152354
R25BK01152354_000_1_000_283028,7,0.017933,0,4110332701,유속계,1233218935,,2025-11-17,R25BK01152354
R25BK01152354_000_1_000_283028,8,0.017635,0,4110332701,유속계,4142901344,,2025-11-17,R25BK01152354
R25BK01152354_000_1_000_283028,9,0.01737,0,4110332701,유속계,8951202544,,2025-11-17,R25BK01152354
R25BK01152354_000_1_000_283028,10,0.017286,0,4110332701,유속계,4471601397,,2025-11-17,R25BK01152354
R25BK01144157_000_1_000_285387,1,0.303407,0,1016159901,조경용수목,3481002078,,2025-11-18,R25BK01144157
R25BK01144157_000_1_000_285387,2,0.244413,0,1016159901,조경용수목,1138177992,,2025-11-18,R25BK01144157
R25BK01144157_000_1_000_285387,3,0.227764,0,1016159901,조경용수목,1656400411,,2025-11-18,R25BK01144157
R25BK01144157_000_1_000_285387,4,0.143154,0,1016159901,조경용수목,6878802628,,2025-11-18,R25BK01144157
R25BK01144157_000_1_000_285387,5,0.103364,0,1016159901,조경용수목,7328700748,,2025-11-18,R25BK01144157
R25BK01144157_000_1_000_285387,6,0.085729,0,1016159901,조경용수목,3522001946,,2025-11-18,R25BK01144157
R25BK01144157_000_1_000_285387,7,0.071592,0,1016159901,조경용수목,3179050113,,2025-11-18,R25BK01144157
R25BK01144157_000_1_000_285387,8,0.069345,0,1016159901,조경용수목,1871302417,,2025-11-18,R25BK01144157
R25BK01144157_000_1_000_285387,9,0.068545,1,1016159901,조경용수목,7700901663,해찬조경,2025-11-18,R25BK01144157
R25BK01144157_000_1_000_285387,10,0.068388,0,1016159901,조경용수목,7333501076,,2025-11-18,R25BK01144157
R25BK01145564_000_1_000_278738,1,0.661515,0,4015150303,양흡입벌류트펌프,4188152426,,2025-11-18,R25BK01145564
R25BK01145564_000_1_000_278738,2,0.567215,1,4015150303,양흡입벌류트펌프,5688200569,사단법인 벗나래복지회사업단,2025-11-18,R25BK01145564
R25BK01145564_000_1_000_278738,3,0.551537,0,4015150303,양흡입벌류트펌프,5533201028,,2025-11-18,R25BK01145564
R25BK01145564_000_1_000_278738,4,0.341385,0,4015150303,양흡입벌류트펌프,1131581453,,2025-11-18,R25BK01145564
R25BK01145564_000_1_000_278738,5,0.192211,0,4015150303,양흡입벌류트펌프,3168601136,,2025-11-18,R25BK01145564
R25BK01145564_000_1_000_278738,6,0.181805,0,4015150303,양흡입벌류트펌프,1608803078,,2025-11-18,R25BK01145564
R25BK01145564_000_1_000_278738,7,0.013417,0,4015150303,양흡입벌류트펌프,8982701062,,2025-11-18,R25BK01145564
R25BK01145564_000_1_000_278738,8,0.00882,0,4015150303,양흡입벌류트펌프,1198165757,,2025-11-18,R25BK01145564
R25BK01145564_000_1_000_278738,9,0.007333,0,4015150303,양흡입벌류트펌프,6458701671,,2025-11-18,R25BK01145564
R25BK01145564_000_1_000_278738,10,0.005974,0,4015150303,양흡입벌류트펌프,1131069323,,2025-11-18,R25BK01145564
R25BK01148849_000_1_000_281255,1,0.720902,0,4010178702,냉난방기,1378187797,,2025-11-18,R25BK01148849
R25BK01148849_000_1_000_281255,2,0.340295,0,4010178702,냉난방기,1378648843,,2025-11-18,R25BK01148849
R25BK01148849_000_1_000_281255,3,0.275983,0,4010178702,냉난방기,5158139253,,2025-11-18,R25BK01148849
R25BK01148849_000_1_000_281255,4,0.102887,0,4010178702,냉난방기,1624200609,,2025-11-18,R25BK01148849
R25BK01148849_000_1_000_281255,5,0.095006,0,4010178702,냉난방기,7933400602,,2025-11-18,R25BK01148849
R25BK01148849_000_1_000_281255,6,0.085242,0,4010178702,냉난방기,8831902079,,2025-11-18,R25BK01148849
R25BK01148849_000_1_000_281255,7,0.077718,0,4010178702,냉난방기,6058701770,,2025-11-18,R25BK01148849
R25BK01148849_000_1_000_281255,8,0.068307,0,4010178702,냉난방기,8808703665,,2025-11-18,R25BK01148849
R25BK01148849_000_1_000_281255,9,0.067687,0,4010178702,냉난방기,1012471099,,2025-11-18,R25BK01148849
R25BK01148849_000_1_000_281255,10,0.062703,0,4010178702,냉난방기,5898601049,,2025-11-18,R25BK01148849
R25BK01139496_000_1_000_279388,1,0.960918,1,6010999901,교육훈련장비,8075800625,쓰리에스시스템,2025-11-19,R25BK01139496
R25BK01139496_000_1_000_279388,2,0.415313,0,6010999901,교육훈련장비,5048533257,,2025-11-19,R25BK01139496
R25BK01139496_000_1_000_279388,3,0.022957,0,6010999901,교육훈련장비,3978101727,,2025-11-19,R25BK01139496
R25BK01139496_000_1_000_279388,4,0.019869,0,6010999901,교육훈련장비,4868802501,,2025-11-19,R25BK01139496
R25BK01139496_000_1_000_279388,5,0.017285,0,6010999901,교육훈련장비,3061864998,,2025-11-19,R25BK01139496
R25BK01139496_000_1_000_279388,6,0.01027,0,6010999901,교육훈련장비,4090333674,,2025-11-19,R25BK01139496
R25BK01139496_000_1_000_279388,7,0.010076,0,6010999901,교육훈련장비,2954100727,,2025-11-19,R25BK01139496
R25BK01139496_000_1_000_279388,8,0.008948,0,6010999901,교육훈련장비,5408102373,,2025-11-19,R25BK01139496
R25BK01139496_000_1_000_279388,9,0.008888,0,6010999901,교육훈련장비,7874201218,,2025-11-19,R25BK01139496
R25BK01139496_000_1_000_279388,10,0.008468,0,6010999901,교육훈련장비,1092952368,,2025-11-19,R25BK01139496
R25BK01152368_000_1_000_279427,1,0.75327,0,2410160301,지게차,4022109027,,2025-11-19,R25BK01152368
R25BK01152368_000_1_000_279427,2,0.124658,0,2410160301,지게차,2472900478,,2025-11-19,R25BK01152368
R25BK01152368_000_1_000_279427,3,0.033897,0,2410160301,지게차,2158662413,,2025-11-19,R25BK01152368
R25BK01152368_000_1_000_279427,4,0.031909,0,2410160301,지게차,2401502949,,2025-11-19,R25BK01152368
R25BK01152368_000_1_000_279427,5,0.02886,0,2410160301,지게차,8235900847,,2025-11-19,R25BK01152368
R25BK01152368_000_1_000_279427,6,0.027252,0,2410160301,지게차,3178134692,,2025-11-19,R25BK01152368
R25BK01152368_000_1_000_279427,7,0.024263,0,2410160301,지게차,2712701947,,2025-11-19,R25BK01152368
R25BK01152368_000_1_000_279427,8,0.021173,0,2410160301,지게차,6913601202,,2025-11-19,R25BK01152368
R25BK01152368_000_1_000_279427,9,0.020065,0,2410160301,지게차,2271692431,,2025-11-19,R25BK01152368
R25BK01152368_000_1_000_279427,10,0.016115,0,2410160301,지게차,6904300741,,2025-11-19,R25BK01152368
R25BK01162633_000_1_000_283105,1,0.689048,0,3912110101,분전반,2898200555,,2025-11-19,R25BK01162633
R25BK01162633_000_1_000_283105,2,0.304609,0,3912110101,분전반,4118803748,,2025-11-19,R25BK01162633
R25BK01162633_000_1_000_283105,3,0.27662,0,3912110101,분전반,6158189602,,2025-11-19,R25BK01162633
R25BK01162633_000_1_000_283105,4,0.208221,1,3912110101,분전반,1098232561,(사)부산16개구군장애인법인연합회 복지사업단,2025-11-19,R25BK01162633
R25BK01162633_000_1_000_283105,5,0.201503,0,3912110101,분전반,4598200722,,2025-11-19,R25BK01162633
R25BK01162633_000_1_000_283105,6,0.019457,0,3912110101,분전반,4458602544,,2025-11-19,R25BK01162633
R25BK01162633_000_1_000_283105,7,0.015118,0,3912110101,분전반,1673301052,,2025-11-19,R25BK01162633
R25BK01162633_000_1_000_283105,8,0.014599,0,3912110101,분전반,4178600973,,2025-11-19,R25BK01162633
R25BK01162633_000_1_000_283105,9,0.008611,0,3912110101,분전반,1058185036,,2025-11-19,R25BK01162633
R25BK01162633_000_1_000_283105,10,0.0065,0,3912110101,분전반,1301697660,,2025-11-19,R25BK01162633
R25BK01164169_000_1_000_279123,1,0.795388,1,4015151301,수중펌프,5688200569,사단법인 벗나래복지회사업단,2025-11-19,R25BK01164169
R25BK01164169_000_1_000_279123,2,0.462087,0,4015151301,수중펌프,5533201028,,2025-11-19,R25BK01164169
R25BK01164169_000_1_000_279123,3,0.084535,0,4015151301,수중펌프,2061584581,,2025-11-19,R25BK01164169
R25BK01164169_000_1_000_279123,4,0.045811,0,4015151301,수중펌프,2898102139,,2025-11-19,R25BK01164169
R25BK01164169_000_1_000_279123,5,0.022112,0,4015151301,수중펌프,8982701062,,2025-11-19,R25BK01164169
R25BK01164169_000_1_000_279123,6,0.01771,0,4015151301,수중펌프,6712801483,,2025-11-19,R25BK01164169
R25BK01164169_000_1_000_279123,7,0.017476,0,4015151301,수중펌프,7354901123,,2025-11-19,R25BK01164169
R25BK01164169_000_1_000_279123,8,0.011054,0,4015151301,수중펌프,5652701497,,2025-11-19,R25BK01164169
R25BK01164169_000_1_000_279123,9,0.010097,0,4015151301,수중펌프,3152801943,,2025-11-19,R25BK01164169
R25BK01164169_000_1_000_279123,10,0.006665,0,4015151301,수중펌프,3411000050,,2025-11-19,R25BK01164169
R25BK01164442_000_1_000_283429,1,0.673771,1,4910160201,기념품,4738200392,중랑사회적협동조합,2025-11-19,R25BK01164442
R25BK01164442_000_1_000_283429,2,0.350284,0,4910160201,기념품,1212367229,,2025-11-19,R25BK01164442
R25BK01164442_000_1_000_283429,3,0.192495,0,4910160201,기념품,2868700890,,2025-11-19,R25BK01164442
R25BK01164442_000_1_000_283429,4,0.176973,0,4910160201,기념품,8760702743,,2025-11-19,R25BK01164442
R25BK01164442_000_1_000_283429,5,0.175426,0,4910160201,기념품,2992600901,,2025-11-19,R25BK01164442
R25BK01164442_000_1_000_283429,6,0.130687,0,4910160201,기념품,2148781132,,2025-11-19,R25BK01164442
R25BK01164442_000_1_000_283429,7,0.118578,0,4910160201,기념품,5621401241,,2025-11-19,R25BK01164442
R25BK01164442_000_1_000_283429,8,0.101969,0,4910160201,기념품,4426500498,,2025-11-19,R25BK01164442
R25BK01164442_000_1_000_283429,9,0.099486,0,4910160201,기념품,8348800401,,2025-11-19,R25BK01164442
R25BK01164442_000_1_000_283429,10,0.091193,0,4910160201,기념품,1902201037,,2025-11-19,R25BK01164442
R25BK01151841_000_1_000_281639,1,0.502438,1,2411180301,저장탱크,2278112134,주식회사 건호이엔씨,2025-11-20,R25BK01151841
R25BK01151841_000_1_000_281639,2,0.312657,0,2411180301,저장탱크,3018614681,,2025-11-20,R25BK01151841
R25BK01151841_000_1_000_281639,3,0.142464,0,2411180301,저장탱크,6108120516,,2025-11-20,R25BK01151841
R25BK01151841_000_1_000_281639,4,0.092013,0,2411180301,저장탱크,4108182440,,2025-11-20,R25BK01151841
R25BK01151841_000_1_000_281639,5,0.066683,0,2411180301,저장탱크,4763201231,,2025-11-20,R25BK01151841
R25BK01151841_000_1_000_281639,6,0.034645,0,2411180301,저장탱크,4098149835,,2025-11-20,R25BK01151841
R25BK01151841_000_1_000_281639,7,0.021977,0,2411180301,저장탱크,7958600704,,2025-11-20,R25BK01151841
R25BK01151841_000_1_000_281639,8,0.021977,0,2411180301,저장탱크,7660302735,,2025-11-20,R25BK01151841
R25BK01151841_000_1_000_281639,9,0.014991,0,2411180301,저장탱크,4098162406,,2025-11-20,R25BK01151841
R25BK01151841_000_1_000_281639,10,0.012918,0,2411180301,저장탱크,2238800275,,2025-11-20,R25BK01151841
R25BK01156059_000_1_000_290094,1,0.958279,1,1110152201,활성탄,3058629022,(주)스마트코리아,2025-11-20,R25BK01156059
R25BK01156059_000_1_000_290094,2,0.034769,0,1110152201,활성탄,4178513786,,2025-11-20,R25BK01156059
R25BK01156059_000_1_000_290094,3,0.024978,0,1110152201,활성탄,1876400712,,2025-11-20,R25BK01156059
R25BK01156059_000_1_000_290094,4,0.024473,0,1110152201,활성탄,5060971156,,2025-11-20,R25BK01156059
R25BK01156059_000_1_000_290094,5,0.02323,0,1110152201,활성탄,1278607414,,2025-11-20,R25BK01156059
R25BK01156059_000_1_000_290094,6,0.019041,0,1110152201,활성탄,3411000050,,2025-11-20,R25BK01156059
R25BK01156059_000_1_000_290094,7,0.016068,0,1110152201,활성탄,2982100048,,2025-11-20,R25BK01156059
R25BK01156059_000_1_000_290094,8,0.015541,0,1110152201,활성탄,5948601930,,2025-11-20,R25BK01156059
R25BK01156059_000_1_000_290094,9,0.015509,0,1110152201,활성탄,2082369994,,2025-11-20,R25BK01156059
R25BK01156059_000_1_000_290094,10,0.015371,0,1110152201,활성탄,5698703638,,2025-11-20,R25BK01156059
R25BK01160626_001_1_000_279600,1,0.336484,0,1235239101,염화칼슘,4158145800,,2025-11-20,R25BK01160626
R25BK01160626_001_1_000_279600,2,0.33317,0,1235239101,염화칼슘,3061571090,,2025-11-20,R25BK01160626
R25BK01160626_001_1_000_279600,3,0.228362,0,1235239101,염화칼슘,8974400937,,2025-11-20,R25BK01160626
R25BK01160626_001_1_000_279600,4,0.19976,1,1235239101,염화칼슘,6191030699,데코빌드,2025-11-20,R25BK01160626
R25BK01160626_001_1_000_279600,5,0.179541,0,1235239101,염화칼슘,8660200933,,2025-11-20,R25BK01160626
R25BK01160626_001_1_000_279600,6,0.167323,0,1235239101,염화칼슘,4382401404,,2025-11-20,R25BK01160626
R25BK01160626_001_1_000_279600,7,0.157057,0,1235239101,염화칼슘,1011508032,,2025-11-20,R25BK01160626
R25BK01160626_001_1_000_279600,8,0.120276,0,1235239101,염화칼슘,3591801809,,2025-11-20,R25BK01160626
R25BK01160626_001_1_000_279600,9,0.114272,0,1235239101,염화칼슘,8478102916,,2025-11-20,R25BK01160626
R25BK01160626_001_1_000_279600,10,0.106185,0,1235239101,염화칼슘,8161102898,,2025-11-20,R25BK01160626
R25BK01168035_000_1_000_282259,1,0.964755,1,4619160702,공기호흡기,1358121955,주식회사 한컴라이프케어,2025-11-21,R25BK01168035
R25BK01168035_000_1_000_282259,2,0.49556,0,4619160702,공기호흡기,6140475706,,2025-11-21,R25BK01168035
R25BK01168035_000_1_000_282259,3,0.021713,0,4619160702,공기호흡기,4340500800,,2025-11-21,R25BK01168035
R25BK01168035_000_1_000_282259,4,0.015761,0,4619160702,공기호흡기,4475900435,,2025-11-21,R25BK01168035
R25BK01168035_000_1_000_282259,5,0.015157,0,4619160702,공기호흡기,8152002320,,2025-11-21,R25BK01168035
R25BK01168035_000_1_000_282259,6,0.014369,0,4619160702,공기호흡기,6058701770,,2025-11-21,R25BK01168035
R25BK01168035_000_1_000_282259,7,0.01418,0,4619160702,공기호흡기,6022593083,,2025-11-21,R25BK01168035
R25BK01168035_000_1_000_282259,8,0.013878,0,4619160702,공기호흡기,3411000050,,2025-11-21,R25BK01168035
R25BK01168035_000_1_000_282259,9,0.012813,0,4619160702,공기호흡기,4040197932,,2025-11-21,R25BK01168035
R25BK01168035_000_1_000_282259,10,0.011833,0,4619160702,공기호흡기,8671901928,,2025-11-21,R25BK01168035
R25BK01172060_000_1_000_284736,1,0.980853,1,4619160702,공기호흡기,1358121955,주식회사 한컴라이프케어,2025-11-24,R25BK01172060
R25BK01172060_000_1_000_284736,2,0.541431,0,4619160702,공기호흡기,1608803078,,2025-11-24,R25BK01172060
R25BK01172060_000_1_000_284736,3,0.203518,0,4619160702,공기호흡기,5716500535,,2025-11-24,R25BK01172060
R25BK01172060_000_1_000_284736,4,0.014848,0,4619160702,공기호흡기,1448800614,,2025-11-24,R25BK01172060
R25BK01172060_000_1_000_284736,5,0.011005,0,4619160702,공기호흡기,8872100440,,2025-11-24,R25BK01172060
R25BK01172060_000_1_000_284736,6,0.010686,0,4619160702,공기호흡기,6212131931,,2025-11-24,R25BK01172060
R25BK01172060_000_1_000_284736,7,0.009829,0,4619160702,공기호흡기,8643200875,,2025-11-24,R25BK01172060
R25BK01172060_000_1_000_284736,8,0.009118,0,4619160702,공기호흡기,5513901230,,2025-11-24,R25BK01172060
R25BK01172060_000_1_000_284736,9,0.007859,0,4619160702,공기호흡기,2798100134,,2025-11-24,R25BK01172060
R25BK01172060_000_1_000_284736,10,0.007619,0,4619160702,공기호흡기,8791802001,,2025-11-24,R25BK01172060
R25BK01175125_000_1_000_284922,1,0.735596,1,4014250101,스트레이너,3078138162,주식회사 이에스텍,2025-11-24,R25BK01175125
R25BK01175125_000_1_000_284922,2,0.090605,0,4014250101,스트레이너,6210311872,,2025-11-24,R25BK01175125
R25BK01175125_000_1_000_284922,3,0.021133,0,4014250101,스트레이너,4178132577,,2025-11-24,R25BK01175125
R25BK01175125_000_1_000_284922,4,0.012527,0,4014250101,스트레이너,1198162143,,2025-11-24,R25BK01175125
R25BK01175125_000_1_000_284922,5,0.007564,0,4014250101,스트레이너,7374000807,,2025-11-24,R25BK01175125
R25BK01175125_000_1_000_284922,6,0.006176,0,4014250101,스트레이너,2888802606,,2025-11-24,R25BK01175125
R25BK01175125_000_1_000_284922,7,0.005765,0,4014250101,스트레이너,4292901119,,2025-11-24,R25BK01175125
R25BK01175125_000_1_000_284922,8,0.004589,0,4014250101,스트레이너,3952201796,,2025-11-24,R25BK01175125
R25BK01175125_000_1_000_284922,9,0.00458,0,4014250101,스트레이너,4706100520,,2025-11-24,R25BK01175125
R25BK01175125_000_1_000_284922,10,0.004095,0,4014250101,스트레이너,2228136150,,2025-11-24,R25BK01175125
R25BK01147243_000_1_000_293879,1,0.172885,1,3010220410,열연강판,6068629527,삼원메탈 주식회사,2025-11-25,R25BK01147243
R25BK01147243_000_1_000_293879,2,0.07059,0,3010220410,열연강판,2191264601,,2025-11-25,R25BK01147243
R25BK01147243_000_1_000_293879,3,0.065297,0,3010220410,열연강판,3862801867,,2025-11-25,R25BK01147243
R25BK01147243_000_1_000_293879,4,0.044721,0,3010220410,열연강판,3228101723,,2025-11-25,R25BK01147243
R25BK01147243_000_1_000_293879,5,0.039458,0,3010220410,열연강판,7802502000,,2025-11-25,R25BK01147243
R25BK01147243_000_1_000_293879,6,0.039399,0,3010220410,열연강판,5698601628,,2025-11-25,R25BK01147243
R25BK01147243_000_1_000_293879,7,0.035911,0,3010220410,열연강판,6022606931,,2025-11-25,R25BK01147243
R25BK01147243_000_1_000_293879,8,0.03355,0,3010220410,열연강판,2570403386,,2025-11-25,R25BK01147243
R25BK01147243_000_1_000_293879,9,0.029888,0,3010220410,열연강판,2888802606,,2025-11-25,R25BK01147243
R25BK01147243_000_1_000_293879,10,0.02942,0,3010220410,열연강판,1198801427,,2025-11-25,R25BK01147243
R25BK01154080_000_1_000_280344,1,0.423465,1,4110170501,실험실용분쇄기,3303200940,제이와이(JY),2025-11-25,R25BK01154080
R25BK01154080_000_1_000_280344,2,0.026093,0,4110170501,실험실용분쇄기,7595500382,,2025-11-25,R25BK01154080
R25BK01154080_000_1_000_280344,3,0.023194,0,4110170501,실험실용분쇄기,6260601841,,2025-11-25,R25BK01154080
R25BK01154080_000_1_000_280344,4,0.023138,0,4110170501,실험실용분쇄기,7180103124,,2025-11-25,R25BK01154080
R25BK01154080_000_1_000_280344,5,0.011917,0,4110170501,실험실용분쇄기,6913601202,,2025-11-25,R25BK01154080
R25BK01154080_000_1_000_280344,6,0.011886,0,4110170501,실험실용분쇄기,7258703238,,2025-11-25,R25BK01154080
R25BK01154080_000_1_000_280344,7,0.011845,0,4110170501,실험실용분쇄기,2673201355,,2025-11-25,R25BK01154080
R25BK01154080_000_1_000_280344,8,0.011845,0,4110170501,실험실용분쇄기,7110303466,,2025-11-25,R25BK01154080
R25BK01154080_000_1_000_280344,9,0.010781,0,4110170501,실험실용분쇄기,2583401578,,2025-11-25,R25BK01154080
R25BK01154080_000_1_000_280344,10,0.00938,0,4110170501,실험실용분쇄기,3152071822,,2025-11-25,R25BK01154080
R25BK01155404_000_1_000_279483,1,0.342737,0,4111250201,레오미터,6758603315,,2025-11-25,R25BK01155404
R25BK01155404_000_1_000_279483,2,0.217812,0,4111250201,레오미터,4855300060,,2025-11-25,R25BK01155404
R25BK01155404_000_1_000_279483,3,0.057519,0,4111250201,레오미터,6011092433,,2025-11-25,R25BK01155404
R25BK01155404_000_1_000_279483,4,0.047357,0,4111250201,레오미터,5100462234,,2025-11-25,R25BK01155404
R25BK01155404_000_1_000_279483,5,0.036203,0,4111250201,레오미터,6191360568,,2025-11-25,R25BK01155404
R25BK01155404_000_1_000_279483,6,0.029114,1,4111250201,레오미터,6122552599,안가,2025-11-25,R25BK01155404
R25BK01155404_000_1_000_279483,7,0.008607,0,4111250201,레오미터,5483301101,,2025-11-25,R25BK01155404
R25BK01155404_000_1_000_279483,8,0.008227,0,4111250201,레오미터,7511001877,,2025-11-25,R25BK01155404
R25BK01155404_000_1_000_279483,9,0.007445,0,4111250201,레오미터,4180357215,,2025-11-25,R25BK01155404
R25BK01155404_000_1_000_279483,10,0.007045,0,4111250201,레오미터,6778803329,,2025-11-25,R25BK01155404
R25BK01159641_000_1_000_279005,1,0.634835,1,4014239302,수도용폴리에틸렌이음관,1378124230,푸른나래(주),2025-11-25,R25BK01159641
R25BK01159641_000_1_000_279005,2,0.099221,0,4014239302,수도용폴리에틸렌이음관,2228110505,,2025-11-25,R25BK01159641
R25BK01159641_000_1_000_279005,3,0.063769,0,4014239302,수도용폴리에틸렌이음관,2890202186,,2025-11-25,R25BK01159641
R25BK01159641_000_1_000_279005,4,0.056446,0,4014239302,수도용폴리에틸렌이음관,3100676850,,2025-11-25,R25BK01159641
R25BK01159641_000_1_000_279005,5,0.035919,0,4014239302,수도용폴리에틸렌이음관,3452601877,,2025-11-25,R25BK01159641
R25BK01159641_000_1_000_279005,6,0.031692,0,4014239302,수도용폴리에틸렌이음관,5588802859,,2025-11-25,R25BK01159641
R25BK01159641_000_1_000_279005,7,0.025912,0,4014239302,수도용폴리에틸렌이음관,2228129552,,2025-11-25,R25BK01159641
R25BK01159641_000_1_000_279005,8,0.020964,0,4014239302,수도용폴리에틸렌이음관,2518702816,,2025-11-25,R25BK01159641
R25BK01159641_000_1_000_279005,9,0.015696,0,4014239302,수도용폴리에틸렌이음관,1272870993,,2025-11-25,R25BK01159641
R25BK01159641_000_1_000_279005,10,0.013907,0,4014239302,수도용폴리에틸렌이음관,3100535075,,2025-11-25,R25BK01159641
R25BK01160575_000_1_000_291307,1,0.355551,0,1511151001,액화석유가스,1691502602,,2025-11-26,R25BK01160575
R25BK01160575_000_1_000_291307,2,0.307342,0,1511151001,액화석유가스,3080740638,,2025-11-26,R25BK01160575
R25BK01160575_000_1_000_291307,3,0.279407,0,1511151001,액화석유가스,2271506132,,2025-11-26,R25BK01160575
R25BK01160575_000_1_000_291307,4,0.272121,0,1511151001,액화석유가스,3718601531,,2025-11-26,R25BK01160575
R25BK01160575_000_1_000_291307,5,0.255852,0,1511151001,액화석유가스,4512002238,,2025-11-26,R25BK01160575
R25BK01160575_000_1_000_291307,6,0.212009,0,1511151001,액화석유가스,1585600698,,2025-11-26,R25BK01160575
R25BK01160575_000_1_000_291307,7,0.211194,1,1511151001,액화석유가스,1401601157,중앙에너지,2025-11-26,R25BK01160575
R25BK01160575_000_1_000_291307,8,0.205447,0,1511151001,액화석유가스,5330103620,,2025-11-26,R25BK01160575
R25BK01160575_000_1_000_291307,9,0.194133,0,1511151001,액화석유가스,4454200445,,2025-11-26,R25BK01160575
R25BK01160575_000_1_000_291307,10,0.080812,0,1511151001,액화석유가스,4816800437,,2025-11-26,R25BK01160575
R25BK01161285_000_1_000_288681,1,0.340973,0,1235239101,염화칼슘,6562102029,,2025-11-26,R25BK01161285
R25BK01161285_000_1_000_288681,2,0.330397,0,1235239101,염화칼슘,5803400869,,2025-11-26,R25BK01161285
R25BK01161285_000_1_000_288681,3,0.330397,0,1235239101,염화칼슘,5290902123,,2025-11-26,R25BK01161285
R25BK01161285_000_1_000_288681,4,0.251435,0,1235239101,염화칼슘,5795000777,,2025-11-26,R25BK01161285
R25BK01161285_000_1_000_288681,5,0.214593,0,1235239101,염화칼슘,6078167005,,2025-11-26,R25BK01161285
R25BK01161285_000_1_000_288681,6,0.196125,0,1235239101,염화칼슘,2062338888,,2025-11-26,R25BK01161285
R25BK01161285_000_1_000_288681,7,0.178973,1,1235239101,염화칼슘,3403600800,수지상사,2025-11-26,R25BK01161285
R25BK01161285_000_1_000_288681,8,0.128809,0,1235239101,염화칼슘,5370701252,,2025-11-26,R25BK01161285
R25BK01161285_000_1_000_288681,9,0.115197,0,1235239101,염화칼슘,4333101751,,2025-11-26,R25BK01161285
R25BK01161285_000_1_000_288681,10,0.105321,0,1235239101,염화칼슘,3730802241,,2025-11-26,R25BK01161285
R25BK01171523_000_1_000_281679,1,0.166469,0,4014218702,일반구조용탄소강관,1928101651,,2025-11-27,R25BK01171523
R25BK01171523_000_1_000_281679,2,0.152535,0,4014218702,일반구조용탄소강관,4191701778,,2025-11-27,R25BK01171523
R25BK01171523_000_1_000_281679,3,0.150972,1,4014218702,일반구조용탄소강관,2210338666,한국종합통신,2025-11-27,R25BK01171523
R25BK01171523_000_1_000_281679,4,0.132587,0,4014218702,일반구조용탄소강관,5702901095,,2025-11-27,R25BK01171523
R25BK01171523_000_1_000_281679,5,0.123564,0,4014218702,일반구조용탄소강관,1258632071,,2025-11-27,R25BK01171523
R25BK01171523_000_1_000_281679,6,0.120725,0,4014218702,일반구조용탄소강관,1493201057,,2025-11-27,R25BK01171523
R25BK01171523_000_1_000_281679,7,0.117216,0,4014218702,일반구조용탄소강관,5238102039,,2025-11-27,R25BK01171523
R25BK01171523_000_1_000_281679,8,0.079703,0,4014218702,일반구조용탄소강관,5151320231,,2025-11-27,R25BK01171523
R25BK01171523_000_1_000_281679,9,0.066767,0,4014218702,일반구조용탄소강관,2521301594,,2025-11-27,R25BK01171523
R25BK01171523_000_1_000_281679,10,0.06073,0,4014218702,일반구조용탄소강관,8672201160,,2025-11-27,R25BK01171523
R25BK01165080_000_1_000_285545,1,0.697867,0,4010180604,히트펌프,2893001481,,2025-11-28,R25BK01165080
R25BK01165080_000_1_000_285545,2,0.666529,0,4010180604,히트펌프,7538603430,,2025-11-28,R25BK01165080
R25BK01165080_000_1_000_285545,3,0.585476,0,4010180604,히트펌프,1688102356,,2025-11-28,R25BK01165080
R25BK01165080_000_1_000_285545,4,0.496186,0,4010180604,히트펌프,2248138528,,2025-11-28,R25BK01165080
R25BK01165080_000_1_000_285545,5,0.320082,0,4010180604,히트펌프,6122552599,,2025-11-28,R25BK01165080
R25BK01165080_000_1_000_285545,6,0.227297,1,4010180604,히트펌프,6138134440,주식회사 서정개발,2025-11-28,R25BK01165080
R25BK01165080_000_1_000_285545,7,0.19517,0,4010180604,히트펌프,4210602677,,2025-11-28,R25BK01165080
R25BK01165080_000_1_000_285545,8,0.186163,0,4010180604,히트펌프,2258504470,,2025-11-28,R25BK01165080
R25BK01165080_000_1_000_285545,9,0.184804,0,4010180604,히트펌프,3138127433,,2025-11-28,R25BK01165080
R25BK01165080_000_1_000_285545,10,0.153496,0,4010180604,히트펌프,8442102062,,2025-11-28,R25BK01165080
R25BK01178854_000_1_000_278887,1,0.628112,1,4010178702,냉난방기,5258602175,경산주식회사,2025-11-28,R25BK01178854
R25BK01178854_000_1_000_278887,2,0.455533,0,4010178702,냉난방기,1378648843,,2025-11-28,R25BK01178854
R25BK01178854_000_1_000_278887,3,0.230192,0,4010178702,냉난방기,6131988686,,2025-11-28,R25BK01178854
R25BK01178854_000_1_000_278887,4,0.06331,0,4010178702,냉난방기,4108689002,,2025-11-28,R25BK01178854
R25BK01178854_000_1_000_278887,5,0.052628,0,4010178702,냉난방기,1218172625,,2025-11-28,R25BK01178854
R25BK01178854_000_1_000_278887,6,0.044153,0,4010178702,냉난방기,8400801500,,2025-11-28,R25BK01178854
R25BK01178854_000_1_000_278887,7,0.043014,0,4010178702,냉난방기,1068619121,,2025-11-28,R25BK01178854
R25BK01178854_000_1_000_278887,8,0.039837,0,4010178702,냉난방기,4284201186,,2025-11-28,R25BK01178854
R25BK01178854_000_1_000_278887,9,0.036936,0,4010178702,냉난방기,7248702804,,2025-11-28,R25BK01178854
R25BK01178854_000_1_000_278887,10,0.03541,0,4010178702,냉난방기,8750303310,,2025-11-28,R25BK01178854
R25BK01177829_000_1_000_288916,1,0.61465,0,4010178702,냉난방기,8548603145,,2025-12-01,R25BK01177829
R25BK01177829_000_1_000_288916,2,0.534973,0,4010178702,냉난방기,1198111101,,2025-12-01,R25BK01177829
R25BK01177829_000_1_000_288916,3,0.316417,0,4010178702,냉난방기,2158627283,,2025-12-01,R25BK01177829
R25BK01177829_000_1_000_288916,4,0.299175,0,4010178702,냉난방기,1818602150,,2025-12-01,R25BK01177829
R25BK01177829_000_1_000_288916,5,0.202142,0,4010178702,냉난방기,1378141582,,2025-12-01,R25BK01177829
R25BK01177829_000_1_000_288916,6,0.19723,0,4010178702,냉난방기,4168140680,,2025-12-01,R25BK01177829
R25BK01177829_000_1_000_288916,7,0.194766,0,4010178702,냉난방기,2032004151,,2025-12-01,R25BK01177829
R25BK01177829_000_1_000_288916,8,0.150781,0,4010178702,냉난방기,4851502222,,2025-12-01,R25BK01177829
R25BK01177829_000_1_000_288916,9,0.135917,0,4010178702,냉난방기,6024265129,,2025-12-01,R25BK01177829
R25BK01177829_000_1_000_288916,10,0.119408,0,4010178702,냉난방기,6178701749,,2025-12-01,R25BK01177829
R25BK01169004_000_1_000_293914,1,0.754935,1,6010999901,교육훈련장비,4068104085,메디컬아이피 주식회사,2025-12-02,R25BK01169004
R25BK01169004_000_1_000_293914,2,0.426623,0,6010999901,교육훈련장비,1361263419,,2025-12-02,R25BK01169004
R25BK01169004_000_1_000_293914,3,0.228291,0,6010999901,교육훈련장비,6140801143,,2025-12-02,R25BK01169004
R25BK01169004_000_1_000_293914,4,0.195966,0,6010999901,교육훈련장비,3148610115,,2025-12-02,R25BK01169004
R25BK01169004_000_1_000_293914,5,0.142826,0,6010999901,교육훈련장비,6132231960,,2025-12-02,R25BK01169004
R25BK01169004_000_1_000_293914,6,0.051181,0,6010999901,교육훈련장비,2588501963,,2025-12-02,R25BK01169004
R25BK01169004_000_1_000_293914,7,0.042373,0,6010999901,교육훈련장비,4058701812,,2025-12-02,R25BK01169004
R25BK01169004_000_1_000_293914,8,0.040208,0,6010999901,교육훈련장비,6042351090,,2025-12-02,R25BK01169004
R25BK01169004_000_1_000_293914,9,0.037906,0,6010999901,교육훈련장비,3490903069,,2025-12-02,R25BK01169004
R25BK01169004_000_1_000_293914,10,0.033692,0,6010999901,교육훈련장비,7511702045,,2025-12-02,R25BK01169004
R25BK01172824_000_1_000_290314,1,0.441738,0,4220189101,감마계수기,3032909046,,2025-12-02,R25BK01172824
R25BK01172824_000_1_000_290314,2,0.107747,1,4220189101,감마계수기,5058801759,주식회사 더텍,2025-12-02,R25BK01172824
R25BK01172824_000_1_000_290314,3,0.004765,0,4220189101,감마계수기,2888802606,,2025-12-02,R25BK01172824
R25BK01172824_000_1_000_290314,4,0.003453,0,4220189101,감마계수기,2158783619,,2025-12-02,R25BK01172824
R25BK01172824_000_1_000_290314,5,0.002304,0,4220189101,감마계수기,2277500506,,2025-12-02,R25BK01172824
R25BK01172824_000_1_000_290314,6,0.002195,0,4220189101,감마계수기,8878102928,,2025-12-02,R25BK01172824
R25BK01172824_000_1_000_290314,7,0.002113,0,4220189101,감마계수기,2130233834,,2025-12-02,R25BK01172824
R25BK01172824_000_1_000_290314,8,0.002047,0,4220189101,감마계수기,8320802167,,2025-12-02,R25BK01172824
R25BK01172824_000_1_000_290314,9,0.002018,0,4220189101,감마계수기,2011525821,,2025-12-02,R25BK01172824
R25BK01172824_000_1_000_290314,10,0.001952,0,4220189101,감마계수기,3961002290,,2025-12-02,R25BK01172824
R25BK01185590_000_1_000_292960,1,0.752803,0,4010178702,냉난방기,2108148842,,2025-12-02,R25BK01185590
R25BK01185590_000_1_000_292960,2,0.263378,0,4010178702,냉난방기,7752002134,,2025-12-02,R25BK01185590
R25BK01185590_000_1_000_292960,3,0.180581,0,4010178702,냉난방기,8251301728,,2025-12-02,R25BK01185590
R25BK01185590_000_1_000_292960,4,0.164144,0,4010178702,냉난방기,7595500382,,2025-12-02,R25BK01185590
R25BK01185590_000_1_000_292960,5,0.155152,0,4010178702,냉난방기,4168140680,,2025-12-02,R25BK01185590
R25BK01185590_000_1_000_292960,6,0.14799,1,4010178702,냉난방기,4748603667,주식회사 한밭이엔씨,2025-12-02,R25BK01185590
R25BK01185590_000_1_000_292960,7,0.144651,0,4010178702,냉난방기,5134301481,,2025-12-02,R25BK01185590
R25BK01185590_000_1_000_292960,8,0.143059,0,4010178702,냉난방기,2158787861,,2025-12-02,R25BK01185590
R25BK01185590_000_1_000_292960,9,0.134919,0,4010178702,냉난방기,1082335398,,2025-12-02,R25BK01185590
R25BK01185590_000_1_000_292960,10,0.116374,0,4010178702,냉난방기,6324600580,,2025-12-02,R25BK01185590
R25BK01195074_000_1_000_288035,1,0.422758,0,4322281805,통합배선반,5048604803,,2025-12-02,R25BK01195074
R25BK01195074_000_1_000_288035,2,0.397596,0,4322281805,통합배선반,6138177115,,2025-12-02,R25BK01195074
R25BK01195074_000_1_000_288035,3,0.383814,0,4322281805,통합배선반,6088118002,,2025-12-02,R25BK01195074
R25BK01195074_000_1_000_288035,4,0.195134,0,4322281805,통합배선반,1318613384,,2025-12-02,R25BK01195074
R25BK01195074_000_1_000_288035,5,0.151349,1,4322281805,통합배선반,2268137976,에스엔티주식회사,2025-12-02,R25BK01195074
R25BK01195074_000_1_000_288035,6,0.068072,0,4322281805,통합배선반,6048116695,,2025-12-02,R25BK01195074
R25BK01195074_000_1_000_288035,7,0.021458,0,4322281805,통합배선반,1358126192,,2025-12-02,R25BK01195074
R25BK01195074_000_1_000_288035,8,0.015557,0,4322281805,통합배선반,4028156825,,2025-12-02,R25BK01195074
R25BK01195074_000_1_000_288035,9,0.011333,0,4322281805,통합배선반,1478800888,,2025-12-02,R25BK01195074
R25BK01195074_000_1_000_288035,10,0.007676,0,4322281805,통합배선반,4028134461,,2025-12-02,R25BK01195074
R25BK01161466_000_1_000_290702,1,0.743544,0,4111368201,전력시험기,2028703230,,2025-12-03,R25BK01161466
R25BK01161466_000_1_000_290702,2,0.306791,1,4111368201,전력시험기,4101411512,케이디,2025-12-03,R25BK01161466
R25BK01161466_000_1_000_290702,3,0.231114,0,4111368201,전력시험기,8042402352,,2025-12-03,R25BK01161466
R25BK01161466_000_1_000_290702,4,0.208388,0,4111368201,전력시험기,1568102367,,2025-12-03,R25BK01161466
R25BK01161466_000_1_000_290702,5,0.207701,0,4111368201,전력시험기,3522002789,,2025-12-03,R25BK01161466
R25BK01161466_000_1_000_290702,6,0.081524,0,4111368201,전력시험기,5483301101,,2025-12-03,R25BK01161466
R25BK01161466_000_1_000_290702,7,0.07783,0,4111368201,전력시험기,6191217384,,2025-12-03,R25BK01161466
R25BK01161466_000_1_000_290702,8,0.070128,0,4111368201,전력시험기,5165700891,,2025-12-03,R25BK01161466
R25BK01161466_000_1_000_290702,9,0.05675,0,4111368201,전력시험기,2794201454,,2025-12-03,R25BK01161466
R25BK01161466_000_1_000_290702,10,0.038505,0,4111368201,전력시험기,7534801008,,2025-12-03,R25BK01161466
R25BK01174141_000_1_000_288660,1,0.913804,1,1110152201,활성탄,2368601830,주식회사 이수카본,2025-12-03,R25BK01174141
R25BK01174141_000_1_000_288660,2,0.054633,0,1110152201,활성탄,8694100945,,2025-12-03,R25BK01174141
R25BK01174141_000_1_000_288660,3,0.047484,0,1110152201,활성탄,7330701791,,2025-12-03,R25BK01174141
R25BK01174141_000_1_000_288660,4,0.046724,0,1110152201,활성탄,1058655478,,2025-12-03,R25BK01174141
R25BK01174141_000_1_000_288660,5,0.040665,0,1110152201,활성탄,4902901218,,2025-12-03,R25BK01174141
R25BK01174141_000_1_000_288660,6,0.038683,0,1110152201,활성탄,7625000966,,2025-12-03,R25BK01174141
R25BK01174141_000_1_000_288660,7,0.036125,0,1110152201,활성탄,2983001428,,2025-12-03,R25BK01174141
R25BK01174141_000_1_000_288660,8,0.028859,0,1110152201,활성탄,3825100850,,2025-12-03,R25BK01174141
R25BK01174141_000_1_000_288660,9,0.027019,0,1110152201,활성탄,5150737726,,2025-12-03,R25BK01174141
R25BK01174141_000_1_000_288660,10,0.026599,0,1110152201,활성탄,6224401079,,2025-12-03,R25BK01174141
R25BK01179237_000_1_000_286528,1,0.257308,1,4014218702,일반구조용탄소강관,5338100815,(주)에이스네트웍스,2025-12-03,R25BK01179237
R25BK01179237_000_1_000_286528,2,0.182125,0,4014218702,일반구조용탄소강관,2228112293,,2025-12-03,R25BK01179237
R25BK01179237_000_1_000_286528,3,0.145792,0,4014218702,일반구조용탄소강관,5371201431,,2025-12-03,R25BK01179237
R25BK01179237_000_1_000_286528,4,0.11457,0,4014218702,일반구조용탄소강관,5120952265,,2025-12-03,R25BK01179237
R25BK01179237_000_1_000_286528,5,0.101507,0,4014218702,일반구조용탄소강관,2062878191,,2025-12-03,R25BK01179237
R25BK01179237_000_1_000_286528,6,0.100879,0,4014218702,일반구조용탄소강관,7210301733,,2025-12-03,R25BK01179237
R25BK01179237_000_1_000_286528,7,0.100879,0,4014218702,일반구조용탄소강관,3594500524,,2025-12-03,R25BK01179237
R25BK01179237_000_1_000_286528,8,0.081791,0,4014218702,일반구조용탄소강관,5818801898,,2025-12-03,R25BK01179237
R25BK01179237_000_1_000_286528,9,0.067637,0,4014218702,일반구조용탄소강관,4340500800,,2025-12-03,R25BK01179237
R25BK01179237_000_1_000_286528,10,0.064933,0,4014218702,일반구조용탄소강관,7342101806,,2025-12-03,R25BK01179237
R25BK01185974_000_1_001_290566,1,0.906108,1,3010990201,혼합골재,3428803044,씨에스산업주식회사,2025-12-03,R25BK01185974
R25BK01185974_000_1_001_290566,2,0.455248,0,3010990201,혼합골재,7848802841,,2025-12-03,R25BK01185974
R25BK01185974_000_1_001_290566,3,0.308021,0,3010990201,혼합골재,6158120433,,2025-12-03,R25BK01185974
R25BK01185974_000_1_001_290566,4,0.210815,0,3010990201,혼합골재,2708701574,,2025-12-03,R25BK01185974
R25BK01185974_000_1_001_290566,5,0.068184,0,3010990201,혼합골재,7618101141,,2025-12-03,R25BK01185974
R25BK01185974_000_1_001_290566,6,0.049186,0,3010990201,혼합골재,8738700826,,2025-12-03,R25BK01185974
R25BK01185974_000_1_001_290566,7,0.017885,0,3010990201,혼합골재,3348701257,,2025-12-03,R25BK01185974
R25BK01185974_000_1_001_290566,8,0.013978,0,3010990201,혼합골재,2808601477,,2025-12-03,R25BK01185974
R25BK01185974_000_1_001_290566,9,0.013622,0,3010990201,혼합골재,7628103249,,2025-12-03,R25BK01185974
R25BK01185974_000_1_001_290566,10,0.012521,0,3010990201,혼합골재,5483301101,,2025-12-03,R25BK01185974
R25BK01186339_000_1_000_287768,1,0.664504,1,2110179601,탈망기,4161749754,보성종합기계,2025-12-03,R25BK01186339
R25BK01186339_000_1_000_287768,2,0.49244,0,2110179601,탈망기,7278100031,,2025-12-03,R25BK01186339
R25BK01186339_000_1_000_287768,3,0.330679,0,2110179601,탈망기,4180718433,,2025-12-03,R25BK01186339
R25BK01186339_000_1_000_287768,4,0.25394,0,2110179601,탈망기,8962900023,,2025-12-03,R25BK01186339
R25BK01186339_000_1_000_287768,5,0.239139,0,2110179601,탈망기,4031816953,,2025-12-03,R25BK01186339
R25BK01186339_000_1_000_287768,6,0.171518,0,2110179601,탈망기,4060152912,,2025-12-03,R25BK01186339
R25BK01186339_000_1_000_287768,7,0.106545,0,2110179601,탈망기,4180621789,,2025-12-03,R25BK01186339
R25BK01186339_000_1_000_287768,8,0.099705,0,2110179601,탈망기,1240780463,,2025-12-03,R25BK01186339
R25BK01186339_000_1_000_287768,9,0.08883,0,2110179601,탈망기,4070656691,,2025-12-03,R25BK01186339
R25BK01186339_000_1_000_287768,10,0.034961,0,2110179601,탈망기,3712601750,,2025-12-03,R25BK01186339
R25BK01192214_000_1_000_294029,1,0.964755,1,4619160702,공기호흡기,1358121955,주식회사 한컴라이프케어,2025-12-03,R25BK01192214
R25BK01192214_000_1_000_294029,2,0.259079,0,4619160702,공기호흡기,8050900484,,2025-12-03,R25BK01192214
R25BK01192214_000_1_000_294029,3,0.05925,0,4619160702,공기호흡기,1101586288,,2025-12-03,R25BK01192214
R25BK01192214_000_1_000_294029,4,0.056069,0,4619160702,공기호흡기,1280279167,,2025-12-03,R25BK01192214
R25BK01192214_000_1_000_294029,5,0.031966,0,4619160702,공기호흡기,5938701104,,2025-12-03,R25BK01192214
R25BK01192214_000_1_000_294029,6,0.023613,0,4619160702,공기호흡기,5060516005,,2025-12-03,R25BK01192214
R25BK01192214_000_1_000_294029,7,0.012359,0,4619160702,공기호흡기,8022401264,,2025-12-03,R25BK01192214
R25BK01192214_000_1_000_294029,8,0.01176,0,4619160702,공기호흡기,6858700762,,2025-12-03,R25BK01192214
R25BK01192214_000_1_000_294029,9,0.009471,0,4619160702,공기호흡기,7642901458,,2025-12-03,R25BK01192214
R25BK01192214_000_1_000_294029,10,0.009226,0,4619160702,공기호흡기,3020538256,,2025-12-03,R25BK01192214
R25BK01177940_000_1_000_292867,1,0.923691,1,1110152201,활성탄,2368601830,주식회사 이수카본,2025-12-04,R25BK01177940
R25BK01177940_000_1_000_292867,2,0.131882,0,1110152201,활성탄,2058124741,,2025-12-04,R25BK01177940
R25BK01177940_000_1_000_292867,3,0.099532,0,1110152201,활성탄,2620802145,,2025-12-04,R25BK01177940
R25BK01177940_000_1_000_292867,4,0.040438,0,1110152201,활성탄,1278147274,,2025-12-04,R25BK01177940
R25BK01177940_000_1_000_292867,5,0.038172,0,1110152201,활성탄,5140590817,,2025-12-04,R25BK01177940
R25BK01177940_000_1_000_292867,6,0.033556,0,1110152201,활성탄,1193601035,,2025-12-04,R25BK01177940
R25BK01177940_000_1_000_292867,7,0.027687,0,1110152201,활성탄,4918101524,,2025-12-04,R25BK01177940
R25BK01177940_000_1_000_292867,8,0.027181,0,1110152201,활성탄,6022593083,,2025-12-04,R25BK01177940
R25BK01177940_000_1_000_292867,9,0.026798,0,1110152201,활성탄,3702501430,,2025-12-04,R25BK01177940
R25BK01177940_000_1_000_292867,10,0.024035,0,1110152201,활성탄,4163112286,,2025-12-04,R25BK01177940
R25BK01185314_001_1_000_292523,1,0.363432,0,4010178702,냉난방기,1068627747,,2025-12-04,R25BK01185314
R25BK01185314_001_1_000_292523,2,0.338743,0,4010178702,냉난방기,4128131156,,2025-12-04,R25BK01185314
R25BK01185314_001_1_000_292523,3,0.281756,0,4010178702,냉난방기,6210520661,,2025-12-04,R25BK01185314
R25BK01185314_001_1_000_292523,4,0.205676,0,4010178702,냉난방기,1318603625,,2025-12-04,R25BK01185314
R25BK01185314_001_1_000_292523,5,0.141246,0,4010178702,냉난방기,6543601616,,2025-12-04,R25BK01185314
R25BK01185314_001_1_000_292523,6,0.138033,0,4010178702,냉난방기,7335600960,,2025-12-04,R25BK01185314
R25BK01185314_001_1_000_292523,7,0.137246,0,4010178702,냉난방기,1950600732,,2025-12-04,R25BK01185314
R25BK01185314_001_1_000_292523,8,0.137183,0,4010178702,냉난방기,4668801740,,2025-12-04,R25BK01185314
R25BK01185314_001_1_000_292523,9,0.122085,0,4010178702,냉난방기,8868103787,,2025-12-04,R25BK01185314
R25BK01185314_001_1_000_292523,10,0.104451,0,4010178702,냉난방기,7728702123,,2025-12-04,R25BK01185314
R25BK01186897_000_1_000_289930,1,0.909161,1,4010178702,냉난방기,6068192710,(주)가야기술,2025-12-04,R25BK01186897
R25BK01186897_000_1_000_289930,2,0.598068,0,4010178702,냉난방기,6098605975,,2025-12-04,R25BK01186897
R25BK01186897_000_1_000_289930,3,0.528105,0,4010178702,냉난방기,6138151527,,2025-12-04,R25BK01186897
R25BK01186897_000_1_000_289930,4,0.310511,0,4010178702,냉난방기,7938800890,,2025-12-04,R25BK01186897
R25BK01186897_000_1_000_289930,5,0.224596,0,4010178702,냉난방기,1998702105,,2025-12-04,R25BK01186897
R25BK01186897_000_1_000_289930,6,0.166082,0,4010178702,냉난방기,2518103623,,2025-12-04,R25BK01186897
R25BK01186897_000_1_000_289930,7,0.110703,0,4010178702,냉난방기,4151663931,,2025-12-04,R25BK01186897
R25BK01186897_000_1_000_289930,8,0.105545,0,4010178702,냉난방기,6432002104,,2025-12-04,R25BK01186897
R25BK01186897_000_1_000_289930,9,0.096799,0,4010178702,냉난방기,8532401850,,2025-12-04,R25BK01186897
R25BK01186897_000_1_000_289930,10,0.094528,0,4010178702,냉난방기,6088195668,,2025-12-04,R25BK01186897
R25BK01187794_000_1_000_292367,1,0.813621,0,4322281805,통합배선반,1228643768,,2025-12-04,R25BK01187794
R25BK01187794_000_1_000_292367,2,0.437435,0,4322281805,통합배선반,7198700629,,2025-12-04,R25BK01187794
R25BK01187794_000_1_000_292367,3,0.352742,0,4322281805,통합배선반,4038112188,,2025-12-04,R25BK01187794
R25BK01187794_000_1_000_292367,4,0.334754,0,4322281805,통합배선반,6058185031,,2025-12-04,R25BK01187794
R25BK01187794_000_1_000_292367,5,0.292719,0,4322281805,통합배선반,6178138114,,2025-12-04,R25BK01187794
R25BK01187794_000_1_000_292367,6,0.274497,1,4322281805,통합배선반,1408167327,주식회사 이룸아이앤씨,2025-12-04,R25BK01187794
R25BK01187794_000_1_000_292367,7,0.133962,0,4322281805,통합배선반,1188115778,,2025-12-04,R25BK01187794
R25BK01187794_000_1_000_292367,8,0.102235,0,4322281805,통합배선반,1088178984,,2025-12-04,R25BK01187794
R25BK01187794_000_1_000_292367,9,0.083621,0,4322281805,통합배선반,3148166292,,2025-12-04,R25BK01187794
R25BK01187794_000_1_000_292367,10,0.013332,0,4322281805,통합배선반,3248801941,,2025-12-04,R25BK01187794
R25BK01188170_000_1_000_288640,1,0.370229,0,1511151001,액화석유가스,8571400475,,2025-12-04,R25BK01188170
R25BK01188170_000_1_000_288640,2,0.347807,0,1511151001,액화석유가스,1401601157,,2025-12-04,R25BK01188170
R25BK01188170_000_1_000_288640,3,0.324604,0,1511151001,액화석유가스,8940600805,,2025-12-04,R25BK01188170
R25BK01188170_000_1_000_288640,4,0.310227,1,1511151001,액화석유가스,3080740638,대동산업,2025-12-04,R25BK01188170
R25BK01188170_000_1_000_288640,5,0.283163,0,1511151001,액화석유가스,2271506132,,2025-12-04,R25BK01188170
R25BK01188170_000_1_000_288640,6,0.244717,0,1511151001,액화석유가스,2861801137,,2025-12-04,R25BK01188170
R25BK01188170_000_1_000_288640,7,0.226007,0,1511151001,액화석유가스,6630303279,,2025-12-04,R25BK01188170
R25BK01188170_000_1_000_288640,8,0.22274,0,1511151001,액화석유가스,5330103620,,2025-12-04,R25BK01188170
R25BK01188170_000_1_000_288640,9,0.21513,0,1511151001,액화석유가스,1585600698,,2025-12-04,R25BK01188170
R25BK01188170_000_1_000_288640,10,0.177271,0,1511151001,액화석유가스,3593001325,,2025-12-04,R25BK01188170
R25BK01188699_000_1_000_288730,1,0.600577,1,2316158101,분사기,3062639460,대전종합총포사,2025-12-04,R25BK01188699
R25BK01188699_000_1_000_288730,2,0.01853,0,2316158101,분사기,5858103564,,2025-12-04,R25BK01188699
R25BK01188699_000_1_000_288730,3,0.01223,0,2316158101,분사기,1268638777,,2025-12-04,R25BK01188699
R25BK01188699_000_1_000_288730,4,0.004977,0,2316158101,분사기,5568101156,,2025-12-04,R25BK01188699
R25BK01188699_000_1_000_288730,5,0.004419,0,2316158101,분사기,1212367229,,2025-12-04,R25BK01188699
R25BK01188699_000_1_000_288730,6,0.004268,0,2316158101,분사기,7620400047,,2025-12-04,R25BK01188699
R25BK01188699_000_1_000_288730,7,0.00415,0,2316158101,분사기,6963001317,,2025-12-04,R25BK01188699
R25BK01188699_000_1_000_288730,8,0.004095,0,2316158101,분사기,2158783619,,2025-12-04,R25BK01188699
R25BK01188699_000_1_000_288730,9,0.003984,0,2316158101,분사기,2872201480,,2025-12-04,R25BK01188699
R25BK01188699_000_1_000_288730,10,0.003943,0,2316158101,분사기,7481801052,,2025-12-04,R25BK01188699
R25BK01190188_000_1_000_291588,1,0.72906,1,1013170201,수족관,8220104102,충청지역경제연구소,2025-12-04,R25BK01190188
R25BK01190188_000_1_000_291588,2,0.016801,0,1013170201,수족관,1961301498,,2025-12-04,R25BK01190188
R25BK01190188_000_1_000_291588,3,0.013303,0,1013170201,수족관,4160442917,,2025-12-04,R25BK01190188
R25BK01190188_000_1_000_291588,4,0.010789,0,1013170201,수족관,8445300804,,2025-12-04,R25BK01190188
R25BK01190188_000_1_000_291588,5,0.007293,0,1013170201,수족관,6914301175,,2025-12-04,R25BK01190188
R25BK01190188_000_1_000_291588,6,0.007262,0,1013170201,수족관,2971400407,,2025-12-04,R25BK01190188
R25BK01190188_000_1_000_291588,7,0.007129,0,1013170201,수족관,7150501727,,2025-12-04,R25BK01190188
R25BK01190188_000_1_000_291588,8,0.006677,0,1013170201,수족관,3018602545,,2025-12-04,R25BK01190188
R25BK01190188_000_1_000_291588,9,0.006489,0,1013170201,수족관,1343905496,,2025-12-04,R25BK01190188
R25BK01190188_000_1_000_291588,10,0.006221,0,1013170201,수족관,8736100637,,2025-12-04,R25BK01190188
R25BK01184599_000_1_000_293493,1,0.975344,1,3011150402,모르타르,5068150967,(주)범아산업,2025-12-05,R25BK01184599
R25BK01184599_000_1_000_293493,2,0.086207,0,3011150402,모르타르,2021599777,,2025-12-05,R25BK01184599
R25BK01184599_000_1_000_293493,3,0.065398,0,3011150402,모르타르,8391601354,,2025-12-05,R25BK01184599
R25BK01184599_000_1_000_293493,4,0.056452,0,3011150402,모르타르,4161532109,,2025-12-05,R25BK01184599
R25BK01184599_000_1_000_293493,5,0.055231,0,3011150402,모르타르,2605600439,,2025-12-05,R25BK01184599
R25BK01184599_000_1_000_293493,6,0.053797,0,3011150402,모르타르,2588100592,,2025-12-05,R25BK01184599
R25BK01184599_000_1_000_293493,7,0.051233,0,3011150402,모르타르,8418601817,,2025-12-05,R25BK01184599
R25BK01184599_000_1_000_293493,8,0.044445,0,3011150402,모르타르,6023207533,,2025-12-05,R25BK01184599
R25BK01184599_000_1_000_293493,9,0.033376,0,3011150402,모르타르,6768701393,,2025-12-05,R25BK01184599
R25BK01184599_000_1_000_293493,10,0.028196,0,3011150402,모르타르,6591600195,,2025-12-05,R25BK01184599
R25BK01188243_000_1_000_289214,1,0.749811,0,1235230502,가성소다,6321500892,,2025-12-05,R25BK01188243
R25BK01188243_000_1_000_289214,2,0.268443,0,1235230502,가성소다,6088188906,,2025-12-05,R25BK01188243
R25BK01188243_000_1_000_289214,3,0.255178,0,1235230502,가성소다,2212671010,,2025-12-05,R25BK01188243
R25BK01188243_000_1_000_289214,4,0.24435,0,1235230502,가성소다,7643200731,,2025-12-05,R25BK01188243
R25BK01188243_000_1_000_289214,5,0.198552,0,1235230502,가성소다,8550800560,,2025-12-05,R25BK01188243
R25BK01188243_000_1_000_289214,6,0.173217,0,1235230502,가성소다,1178600923,,2025-12-05,R25BK01188243
R25BK01188243_000_1_000_289214,7,0.147549,0,1235230502,가성소다,3612800802,,2025-12-05,R25BK01188243
R25BK01188243_000_1_000_289214,8,0.132354,1,1235230502,가성소다,5058700132,주식회사 대성씨엠피,2025-12-05,R25BK01188243
R25BK01188243_000_1_000_289214,9,0.100027,0,1235230502,가성소다,6561802048,,2025-12-05,R25BK01188243
R25BK01188243_000_1_000_289214,10,0.098791,0,1235230502,가성소다,2665200119,,2025-12-05,R25BK01188243
R25BK01192823_000_1_000_290251,1,0.966265,1,1110152201,활성탄,3058629022,(주)스마트코리아,2025-12-08,R25BK01192823
R25BK01192823_000_1_000_290251,2,0.209108,0,1110152201,활성탄,2248140441,,2025-12-08,R25BK01192823
R25BK01192823_000_1_000_290251,3,0.091246,0,1110152201,활성탄,7458703663,,2025-12-08,R25BK01192823
R25BK01192823_000_1_000_290251,4,0.078252,0,1110152201,활성탄,5114901003,,2025-12-08,R25BK01192823
R25BK01192823_000_1_000_290251,5,0.074759,0,1110152201,활성탄,5110589136,,2025-12-08,R25BK01192823
R25BK01192823_000_1_000_290251,6,0.048981,0,1110152201,활성탄,8466000619,,2025-12-08,R25BK01192823
R25BK01192823_000_1_000_290251,7,0.03927,0,1110152201,활성탄,1011563864,,2025-12-08,R25BK01192823
R25BK01192823_000_1_000_290251,8,0.038294,0,1110152201,활성탄,8487700364,,2025-12-08,R25BK01192823
R25BK01192823_000_1_000_290251,9,0.029515,0,1110152201,활성탄,5126306327,,2025-12-08,R25BK01192823
R25BK01192823_000_1_000_290251,10,0.029273,0,1110152201,활성탄,4961702551,,2025-12-08,R25BK01192823
R25BK01192984_001_1_000_286545,1,0.623033,1,2110229301,프로세서,6138152069,그린웨이브 주식회사,2025-12-08,R25BK01192984
R25BK01192984_001_1_000_286545,2,0.006342,0,2110229301,프로세서,2791401150,,2025-12-08,R25BK01192984
R25BK01192984_001_1_000_286545,3,0.004797,0,2110229301,프로세서,2277500506,,2025-12-08,R25BK01192984
R25BK01189892_000_1_000_291905,1,0.25347,0,4010178702,냉난방기,6730603428,,2025-12-09,R25BK01189892
R25BK01189892_000_1_000_291905,2,0.252629,0,4010178702,냉난방기,2158701067,,2025-12-09,R25BK01189892
R25BK01189892_000_1_000_291905,3,0.243252,0,4010178702,냉난방기,5772001579,,2025-12-09,R25BK01189892
R25BK01189892_000_1_000_291905,4,0.241052,0,4010178702,냉난방기,1191363672,,2025-12-09,R25BK01189892
R25BK01189892_000_1_000_291905,5,0.225511,0,4010178702,냉난방기,5483301101,,2025-12-09,R25BK01189892
R25BK01189892_000_1_000_291905,6,0.201258,1,4010178702,냉난방기,1298150907,주식회사 그린에네스텍,2025-12-09,R25BK01189892
R25BK01189892_000_1_000_291905,7,0.161828,0,4010178702,냉난방기,4890402382,,2025-12-09,R25BK01189892
R25BK01189892_000_1_000_291905,8,0.135457,0,4010178702,냉난방기,1993801068,,2025-12-09,R25BK01189892
R25BK01189892_000_1_000_291905,9,0.120203,0,4010178702,냉난방기,1218616050,,2025-12-09,R25BK01189892
R25BK01189892_000_1_000_291905,10,0.119304,0,4010178702,냉난방기,5118703037,,2025-12-09,R25BK01189892
R25BK01194086_000_1_000_287840,1,0.377895,0,4010170101,냉방기,5085127510,,2025-12-09,R25BK01194086
R25BK01194086_000_1_000_287840,2,0.260294,0,4010170101,냉방기,5580802390,,2025-12-09,R25BK01194086
R25BK01194086_000_1_000_287840,3,0.247458,0,4010170101,냉방기,4160333236,,2025-12-09,R25BK01194086
R25BK01194086_000_1_000_287840,4,0.234784,0,4010170101,냉방기,6662601212,,2025-12-09,R25BK01194086
R25BK01194086_000_1_000_287840,5,0.214726,0,4010170101,냉방기,7187200559,,2025-12-09,R25BK01194086
R25BK01194086_000_1_000_287840,6,0.18074,0,4010170101,냉방기,7215800812,,2025-12-09,R25BK01194086
R25BK01194086_000_1_000_287840,7,0.094134,1,4010170101,냉방기,2158787861,(주)씨앤씨플라자,2025-12-09,R25BK01194086
R25BK01194086_000_1_000_287840,8,0.080938,0,4010170101,냉방기,2401500562,,2025-12-09,R25BK01194086
R25BK01194086_000_1_000_287840,9,0.078418,0,4010170101,냉방기,6773401196,,2025-12-09,R25BK01194086
R25BK01194086_000_1_000_287840,10,0.076387,0,4010170101,냉방기,4093402568,,2025-12-09,R25BK01194086
R25BK01195882_000_1_000_290978,1,0.444574,0,4618160501,안전화,2260587716,,2025-12-09,R25BK01195882
R25BK01195882_000_1_000_290978,2,0.202575,1,4618160501,안전화,2250326667,대성물산,2025-12-09,R25BK01195882
R25BK01195882_000_1_000_290978,3,0.183477,0,4618160501,안전화,3538701049,,2025-12-09,R25BK01195882
R25BK01195882_000_1_000_290978,4,0.141833,0,4618160501,안전화,1190781058,,2025-12-09,R25BK01195882
R25BK01195882_000_1_000_290978,5,0.1141,0,4618160501,안전화,1282812623,,2025-12-09,R25BK01195882
R25BK01195882_000_1_000_290978,6,0.106583,0,4618160501,안전화,6168609149,,2025-12-09,R25BK01195882
R25BK01195882_000_1_000_290978,7,0.084145,0,4618160501,안전화,1138619492,,2025-12-09,R25BK01195882
R25BK01195882_000_1_000_290978,8,0.055577,0,4618160501,안전화,5588802771,,2025-12-09,R25BK01195882
R25BK01195882_000_1_000_290978,9,0.050793,0,4618160501,안전화,1223115919,,2025-12-09,R25BK01195882
R25BK01195882_000_1_000_290978,10,0.047777,0,4618160501,안전화,2843001512,,2025-12-09,R25BK01195882
R25BK01197024_000_1_000_286066,1,0.516084,0,4010178702,냉난방기,4098622054,,2025-12-09,R25BK01197024
R25BK01197024_000_1_000_286066,2,0.395006,0,4010178702,냉난방기,5101125479,,2025-12-09,R25BK01197024
R25BK01197024_000_1_000_286066,3,0.312955,0,4010178702,냉난방기,7650302902,,2025-12-09,R25BK01197024
R25BK01197024_000_1_000_286066,4,0.280087,0,4010178702,냉난방기,6068662996,,2025-12-09,R25BK01197024
R25BK01197024_000_1_000_286066,5,0.277297,0,4010178702,냉난방기,5738602422,,2025-12-09,R25BK01197024
R25BK01197024_000_1_000_286066,6,0.227429,0,4010178702,냉난방기,7595500382,,2025-12-09,R25BK01197024
R25BK01197024_000_1_000_286066,7,0.226159,0,4010178702,냉난방기,4861001920,,2025-12-09,R25BK01197024
R25BK01197024_000_1_000_286066,8,0.220933,0,4010178702,냉난방기,1372146166,,2025-12-09,R25BK01197024
R25BK01197024_000_1_000_286066,9,0.207791,0,4010178702,냉난방기,7215800812,,2025-12-09,R25BK01197024
R25BK01197024_000_1_000_286066,10,0.145308,0,4010178702,냉난방기,1191914149,,2025-12-09,R25BK01197024
R25BK01198077_001_1_000_285677,1,0.79603,1,4010178702,냉난방기,1128601058,주식회사키온테크,2025-12-09,R25BK01198077
R25BK01198077_001_1_000_285677,2,0.620019,0,4010178702,냉난방기,4028800903,,2025-12-09,R25BK01198077
R25BK01198077_001_1_000_285677,3,0.330448,0,4010178702,냉난방기,4128131156,,2025-12-09,R25BK01198077
R25BK01198077_001_1_000_285677,4,0.197251,0,4010178702,냉난방기,4048102155,,2025-12-09,R25BK01198077
R25BK01198077_001_1_000_285677,5,0.14751,0,4010178702,냉난방기,5948803024,,2025-12-09,R25BK01198077
R25BK01198077_001_1_000_285677,6,0.141649,0,4010178702,냉난방기,7566200509,,2025-12-09,R25BK01198077
R25BK01198077_001_1_000_285677,7,0.124631,0,4010178702,냉난방기,4831302125,,2025-12-09,R25BK01198077
R25BK01198077_001_1_000_285677,8,0.11853,0,4010178702,냉난방기,5838103141,,2025-12-09,R25BK01198077
R25BK01198077_001_1_000_285677,9,0.110176,0,4010178702,냉난방기,8481202456,,2025-12-09,R25BK01198077
R25BK01198077_001_1_000_285677,10,0.109379,0,4010178702,냉난방기,3178102244,,2025-12-09,R25BK01198077
R25BK01199644_000_1_000_289922,1,0.354286,0,1511151001,액화석유가스,6068175365,,2025-12-09,R25BK01199644
R25BK01199644_000_1_000_289922,2,0.319303,0,1511151001,액화석유가스,8571400475,,2025-12-09,R25BK01199644
R25BK01199644_000_1_000_289922,3,0.279407,0,1511151001,액화석유가스,2271506132,,2025-12-09,R25BK01199644
R25BK01199644_000_1_000_289922,4,0.241299,0,1511151001,액화석유가스,2861801137,,2025-12-09,R25BK01199644
R25BK01199644_000_1_000_289922,5,0.228567,0,1511151001,액화석유가스,4512002238,,2025-12-09,R25BK01199644
R25BK01199644_000_1_000_289922,6,0.227129,0,1511151001,액화석유가스,3723001691,,2025-12-09,R25BK01199644
R25BK01199644_000_1_000_289922,7,0.202268,0,1511151001,액화석유가스,6162476446,,2025-12-09,R25BK01199644
R25BK01199644_000_1_000_289922,8,0.201539,0,1511151001,액화석유가스,7770401581,,2025-12-09,R25BK01199644
R25BK01199644_000_1_000_289922,9,0.194133,0,1511151001,액화석유가스,4454200445,,2025-12-09,R25BK01199644
R25BK01199644_000_1_000_289922,10,0.1868,0,1511151001,액화석유가스,7122301644,,2025-12-09,R25BK01199644
R25BK01214907_000_1_000_291621,1,0.816703,0,4015151301,수중펌프,2998200019,,2025-12-09,R25BK01214907
R25BK01214907_000_1_000_291621,2,0.308516,0,4015151301,수중펌프,1318176443,,2025-12-09,R25BK01214907
R25BK01214907_000_1_000_291621,3,0.205246,1,4015151301,수중펌프,6148603149,(주)한국수중펌프,2025-12-09,R25BK01214907
R25BK01214907_000_1_000_291621,4,0.089807,0,4015151301,수중펌프,3128567411,,2025-12-09,R25BK01214907
R25BK01214907_000_1_000_291621,5,0.069384,0,4015151301,수중펌프,5522001696,,2025-12-09,R25BK01214907
R25BK01214907_000_1_000_291621,6,0.043326,0,4015151301,수중펌프,1190781058,,2025-12-09,R25BK01214907
R25BK01214907_000_1_000_291621,7,0.027757,0,4015151301,수중펌프,7377300504,,2025-12-09,R25BK01214907
R25BK01214907_000_1_000_291621,8,0.009446,0,4015151301,수중펌프,6648702555,,2025-12-09,R25BK01214907
R25BK01214907_000_1_000_291621,9,0.009337,0,4015151301,수중펌프,2888802606,,2025-12-09,R25BK01214907
R25BK01214907_000_1_000_291621,10,0.006665,0,4015151301,수중펌프,3411000050,,2025-12-09,R25BK01214907
R25BK01191409_000_1_000_289195,1,0.380159,0,4010178702,냉난방기,1218182555,,2025-12-10,R25BK01191409
R25BK01191409_000_1_000_289195,2,0.359114,0,4010178702,냉난방기,8614901010,,2025-12-10,R25BK01191409
R25BK01191409_000_1_000_289195,3,0.34909,0,4010178702,냉난방기,5508702203,,2025-12-10,R25BK01191409
R25BK01191409_000_1_000_289195,4,0.176996,0,4010178702,냉난방기,1378141582,,2025-12-10,R25BK01191409
R25BK01191409_000_1_000_289195,5,0.176685,0,4010178702,냉난방기,3148130057,,2025-12-10,R25BK01191409
R25BK01191409_000_1_000_289195,6,0.147067,0,4010178702,냉난방기,5156016686,,2025-12-10,R25BK01191409
R25BK01191409_000_1_000_289195,7,0.140193,0,4010178702,냉난방기,7501402420,,2025-12-10,R25BK01191409
R25BK01191409_000_1_000_289195,8,0.135795,0,4010178702,냉난방기,3880102434,,2025-12-10,R25BK01191409
R25BK01191409_000_1_000_289195,9,0.131009,0,4010178702,냉난방기,6791601669,,2025-12-10,R25BK01191409
R25BK01191409_000_1_000_289195,10,0.126693,1,4010178702,냉난방기,5108119062,브이건설 주식회사,2025-12-10,R25BK01191409
R25BK01200031_000_1_000_286503,1,0.712655,0,6010479601,기초물리실험장치,3261500610,,2025-12-10,R25BK01200031
R25BK01200031_000_1_000_286503,2,0.47161,1,6010479601,기초물리실험장치,4742501542,에이스테크,2025-12-10,R25BK01200031
R25BK01200031_000_1_000_286503,3,0.050499,0,6010479601,기초물리실험장치,8598102603,,2025-12-10,R25BK01200031
R25BK01200031_000_1_000_286503,4,0.035555,0,6010479601,기초물리실험장치,1948600221,,2025-12-10,R25BK01200031
R25BK01200031_000_1_000_286503,5,0.034753,0,6010479601,기초물리실험장치,3298802737,,2025-12-10,R25BK01200031
R25BK01200031_000_1_000_286503,6,0.021857,0,6010479601,기초물리실험장치,8190200752,,2025-12-10,R25BK01200031
R25BK01200031_000_1_000_286503,7,0.019632,0,6010479601,기초물리실험장치,8811900022,,2025-12-10,R25BK01200031
R25BK01200031_000_1_000_286503,8,0.018424,0,6010479601,기초물리실험장치,2838702147,,2025-12-10,R25BK01200031
R25BK01200031_000_1_000_286503,9,0.016148,0,6010479601,기초물리실험장치,3854700702,,2025-12-10,R25BK01200031
R25BK01200031_000_1_000_286503,10,0.012184,0,6010479601,기초물리실험장치,3061417686,,2025-12-10,R25BK01200031
R25BK01202304_000_1_000_291425,1,0.666402,0,4010178702,냉난방기,4108643118,,2025-12-10,R25BK01202304
R25BK01202304_000_1_000_291425,2,0.572597,0,4010178702,냉난방기,1218605679,,2025-12-10,R25BK01202304
R25BK01202304_000_1_000_291425,3,0.364903,1,4010178702,냉난방기,3148124588,신양에너지 주식회사,2025-12-10,R25BK01202304
R25BK01202304_000_1_000_291425,4,0.179357,0,4010178702,냉난방기,8523201532,,2025-12-10,R25BK01202304
R25BK01202304_000_1_000_291425,5,0.176996,0,4010178702,냉난방기,1378141582,,2025-12-10,R25BK01202304
R25BK01202304_000_1_000_291425,6,0.171516,0,4010178702,냉난방기,7573900993,,2025-12-10,R25BK01202304
R25BK01202304_000_1_000_291425,7,0.161824,0,4010178702,냉난방기,2130233834,,2025-12-10,R25BK01202304
R25BK01202304_000_1_000_291425,8,0.119002,0,4010178702,냉난방기,5671502451,,2025-12-10,R25BK01202304
R25BK01202304_000_1_000_291425,9,0.11692,0,4010178702,냉난방기,2130892228,,2025-12-10,R25BK01202304
R25BK01202304_000_1_000_291425,10,0.115541,0,4010178702,냉난방기,2054033378,,2025-12-10,R25BK01202304
R25BK01203781_000_1_000_286623,1,0.498709,0,1511150101,프로판가스,3078137601,,2025-12-10,R25BK01203781
R25BK01203781_000_1_000_286623,2,0.327416,0,1511150101,프로판가스,1272530710,,2025-12-10,R25BK01203781
R25BK01203781_000_1_000_286623,3,0.21604,0,1511150101,프로판가스,2111853645,,2025-12-10,R25BK01203781
R25BK01203781_000_1_000_286623,4,0.213156,0,1511150101,프로판가스,8147600286,,2025-12-10,R25BK01203781
R25BK01203781_000_1_000_286623,5,0.163258,0,1511150101,프로판가스,1401601157,,2025-12-10,R25BK01203781
R25BK01203781_000_1_000_286623,6,0.139224,0,1511150101,프로판가스,6122296510,,2025-12-10,R25BK01203781
R25BK01203781_000_1_000_286623,7,0.120818,0,1511150101,프로판가스,5374700773,,2025-12-10,R25BK01203781
R25BK01203781_000_1_000_286623,8,0.120767,0,1511150101,프로판가스,6630303279,,2025-12-10,R25BK01203781
R25BK01203781_000_1_000_286623,9,0.107036,0,1511150101,프로판가스,5330103620,,2025-12-10,R25BK01203781
R25BK01203781_000_1_000_286623,10,0.086472,1,1511150101,프로판가스,6180130466,차성에너지,2025-12-10,R25BK01203781
R25BK01203887_000_1_000_293795,1,0.626371,1,4010178702,냉난방기,1108164504,웰비안시스템주식회사,2025-12-10,R25BK01203887
R25BK01203887_000_1_000_293795,2,0.413775,0,4010178702,냉난방기,3178137248,,2025-12-10,R25BK01203887
R25BK01203887_000_1_000_293795,3,0.390863,0,4010178702,냉난방기,3968103585,,2025-12-10,R25BK01203887
R25BK01203887_000_1_000_293795,4,0.279837,0,4010178702,냉난방기,2928702705,,2025-12-10,R25BK01203887
R25BK01203887_000_1_000_293795,5,0.267671,0,4010178702,냉난방기,5848100303,,2025-12-10,R25BK01203887
R25BK01203887_000_1_000_293795,6,0.104247,0,4010178702,냉난방기,2192072085,,2025-12-10,R25BK01203887
R25BK01203887_000_1_000_293795,7,0.099042,0,4010178702,냉난방기,5021837707,,2025-12-10,R25BK01203887
R25BK01203887_000_1_000_293795,8,0.087262,0,4010178702,냉난방기,6463201709,,2025-12-10,R25BK01203887
R25BK01203887_000_1_000_293795,9,0.084522,0,4010178702,냉난방기,4012228732,,2025-12-10,R25BK01203887
R25BK01203887_000_1_000_293795,10,0.073796,0,4010178702,냉난방기,7882601735,,2025-12-10,R25BK01203887
R25BK01204324_000_1_000_286175,1,0.726488,1,4617160601,사이렌,2798802368,주식회사 이음아이씨티,2025-12-10,R25BK01204324
R25BK01204324_000_1_000_286175,2,0.431512,0,4617160601,사이렌,1118193899,,2025-12-10,R25BK01204324
R25BK01204324_000_1_000_286175,3,0.418846,0,4617160601,사이렌,8288600305,,2025-12-10,R25BK01204324
R25BK01204324_000_1_000_286175,4,0.073,0,4617160601,사이렌,2308800235,,2025-12-10,R25BK01204324
R25BK01204324_000_1_000_286175,5,0.053317,0,4617160601,사이렌,1378128823,,2025-12-10,R25BK01204324
R25BK01204324_000_1_000_286175,6,0.047272,0,4617160601,사이렌,1068666468,,2025-12-10,R25BK01204324
R25BK01204324_000_1_000_286175,7,0.040257,0,4617160601,사이렌,4098627665,,2025-12-10,R25BK01204324
R25BK01204324_000_1_000_286175,8,0.038798,0,4617160601,사이렌,6612200807,,2025-12-10,R25BK01204324
R25BK01204324_000_1_000_286175,9,0.034044,0,4617160601,사이렌,5088129290,,2025-12-10,R25BK01204324
R25BK01204324_000_1_000_286175,10,0.028982,0,4617160601,사이렌,3078140047,,2025-12-10,R25BK01204324
R25BK01214044_000_1_000_290510,1,0.812247,1,4016160501,탈취기,4158602408,주식회사 동원환경기술,2025-12-10,R25BK01214044
R25BK01214044_000_1_000_290510,2,0.33709,0,4016160501,탈취기,5048139743,,2025-12-10,R25BK01214044
R25BK01214044_000_1_000_290510,3,0.26936,0,4016160501,탈취기,1808802923,,2025-12-10,R25BK01214044
R25BK01214044_000_1_000_290510,4,0.182209,0,4016160501,탈취기,7476400552,,2025-12-10,R25BK01214044
R25BK01214044_000_1_000_290510,5,0.100172,0,4016160501,탈취기,7918103077,,2025-12-10,R25BK01214044
R25BK01214044_000_1_000_290510,6,0.075563,0,4016160501,탈취기,1328134617,,2025-12-10,R25BK01214044
R25BK01214044_000_1_000_290510,7,0.057931,0,4016160501,탈취기,5441002147,,2025-12-10,R25BK01214044
R25BK01214044_000_1_000_290510,8,0.056728,0,4016160501,탈취기,2028702513,,2025-12-10,R25BK01214044
R25BK01214044_000_1_000_290510,9,0.053717,0,4016160501,탈취기,7748703069,,2025-12-10,R25BK01214044
R25BK01214044_000_1_000_290510,10,0.053717,0,4016160501,탈취기,1718802894,,2025-12-10,R25BK01214044
R25BK01219950_000_1_000_290823,1,0.749056,1,4111410701,지진계,1978600685,주식회사 에스에이텍,2025-12-10,R25BK01219950
R25BK01219950_000_1_000_290823,2,0.200488,0,4111410701,지진계,1338600304,,2025-12-10,R25BK01219950
R25BK01219950_000_1_000_290823,3,0.172666,0,4111410701,지진계,4118181065,,2025-12-10,R25BK01219950
R25BK01219950_000_1_000_290823,4,0.141448,0,4111410701,지진계,7488100116,,2025-12-10,R25BK01219950
R25BK01219950_000_1_000_290823,5,0.117077,0,4111410701,지진계,5502200394,,2025-12-10,R25BK01219950
R25BK01219950_000_1_000_290823,6,0.075416,0,4111410701,지진계,7418602665,,2025-12-10,R25BK01219950
R25BK01219950_000_1_000_290823,7,0.040828,0,4111410701,지진계,3968601772,,2025-12-10,R25BK01219950
R25BK01219950_000_1_000_290823,8,0.038588,0,4111410701,지진계,4488801437,,2025-12-10,R25BK01219950
R25BK01219950_000_1_000_290823,9,0.024235,0,4111410701,지진계,4268700329,,2025-12-10,R25BK01219950
R25BK01219950_000_1_000_290823,10,0.008833,0,4111410701,지진계,3411000050,,2025-12-10,R25BK01219950
R25BK01194732_000_1_000_290795,1,0.338181,0,3010221510,폴리카보네이트판,5158800849,,2025-12-11,R25BK01194732
R25BK01194732_000_1_000_290795,2,0.112391,0,3010221510,폴리카보네이트판,6201035224,,2025-12-11,R25BK01194732
R25BK01194732_000_1_000_290795,3,0.099673,1,3010221510,폴리카보네이트판,3138120842,솔그린주식회사,2025-12-11,R25BK01194732
R25BK01194732_000_1_000_290795,4,0.012359,0,3010221510,폴리카보네이트판,2520102718,,2025-12-11,R25BK01194732
R25BK01194732_000_1_000_290795,5,0.010267,0,3010221510,폴리카보네이트판,3061417686,,2025-12-11,R25BK01194732
R25BK01194732_000_1_000_290795,6,0.007937,0,3010221510,폴리카보네이트판,1798102185,,2025-12-11,R25BK01194732
R25BK01194732_000_1_000_290795,7,0.007136,0,3010221510,폴리카보네이트판,3531702346,,2025-12-11,R25BK01194732
R25BK01194732_000_1_000_290795,8,0.006178,0,3010221510,폴리카보네이트판,2167600518,,2025-12-11,R25BK01194732
R25BK01194732_000_1_000_290795,9,0.005792,0,3010221510,폴리카보네이트판,2277500506,,2025-12-11,R25BK01194732
R25BK01194732_000_1_000_290795,10,0.005786,0,3010221510,폴리카보네이트판,2228136150,,2025-12-11,R25BK01194732
R25BK01202429_000_1_000_293204,1,0.769779,0,2410160301,지게차,1558102194,,2025-12-11,R25BK01202429
R25BK01202429_000_1_000_293204,2,0.512683,1,2410160301,지게차,4458601661,주식회사 지게차뱅크,2025-12-11,R25BK01202429
R25BK01202429_000_1_000_293204,3,0.132793,0,2410160301,지게차,2208815411,,2025-12-11,R25BK01202429
R25BK01202429_000_1_000_293204,4,0.130267,0,2410160301,지게차,8192600893,,2025-12-11,R25BK01202429
R25BK01202429_000_1_000_293204,5,0.050452,0,2410160301,지게차,1428800715,,2025-12-11,R25BK01202429
R25BK01202429_000_1_000_293204,6,0.048915,0,2410160301,지게차,6420200230,,2025-12-11,R25BK01202429
R25BK01202429_000_1_000_293204,7,0.017942,0,2410160301,지게차,1348166022,,2025-12-11,R25BK01202429
R25BK01202429_000_1_000_293204,8,0.015983,0,2410160301,지게차,1304298260,,2025-12-11,R25BK01202429
R25BK01202429_000_1_000_293204,9,0.015857,0,2410160301,지게차,5426000018,,2025-12-11,R25BK01202429
R25BK01202429_000_1_000_293204,10,0.012063,0,2410160301,지게차,6072040325,,2025-12-11,R25BK01202429
R25BK01204002_001_1_000_291323,1,0.651869,0,1235210401,메틸알코올,4318502567,,2025-12-11,R25BK01204002
R25BK01204002_001_1_000_291323,2,0.107061,0,1235210401,메틸알코올,7438701941,,2025-12-11,R25BK01204002
R25BK01204002_001_1_000_291323,3,0.081447,0,1235210401,메틸알코올,8076000690,,2025-12-11,R25BK01204002
R25BK01204002_001_1_000_291323,4,0.070717,0,1235210401,메틸알코올,5768101126,,2025-12-11,R25BK01204002
R25BK01204002_001_1_000_291323,5,0.047061,0,1235210401,메틸알코올,1761900779,,2025-12-11,R25BK01204002
R25BK01204002_001_1_000_291323,6,0.039392,0,1235210401,메틸알코올,5998602327,,2025-12-11,R25BK01204002
R25BK01204002_001_1_000_291323,7,0.036635,0,1235210401,메틸알코올,7383900099,,2025-12-11,R25BK01204002
R25BK01204002_001_1_000_291323,8,0.027265,0,1235210401,메틸알코올,2291404977,,2025-12-11,R25BK01204002
R25BK01204002_001_1_000_291323,9,0.023918,0,1235210401,메틸알코올,4705100569,,2025-12-11,R25BK01204002
R25BK01204002_001_1_000_291323,10,0.020783,0,1235210401,메틸알코올,3522001946,,2025-12-11,R25BK01204002
R25BK01208608_002_1_000_292594,1,0.6304,1,5510151901,정기간행물,7254801056,아람,2025-12-11,R25BK01208608
R25BK01208608_002_1_000_292594,2,0.374559,0,5510151901,정기간행물,5910602637,,2025-12-11,R25BK01208608
R25BK01208608_002_1_000_292594,3,0.339847,0,5510151901,정기간행물,3053028647,,2025-12-11,R25BK01208608
R25BK01208608_002_1_000_292594,4,0.30156,0,5510151901,정기간행물,3694600800,,2025-12-11,R25BK01208608
R25BK01208608_002_1_000_292594,5,0.247016,0,5510151901,정기간행물,1288127437,,2025-12-11,R25BK01208608
R25BK01208608_002_1_000_292594,6,0.191136,0,5510151901,정기간행물,2457200255,,2025-12-11,R25BK01208608
R25BK01208608_002_1_000_292594,7,0.135946,0,5510151901,정기간행물,1058602777,,2025-12-11,R25BK01208608
R25BK01208608_002_1_000_292594,8,0.096041,0,5510151901,정기간행물,6767300489,,2025-12-11,R25BK01208608
R25BK01208608_002_1_000_292594,9,0.092573,0,5510151901,정기간행물,1532501835,,2025-12-11,R25BK01208608
R25BK01208608_002_1_000_292594,10,0.088021,0,5510151901,정기간행물,3411000050,,2025-12-11,R25BK01208608
R25BK01215392_000_1_000_291231,1,0.837655,0,3912110301,폐쇄형배전반,1648200504,,2025-12-11,R25BK01215392
R25BK01215392_000_1_000_291231,2,0.56707,0,3912110301,폐쇄형배전반,3358502541,,2025-12-11,R25BK01215392
R25BK01215392_000_1_000_291231,3,0.551275,0,3912110301,폐쇄형배전반,3058620337,,2025-12-11,R25BK01215392
R25BK01215392_000_1_000_291231,4,0.324595,0,3912110301,폐쇄형배전반,5298200642,,2025-12-11,R25BK01215392
R25BK01215392_000_1_000_291231,5,0.289097,0,3912110301,폐쇄형배전반,2158717690,,2025-12-11,R25BK01215392
R25BK01215392_000_1_000_291231,6,0.283591,0,3912110301,폐쇄형배전반,7928101276,,2025-12-11,R25BK01215392
R25BK01215392_000_1_000_291231,7,0.278204,1,3912110301,폐쇄형배전반,4258703828,(주)솔비엔지니어링,2025-12-11,R25BK01215392
R25BK01215392_000_1_000_291231,8,0.218834,0,3912110301,폐쇄형배전반,3668102076,,2025-12-11,R25BK01215392
R25BK01215392_000_1_000_291231,9,0.18022,0,3912110301,폐쇄형배전반,1298213364,,2025-12-11,R25BK01215392
R25BK01215392_000_1_000_291231,10,0.166961,0,3912110301,폐쇄형배전반,8338200347,,2025-12-11,R25BK01215392
R25BK01215482_000_1_000_287762,1,0.837655,0,3912110301,폐쇄형배전반,1648200504,,2025-12-11,R25BK01215482
R25BK01215482_000_1_000_287762,2,0.618961,0,3912110301,폐쇄형배전반,8268102277,,2025-12-11,R25BK01215482
R25BK01215482_000_1_000_287762,3,0.56707,0,3912110301,폐쇄형배전반,3358502541,,2025-12-11,R25BK01215482
R25BK01215482_000_1_000_287762,4,0.39874,1,3912110301,폐쇄형배전반,4258703828,(주)솔비엔지니어링,2025-12-11,R25BK01215482
R25BK01215482_000_1_000_287762,5,0.283591,0,3912110301,폐쇄형배전반,7928101276,,2025-12-11,R25BK01215482
R25BK01215482_000_1_000_287762,6,0.268633,0,3912110301,폐쇄형배전반,3138117779,,2025-12-11,R25BK01215482
R25BK01215482_000_1_000_287762,7,0.263221,0,3912110301,폐쇄형배전반,1018231030,,2025-12-11,R25BK01215482
R25BK01215482_000_1_000_287762,8,0.210345,0,3912110301,폐쇄형배전반,2928103207,,2025-12-11,R25BK01215482
R25BK01215482_000_1_000_287762,9,0.168999,0,3912110301,폐쇄형배전반,2298202338,,2025-12-11,R25BK01215482
R25BK01215482_000_1_000_287762,10,0.137761,0,3912110301,폐쇄형배전반,1368208103,,2025-12-11,R25BK01215482
R25BK01192716_000_1_000_287799,1,0.79534,1,4016150201,워터필터,4358102182,주식회사 승원,2025-12-12,R25BK01192716
R25BK01192716_000_1_000_287799,2,0.441446,0,4016150201,워터필터,5428501757,,2025-12-12,R25BK01192716
R25BK01192716_000_1_000_287799,3,0.178824,0,4016150201,워터필터,5418702932,,2025-12-12,R25BK01192716
R25BK01192716_000_1_000_287799,4,0.13095,0,4016150201,워터필터,3968701707,,2025-12-12,R25BK01192716
R25BK01192716_000_1_000_287799,5,0.097444,0,4016150201,워터필터,7728802528,,2025-12-12,R25BK01192716
R25BK01192716_000_1_000_287799,6,0.054896,0,4016150201,워터필터,7811901319,,2025-12-12,R25BK01192716
R25BK01192716_000_1_000_287799,7,0.048402,0,4016150201,워터필터,1338122088,,2025-12-12,R25BK01192716
R25BK01192716_000_1_000_287799,8,0.015255,0,4016150201,워터필터,1560302807,,2025-12-12,R25BK01192716
R25BK01192716_000_1_000_287799,9,0.006437,0,4016150201,워터필터,4744200104,,2025-12-12,R25BK01192716
R25BK01192716_000_1_000_287799,10,0.00626,0,4016150201,워터필터,4130457823,,2025-12-12,R25BK01192716
R25BK01192852_000_1_000_287707,1,0.856296,1,4016150201,워터필터,4358102182,주식회사 승원,2025-12-12,R25BK01192852
R25BK01192852_000_1_000_287707,2,0.015773,0,4016150201,워터필터,1231881994,,2025-12-12,R25BK01192852
R25BK01192852_000_1_000_287707,3,0.015255,0,4016150201,워터필터,1560302807,,2025-12-12,R25BK01192852
R25BK01192852_000_1_000_287707,4,0.010483,0,4016150201,워터필터,6211973879,,2025-12-12,R25BK01192852
R25BK01192852_000_1_000_287707,5,0.00989,0,4016150201,워터필터,4112018260,,2025-12-12,R25BK01192852
R25BK01192852_000_1_000_287707,6,0.006759,0,4016150201,워터필터,7172701157,,2025-12-12,R25BK01192852
R25BK01192852_000_1_000_287707,7,0.006119,0,4016150201,워터필터,6021439399,,2025-12-12,R25BK01192852
R25BK01192852_000_1_000_287707,8,0.004992,0,4016150201,워터필터,3660202810,,2025-12-12,R25BK01192852
R25BK01192852_000_1_000_287707,9,0.004991,0,4016150201,워터필터,2643800010,,2025-12-12,R25BK01192852
R25BK01192852_000_1_000_287707,10,0.004641,0,4016150201,워터필터,4060802065,,2025-12-12,R25BK01192852
R25BK01195859_000_1_000_290146,1,0.652801,1,4010178702,냉난방기,1138157638,미래기전(주),2025-12-12,R25BK01195859
R25BK01195859_000_1_000_290146,2,0.280087,0,4010178702,냉난방기,6068662996,,2025-12-12,R25BK01195859
R25BK01195859_000_1_000_290146,3,0.175272,0,4010178702,냉난방기,2158112728,,2025-12-12,R25BK01195859
R25BK01195859_000_1_000_290146,4,0.167286,0,4010178702,냉난방기,6404101116,,2025-12-12,R25BK01195859
R25BK01195859_000_1_000_290146,5,0.13025,0,4010178702,냉난방기,6343001395,,2025-12-12,R25BK01195859
R25BK01195859_000_1_000_290146,6,0.117865,0,4010178702,냉난방기,2418701464,,2025-12-12,R25BK01195859
R25BK01195859_000_1_000_290146,7,0.1034,0,4010178702,냉난방기,3801202630,,2025-12-12,R25BK01195859
R25BK01195859_000_1_000_290146,8,0.075705,0,4010178702,냉난방기,7573900993,,2025-12-12,R25BK01195859
R25BK01195859_000_1_000_290146,9,0.073985,0,4010178702,냉난방기,7534801008,,2025-12-12,R25BK01195859
R25BK01195859_000_1_000_290146,10,0.067959,0,4010178702,냉난방기,5611601937,,2025-12-12,R25BK01195859
R25BK01203789_000_1_000_289225,1,0.61213,1,6012100201,조형물,8028103057,주식회사 다인디앤엘,2025-12-12,R25BK01203789
R25BK01203789_000_1_000_289225,2,0.23046,0,6012100201,조형물,2738602560,,2025-12-12,R25BK01203789
R25BK01203789_000_1_000_289225,3,0.214913,0,6012100201,조형물,4888601407,,2025-12-12,R25BK01203789
R25BK01203789_000_1_000_289225,4,0.213222,0,6012100201,조형물,8838700857,,2025-12-12,R25BK01203789
R25BK01203789_000_1_000_289225,5,0.197907,0,6012100201,조형물,1998601899,,2025-12-12,R25BK01203789
R25BK01203789_000_1_000_289225,6,0.168899,0,6012100201,조형물,2268801894,,2025-12-12,R25BK01203789
R25BK01203789_000_1_000_289225,7,0.163687,0,6012100201,조형물,7718600805,,2025-12-12,R25BK01203789
R25BK01203789_000_1_000_289225,8,0.149395,0,6012100201,조형물,1118130633,,2025-12-12,R25BK01203789
R25BK01203789_000_1_000_289225,9,0.103987,0,6012100201,조형물,5148143074,,2025-12-12,R25BK01203789
R25BK01203789_000_1_000_289225,10,0.060394,0,6012100201,조형물,5328603250,,2025-12-12,R25BK01203789
R25BK01204371_000_1_000_290448,1,0.394634,1,1235230501,소석회,7658702222,주식회사 에코숲,2025-12-12,R25BK01204371
R25BK01204371_000_1_000_290448,2,0.205768,0,1235230501,소석회,2212671010,,2025-12-12,R25BK01204371
R25BK01204371_000_1_000_290448,3,0.197164,0,1235230501,소석회,2181604914,,2025-12-12,R25BK01204371
R25BK01204371_000_1_000_290448,4,0.195899,0,1235230501,소석회,7888801956,,2025-12-12,R25BK01204371
R25BK01204371_000_1_000_290448,5,0.135329,0,1235230501,소석회,6987100471,,2025-12-12,R25BK01204371
R25BK01204371_000_1_000_290448,6,0.09322,0,1235230501,소석회,8202801130,,2025-12-12,R25BK01204371
R25BK01204371_000_1_000_290448,7,0.084655,0,1235230501,소석회,7573900993,,2025-12-12,R25BK01204371
R25BK01204371_000_1_000_290448,8,0.082946,0,1235230501,소석회,3021193885,,2025-12-12,R25BK01204371
R25BK01204371_000_1_000_290448,9,0.07514,0,1235230501,소석회,3111053478,,2025-12-12,R25BK01204371
R25BK01204371_000_1_000_290448,10,0.072078,0,1235230501,소석회,5786200291,,2025-12-12,R25BK01204371
R25BK01206935_000_1_000_286674,1,0.871374,1,4016150201,워터필터,4358102182,주식회사 승원,2025-12-12,R25BK01206935
R25BK01206935_000_1_000_286674,2,0.137016,0,4016150201,워터필터,5441002147,,2025-12-12,R25BK01206935
R25BK01206935_000_1_000_286674,3,0.015773,0,4016150201,워터필터,1231881994,,2025-12-12,R25BK01206935
R25BK01206935_000_1_000_286674,4,0.008905,0,4016150201,워터필터,6042919016,,2025-12-12,R25BK01206935
R25BK01206935_000_1_000_286674,5,0.005485,0,4016150201,워터필터,1212367229,,2025-12-12,R25BK01206935
R25BK01206935_000_1_000_286674,6,0.005222,0,4016150201,워터필터,2783301293,,2025-12-12,R25BK01206935
R25BK01206935_000_1_000_286674,7,0.005164,0,4016150201,워터필터,4168802953,,2025-12-12,R25BK01206935
R25BK01206935_000_1_000_286674,8,0.004991,0,4016150201,워터필터,2643800010,,2025-12-12,R25BK01206935
R25BK01206935_000_1_000_286674,9,0.004949,0,4016150201,워터필터,3591801809,,2025-12-12,R25BK01206935
R25BK01206935_000_1_000_286674,10,0.004179,0,4016150201,워터필터,5342201896,,2025-12-12,R25BK01206935
R25BK01207566_000_1_000_288995,1,0.301965,1,5512170601,현수막,4150511460,코리아광고,2025-12-12,R25BK01207566
R25BK01207566_000_1_000_288995,2,0.270353,0,5512170601,현수막,1252429879,,2025-12-12,R25BK01207566
R25BK01207566_000_1_000_288995,3,0.262438,0,5512170601,현수막,5300301699,,2025-12-12,R25BK01207566
R25BK01207566_000_1_000_288995,4,0.228269,0,5512170601,현수막,8854700987,,2025-12-12,R25BK01207566
R25BK01207566_000_1_000_288995,5,0.193903,0,5512170601,현수막,1218701699,,2025-12-12,R25BK01207566
R25BK01207566_000_1_000_288995,6,0.154293,0,5512170601,현수막,4028604400,,2025-12-12,R25BK01207566
R25BK01207566_000_1_000_288995,7,0.154126,0,5512170601,현수막,7231200014,,2025-12-12,R25BK01207566
R25BK01207566_000_1_000_288995,8,0.144861,0,5512170601,현수막,2158722494,,2025-12-12,R25BK01207566
R25BK01207566_000_1_000_288995,9,0.115,0,5512170601,현수막,2068682036,,2025-12-12,R25BK01207566
R25BK01207566_000_1_000_288995,10,0.110149,0,5512170601,현수막,2697500081,,2025-12-12,R25BK01207566
R25BK01202025_000_1_000_289983,1,0.575521,0,4010178702,냉난방기,7718602929,,2025-12-15,R25BK01202025
R25BK01202025_000_1_000_289983,2,0.445976,0,4010178702,냉난방기,7838700504,,2025-12-15,R25BK01202025
R25BK01202025_000_1_000_289983,3,0.311817,1,4010178702,냉난방기,4168157105,주식회사 문경,2025-12-15,R25BK01202025
R25BK01202025_000_1_000_289983,4,0.194636,0,4010178702,냉난방기,4188139291,,2025-12-15,R25BK01202025
R25BK01202025_000_1_000_289983,5,0.193633,0,4010178702,냉난방기,7218702921,,2025-12-15,R25BK01202025
R25BK01202025_000_1_000_289983,6,0.181125,0,4010178702,냉난방기,7918602108,,2025-12-15,R25BK01202025
R25BK01202025_000_1_000_289983,7,0.169386,0,4010178702,냉난방기,7215800812,,2025-12-15,R25BK01202025
R25BK01202025_000_1_000_289983,8,0.115589,0,4010178702,냉난방기,2613900435,,2025-12-15,R25BK01202025
R25BK01202025_000_1_000_289983,9,0.098027,0,4010178702,냉난방기,2221371503,,2025-12-15,R25BK01202025
R25BK01202025_000_1_000_289983,10,0.091755,0,4010178702,냉난방기,6751701913,,2025-12-15,R25BK01202025
R25BK01213536_000_1_000_289177,1,0.564994,0,3012160101,아스팔트,1778803590,,2025-12-15,R25BK01213536
R25BK01213536_000_1_000_289177,2,0.239405,0,3012160101,아스팔트,4123000587,,2025-12-15,R25BK01213536
R25BK01213536_000_1_000_289177,3,0.089451,0,3012160101,아스팔트,6042918851,,2025-12-15,R25BK01213536
R25BK01213536_000_1_000_289177,4,0.04076,0,3012160101,아스팔트,5028801589,,2025-12-15,R25BK01213536
R25BK01213536_000_1_000_289177,5,0.029979,1,3012160101,아스팔트,6201358121,스타벨,2025-12-15,R25BK01213536
R25BK01213536_000_1_000_289177,6,0.027795,0,3012160101,아스팔트,7532501367,,2025-12-15,R25BK01213536
R25BK01213536_000_1_000_289177,7,0.023197,0,3012160101,아스팔트,2334600670,,2025-12-15,R25BK01213536
R25BK01213536_000_1_000_289177,8,0.022944,0,3012160101,아스팔트,3568603447,,2025-12-15,R25BK01213536
R25BK01213536_000_1_000_289177,9,0.022572,0,3012160101,아스팔트,6577300440,,2025-12-15,R25BK01213536
R25BK01213536_000_1_000_289177,10,0.020379,0,3012160101,아스팔트,4352501998,,2025-12-15,R25BK01213536
R25BK01214390_000_1_000_288462,1,0.928677,0,4010178702,냉난방기,6108120516,,2025-12-15,R25BK01214390
R25BK01214390_000_1_000_288462,2,0.57918,0,4010178702,냉난방기,4778600790,,2025-12-15,R25BK01214390
R25BK01214390_000_1_000_288462,3,0.366338,0,4010178702,냉난방기,1911602493,,2025-12-15,R25BK01214390
R25BK01214390_000_1_000_288462,4,0.341335,0,4010178702,냉난방기,6098608555,,2025-12-15,R25BK01214390
R25BK01214390_000_1_000_288462,5,0.220053,0,4010178702,냉난방기,1608102162,,2025-12-15,R25BK01214390
R25BK01214390_000_1_000_288462,6,0.210846,0,4010178702,냉난방기,8515300966,,2025-12-15,R25BK01214390
R25BK01214390_000_1_000_288462,7,0.200725,0,4010178702,냉난방기,1068680169,,2025-12-15,R25BK01214390
R25BK01214390_000_1_000_288462,8,0.164605,0,4010178702,냉난방기,7321200959,,2025-12-15,R25BK01214390
R25BK01214390_000_1_000_288462,9,0.095391,0,4010178702,냉난방기,5345300644,,2025-12-15,R25BK01214390
R25BK01214390_000_1_000_288462,10,0.089815,0,4010178702,냉난방기,1993801068,,2025-12-15,R25BK01214390
R25BK01215843_000_1_000_290459,1,0.672656,0,4010178702,냉난방기,1728603252,,2025-12-15,R25BK01215843
R25BK01215843_000_1_000_290459,2,0.251545,0,4010178702,냉난방기,6275700376,,2025-12-15,R25BK01215843
R25BK01215843_000_1_000_290459,3,0.2331,0,4010178702,냉난방기,3222001983,,2025-12-15,R25BK01215843
R25BK01215843_000_1_000_290459,4,0.184179,0,4010178702,냉난방기,6218152769,,2025-12-15,R25BK01215843
R25BK01215843_000_1_000_290459,5,0.174994,0,4010178702,냉난방기,2770502471,,2025-12-15,R25BK01215843
R25BK01215843_000_1_000_290459,6,0.16753,0,4010178702,냉난방기,3480603236,,2025-12-15,R25BK01215843
R25BK01215843_000_1_000_290459,7,0.164779,0,4010178702,냉난방기,1088149704,,2025-12-15,R25BK01215843
R25BK01215843_000_1_000_290459,8,0.161003,0,4010178702,냉난방기,7041801858,,2025-12-15,R25BK01215843
R25BK01215843_000_1_000_290459,9,0.15662,0,4010178702,냉난방기,2138517588,,2025-12-15,R25BK01215843
R25BK01215843_000_1_000_290459,10,0.150807,0,4010178702,냉난방기,7931901928,,2025-12-15,R25BK01215843
R25BK01216754_000_1_000_289029,1,0.344963,0,1511151001,액화석유가스,1401601157,,2025-12-15,R25BK01216754
R25BK01216754_000_1_000_289029,2,0.335787,0,1511151001,액화석유가스,1691502602,,2025-12-15,R25BK01216754
R25BK01216754_000_1_000_289029,3,0.313586,0,1511151001,액화석유가스,3080740638,,2025-12-15,R25BK01216754
R25BK01216754_000_1_000_289029,4,0.278389,0,1511151001,액화석유가스,2271506132,,2025-12-15,R25BK01216754
R25BK01216754_000_1_000_289029,5,0.272121,1,1511151001,액화석유가스,3718601531,(주)대성에너지,2025-12-15,R25BK01216754
R25BK01216754_000_1_000_289029,6,0.256231,0,1511151001,액화석유가스,8147600286,,2025-12-15,R25BK01216754
R25BK01216754_000_1_000_289029,7,0.241299,0,1511151001,액화석유가스,2861801137,,2025-12-15,R25BK01216754
R25BK01216754_000_1_000_289029,8,0.21954,0,1511151001,액화석유가스,5330103620,,2025-12-15,R25BK01216754
R25BK01216754_000_1_000_289029,9,0.212009,0,1511151001,액화석유가스,1585600698,,2025-12-15,R25BK01216754
R25BK01216754_000_1_000_289029,10,0.12684,0,1511151001,액화석유가스,2250469339,,2025-12-15,R25BK01216754
R25BK01207132_000_1_000_293065,1,0.704597,0,4010180604,히트펌프,5158146579,,2025-12-16,R25BK01207132
R25BK01207132_000_1_000_293065,2,0.57658,1,4010180604,히트펌프,2148874448,주식회사 한국에바라풍수력기계,2025-12-16,R25BK01207132
R25BK01207132_000_1_000_293065,3,0.286884,0,4010180604,히트펌프,7488100116,,2025-12-16,R25BK01207132
R25BK01207132_000_1_000_293065,4,0.110158,0,4010180604,히트펌프,3098104921,,2025-12-16,R25BK01207132
R25BK01207132_000_1_000_293065,5,0.04944,0,4010180604,히트펌프,3198801949,,2025-12-16,R25BK01207132
R25BK01207132_000_1_000_293065,6,0.042713,0,4010180604,히트펌프,6850101511,,2025-12-16,R25BK01207132
R25BK01207132_000_1_000_293065,7,0.03649,0,4010180604,히트펌프,2801502516,,2025-12-16,R25BK01207132
R25BK01207132_000_1_000_293065,8,0.030551,0,4010180604,히트펌프,8548603145,,2025-12-16,R25BK01207132
R25BK01207132_000_1_000_293065,9,0.025632,0,4010180604,히트펌프,8388702928,,2025-12-16,R25BK01207132
R25BK01207132_000_1_000_293065,10,0.02347,0,4010180604,히트펌프,7748603252,,2025-12-16,R25BK01207132
R25BK01207785_000_1_000_291597,1,0.761558,1,2510178901,소방펌프차,4848803014,리텍디티에스 주식회사,2025-12-16,R25BK01207785
R25BK01207785_000_1_000_291597,2,0.534355,0,2510178901,소방펌프차,2308506368,,2025-12-16,R25BK01207785
R25BK01207785_000_1_000_291597,3,0.285862,0,2510178901,소방펌프차,8618501755,,2025-12-16,R25BK01207785
R25BK01207785_000_1_000_291597,4,0.011045,0,2510178901,소방펌프차,4161081833,,2025-12-16,R25BK01207785
R25BK01207785_000_1_000_291597,5,0.010134,0,2510178901,소방펌프차,1728603252,,2025-12-16,R25BK01207785
R25BK01207785_000_1_000_291597,6,0.009118,0,2510178901,소방펌프차,7962400150,,2025-12-16,R25BK01207785
R25BK01207785_000_1_000_291597,7,0.009077,0,2510178901,소방펌프차,7394000782,,2025-12-16,R25BK01207785
R25BK01207785_000_1_000_291597,8,0.007932,0,2510178901,소방펌프차,4168802953,,2025-12-16,R25BK01207785
R25BK01207785_000_1_000_291597,9,0.006982,0,2510178901,소방펌프차,2362501649,,2025-12-16,R25BK01207785
R25BK01207785_000_1_000_291597,10,0.005354,0,2510178901,소방펌프차,1887600270,,2025-12-16,R25BK01207785
R25BK01210130_000_1_000_287936,1,0.394774,0,1511151001,액화석유가스,3718601531,,2025-12-16,R25BK01210130
R25BK01210130_000_1_000_287936,2,0.32057,0,1511151001,액화석유가스,1401601157,,2025-12-16,R25BK01210130
R25BK01210130_000_1_000_287936,3,0.231429,0,1511151001,액화석유가스,2861801137,,2025-12-16,R25BK01210130
R25BK01210130_000_1_000_287936,4,0.228937,0,1511151001,액화석유가스,8147600286,,2025-12-16,R25BK01210130
R25BK01210130_000_1_000_287936,5,0.217099,0,1511151001,액화석유가스,4512002238,,2025-12-16,R25BK01210130
R25BK01210130_000_1_000_287936,6,0.200238,1,1511151001,액화석유가스,2782602047,에스케이(SK)포천충전소,2025-12-16,R25BK01210130
R25BK01210130_000_1_000_287936,7,0.194025,0,1511151001,액화석유가스,4454200445,,2025-12-16,R25BK01210130
R25BK01210130_000_1_000_287936,8,0.146704,0,1511151001,액화석유가스,3593001325,,2025-12-16,R25BK01210130
R25BK01210130_000_1_000_287936,9,0.118831,0,1511151001,액화석유가스,6068175365,,2025-12-16,R25BK01210130
R25BK01210130_000_1_000_287936,10,0.089927,0,1511151001,액화석유가스,4018802892,,2025-12-16,R25BK01210130
R25BK01210816_000_1_000_285456,1,0.161938,0,3912118901,계장제어장치,3130703538,,2025-12-16,R25BK01210816
R25BK01210816_000_1_000_285456,2,0.160507,0,3912118901,계장제어장치,7442801646,,2025-12-16,R25BK01210816
R25BK01210816_000_1_000_285456,3,0.118318,0,3912118901,계장제어장치,1878200356,,2025-12-16,R25BK01210816
R25BK01210816_000_1_000_285456,4,0.105169,1,3912118901,계장제어장치,7248800443,주식회사 아주엔지니어링,2025-12-16,R25BK01210816
R25BK01210816_000_1_000_285456,5,0.06632,0,3912118901,계장제어장치,2208664198,,2025-12-16,R25BK01210816
R25BK01210816_000_1_000_285456,6,0.053608,0,3912118901,계장제어장치,7508601530,,2025-12-16,R25BK01210816
R25BK01210816_000_1_000_285456,7,0.026023,0,3912118901,계장제어장치,1138134111,,2025-12-16,R25BK01210816
R25BK01210816_000_1_000_285456,8,0.017493,0,3912118901,계장제어장치,4098627665,,2025-12-16,R25BK01210816
R25BK01210816_000_1_000_285456,9,0.015264,0,3912118901,계장제어장치,2520102718,,2025-12-16,R25BK01210816
R25BK01210816_000_1_000_285456,10,0.009804,0,3912118901,계장제어장치,8642001376,,2025-12-16,R25BK01210816
R25BK01215799_001_1_000_293718,1,0.386966,1,4010178702,냉난방기,3168117818,예림이엔지(주),2025-12-16,R25BK01215799
R25BK01215799_001_1_000_293718,2,0.252837,0,4010178702,냉난방기,4108683027,,2025-12-16,R25BK01215799
R25BK01215799_001_1_000_293718,3,0.077656,0,4010178702,냉난방기,1441602202,,2025-12-16,R25BK01215799
R25BK01215799_001_1_000_293718,4,0.069987,0,4010178702,냉난방기,2040812837,,2025-12-16,R25BK01215799
R25BK01215799_001_1_000_293718,5,0.059377,0,4010178702,냉난방기,1968102098,,2025-12-16,R25BK01215799
R25BK01215799_001_1_000_293718,6,0.049763,0,4010178702,냉난방기,4751203067,,2025-12-16,R25BK01215799
R25BK01215799_001_1_000_293718,7,0.049763,0,4010178702,냉난방기,4510603584,,2025-12-16,R25BK01215799
R25BK01215799_001_1_000_293718,8,0.049708,0,4010178702,냉난방기,3878803294,,2025-12-16,R25BK01215799
R25BK01215799_001_1_000_293718,9,0.042781,0,4010178702,냉난방기,3034300847,,2025-12-16,R25BK01215799
R25BK01215799_001_1_000_293718,10,0.041557,0,4010178702,냉난방기,2612502101,,2025-12-16,R25BK01215799
R25BK01217205_000_1_000_293906,1,0.763864,0,4010178702,냉난방기,4168157105,,2025-12-16,R25BK01217205
R25BK01217205_000_1_000_293906,2,0.354505,0,4010178702,냉난방기,4128131156,,2025-12-16,R25BK01217205
R25BK01217205_000_1_000_293906,3,0.322591,0,4010178702,냉난방기,1926100498,,2025-12-16,R25BK01217205
R25BK01217205_000_1_000_293906,4,0.205306,0,4010178702,냉난방기,7370102602,,2025-12-16,R25BK01217205
R25BK01217205_000_1_000_293906,5,0.196859,0,4010178702,냉난방기,6955600751,,2025-12-16,R25BK01217205
R25BK01217205_000_1_000_293906,6,0.150493,0,4010178702,냉난방기,5282001636,,2025-12-16,R25BK01217205
R25BK01217205_000_1_000_293906,7,0.148468,1,4010178702,냉난방기,7918602108,큐앤에이 주식회사,2025-12-16,R25BK01217205
R25BK01217205_000_1_000_293906,8,0.108645,0,4010178702,냉난방기,1061114623,,2025-12-16,R25BK01217205
R25BK01217205_000_1_000_293906,9,0.085698,0,4010178702,냉난방기,6161925486,,2025-12-16,R25BK01217205
R25BK01217205_000_1_000_293906,10,0.079745,0,4010178702,냉난방기,1063780818,,2025-12-16,R25BK01217205
R25BK01217513_000_1_000_288564,1,0.213102,0,6012100201,조형물,1381184387,,2025-12-16,R25BK01217513
R25BK01217513_000_1_000_288564,2,0.207533,0,6012100201,조형물,7718600805,,2025-12-16,R25BK01217513
R25BK01217513_000_1_000_288564,3,0.181361,0,6012100201,조형물,4078102931,,2025-12-16,R25BK01217513
R25BK01217513_000_1_000_288564,4,0.157393,0,6012100201,조형물,8838700857,,2025-12-16,R25BK01217513
R25BK01217513_000_1_000_288564,5,0.15057,0,6012100201,조형물,6728800064,,2025-12-16,R25BK01217513
R25BK01217513_000_1_000_288564,6,0.12886,0,6012100201,조형물,1148533961,,2025-12-16,R25BK01217513
R25BK01217513_000_1_000_288564,7,0.098398,0,6012100201,조형물,6338102433,,2025-12-16,R25BK01217513
R25BK01217513_000_1_000_288564,8,0.094638,0,6012100201,조형물,2388601097,,2025-12-16,R25BK01217513
R25BK01217513_000_1_000_288564,9,0.087444,1,6012100201,조형물,6238700667,주식회사 아토,2025-12-16,R25BK01217513
R25BK01217513_000_1_000_288564,10,0.084882,0,6012100201,조형물,1398140880,,2025-12-16,R25BK01217513
R25BK01219533_000_1_000_290695,1,0.545072,1,5510151901,정기간행물,6139207560,소소책방,2025-12-16,R25BK01219533
R25BK01219533_000_1_000_290695,2,0.290762,0,5510151901,정기간행물,1022667141,,2025-12-16,R25BK01219533
R25BK01219533_000_1_000_290695,3,0.23311,0,5510151901,정기간행물,1711502610,,2025-12-16,R25BK01219533
R25BK01219533_000_1_000_290695,4,0.190443,0,5510151901,정기간행물,6898802167,,2025-12-16,R25BK01219533
R25BK01219533_000_1_000_290695,5,0.164852,0,5510151901,정기간행물,3063569398,,2025-12-16,R25BK01219533
R25BK01219533_000_1_000_290695,6,0.110495,0,5510151901,정기간행물,4038183460,,2025-12-16,R25BK01219533
R25BK01219533_000_1_000_290695,7,0.068068,0,5510151901,정기간행물,3032057322,,2025-12-16,R25BK01219533
R25BK01219533_000_1_000_290695,8,0.060014,0,5510151901,정기간행물,6480702769,,2025-12-16,R25BK01219533
R25BK01219533_000_1_000_290695,9,0.045212,0,5510151901,정기간행물,3986500487,,2025-12-16,R25BK01219533
R25BK01219533_000_1_000_290695,10,0.042378,0,5510151901,정기간행물,2400402375,,2025-12-16,R25BK01219533
R25BK01219880_000_1_000_290849,1,0.889988,0,4010178702,냉난방기,4028137570,,2025-12-16,R25BK01219880
R25BK01219880_000_1_000_290849,2,0.848979,1,4010178702,냉난방기,1128601058,주식회사키온테크,2025-12-16,R25BK01219880
R25BK01219880_000_1_000_290849,3,0.470897,0,4010178702,냉난방기,2276400418,,2025-12-16,R25BK01219880
R25BK01219880_000_1_000_290849,4,0.320516,0,4010178702,냉난방기,5508702203,,2025-12-16,R25BK01219880
R25BK01219880_000_1_000_290849,5,0.260786,0,4010178702,냉난방기,8500301026,,2025-12-16,R25BK01219880
R25BK01219880_000_1_000_290849,6,0.233723,0,4010178702,냉난방기,7580203186,,2025-12-16,R25BK01219880
R25BK01219880_000_1_000_290849,7,0.142567,0,4010178702,냉난방기,4298103736,,2025-12-16,R25BK01219880
R25BK01219880_000_1_000_290849,8,0.098382,0,4010178702,냉난방기,7900203098,,2025-12-16,R25BK01219880
R25BK01219880_000_1_000_290849,9,0.072082,0,4010178702,냉난방기,3717900494,,2025-12-16,R25BK01219880
R25BK01219880_000_1_000_290849,10,0.070558,0,4010178702,냉난방기,2910402558,,2025-12-16,R25BK01219880
R25BK01220358_000_1_000_293775,1,0.561316,1,4010178702,냉난방기,8898102303,주식회사 하이공조,2025-12-16,R25BK01220358
R25BK01220358_000_1_000_293775,2,0.552338,0,4010178702,냉난방기,6088604503,,2025-12-16,R25BK01220358
R25BK01220358_000_1_000_293775,3,0.521272,0,4010178702,냉난방기,4028800903,,2025-12-16,R25BK01220358
R25BK01220358_000_1_000_293775,4,0.498335,0,4010178702,냉난방기,5048169849,,2025-12-16,R25BK01220358
R25BK01220358_000_1_000_293775,5,0.475524,0,4010178702,냉난방기,6250303016,,2025-12-16,R25BK01220358
R25BK01220358_000_1_000_293775,6,0.241205,0,4010178702,냉난방기,5038607603,,2025-12-16,R25BK01220358
R25BK01220358_000_1_000_293775,7,0.199457,0,4010178702,냉난방기,4203001781,,2025-12-16,R25BK01220358
R25BK01220358_000_1_000_293775,8,0.115775,0,4010178702,냉난방기,3178134692,,2025-12-16,R25BK01220358
R25BK01220358_000_1_000_293775,9,0.104122,0,4010178702,냉난방기,8591802782,,2025-12-16,R25BK01220358
R25BK01220358_000_1_000_293775,10,0.097239,0,4010178702,냉난방기,8684300494,,2025-12-16,R25BK01220358
R25BK01220748_000_1_000_288644,1,0.773218,1,4010178702,냉난방기,3168117818,예림이엔지(주),2025-12-16,R25BK01220748
R25BK01220748_000_1_000_288644,2,0.683436,0,4010178702,냉난방기,5138127334,,2025-12-16,R25BK01220748
R25BK01220748_000_1_000_288644,3,0.490043,0,4010178702,냉난방기,6098618918,,2025-12-16,R25BK01220748
R25BK01220748_000_1_000_288644,4,0.470069,0,4010178702,냉난방기,7838700504,,2025-12-16,R25BK01220748
R25BK01220748_000_1_000_288644,5,0.373816,0,4010178702,냉난방기,8272401230,,2025-12-16,R25BK01220748
R25BK01220748_000_1_000_288644,6,0.150668,0,4010178702,냉난방기,6700202359,,2025-12-16,R25BK01220748
R25BK01220748_000_1_000_288644,7,0.133267,0,4010178702,냉난방기,3288801467,,2025-12-16,R25BK01220748
R25BK01220748_000_1_000_288644,8,0.098027,0,4010178702,냉난방기,2221371503,,2025-12-16,R25BK01220748
R25BK01220748_000_1_000_288644,9,0.093985,0,4010178702,냉난방기,1040743877,,2025-12-16,R25BK01220748
R25BK01220748_000_1_000_288644,10,0.093053,0,4010178702,냉난방기,7600502589,,2025-12-16,R25BK01220748
R25BK01222683_000_1_000_290652,1,0.83893,1,3010990401,순환골재,1678802143,유한회사 초록환경,2025-12-16,R25BK01222683
R25BK01222683_000_1_000_290652,2,0.613869,0,3010990401,순환골재,4168199463,,2025-12-16,R25BK01222683
R25BK01222683_000_1_000_290652,3,0.006334,0,3010990401,순환골재,3112301494,,2025-12-16,R25BK01222683
R25BK01222683_000_1_000_290652,4,0.003976,0,3010990401,순환골재,8721301705,,2025-12-16,R25BK01222683
R25BK01222683_000_1_000_290652,5,0.003951,0,3010990401,순환골재,5425500921,,2025-12-16,R25BK01222683
R25BK01222683_000_1_000_290652,6,0.00385,0,3010990401,순환골재,5058138596,,2025-12-16,R25BK01222683
R25BK01222683_000_1_000_290652,7,0.003767,0,3010990401,순환골재,7360103724,,2025-12-16,R25BK01222683
R25BK01222683_000_1_000_290652,8,0.003497,0,3010990401,순환골재,7960902290,,2025-12-16,R25BK01222683
R25BK01222683_000_1_000_290652,9,0.003481,0,3010990401,순환골재,2152651552,,2025-12-16,R25BK01222683
R25BK01222683_000_1_000_290652,10,0.003481,0,3010990401,순환골재,3680203004,,2025-12-16,R25BK01222683
R25BK01215866_000_1_000_289121,1,0.070764,0,3017152301,방화문,3958600649,,2025-12-17,R25BK01215866
R25BK01215866_000_1_000_289121,2,0.06432,0,3017152301,방화문,4168129569,,2025-12-17,R25BK01215866
R25BK01215866_000_1_000_289121,3,0.052675,0,3017152301,방화문,2798603117,,2025-12-17,R25BK01215866
R25BK01215866_000_1_000_289121,4,0.051606,0,3017152301,방화문,6068189044,,2025-12-17,R25BK01215866
R25BK01215866_000_1_000_289121,5,0.042272,0,3017152301,방화문,6158168228,,2025-12-17,R25BK01215866
R25BK01215866_000_1_000_289121,6,0.041071,0,3017152301,방화문,1308607405,,2025-12-17,R25BK01215866
R25BK01215866_000_1_000_289121,7,0.035334,1,3017152301,방화문,4098631121,(주)원스틸산업개발,2025-12-17,R25BK01215866
R25BK01215866_000_1_000_289121,8,0.029691,0,3017152301,방화문,5858101246,,2025-12-17,R25BK01215866
R25BK01215866_000_1_000_289121,9,0.023585,0,3017152301,방화문,4108182950,,2025-12-17,R25BK01215866
R25BK01215866_000_1_000_289121,10,0.023445,0,3017152301,방화문,1108618742,,2025-12-17,R25BK01215866
R25BK01216644_001_1_000_291729,1,0.61517,0,1235230501,소석회,4831102795,,2025-12-17,R25BK01216644
R25BK01216644_001_1_000_291729,2,0.4777,1,1235230501,소석회,8778103707,주식회사 제이티엘엔씨,2025-12-17,R25BK01216644
R25BK01216644_001_1_000_291729,3,0.280238,0,1235230501,소석회,4148803408,,2025-12-17,R25BK01216644
R25BK01216644_001_1_000_291729,4,0.167138,0,1235230501,소석회,2318802328,,2025-12-17,R25BK01216644
R25BK01216644_001_1_000_291729,5,0.162604,0,1235230501,소석회,6555400458,,2025-12-17,R25BK01216644
R25BK01216644_001_1_000_291729,6,0.100778,0,1235230501,소석회,3038800979,,2025-12-17,R25BK01216644
R25BK01216644_001_1_000_291729,7,0.094331,0,1235230501,소석회,4320802818,,2025-12-17,R25BK01216644
R25BK01216644_001_1_000_291729,8,0.084992,0,1235230501,소석회,5076000709,,2025-12-17,R25BK01216644
R25BK01216644_001_1_000_291729,9,0.07431,0,1235230501,소석회,1716700509,,2025-12-17,R25BK01216644
R25BK01216644_001_1_000_291729,10,0.073498,0,1235230501,소석회,5081702631,,2025-12-17,R25BK01216644
R25BK01223395_000_1_000_289798,1,0.72966,1,4619160102,소화전,1428166381,중경산업(주),2025-12-17,R25BK01223395
R25BK01223395_000_1_000_289798,2,0.053827,0,4619160102,소화전,8178602244,,2025-12-17,R25BK01223395
R25BK01223395_000_1_000_289798,3,0.019901,0,4619160102,소화전,1758803430,,2025-12-17,R25BK01223395
R25BK01223395_000_1_000_289798,4,0.01419,0,4619160102,소화전,5051950138,,2025-12-17,R25BK01223395
R25BK01223395_000_1_000_289798,5,0.013817,0,4619160102,소화전,7332002237,,2025-12-17,R25BK01223395
R25BK01223395_000_1_000_289798,6,0.009731,0,4619160102,소화전,3122630197,,2025-12-17,R25BK01223395
R25BK01223395_000_1_000_289798,7,0.009693,0,4619160102,소화전,6913601202,,2025-12-17,R25BK01223395
R25BK01223395_000_1_000_289798,8,0.00696,0,4619160102,소화전,5483301101,,2025-12-17,R25BK01223395
R25BK01223395_000_1_000_289798,9,0.006542,0,4619160102,소화전,8741002844,,2025-12-17,R25BK01223395
R25BK01223395_000_1_000_289798,10,0.005609,0,4619160102,소화전,6021211607,,2025-12-17,R25BK01223395
R25BK01223901_000_1_000_287483,1,0.36832,0,4010178702,냉난방기,1168702769,,2025-12-17,R25BK01223901
R25BK01223901_000_1_000_287483,2,0.31089,1,4010178702,냉난방기,1288613049,주식회사 성우이앤씨,2025-12-17,R25BK01223901
R25BK01223901_000_1_000_287483,3,0.282425,0,4010178702,냉난방기,5038159843,,2025-12-17,R25BK01223901
R25BK01223901_000_1_000_287483,4,0.274332,0,4010178702,냉난방기,3411000050,,2025-12-17,R25BK01223901
R25BK01223901_000_1_000_287483,5,0.2309,0,4010178702,냉난방기,5578700017,,2025-12-17,R25BK01223901
R25BK01223901_000_1_000_287483,6,0.214556,0,4010178702,냉난방기,3338103089,,2025-12-17,R25BK01223901
R25BK01223901_000_1_000_287483,7,0.128335,0,4010178702,냉난방기,2455100885,,2025-12-17,R25BK01223901
R25BK01223901_000_1_000_287483,8,0.116196,0,4010178702,냉난방기,8646300791,,2025-12-17,R25BK01223901
R25BK01223901_000_1_000_287483,9,0.108646,0,4010178702,냉난방기,7033901281,,2025-12-17,R25BK01223901
R25BK01223901_000_1_000_287483,10,0.106733,0,4010178702,냉난방기,6784500537,,2025-12-17,R25BK01223901
R25BK01224281_000_1_000_293981,1,0.876995,0,4010178702,냉난방기,6178150802,,2025-12-17,R25BK01224281
R25BK01224281_000_1_000_293981,2,0.642449,0,4010178702,냉난방기,6068190895,,2025-12-17,R25BK01224281
R25BK01224281_000_1_000_293981,3,0.542174,0,4010178702,냉난방기,6168619142,,2025-12-17,R25BK01224281
R25BK01224281_000_1_000_293981,4,0.387859,0,4010178702,냉난방기,3448603328,,2025-12-17,R25BK01224281
R25BK01224281_000_1_000_293981,5,0.357748,0,4010178702,냉난방기,7973500601,,2025-12-17,R25BK01224281
R25BK01224281_000_1_000_293981,6,0.229307,0,4010178702,냉난방기,4168802953,,2025-12-17,R25BK01224281
R25BK01224281_000_1_000_293981,7,0.192137,0,4010178702,냉난방기,1608102162,,2025-12-17,R25BK01224281
R25BK01224281_000_1_000_293981,8,0.188166,0,4010178702,냉난방기,6481002570,,2025-12-17,R25BK01224281
R25BK01224281_000_1_000_293981,9,0.184138,0,4010178702,냉난방기,3398700710,,2025-12-17,R25BK01224281
R25BK01224281_000_1_000_293981,10,0.119047,0,4010178702,냉난방기,2520102718,,2025-12-17,R25BK01224281
R25BK01234451_000_1_000_288559,1,0.397025,0,4710998001,제진기,4228602783,,2025-12-17,R25BK01234451
R25BK01234451_000_1_000_288559,2,0.363141,0,4710998001,제진기,5158114780,,2025-12-17,R25BK01234451
R25BK01234451_000_1_000_288559,3,0.283332,0,4710998001,제진기,3978101727,,2025-12-17,R25BK01234451
R25BK01234451_000_1_000_288559,4,0.280352,0,4710998001,제진기,7554700615,,2025-12-17,R25BK01234451
R25BK01234451_000_1_000_288559,5,0.238754,1,4710998001,제진기,5688200569,사단법인 벗나래복지회사업단,2025-12-17,R25BK01234451
R25BK01234451_000_1_000_288559,6,0.233637,0,4710998001,제진기,1808802923,,2025-12-17,R25BK01234451
R25BK01234451_000_1_000_288559,7,0.208378,0,4710998001,제진기,2108801337,,2025-12-17,R25BK01234451
R25BK01234451_000_1_000_288559,8,0.170102,0,4710998001,제진기,6468600756,,2025-12-17,R25BK01234451
R25BK01234451_000_1_000_288559,9,0.168255,0,4710998001,제진기,7918103077,,2025-12-17,R25BK01234451
R25BK01234451_000_1_000_288559,10,0.164946,0,4710998001,제진기,4488700969,,2025-12-17,R25BK01234451
R25BK01234839_000_1_000_288666,1,0.061926,0,2510192601,제설차,1218188641,,2025-12-17,R25BK01234839
R25BK01234839_000_1_000_288666,2,0.04776,0,2510192601,제설차,3160400975,,2025-12-17,R25BK01234839
R25BK01234839_000_1_000_288666,3,0.013324,0,2510192601,제설차,6430302602,,2025-12-17,R25BK01234839
R25BK01234839_000_1_000_288666,4,0.010525,0,2510192601,제설차,6861100265,,2025-12-17,R25BK01234839
R25BK01234839_000_1_000_288666,5,0.008657,0,2510192601,제설차,8494200370,,2025-12-17,R25BK01234839
R25BK01234839_000_1_000_288666,6,0.00841,0,2510192601,제설차,7223900702,,2025-12-17,R25BK01234839
R25BK01234839_000_1_000_288666,7,0.008301,1,2510192601,제설차,4151305639,오늘상사,2025-12-17,R25BK01234839
R25BK01234839_000_1_000_288666,8,0.007338,0,2510192601,제설차,7753101499,,2025-12-17,R25BK01234839
R25BK01234839_000_1_000_288666,9,0.007239,0,2510192601,제설차,6034405230,,2025-12-17,R25BK01234839
R25BK01234839_000_1_000_288666,10,0.006707,0,2510192601,제설차,1801702369,,2025-12-17,R25BK01234839
R25BK01203137_000_1_000_292855,1,0.431718,0,1511151001,액화석유가스,1401601157,,2025-12-18,R25BK01203137
R25BK01203137_000_1_000_292855,2,0.407913,0,1511151001,액화석유가스,3080740638,,2025-12-18,R25BK01203137
R25BK01203137_000_1_000_292855,3,0.397497,0,1511151001,액화석유가스,3718601531,,2025-12-18,R25BK01203137
R25BK01203137_000_1_000_292855,4,0.31847,0,1511151001,액화석유가스,8147600286,,2025-12-18,R25BK01203137
R25BK01203137_000_1_000_292855,5,0.304155,1,1511151001,액화석유가스,2782602047,에스케이(SK)포천충전소,2025-12-18,R25BK01203137
R25BK01203137_000_1_000_292855,6,0.288687,0,1511151001,액화석유가스,4512002238,,2025-12-18,R25BK01203137
R25BK01203137_000_1_000_292855,7,0.281326,0,1511151001,액화석유가스,5330103620,,2025-12-18,R25BK01203137
R25BK01203137_000_1_000_292855,8,0.276368,0,1511151001,액화석유가스,6630303279,,2025-12-18,R25BK01203137
R25BK01203137_000_1_000_292855,9,0.25116,0,1511151001,액화석유가스,6162476446,,2025-12-18,R25BK01203137
R25BK01203137_000_1_000_292855,10,0.237561,0,1511151001,액화석유가스,7122301644,,2025-12-18,R25BK01203137
R25BK01205520_001_1_000_288663,1,0.800557,0,5046700101,배추김치,1078176324,,2025-12-18,R25BK01205520
R25BK01205520_001_1_000_288663,2,0.523117,1,5046700101,배추김치,6471900475,다솜푸드,2025-12-18,R25BK01205520
R25BK01205520_001_1_000_288663,3,0.381965,0,5046700101,배추김치,6330300382,,2025-12-18,R25BK01205520
R25BK01205520_001_1_000_288663,4,0.258116,0,5046700101,배추김치,6012007880,,2025-12-18,R25BK01205520
R25BK01205520_001_1_000_288663,5,0.126869,0,5046700101,배추김치,5852601188,,2025-12-18,R25BK01205520
R25BK01205520_001_1_000_288663,6,0.067551,0,5046700101,배추김치,7308701339,,2025-12-18,R25BK01205520
R25BK01205520_001_1_000_288663,7,0.064082,0,5046700101,배추김치,5616800562,,2025-12-18,R25BK01205520
R25BK01205520_001_1_000_288663,8,0.056546,0,5046700101,배추김치,3558602810,,2025-12-18,R25BK01205520
R25BK01205520_001_1_000_288663,9,0.056249,0,5046700101,배추김치,2082227997,,2025-12-18,R25BK01205520
R25BK01205520_001_1_000_288663,10,0.055967,0,5046700101,배추김치,3238603277,,2025-12-18,R25BK01205520
R25BK01213415_000_1_000_287344,1,0.623116,0,4010178702,냉난방기,1410578594,,2025-12-18,R25BK01213415
R25BK01213415_000_1_000_287344,2,0.320439,1,4010178702,냉난방기,2028168207,(주)금강씨엔지,2025-12-18,R25BK01213415
R25BK01213415_000_1_000_287344,3,0.148443,0,4010178702,냉난방기,7348602707,,2025-12-18,R25BK01213415
R25BK01213415_000_1_000_287344,4,0.113935,0,4010178702,냉난방기,1848802153,,2025-12-18,R25BK01213415
R25BK01213415_000_1_000_287344,5,0.109327,0,4010178702,냉난방기,5993201382,,2025-12-18,R25BK01213415
R25BK01213415_000_1_000_287344,6,0.106883,0,4010178702,냉난방기,6514700797,,2025-12-18,R25BK01213415
R25BK01213415_000_1_000_287344,7,0.099169,0,4010178702,냉난방기,4802401972,,2025-12-18,R25BK01213415
R25BK01213415_000_1_000_287344,8,0.094494,0,4010178702,냉난방기,5345300644,,2025-12-18,R25BK01213415
R25BK01213415_000_1_000_287344,9,0.092776,0,4010178702,냉난방기,1570103431,,2025-12-18,R25BK01213415
R25BK01213415_000_1_000_287344,10,0.081645,0,4010178702,냉난방기,8650802380,,2025-12-18,R25BK01213415
R25BK01219258_000_1_000_288090,1,0.216269,0,4616178701,구조경보기,5806600458,,2025-12-18,R25BK01219258
R25BK01219258_000_1_000_288090,2,0.154398,1,4616178701,구조경보기,2378800987,주식회사 마루전력,2025-12-18,R25BK01219258
R25BK01219258_000_1_000_288090,3,0.147091,0,4616178701,구조경보기,7984101278,,2025-12-18,R25BK01219258
R25BK01219258_000_1_000_288090,4,0.130687,0,4616178701,구조경보기,5314001417,,2025-12-18,R25BK01219258
R25BK01219258_000_1_000_288090,5,0.059565,0,4616178701,구조경보기,2022607050,,2025-12-18,R25BK01219258
R25BK01219258_000_1_000_288090,6,0.055107,0,4616178701,구조경보기,8815200714,,2025-12-18,R25BK01219258
R25BK01219258_000_1_000_288090,7,0.040505,0,4616178701,구조경보기,7500301560,,2025-12-18,R25BK01219258
R25BK01219258_000_1_000_288090,8,0.036538,0,4616178701,구조경보기,8030101948,,2025-12-18,R25BK01219258
R25BK01219258_000_1_000_288090,9,0.036089,0,4616178701,구조경보기,7078602705,,2025-12-18,R25BK01219258
R25BK01219258_000_1_000_288090,10,0.032808,0,4616178701,구조경보기,8870602125,,2025-12-18,R25BK01219258
R25BK01219597_000_1_000_292607,1,0.397497,0,1511151001,액화석유가스,3718601531,,2025-12-18,R25BK01219597
R25BK01219597_000_1_000_292607,2,0.352277,0,1511151001,액화석유가스,2782602047,,2025-12-18,R25BK01219597
R25BK01219597_000_1_000_292607,3,0.307283,0,1511151001,액화석유가스,8147600286,,2025-12-18,R25BK01219597
R25BK01219597_000_1_000_292607,4,0.257298,0,1511151001,액화석유가스,1585600698,,2025-12-18,R25BK01219597
R25BK01219597_000_1_000_292607,5,0.228264,0,1511151001,액화석유가스,7122301644,,2025-12-18,R25BK01219597
R25BK01219597_000_1_000_292607,6,0.167072,0,1511151001,액화석유가스,6568600767,,2025-12-18,R25BK01219597
R25BK01219597_000_1_000_292607,7,0.137298,0,1511151001,액화석유가스,6121329417,,2025-12-18,R25BK01219597
R25BK01219597_000_1_000_292607,8,0.103284,0,1511151001,액화석유가스,6618100406,,2025-12-18,R25BK01219597
R25BK01219597_000_1_000_292607,9,0.088402,0,1511151001,액화석유가스,7883801233,,2025-12-18,R25BK01219597
R25BK01219597_000_1_000_292607,10,0.081544,0,1511151001,액화석유가스,5388102119,,2025-12-18,R25BK01219597
R25BK01219671_000_1_000_292814,1,0.884691,1,4010178702,냉난방기,5158114780,(주)한길엔지니어링,2025-12-18,R25BK01219671
R25BK01219671_000_1_000_292814,2,0.530793,0,4010178702,냉난방기,4476900638,,2025-12-18,R25BK01219671
R25BK01219671_000_1_000_292814,3,0.261982,0,4010178702,냉난방기,2228132232,,2025-12-18,R25BK01219671
R25BK01219671_000_1_000_292814,4,0.146841,0,4010178702,냉난방기,1231833809,,2025-12-18,R25BK01219671
R25BK01219671_000_1_000_292814,5,0.116602,0,4010178702,냉난방기,8988701902,,2025-12-18,R25BK01219671
R25BK01219671_000_1_000_292814,6,0.09722,0,4010178702,냉난방기,4640103886,,2025-12-18,R25BK01219671
R25BK01219671_000_1_000_292814,7,0.086631,0,4010178702,냉난방기,1021653672,,2025-12-18,R25BK01219671
R25BK01219671_000_1_000_292814,8,0.077781,0,4010178702,냉난방기,5620502874,,2025-12-18,R25BK01219671
R25BK01219671_000_1_000_292814,9,0.07003,0,4010178702,냉난방기,4028194760,,2025-12-18,R25BK01219671
R25BK01219671_000_1_000_292814,10,0.061307,0,4010178702,냉난방기,1870603102,,2025-12-18,R25BK01219671
R25BK01223714_000_1_000_293490,1,0.092644,0,1411160801,상품권,6978703059,,2025-12-18,R25BK01223714
R25BK01223714_000_1_000_293490,2,0.091292,0,1411160801,상품권,6706200447,,2025-12-18,R25BK01223714
R25BK01223714_000_1_000_293490,3,0.076247,0,1411160801,상품권,1078219238,,2025-12-18,R25BK01223714
R25BK01223714_000_1_000_293490,4,0.053878,0,1411160801,상품권,6079472212,,2025-12-18,R25BK01223714
R25BK01223714_000_1_000_293490,5,0.053405,0,1411160801,상품권,1418518657,,2025-12-18,R25BK01223714
R25BK01223714_000_1_000_293490,6,0.053405,0,1411160801,상품권,6088535144,,2025-12-18,R25BK01223714
R25BK01223714_000_1_000_293490,7,0.053405,0,1411160801,상품권,6168533924,,2025-12-18,R25BK01223714
R25BK01223714_000_1_000_293490,8,0.050774,0,1411160801,상품권,2148629288,,2025-12-18,R25BK01223714
R25BK01223714_000_1_000_293490,9,0.049639,0,1411160801,상품권,2968602073,,2025-12-18,R25BK01223714
R25BK01223714_000_1_000_293490,10,0.041372,1,1411160801,상품권,3063262657,미라클,2025-12-18,R25BK01223714
R25BK01224663_000_1_000_293159,1,0.410948,0,4010180601,전기히트펌프,8743601317,,2025-12-18,R25BK01224663
R25BK01224663_000_1_000_293159,2,0.291175,0,4010180601,전기히트펌프,4118161619,,2025-12-18,R25BK01224663
R25BK01224663_000_1_000_293159,3,0.216745,1,4010180601,전기히트펌프,7041801858,성지기계설비,2025-12-18,R25BK01224663
R25BK01224663_000_1_000_293159,4,0.169283,0,4010180601,전기히트펌프,3018193115,,2025-12-18,R25BK01224663
R25BK01224663_000_1_000_293159,5,0.130048,0,4010180601,전기히트펌프,1570901123,,2025-12-18,R25BK01224663
R25BK01224663_000_1_000_293159,6,0.120893,0,4010180601,전기히트펌프,4931301458,,2025-12-18,R25BK01224663
R25BK01224663_000_1_000_293159,7,0.102937,0,4010180601,전기히트펌프,3798701226,,2025-12-18,R25BK01224663
R25BK01224663_000_1_000_293159,8,0.102596,0,4010180601,전기히트펌프,2556200267,,2025-12-18,R25BK01224663
R25BK01224663_000_1_000_293159,9,0.099146,0,4010180601,전기히트펌프,7226300648,,2025-12-18,R25BK01224663
R25BK01224663_000_1_000_293159,10,0.086174,0,4010180601,전기히트펌프,4241202551,,2025-12-18,R25BK01224663
R25BK01226993_000_1_000_291345,1,0.573323,0,4010178702,냉난방기,8548603145,,2025-12-18,R25BK01226993
R25BK01226993_000_1_000_291345,2,0.538501,1,4010178702,냉난방기,2208124944,세연설비(주),2025-12-18,R25BK01226993
R25BK01226993_000_1_000_291345,3,0.244869,0,4010178702,냉난방기,5631902632,,2025-12-18,R25BK01226993
R25BK01226993_000_1_000_291345,4,0.23797,0,4010178702,냉난방기,5341402018,,2025-12-18,R25BK01226993
R25BK01226993_000_1_000_291345,5,0.233049,0,4010178702,냉난방기,2158627283,,2025-12-18,R25BK01226993
R25BK01226993_000_1_000_291345,6,0.226848,0,4010178702,냉난방기,4530901680,,2025-12-18,R25BK01226993
R25BK01226993_000_1_000_291345,7,0.181236,0,4010178702,냉난방기,5011133785,,2025-12-18,R25BK01226993
R25BK01226993_000_1_000_291345,8,0.128577,0,4010178702,냉난방기,3158104227,,2025-12-18,R25BK01226993
R25BK01226993_000_1_000_291345,9,0.10308,0,4010178702,냉난방기,5021837707,,2025-12-18,R25BK01226993
R25BK01226993_000_1_000_291345,10,0.093769,0,4010178702,냉난방기,3360803066,,2025-12-18,R25BK01226993
R25BK01233752_000_1_000_291168,1,0.593187,0,4015150304,편흡입벌류트펌프,2988102360,,2025-12-18,R25BK01233752
R25BK01233752_000_1_000_291168,2,0.262271,1,4015150304,편흡입벌류트펌프,5533201028,제이엔텍,2025-12-18,R25BK01233752
R25BK01233752_000_1_000_291168,3,0.181767,0,4015150304,편흡입벌류트펌프,2348200161,,2025-12-18,R25BK01233752
R25BK01233752_000_1_000_291168,4,0.134038,0,4015150304,편흡입벌류트펌프,1371191115,,2025-12-18,R25BK01233752
R25BK01233752_000_1_000_291168,5,0.012327,0,4015150304,편흡입벌류트펌프,3298100254,,2025-12-18,R25BK01233752
R25BK01233752_000_1_000_291168,6,0.010339,0,4015150304,편흡입벌류트펌프,1191394404,,2025-12-18,R25BK01233752
R25BK01233752_000_1_000_291168,7,0.007663,0,4015150304,편흡입벌류트펌프,1198165757,,2025-12-18,R25BK01233752
R25BK01233752_000_1_000_291168,8,0.005159,0,4015150304,편흡입벌류트펌프,5772001579,,2025-12-18,R25BK01233752
R25BK01233752_000_1_000_291168,9,0.005075,0,4015150304,편흡입벌류트펌프,2520102718,,2025-12-18,R25BK01233752
R25BK01233752_000_1_000_291168,10,0.004908,0,4015150304,편흡입벌류트펌프,5900402440,,2025-12-18,R25BK01233752
R25BK01234602_000_1_000_293951,1,0.946255,1,4616150601,눈및얼음융해장치,1248705767,주식회사 영신,2025-12-18,R25BK01234602
R25BK01234602_000_1_000_293951,2,0.092891,0,4616150601,눈및얼음융해장치,5406700253,,2025-12-18,R25BK01234602
R25BK01234602_000_1_000_293951,3,0.046857,0,4616150601,눈및얼음융해장치,1782301882,,2025-12-18,R25BK01234602
R25BK01234602_000_1_000_293951,4,0.045571,0,4616150601,눈및얼음융해장치,6308103239,,2025-12-18,R25BK01234602
R25BK01234602_000_1_000_293951,5,0.012587,0,4616150601,눈및얼음융해장치,2238800275,,2025-12-18,R25BK01234602
R25BK01234602_000_1_000_293951,6,0.007528,0,4616150601,눈및얼음융해장치,1742200318,,2025-12-18,R25BK01234602
R25BK01234602_000_1_000_293951,7,0.004687,0,4616150601,눈및얼음융해장치,7960902290,,2025-12-18,R25BK01234602
R25BK01234602_000_1_000_293951,8,0.004012,0,4616150601,눈및얼음융해장치,8951202544,,2025-12-18,R25BK01234602
R25BK01234602_000_1_000_293951,9,0.00389,0,4616150601,눈및얼음융해장치,4810601423,,2025-12-18,R25BK01234602
R25BK01234602_000_1_000_293951,10,0.003864,0,4616150601,눈및얼음융해장치,6032773653,,2025-12-18,R25BK01234602
R25BK01211641_000_1_000_290256,1,0.912415,1,4219220101,환자운반기,1288633477,주식회사 한국젬스,2025-12-19,R25BK01211641
R25BK01211641_000_1_000_290256,2,0.234548,0,4219220101,환자운반기,4028600078,,2025-12-19,R25BK01211641
R25BK01211641_000_1_000_290256,3,0.083072,0,4219220101,환자운반기,4950201007,,2025-12-19,R25BK01211641
R25BK01211641_000_1_000_290256,4,0.02997,0,4219220101,환자운반기,6308102002,,2025-12-19,R25BK01211641
R25BK01211641_000_1_000_290256,5,0.013997,0,4219220101,환자운반기,5118127226,,2025-12-19,R25BK01211641
R25BK01211641_000_1_000_290256,6,0.012026,0,4219220101,환자운반기,3348601508,,2025-12-19,R25BK01211641
R25BK01211641_000_1_000_290256,7,0.01002,0,4219220101,환자운반기,2510300098,,2025-12-19,R25BK01211641
R25BK01211641_000_1_000_290256,8,0.008831,0,4219220101,환자운반기,1161602468,,2025-12-19,R25BK01211641
R25BK01211641_000_1_000_290256,9,0.00742,0,4219220101,환자운반기,2108802898,,2025-12-19,R25BK01211641
R25BK01211641_000_1_000_290256,10,0.006436,0,4219220101,환자운반기,6593001448,,2025-12-19,R25BK01211641
R25BK01218003_000_1_000_291701,1,0.915434,0,3010990201,혼합골재,1968701484,,2025-12-19,R25BK01218003
R25BK01218003_000_1_000_291701,2,0.477755,1,3010990201,혼합골재,1098174507,(주)천우산업,2025-12-19,R25BK01218003
R25BK01218003_000_1_000_291701,3,0.438349,0,3010990201,혼합골재,6158142209,,2025-12-19,R25BK01218003
R25BK01218003_000_1_000_291701,4,0.23172,0,3010990201,혼합골재,1288130136,,2025-12-19,R25BK01218003
R25BK01218003_000_1_000_291701,5,0.059216,0,3010990201,혼합골재,3051365742,,2025-12-19,R25BK01218003
R25BK01218003_000_1_000_291701,6,0.043938,0,3010990201,혼합골재,6158165672,,2025-12-19,R25BK01218003
R25BK01218003_000_1_000_291701,7,0.01008,0,3010990201,혼합골재,2888802606,,2025-12-19,R25BK01218003
R25BK01218003_000_1_000_291701,8,0.009584,0,3010990201,혼합골재,5131648632,,2025-12-19,R25BK01218003
R25BK01218003_000_1_000_291701,9,0.008528,0,3010990201,혼합골재,6543601616,,2025-12-19,R25BK01218003
R25BK01218003_000_1_000_291701,10,0.008148,0,3010990201,혼합골재,4562800852,,2025-12-19,R25BK01218003
R25BK01221832_000_1_000_288794,1,0.565806,1,1235230501,소석회,5261301796,제이엠컴퍼니,2025-12-19,R25BK01221832
R25BK01221832_000_1_000_288794,2,0.456822,0,1235230501,소석회,2650101980,,2025-12-19,R25BK01221832
R25BK01221832_000_1_000_288794,3,0.336498,0,1235230501,소석회,2911002656,,2025-12-19,R25BK01221832
R25BK01221832_000_1_000_288794,4,0.246412,0,1235230501,소석회,3141534679,,2025-12-19,R25BK01221832
R25BK01221832_000_1_000_288794,5,0.209798,0,1235230501,소석회,2441002359,,2025-12-19,R25BK01221832
R25BK01221832_000_1_000_288794,6,0.188956,0,1235230501,소석회,4168700507,,2025-12-19,R25BK01221832
R25BK01221832_000_1_000_288794,7,0.185693,0,1235230501,소석회,5738602422,,2025-12-19,R25BK01221832
R25BK01221832_000_1_000_288794,8,0.178474,0,1235230501,소석회,2338601340,,2025-12-19,R25BK01221832
R25BK01221832_000_1_000_288794,9,0.164352,0,1235230501,소석회,2301202091,,2025-12-19,R25BK01221832
R25BK01221832_000_1_000_288794,10,0.080733,0,1235230501,소석회,2556200267,,2025-12-19,R25BK01221832
R25BK01222983_000_1_000_293744,1,0.109876,1,1411160801,상품권,6978703059,주식회사 비케이고,2025-12-19,R25BK01222983
R25BK01222983_000_1_000_293744,2,0.092435,0,1411160801,상품권,2028703230,,2025-12-19,R25BK01222983
R25BK01222983_000_1_000_293744,3,0.08528,0,1411160801,상품권,2256600769,,2025-12-19,R25BK01222983
R25BK01222983_000_1_000_293744,4,0.065805,0,1411160801,상품권,7178700676,,2025-12-19,R25BK01222983
R25BK01222983_000_1_000_293744,5,0.063853,0,1411160801,상품권,6168533924,,2025-12-19,R25BK01222983
R25BK01222983_000_1_000_293744,6,0.063853,0,1411160801,상품권,1148694271,,2025-12-19,R25BK01222983
R25BK01222983_000_1_000_293744,7,0.063853,0,1411160801,상품권,5108509295,,2025-12-19,R25BK01222983
R25BK01222983_000_1_000_293744,8,0.056204,0,1411160801,상품권,6041293231,,2025-12-19,R25BK01222983
R25BK01222983_000_1_000_293744,9,0.042059,0,1411160801,상품권,1786600352,,2025-12-19,R25BK01222983
R25BK01222983_000_1_000_293744,10,0.034507,0,1411160801,상품권,3061417686,,2025-12-19,R25BK01222983
R25BK01229829_000_1_000_291835,1,0.627643,1,4010178702,냉난방기,1298150907,주식회사 그린에네스텍,2025-12-19,R25BK01229829
R25BK01229829_000_1_000_291835,2,0.548246,0,4010178702,냉난방기,6948100895,,2025-12-19,R25BK01229829
R25BK01229829_000_1_000_291835,3,0.428899,0,4010178702,냉난방기,5018700178,,2025-12-19,R25BK01229829
R25BK01229829_000_1_000_291835,4,0.407103,0,4010178702,냉난방기,4028119010,,2025-12-19,R25BK01229829
R25BK01229829_000_1_000_291835,5,0.357128,0,4010178702,냉난방기,6098608555,,2025-12-19,R25BK01229829
R25BK01229829_000_1_000_291835,6,0.278773,0,4010178702,냉난방기,5038189269,,2025-12-19,R25BK01229829
R25BK01229829_000_1_000_291835,7,0.245481,0,4010178702,냉난방기,1178152289,,2025-12-19,R25BK01229829
R25BK01229829_000_1_000_291835,8,0.22951,0,4010178702,냉난방기,1218169931,,2025-12-19,R25BK01229829
R25BK01229829_000_1_000_291835,9,0.174667,0,4010178702,냉난방기,3018193115,,2025-12-19,R25BK01229829
R25BK01229829_000_1_000_291835,10,0.131143,0,4010178702,냉난방기,8088601203,,2025-12-19,R25BK01229829
R25BK01230139_000_1_000_290329,1,0.530497,0,4010178702,냉난방기,7358800292,,2025-12-19,R25BK01230139
R25BK01230139_000_1_000_290329,2,0.515876,0,4010178702,냉난방기,5788801683,,2025-12-19,R25BK01230139
R25BK01230139_000_1_000_290329,3,0.384281,1,4010178702,냉난방기,1278617590,효성종합 주식회사,2025-12-19,R25BK01230139
R25BK01230139_000_1_000_290329,4,0.295587,0,4010178702,냉난방기,5848100303,,2025-12-19,R25BK01230139
R25BK01230139_000_1_000_290329,5,0.243073,0,4010178702,냉난방기,5128120721,,2025-12-19,R25BK01230139
R25BK01230139_000_1_000_290329,6,0.137284,0,4010178702,냉난방기,2261262542,,2025-12-19,R25BK01230139
R25BK01230139_000_1_000_290329,7,0.127313,0,4010178702,냉난방기,5015800391,,2025-12-19,R25BK01230139
R25BK01230139_000_1_000_290329,8,0.118682,0,4010178702,냉난방기,7191002566,,2025-12-19,R25BK01230139
R25BK01230139_000_1_000_290329,9,0.106106,0,4010178702,냉난방기,6191217384,,2025-12-19,R25BK01230139
R25BK01230139_000_1_000_290329,10,0.103495,0,4010178702,냉난방기,1180135340,,2025-12-19,R25BK01230139
R25BK01218932_000_1_000_285759,1,0.754137,0,4010178702,냉난방기,3148124588,,2025-12-22,R25BK01218932
R25BK01218932_000_1_000_285759,2,0.542162,0,4010178702,냉난방기,1358165555,,2025-12-22,R25BK01218932
R25BK01218932_000_1_000_285759,3,0.271154,0,4010178702,냉난방기,4108647453,,2025-12-22,R25BK01218932
R25BK01218932_000_1_000_285759,4,0.268209,0,4010178702,냉난방기,2158787861,,2025-12-22,R25BK01218932
R25BK01218932_000_1_000_285759,5,0.245151,0,4010178702,냉난방기,5738600496,,2025-12-22,R25BK01218932
R25BK01218932_000_1_000_285759,6,0.245151,0,4010178702,냉난방기,3058191593,,2025-12-22,R25BK01218932
R25BK01218932_000_1_000_285759,7,0.223424,0,4010178702,냉난방기,1068627747,,2025-12-22,R25BK01218932
R25BK01218932_000_1_000_285759,8,0.121385,0,4010178702,냉난방기,1848802153,,2025-12-22,R25BK01218932
R25BK01218932_000_1_000_285759,9,0.110644,0,4010178702,냉난방기,2218136706,,2025-12-22,R25BK01218932
R25BK01218932_000_1_000_285759,10,0.09353,0,4010178702,냉난방기,8082101806,,2025-12-22,R25BK01218932
R25BK01223783_000_1_000_288543,1,0.550911,1,4299030201,미생물배양기,5573001517,태현메디칼,2025-12-22,R25BK01223783
R25BK01223783_000_1_000_288543,2,0.01017,0,4299030201,미생물배양기,1974101344,,2025-12-22,R25BK01223783
R25BK01223783_000_1_000_288543,3,0.007712,0,4299030201,미생물배양기,4181202459,,2025-12-22,R25BK01223783
R25BK01223783_000_1_000_288543,4,0.007369,0,4299030201,미생물배양기,6770200992,,2025-12-22,R25BK01223783
R25BK01223783_000_1_000_288543,5,0.007181,0,4299030201,미생물배양기,6760702158,,2025-12-22,R25BK01223783
R25BK01223783_000_1_000_288543,6,0.006688,0,4299030201,미생물배양기,8781601780,,2025-12-22,R25BK01223783
R25BK01223783_000_1_000_288543,7,0.006475,0,4299030201,미생물배양기,3253301264,,2025-12-22,R25BK01223783
R25BK01223783_000_1_000_288543,8,0.005708,0,4299030201,미생물배양기,1212480684,,2025-12-22,R25BK01223783
R25BK01223783_000_1_000_288543,9,0.005505,0,4299030201,미생물배양기,6778803329,,2025-12-22,R25BK01223783
R25BK01223783_000_1_000_288543,10,0.005089,0,4299030201,미생물배양기,5368700515,,2025-12-22,R25BK01223783
R25BK01228211_000_1_000_290743,1,0.708945,1,4010178702,냉난방기,7918602108,큐앤에이 주식회사,2025-12-22,R25BK01228211
R25BK01228211_000_1_000_290743,2,0.447251,0,4010178702,냉난방기,5608700750,,2025-12-22,R25BK01228211
R25BK01228211_000_1_000_290743,3,0.195055,0,4010178702,냉난방기,7370102602,,2025-12-22,R25BK01228211
R25BK01228211_000_1_000_290743,4,0.155003,0,4010178702,냉난방기,3612901579,,2025-12-22,R25BK01228211
R25BK01228211_000_1_000_290743,5,0.147101,0,4010178702,냉난방기,5948803024,,2025-12-22,R25BK01228211
R25BK01228211_000_1_000_290743,6,0.134274,0,4010178702,냉난방기,5201102643,,2025-12-22,R25BK01228211
R25BK01228211_000_1_000_290743,7,0.117865,0,4010178702,냉난방기,2418701464,,2025-12-22,R25BK01228211
R25BK01228211_000_1_000_290743,8,0.113852,0,4010178702,냉난방기,3900902374,,2025-12-22,R25BK01228211
R25BK01228211_000_1_000_290743,9,0.10452,0,4010178702,냉난방기,6022593083,,2025-12-22,R25BK01228211
R25BK01228211_000_1_000_290743,10,0.09096,0,4010178702,냉난방기,2680802968,,2025-12-22,R25BK01228211
R25BK01228485_000_1_000_286341,1,0.713023,1,1012159801,배합사료,6168143308,주식회사 세경,2025-12-22,R25BK01228485
R25BK01228485_000_1_000_286341,2,0.216939,0,1012159801,배합사료,2922301359,,2025-12-22,R25BK01228485
R25BK01228485_000_1_000_286341,3,0.167711,0,1012159801,배합사료,1168167756,,2025-12-22,R25BK01228485
R25BK01228485_000_1_000_286341,4,0.14697,0,1012159801,배합사료,2238112087,,2025-12-22,R25BK01228485
R25BK01228485_000_1_000_286341,5,0.144406,0,1012159801,배합사료,7888800511,,2025-12-22,R25BK01228485
R25BK01228485_000_1_000_286341,6,0.140516,0,1012159801,배합사료,6061745424,,2025-12-22,R25BK01228485
R25BK01228485_000_1_000_286341,7,0.099016,0,1012159801,배합사료,7100501775,,2025-12-22,R25BK01228485
R25BK01228485_000_1_000_286341,8,0.09279,0,1012159801,배합사료,8350800095,,2025-12-22,R25BK01228485
R25BK01228485_000_1_000_286341,9,0.087541,0,1012159801,배합사료,8610302063,,2025-12-22,R25BK01228485
R25BK01228485_000_1_000_286341,10,0.085423,0,1012159801,배합사료,8736100637,,2025-12-22,R25BK01228485
R25BK01228888_000_1_000_292355,1,0.43407,0,4010178702,냉난방기,1828701281,,2025-12-22,R25BK01228888
R25BK01228888_000_1_000_292355,2,0.231059,1,4010178702,냉난방기,5038189269,(주)남일이엔지,2025-12-22,R25BK01228888
R25BK01228888_000_1_000_292355,3,0.210836,0,4010178702,냉난방기,4098622054,,2025-12-22,R25BK01228888
R25BK01228888_000_1_000_292355,4,0.166111,0,4010178702,냉난방기,8415000518,,2025-12-22,R25BK01228888
R25BK01228888_000_1_000_292355,5,0.146444,0,4010178702,냉난방기,1440303346,,2025-12-22,R25BK01228888
R25BK01228888_000_1_000_292355,6,0.144454,0,4010178702,냉난방기,5018700178,,2025-12-22,R25BK01228888
R25BK01228888_000_1_000_292355,7,0.140574,0,4010178702,냉난방기,3288801467,,2025-12-22,R25BK01228888
R25BK01228888_000_1_000_292355,8,0.135365,0,4010178702,냉난방기,2378103762,,2025-12-22,R25BK01228888
R25BK01228888_000_1_000_292355,9,0.133731,0,4010178702,냉난방기,8408601473,,2025-12-22,R25BK01228888
R25BK01228888_000_1_000_292355,10,0.132536,0,4010178702,냉난방기,5180101851,,2025-12-22,R25BK01228888
R25BK01229289_000_1_000_288435,1,0.915442,0,4010178702,냉난방기,6108120516,,2025-12-22,R25BK01229289
R25BK01229289_000_1_000_288435,2,0.727255,0,4010178702,냉난방기,5018121230,,2025-12-22,R25BK01229289
R25BK01229289_000_1_000_288435,3,0.712256,1,4010178702,냉난방기,7918602108,큐앤에이 주식회사,2025-12-22,R25BK01229289
R25BK01229289_000_1_000_288435,4,0.259428,0,4010178702,냉난방기,4608601812,,2025-12-22,R25BK01229289
R25BK01229289_000_1_000_288435,5,0.181874,0,4010178702,냉난방기,5158146579,,2025-12-22,R25BK01229289
R25BK01229289_000_1_000_288435,6,0.153187,0,4010178702,냉난방기,6138146403,,2025-12-22,R25BK01229289
R25BK01229289_000_1_000_288435,7,0.140043,0,4010178702,냉난방기,1570901123,,2025-12-22,R25BK01229289
R25BK01229289_000_1_000_288435,8,0.13194,0,4010178702,냉난방기,6190703737,,2025-12-22,R25BK01229289
R25BK01229289_000_1_000_288435,9,0.128552,0,4010178702,냉난방기,8958602434,,2025-12-22,R25BK01229289
R25BK01229289_000_1_000_288435,10,0.124213,0,4010178702,냉난방기,2130892228,,2025-12-22,R25BK01229289
R25BK01229634_000_1_000_285556,1,0.564577,1,4010178702,냉난방기,2241540465,태하엔지니어링,2025-12-22,R25BK01229634
R25BK01229634_000_1_000_285556,2,0.362577,0,4010178702,냉난방기,5128120721,,2025-12-22,R25BK01229634
R25BK01229634_000_1_000_285556,3,0.322086,0,4010178702,냉난방기,1408133486,,2025-12-22,R25BK01229634
R25BK01229634_000_1_000_285556,4,0.267413,0,4010178702,냉난방기,7598802942,,2025-12-22,R25BK01229634
R25BK01229634_000_1_000_285556,5,0.262459,0,4010178702,냉난방기,3148163771,,2025-12-22,R25BK01229634
R25BK01229634_000_1_000_285556,6,0.176961,0,4010178702,냉난방기,5621401241,,2025-12-22,R25BK01229634
R25BK01229634_000_1_000_285556,7,0.169961,0,4010178702,냉난방기,6033027203,,2025-12-22,R25BK01229634
R25BK01229634_000_1_000_285556,8,0.134553,0,4010178702,냉난방기,1251482235,,2025-12-22,R25BK01229634
R25BK01229634_000_1_000_285556,9,0.12232,0,4010178702,냉난방기,2697200362,,2025-12-22,R25BK01229634
R25BK01229634_000_1_000_285556,10,0.120203,0,4010178702,냉난방기,1062477045,,2025-12-22,R25BK01229634
R25BK01234735_000_1_000_290069,1,0.210199,1,4322178701,스마트워치,1024901022,유유테크놀러지,2025-12-22,R25BK01234735
R25BK01234735_000_1_000_290069,2,0.119887,0,4322178701,스마트워치,4088189324,,2025-12-22,R25BK01234735
R25BK01234735_000_1_000_290069,3,0.090906,0,4322178701,스마트워치,1398165111,,2025-12-22,R25BK01234735
R25BK01234735_000_1_000_290069,4,0.086949,0,4322178701,스마트워치,6960400551,,2025-12-22,R25BK01234735
R25BK01234735_000_1_000_290069,5,0.075693,0,4322178701,스마트워치,8670302474,,2025-12-22,R25BK01234735
R25BK01234735_000_1_000_290069,6,0.04406,0,4322178701,스마트워치,5138181925,,2025-12-22,R25BK01234735
R25BK01234735_000_1_000_290069,7,0.040037,0,4322178701,스마트워치,3942400196,,2025-12-22,R25BK01234735
R25BK01234735_000_1_000_290069,8,0.036646,0,4322178701,스마트워치,7211301237,,2025-12-22,R25BK01234735
R25BK01234735_000_1_000_290069,9,0.032664,0,4322178701,스마트워치,4858103906,,2025-12-22,R25BK01234735
R25BK01234735_000_1_000_290069,10,0.025281,0,4322178701,스마트워치,8046500473,,2025-12-22,R25BK01234735
R25BK01241151_000_1_000_286143,1,0.561761,1,4010171501,항온항습기,1308155197,주식회사 디포그,2025-12-22,R25BK01241151
R25BK01241151_000_1_000_286143,2,0.367218,0,4010171501,항온항습기,1238180403,,2025-12-22,R25BK01241151
R25BK01241151_000_1_000_286143,3,0.350381,0,4010171501,항온항습기,1208151627,,2025-12-22,R25BK01241151
R25BK01241151_000_1_000_286143,4,0.31517,0,4010171501,항온항습기,4788601884,,2025-12-22,R25BK01241151
R25BK01241151_000_1_000_286143,5,0.270554,0,4010171501,항온항습기,4098189797,,2025-12-22,R25BK01241151
R25BK01241151_000_1_000_286143,6,0.150884,0,4010171501,항온항습기,2268129194,,2025-12-22,R25BK01241151
R25BK01241151_000_1_000_286143,7,0.109893,0,4010171501,항온항습기,1828601697,,2025-12-22,R25BK01241151
R25BK01241151_000_1_000_286143,8,0.035091,0,4010171501,항온항습기,3538600330,,2025-12-22,R25BK01241151
R25BK01241151_000_1_000_286143,9,0.027038,0,4010171501,항온항습기,1838702978,,2025-12-22,R25BK01241151
R25BK01241151_000_1_000_286143,10,0.022525,0,4010171501,항온항습기,3368802190,,2025-12-22,R25BK01241151
R25BK01243488_000_1_000_286995,1,0.219619,0,9946161501,융복합도로살수장치,8368702747,,2025-12-22,R25BK01243488
R25BK01243488_000_1_000_286995,2,0.218303,0,9946161501,융복합도로살수장치,5888802637,,2025-12-22,R25BK01243488
R25BK01243488_000_1_000_286995,3,0.165526,1,9946161501,융복합도로살수장치,5168700957,마스코리아 주식회사,2025-12-22,R25BK01243488
R25BK01243488_000_1_000_286995,4,0.126999,0,9946161501,융복합도로살수장치,1342466922,,2025-12-22,R25BK01243488
R25BK01243488_000_1_000_286995,5,0.097399,0,9946161501,융복합도로살수장치,1298642208,,2025-12-22,R25BK01243488
R25BK01243488_000_1_000_286995,6,0.078861,0,9946161501,융복합도로살수장치,2728601874,,2025-12-22,R25BK01243488
R25BK01243488_000_1_000_286995,7,0.072214,0,9946161501,융복합도로살수장치,6658500653,,2025-12-22,R25BK01243488
R25BK01228002_000_1_000_289804,1,0.902281,1,3022109901,무대장치,6068184864,한국이미지시스템(주),2025-12-23,R25BK01228002
R25BK01228002_000_1_000_289804,2,0.073386,0,3022109901,무대장치,4103223201,,2025-12-23,R25BK01228002
R25BK01228002_000_1_000_289804,3,0.071668,0,3022109901,무대장치,6171168750,,2025-12-23,R25BK01228002
R25BK01228002_000_1_000_289804,4,0.070882,0,3022109901,무대장치,3748600341,,2025-12-23,R25BK01228002
R25BK01228002_000_1_000_289804,5,0.062031,0,3022109901,무대장치,6948702973,,2025-12-23,R25BK01228002
R25BK01228002_000_1_000_289804,6,0.059832,0,3022109901,무대장치,3283101288,,2025-12-23,R25BK01228002
R25BK01228002_000_1_000_289804,7,0.058606,0,3022109901,무대장치,5328701278,,2025-12-23,R25BK01228002
R25BK01228002_000_1_000_289804,8,0.054637,0,3022109901,무대장치,1243386525,,2025-12-23,R25BK01228002
R25BK01228002_000_1_000_289804,9,0.038833,0,3022109901,무대장치,2148545409,,2025-12-23,R25BK01228002
R25BK01228002_000_1_000_289804,10,0.034469,0,3022109901,무대장치,2272604407,,2025-12-23,R25BK01228002
R25BK01233859_000_1_001_293776,1,0.764933,1,2110150301,관리기,1118192304,주식회사 엘림농기계,2025-12-23,R25BK01233859
R25BK01233859_000_1_001_293776,2,0.625283,0,2110150301,관리기,8790800756,,2025-12-23,R25BK01233859
R25BK01233859_000_1_001_293776,3,0.491849,0,2110150301,관리기,1093656038,,2025-12-23,R25BK01233859
R25BK01233859_000_1_001_293776,4,0.225142,0,2110150301,관리기,3341801644,,2025-12-23,R25BK01233859
R25BK01233859_000_1_001_293776,5,0.217095,0,2110150301,관리기,5358102575,,2025-12-23,R25BK01233859
R25BK01233859_000_1_001_293776,6,0.187828,0,2110150301,관리기,3130161424,,2025-12-23,R25BK01233859
R25BK01233859_000_1_001_293776,7,0.135186,0,2110150301,관리기,8770102875,,2025-12-23,R25BK01233859
R25BK01233859_000_1_001_293776,8,0.054689,0,2110150301,관리기,5590102676,,2025-12-23,R25BK01233859
R25BK01233859_000_1_001_293776,9,0.04315,0,2110150301,관리기,4533800435,,2025-12-23,R25BK01233859
R25BK01233859_000_1_001_293776,10,0.007709,0,2110150301,관리기,6700202359,,2025-12-23,R25BK01233859
R25BK01234197_001_1_000_288308,1,0.41544,1,4924159801,기타놀이기구,1278610262,주식회사 케이엠,2025-12-23,R25BK01234197
R25BK01234197_001_1_000_288308,2,0.026735,0,4924159801,기타놀이기구,7480303401,,2025-12-23,R25BK01234197
R25BK01234197_001_1_000_288308,3,0.018887,0,4924159801,기타놀이기구,7810302068,,2025-12-23,R25BK01234197
R25BK01234197_001_1_000_288308,4,0.015025,0,4924159801,기타놀이기구,2062338888,,2025-12-23,R25BK01234197
R25BK01234197_001_1_000_288308,5,0.014862,0,4924159801,기타놀이기구,3591801809,,2025-12-23,R25BK01234197
R25BK01234197_001_1_000_288308,6,0.01453,0,4924159801,기타놀이기구,3612401235,,2025-12-23,R25BK01234197
R25BK01234197_001_1_000_288308,7,0.013197,0,4924159801,기타놀이기구,2291404977,,2025-12-23,R25BK01234197
R25BK01234197_001_1_000_288308,8,0.011258,0,4924159801,기타놀이기구,2911902149,,2025-12-23,R25BK01234197
R25BK01234197_001_1_000_288308,9,0.010152,0,4924159801,기타놀이기구,3870502633,,2025-12-23,R25BK01234197
R25BK01234197_001_1_000_288308,10,0.009538,0,4924159801,기타놀이기구,4626800533,,2025-12-23,R25BK01234197
R25BK01236214_000_1_000_285662,1,0.579291,1,2611171101,리튬2차전지,7115300222,하나테크,2025-12-23,R25BK01236214
R25BK01236214_000_1_000_285662,2,0.261885,0,2611171101,리튬2차전지,6313100415,,2025-12-23,R25BK01236214
R25BK01236214_000_1_000_285662,3,0.211711,0,2611171101,리튬2차전지,3015700950,,2025-12-23,R25BK01236214
R25BK01236214_000_1_000_285662,4,0.04196,0,2611171101,리튬2차전지,8358103023,,2025-12-23,R25BK01236214
R25BK01236214_000_1_000_285662,5,0.032858,0,2611171101,리튬2차전지,6101142405,,2025-12-23,R25BK01236214
R25BK01236214_000_1_000_285662,6,0.032349,0,2611171101,리튬2차전지,4071508643,,2025-12-23,R25BK01236214
R25BK01236214_000_1_000_285662,7,0.027791,0,2611171101,리튬2차전지,1148619495,,2025-12-23,R25BK01236214
R25BK01236214_000_1_000_285662,8,0.01405,0,2611171101,리튬2차전지,5060821402,,2025-12-23,R25BK01236214
R25BK01236214_000_1_000_285662,9,0.01405,0,2611171101,리튬2차전지,4523101276,,2025-12-23,R25BK01236214
R25BK01236214_000_1_000_285662,10,0.014006,0,2611171101,리튬2차전지,2520102718,,2025-12-23,R25BK01236214
R25BK01236343_000_1_000_285798,1,0.094073,0,2410160301,지게차,4093295670,,2025-12-23,R25BK01236343
R25BK01236343_000_1_000_285798,2,0.075961,0,2410160301,지게차,1303869356,,2025-12-23,R25BK01236343
R25BK01236343_000_1_000_285798,3,0.075193,0,2410160301,지게차,1281228556,,2025-12-23,R25BK01236343
R25BK01236343_000_1_000_285798,4,0.071792,0,2410160301,지게차,1917700666,,2025-12-23,R25BK01236343
R25BK01236343_000_1_000_285798,5,0.055468,0,2410160301,지게차,6193100962,,2025-12-23,R25BK01236343
R25BK01236343_000_1_000_285798,6,0.052466,0,2410160301,지게차,5128120721,,2025-12-23,R25BK01236343
R25BK01236343_000_1_000_285798,7,0.05051,0,2410160301,지게차,2023505919,,2025-12-23,R25BK01236343
R25BK01236343_000_1_000_285798,8,0.0492,0,2410160301,지게차,5118207566,,2025-12-23,R25BK01236343
R25BK01236343_000_1_000_285798,9,0.046496,1,2410160301,지게차,1322366711,드림팩토리,2025-12-23,R25BK01236343
R25BK01236343_000_1_000_285798,10,0.030691,0,2410160301,지게차,2755301045,,2025-12-23,R25BK01236343
R25BK01236603_000_1_000_290093,1,0.871101,0,4010178702,냉난방기,2241540465,,2025-12-23,R25BK01236603
R25BK01236603_000_1_000_290093,2,0.54673,0,4010178702,냉난방기,7718602929,,2025-12-23,R25BK01236603
R25BK01236603_000_1_000_290093,3,0.43865,1,4010178702,냉난방기,4168116685,주식회사 유일주택건설관리,2025-12-23,R25BK01236603
R25BK01236603_000_1_000_290093,4,0.298274,0,4010178702,냉난방기,5295500699,,2025-12-23,R25BK01236603
R25BK01236603_000_1_000_290093,5,0.191349,0,4010178702,냉난방기,3338103089,,2025-12-23,R25BK01236603
R25BK01236603_000_1_000_290093,6,0.183056,0,4010178702,냉난방기,1560403079,,2025-12-23,R25BK01236603
R25BK01236603_000_1_000_290093,7,0.160189,0,4010178702,냉난방기,5904201216,,2025-12-23,R25BK01236603
R25BK01236603_000_1_000_290093,8,0.145299,0,4010178702,냉난방기,3612901579,,2025-12-23,R25BK01236603
R25BK01236603_000_1_000_290093,9,0.138102,0,4010178702,냉난방기,3880102434,,2025-12-23,R25BK01236603
R25BK01236603_000_1_000_290093,10,0.111556,0,4010178702,냉난방기,4530901680,,2025-12-23,R25BK01236603
R25BK01236635_000_1_000_289048,1,0.733718,1,3019150101,사다리,2068693703,주식회사 원포인트 듀오,2025-12-23,R25BK01236635
R25BK01236635_000_1_000_289048,2,0.034296,0,3019150101,사다리,2838702147,,2025-12-23,R25BK01236635
R25BK01236635_000_1_000_289048,3,0.025591,0,3019150101,사다리,6700202359,,2025-12-23,R25BK01236635
R25BK01236635_000_1_000_289048,4,0.02261,0,3019150101,사다리,2278105782,,2025-12-23,R25BK01236635
R25BK01236635_000_1_000_289048,5,0.020523,0,3019150101,사다리,7387200460,,2025-12-23,R25BK01236635
R25BK01236635_000_1_000_289048,6,0.019817,0,3019150101,사다리,1084910117,,2025-12-23,R25BK01236635
R25BK01236635_000_1_000_289048,7,0.018288,0,3019150101,사다리,5250802328,,2025-12-23,R25BK01236635
R25BK01236635_000_1_000_289048,8,0.017736,0,3019150101,사다리,2238111036,,2025-12-23,R25BK01236635
R25BK01236635_000_1_000_289048,9,0.0173,0,3019150101,사다리,6632301982,,2025-12-23,R25BK01236635
R25BK01236635_000_1_000_289048,10,0.016352,0,3019150101,사다리,5345500162,,2025-12-23,R25BK01236635
R25BK01236697_000_1_000_290706,1,0.6995,1,4010178702,냉난방기,5148141488,주식회사 평화전력,2025-12-23,R25BK01236697
R25BK01236697_000_1_000_290706,2,0.558654,0,4010178702,냉난방기,3048134449,,2025-12-23,R25BK01236697
R25BK01236697_000_1_000_290706,3,0.549763,0,4010178702,냉난방기,2018603701,,2025-12-23,R25BK01236697
R25BK01236697_000_1_000_290706,4,0.520854,0,4010178702,냉난방기,5998101075,,2025-12-23,R25BK01236697
R25BK01236697_000_1_000_290706,5,0.270562,0,4010178702,냉난방기,7233501220,,2025-12-23,R25BK01236697
R25BK01236697_000_1_000_290706,6,0.23846,0,4010178702,냉난방기,1298140087,,2025-12-23,R25BK01236697
R25BK01236697_000_1_000_290706,7,0.193249,0,4010178702,냉난방기,2508603101,,2025-12-23,R25BK01236697
R25BK01236697_000_1_000_290706,8,0.187387,0,4010178702,냉난방기,2128133495,,2025-12-23,R25BK01236697
R25BK01236697_000_1_000_290706,9,0.138102,0,4010178702,냉난방기,3880102434,,2025-12-23,R25BK01236697
R25BK01236697_000_1_000_290706,10,0.112394,0,4010178702,냉난방기,7663500873,,2025-12-23,R25BK01236697
R25BK01236968_000_1_000_288033,1,0.331031,0,5510151901,정기간행물,1198801524,,2025-12-23,R25BK01236968
R25BK01236968_000_1_000_288033,2,0.289831,0,5510151901,정기간행물,1147500554,,2025-12-23,R25BK01236968
R25BK01236968_000_1_000_288033,3,0.275514,0,5510151901,정기간행물,5790803362,,2025-12-23,R25BK01236968
R25BK01236968_000_1_000_288033,4,0.241112,1,5510151901,정기간행물,8598602103,(주)에스지테크놀로지,2025-12-23,R25BK01236968
R25BK01236968_000_1_000_288033,5,0.231223,0,5510151901,정기간행물,5321801535,,2025-12-23,R25BK01236968
R25BK01236968_000_1_000_288033,6,0.103995,0,5510151901,정기간행물,3265100637,,2025-12-23,R25BK01236968
R25BK01236968_000_1_000_288033,7,0.077068,0,5510151901,정기간행물,1288196026,,2025-12-23,R25BK01236968
R25BK01236968_000_1_000_288033,8,0.07484,0,5510151901,정기간행물,2130439550,,2025-12-23,R25BK01236968
R25BK01236968_000_1_000_288033,9,0.073678,0,5510151901,정기간행물,6374100940,,2025-12-23,R25BK01236968
R25BK01236968_000_1_000_288033,10,0.066516,0,5510151901,정기간행물,7180103124,,2025-12-23,R25BK01236968
R25BK01237180_000_1_000_287142,1,0.611671,1,4010178702,냉난방기,2208124944,세연설비(주),2025-12-23,R25BK01237180
R25BK01237180_000_1_000_287142,2,0.212089,0,4010178702,냉난방기,7637300347,,2025-12-23,R25BK01237180
R25BK01237180_000_1_000_287142,3,0.209367,0,4010178702,냉난방기,6158182986,,2025-12-23,R25BK01237180
R25BK01237180_000_1_000_287142,4,0.163429,0,4010178702,냉난방기,5131026335,,2025-12-23,R25BK01237180
R25BK01237180_000_1_000_287142,5,0.155594,0,4010178702,냉난방기,8688603241,,2025-12-23,R25BK01237180
R25BK01237180_000_1_000_287142,6,0.155221,0,4010178702,냉난방기,2861701047,,2025-12-23,R25BK01237180
R25BK01237180_000_1_000_287142,7,0.149905,0,4010178702,냉난방기,5850602587,,2025-12-23,R25BK01237180
R25BK01237180_000_1_000_287142,8,0.144728,0,4010178702,냉난방기,8532401850,,2025-12-23,R25BK01237180
R25BK01237180_000_1_000_287142,9,0.130954,0,4010178702,냉난방기,6098605975,,2025-12-23,R25BK01237180
R25BK01237180_000_1_000_287142,10,0.116761,0,4010178702,냉난방기,7033901281,,2025-12-23,R25BK01237180
R25BK01237348_000_1_000_293907,1,0.728094,0,4010178702,냉난방기,5978200285,,2025-12-23,R25BK01237348
R25BK01237348_000_1_000_293907,2,0.612181,0,4010178702,냉난방기,7718602929,,2025-12-23,R25BK01237348
R25BK01237348_000_1_000_293907,3,0.595552,0,4010178702,냉난방기,1788800747,,2025-12-23,R25BK01237348
R25BK01237348_000_1_000_293907,4,0.350396,0,4010178702,냉난방기,1308685487,,2025-12-23,R25BK01237348
R25BK01237348_000_1_000_293907,5,0.259316,1,4010178702,냉난방기,6098605975,주식회사 우경플랜트,2025-12-23,R25BK01237348
R25BK01237348_000_1_000_293907,6,0.178963,0,4010178702,냉난방기,2238601585,,2025-12-23,R25BK01237348
R25BK01237348_000_1_000_293907,7,0.174667,0,4010178702,냉난방기,3018193115,,2025-12-23,R25BK01237348
R25BK01237348_000_1_000_293907,8,0.153012,0,4010178702,냉난방기,3612401235,,2025-12-23,R25BK01237348
R25BK01237348_000_1_000_293907,9,0.144755,0,4010178702,냉난방기,1058735746,,2025-12-23,R25BK01237348
R25BK01237348_000_1_000_293907,10,0.135475,0,4010178702,냉난방기,3198801949,,2025-12-23,R25BK01237348
R25BK01237363_000_1_000_291327,1,0.752787,1,4010178702,냉난방기,6098605975,주식회사 우경플랜트,2025-12-23,R25BK01237363
R25BK01237363_000_1_000_291327,2,0.298068,0,4010178702,냉난방기,3388102746,,2025-12-23,R25BK01237363
R25BK01237363_000_1_000_291327,3,0.28482,0,4010178702,냉난방기,6228103204,,2025-12-23,R25BK01237363
R25BK01237363_000_1_000_291327,4,0.238005,0,4010178702,냉난방기,8982301569,,2025-12-23,R25BK01237363
R25BK01237363_000_1_000_291327,5,0.227745,0,4010178702,냉난방기,5280103540,,2025-12-23,R25BK01237363
R25BK01237363_000_1_000_291327,6,0.144422,0,4010178702,냉난방기,4038180895,,2025-12-23,R25BK01237363
R25BK01237363_000_1_000_291327,7,0.128022,0,4010178702,냉난방기,6882201612,,2025-12-23,R25BK01237363
R25BK01237363_000_1_000_291327,8,0.117016,0,4010178702,냉난방기,8251301728,,2025-12-23,R25BK01237363
R25BK01237363_000_1_000_291327,9,0.107509,0,4010178702,냉난방기,5283001218,,2025-12-23,R25BK01237363
R25BK01237363_000_1_000_291327,10,0.093308,0,4010178702,냉난방기,3360803066,,2025-12-23,R25BK01237363
R25BK01238320_000_1_000_289261,1,0.750583,1,4110260101,사육장,6088147910,주식회사 우레아텍,2025-12-23,R25BK01238320
R25BK01238320_000_1_000_289261,2,0.439141,0,4110260101,사육장,7608803465,,2025-12-23,R25BK01238320
R25BK01238320_000_1_000_289261,3,0.041846,0,4110260101,사육장,6190369653,,2025-12-23,R25BK01238320
R25BK01238320_000_1_000_289261,4,0.038754,0,4110260101,사육장,1664901007,,2025-12-23,R25BK01238320
R25BK01238320_000_1_000_289261,5,0.036204,0,4110260101,사육장,2208196910,,2025-12-23,R25BK01238320
R25BK01238320_000_1_000_289261,6,0.033753,0,4110260101,사육장,3101267707,,2025-12-23,R25BK01238320
R25BK01238320_000_1_000_289261,7,0.032801,0,4110260101,사육장,7360202246,,2025-12-23,R25BK01238320
R25BK01238320_000_1_000_289261,8,0.032326,0,4110260101,사육장,2167600518,,2025-12-23,R25BK01238320
R25BK01238320_000_1_000_289261,9,0.029078,0,4110260101,사육장,2410602784,,2025-12-23,R25BK01238320
R25BK01238320_000_1_000_289261,10,0.028787,0,4110260101,사육장,2020353759,,2025-12-23,R25BK01238320
R25BK01241340_000_1_000_287745,1,0.609701,1,2612160101,히팅케이블,1190845592,N D TECH,2025-12-23,R25BK01241340
R25BK01241340_000_1_000_287745,2,0.484913,0,2612160101,히팅케이블,8028700881,,2025-12-23,R25BK01241340
R25BK01241340_000_1_000_287745,3,0.366193,0,2612160101,히팅케이블,5638800789,,2025-12-23,R25BK01241340
R25BK01241340_000_1_000_287745,4,0.204682,0,2612160101,히팅케이블,1281366542,,2025-12-23,R25BK01241340
R25BK01241340_000_1_000_287745,5,0.113053,0,2612160101,히팅케이블,5488601524,,2025-12-23,R25BK01241340
R25BK01241340_000_1_000_287745,6,0.073089,0,2612160101,히팅케이블,2208786374,,2025-12-23,R25BK01241340
R25BK01241340_000_1_000_287745,7,0.072348,0,2612160101,히팅케이블,3058630214,,2025-12-23,R25BK01241340
R25BK01241340_000_1_000_287745,8,0.072348,0,2612160101,히팅케이블,6108153055,,2025-12-23,R25BK01241340
R25BK01241340_000_1_000_287745,9,0.058172,0,2612160101,히팅케이블,1288195347,,2025-12-23,R25BK01241340
R25BK01241340_000_1_000_287745,10,0.056355,0,2612160101,히팅케이블,1828802424,,2025-12-23,R25BK01241340
R25BK01230022_000_1_000_287420,1,0.3894,0,1012159801,배합사료,3400100282,,2025-12-24,R25BK01230022
R25BK01230022_000_1_000_287420,2,0.192641,0,1012159801,배합사료,2682201169,,2025-12-24,R25BK01230022
R25BK01230022_000_1_000_287420,3,0.187165,0,1012159801,배합사료,1168167756,,2025-12-24,R25BK01230022
R25BK01230022_000_1_000_287420,4,0.174054,1,1012159801,배합사료,4041294514,만지유통,2025-12-24,R25BK01230022
R25BK01230022_000_1_000_287420,5,0.091603,0,1012159801,배합사료,1542002230,,2025-12-24,R25BK01230022
R25BK01230022_000_1_000_287420,6,0.065559,0,1012159801,배합사료,7130203112,,2025-12-24,R25BK01230022
R25BK01230022_000_1_000_287420,7,0.043566,0,1012159801,배합사료,2538700605,,2025-12-24,R25BK01230022
R25BK01230022_000_1_000_287420,8,0.040051,0,1012159801,배합사료,8610302063,,2025-12-24,R25BK01230022
R25BK01230022_000_1_000_287420,9,0.027033,0,1012159801,배합사료,5338703226,,2025-12-24,R25BK01230022
R25BK01230022_000_1_000_287420,10,0.026303,0,1012159801,배합사료,8658101593,,2025-12-24,R25BK01230022
R25BK01233423_000_1_000_290138,1,0.693143,0,4010178702,냉난방기,4028137570,,2025-12-24,R25BK01233423
R25BK01233423_000_1_000_290138,2,0.463549,0,4010178702,냉난방기,2928702705,,2025-12-24,R25BK01233423
R25BK01233423_000_1_000_290138,3,0.234863,0,4010178702,냉난방기,3968103585,,2025-12-24,R25BK01233423
R25BK01233423_000_1_000_290138,4,0.224859,0,4010178702,냉난방기,4168167689,,2025-12-24,R25BK01233423
R25BK01233423_000_1_000_290138,5,0.219102,0,4010178702,냉난방기,7518602060,,2025-12-24,R25BK01233423
R25BK01233423_000_1_000_290138,6,0.187072,0,4010178702,냉난방기,6882201612,,2025-12-24,R25BK01233423
R25BK01233423_000_1_000_290138,7,0.15741,0,4010178702,냉난방기,1308151740,,2025-12-24,R25BK01233423
R25BK01233423_000_1_000_290138,8,0.157081,0,4010178702,냉난방기,2090549148,,2025-12-24,R25BK01233423
R25BK01233423_000_1_000_290138,9,0.149077,0,4010178702,냉난방기,1950302516,,2025-12-24,R25BK01233423
R25BK01233423_000_1_000_290138,10,0.137569,0,4010178702,냉난방기,3650702641,,2025-12-24,R25BK01233423
R25BK01234350_001_1_000_292596,1,0.52648,0,4322281805,통합배선반,6138177115,,2025-12-24,R25BK01234350
R25BK01234350_001_1_000_292596,2,0.512953,0,4322281805,통합배선반,4098616872,,2025-12-24,R25BK01234350
R25BK01234350_001_1_000_292596,3,0.468804,0,4322281805,통합배선반,1281366542,,2025-12-24,R25BK01234350
R25BK01234350_001_1_000_292596,4,0.441525,0,4322281805,통합배선반,6058178597,,2025-12-24,R25BK01234350
R25BK01234350_001_1_000_292596,5,0.384339,0,4322281805,통합배선반,6138157730,,2025-12-24,R25BK01234350
R25BK01234350_001_1_000_292596,6,0.364595,0,4322281805,통합배선반,2238112087,,2025-12-24,R25BK01234350
R25BK01234350_001_1_000_292596,7,0.363174,0,4322281805,통합배선반,5048604803,,2025-12-24,R25BK01234350
R25BK01234350_001_1_000_292596,8,0.318838,0,4322281805,통합배선반,8208802244,,2025-12-24,R25BK01234350
R25BK01234350_001_1_000_292596,9,0.252495,0,4322281805,통합배선반,6178138114,,2025-12-24,R25BK01234350
R25BK01234350_001_1_000_292596,10,0.203933,0,4322281805,통합배선반,3948701491,,2025-12-24,R25BK01234350
R25BK01235286_000_1_000_285467,1,0.522006,0,1511151001,액화석유가스,7176600249,,2025-12-24,R25BK01235286
R25BK01235286_000_1_000_285467,2,0.468022,0,1511151001,액화석유가스,1401601157,,2025-12-24,R25BK01235286
R25BK01235286_000_1_000_285467,3,0.403733,1,1511151001,액화석유가스,2271506132,백록에너지,2025-12-24,R25BK01235286
R25BK01235286_000_1_000_285467,4,0.399112,0,1511151001,액화석유가스,3718601531,,2025-12-24,R25BK01235286
R25BK01235286_000_1_000_285467,5,0.391729,0,1511151001,액화석유가스,3080740638,,2025-12-24,R25BK01235286
R25BK01235286_000_1_000_285467,6,0.298302,0,1511151001,액화석유가스,6150239349,,2025-12-24,R25BK01235286
R25BK01235286_000_1_000_285467,7,0.292411,0,1511151001,액화석유가스,7770401581,,2025-12-24,R25BK01235286
R25BK01235286_000_1_000_285467,8,0.284085,0,1511151001,액화석유가스,4143201494,,2025-12-24,R25BK01235286
R25BK01235286_000_1_000_285467,9,0.27276,0,1511151001,액화석유가스,6630303279,,2025-12-24,R25BK01235286
R25BK01235286_000_1_000_285467,10,0.26257,0,1511151001,액화석유가스,4512002238,,2025-12-24,R25BK01235286
R25BK01235981_000_1_000_290145,1,0.905685,0,3010990201,혼합골재,2738601329,,2025-12-24,R25BK01235981
R25BK01235981_000_1_000_290145,2,0.836041,1,3010990201,혼합골재,1098156362,금천토건(주),2025-12-24,R25BK01235981
R25BK01235981_000_1_000_290145,3,0.208774,0,3010990201,혼합골재,2708701574,,2025-12-24,R25BK01235981
R25BK01235981_000_1_000_290145,4,0.113322,0,3010990201,혼합골재,8648102416,,2025-12-24,R25BK01235981
R25BK01235981_000_1_000_290145,5,0.049186,0,3010990201,혼합골재,6158158564,,2025-12-24,R25BK01235981
R25BK01235981_000_1_000_290145,6,0.048945,0,3010990201,혼합골재,7618101141,,2025-12-24,R25BK01235981
R25BK01235981_000_1_000_290145,7,0.041455,0,3010990201,혼합골재,8938702420,,2025-12-24,R25BK01235981
R25BK01235981_000_1_000_290145,8,0.030511,0,3010990201,혼합골재,2148545409,,2025-12-24,R25BK01235981
R25BK01235981_000_1_000_290145,9,0.011363,0,3010990201,혼합골재,2808601477,,2025-12-24,R25BK01235981
R25BK01235981_000_1_000_290145,10,0.009903,0,3010990201,혼합골재,5483301101,,2025-12-24,R25BK01235981
R25BK01238204_000_1_000_288088,1,0.268243,0,1235230501,소석회,5084201032,,2025-12-24,R25BK01238204
R25BK01238204_000_1_000_288088,2,0.211629,0,1235230501,소석회,1032001849,,2025-12-24,R25BK01238204
R25BK01238204_000_1_000_288088,3,0.205295,0,1235230501,소석회,3631801846,,2025-12-24,R25BK01238204
R25BK01238204_000_1_000_288088,4,0.16125,1,1235230501,소석회,1928602903,주식회사 승주,2025-12-24,R25BK01238204
R25BK01238204_000_1_000_288088,5,0.144123,0,1235230501,소석회,2426300647,,2025-12-24,R25BK01238204
R25BK01238204_000_1_000_288088,6,0.126856,0,1235230501,소석회,3148604025,,2025-12-24,R25BK01238204
R25BK01238204_000_1_000_288088,7,0.076922,0,1235230501,소석회,2168148122,,2025-12-24,R25BK01238204
R25BK01238204_000_1_000_288088,8,0.074177,0,1235230501,소석회,8871200619,,2025-12-24,R25BK01238204
R25BK01238204_000_1_000_288088,9,0.070533,0,1235230501,소석회,8151902469,,2025-12-24,R25BK01238204
R25BK01238204_000_1_000_288088,10,0.061043,0,1235230501,소석회,8488103640,,2025-12-24,R25BK01238204
R25BK01241153_001_1_000_292270,1,0.430374,1,4010178702,냉난방기,4048134884,주식회사 대일하이텍,2025-12-24,R25BK01241153
R25BK01241153_001_1_000_292270,2,0.375226,0,4010178702,냉난방기,2158701067,,2025-12-24,R25BK01241153
R25BK01241153_001_1_000_292270,3,0.331883,0,4010178702,냉난방기,5068136460,,2025-12-24,R25BK01241153
R25BK01241153_001_1_000_292270,4,0.249722,0,4010178702,냉난방기,2998702007,,2025-12-24,R25BK01241153
R25BK01241153_001_1_000_292270,5,0.126567,0,4010178702,냉난방기,1778703889,,2025-12-24,R25BK01241153
R25BK01241153_001_1_000_292270,6,0.050509,0,4010178702,냉난방기,7831800546,,2025-12-24,R25BK01241153
R25BK01241153_001_1_000_292270,7,0.050029,0,4010178702,냉난방기,3660202810,,2025-12-24,R25BK01241153
R25BK01241153_001_1_000_292270,8,0.049968,0,4010178702,냉난방기,1716800559,,2025-12-24,R25BK01241153
R25BK01241153_001_1_000_292270,9,0.039946,0,4010178702,냉난방기,5513800869,,2025-12-24,R25BK01241153
R25BK01241153_001_1_000_292270,10,0.037316,0,4010178702,냉난방기,6324600580,,2025-12-24,R25BK01241153
R25BK01215467_000_1_000_293449,1,0.733857,1,2315329801,산업용로봇,3148196229,씨엔로봇 주식회사,2025-12-26,R25BK01215467
R25BK01215467_000_1_000_293449,2,0.053877,0,2315329801,산업용로봇,6278702309,,2025-12-26,R25BK01215467
R25BK01215467_000_1_000_293449,3,0.034043,0,2315329801,산업용로봇,7388801586,,2025-12-26,R25BK01215467
R25BK01215467_000_1_000_293449,4,0.031203,0,2315329801,산업용로봇,1681602173,,2025-12-26,R25BK01215467
R25BK01215467_000_1_000_293449,5,0.015685,0,2315329801,산업용로봇,4493300125,,2025-12-26,R25BK01215467
R25BK01215467_000_1_000_293449,6,0.013182,0,2315329801,산업용로봇,7143200681,,2025-12-26,R25BK01215467
R25BK01215467_000_1_000_293449,7,0.010428,0,2315329801,산업용로봇,8642200202,,2025-12-26,R25BK01215467
R25BK01215467_000_1_000_293449,8,0.010183,0,2315329801,산업용로봇,7193001610,,2025-12-26,R25BK01215467
R25BK01215467_000_1_000_293449,9,0.008522,0,2315329801,산업용로봇,6210749153,,2025-12-26,R25BK01215467
R25BK01215467_000_1_000_293449,10,0.008044,0,2315329801,산업용로봇,5341402018,,2025-12-26,R25BK01215467
R25BK01215653_000_1_000_291713,1,0.679396,0,4214181101,체외충격파치료기,1308677992,,2025-12-26,R25BK01215653
R25BK01215653_000_1_000_291713,2,0.554726,1,4214181101,체외충격파치료기,5368600269,(주)상우과학,2025-12-26,R25BK01215653
R25BK01215653_000_1_000_291713,3,0.470567,0,4214181101,체외충격파치료기,3052775378,,2025-12-26,R25BK01215653
R25BK01215653_000_1_000_291713,4,0.091835,0,4214181101,체외충격파치료기,1288715331,,2025-12-26,R25BK01215653
R25BK01215653_000_1_000_291713,5,0.063764,0,4214181101,체외충격파치료기,5018602785,,2025-12-26,R25BK01215653
R25BK01215653_000_1_000_291713,6,0.059451,0,4214181101,체외충격파치료기,4130266459,,2025-12-26,R25BK01215653
R25BK01215653_000_1_000_291713,7,0.051032,0,4214181101,체외충격파치료기,3937800240,,2025-12-26,R25BK01215653
R25BK01215653_000_1_000_291713,8,0.040426,0,4214181101,체외충격파치료기,7158703468,,2025-12-26,R25BK01215653
R25BK01215653_000_1_000_291713,9,0.019144,0,4214181101,체외충격파치료기,4650100510,,2025-12-26,R25BK01215653
R25BK01215653_000_1_000_291713,10,0.016228,0,4214181101,체외충격파치료기,6548602264,,2025-12-26,R25BK01215653
R25BK01236104_000_1_000_286755,1,0.273965,1,1216190101,소포제,3441802617,대구유통,2025-12-26,R25BK01236104
R25BK01236104_000_1_000_286755,2,0.217294,0,1216190101,소포제,2043852419,,2025-12-26,R25BK01236104
R25BK01236104_000_1_000_286755,3,0.136142,0,1216190101,소포제,4100674996,,2025-12-26,R25BK01236104
R25BK01236104_000_1_000_286755,4,0.135667,0,1216190101,소포제,5048116323,,2025-12-26,R25BK01236104
R25BK01236104_000_1_000_286755,5,0.116636,0,1216190101,소포제,5391501739,,2025-12-26,R25BK01236104
R25BK01236104_000_1_000_286755,6,0.100608,0,1216190101,소포제,5504801016,,2025-12-26,R25BK01236104
R25BK01236104_000_1_000_286755,7,0.098517,0,1216190101,소포제,5041997372,,2025-12-26,R25BK01236104
R25BK01236104_000_1_000_286755,8,0.084471,0,1216190101,소포제,7330200536,,2025-12-26,R25BK01236104
R25BK01236104_000_1_000_286755,9,0.077535,0,1216190101,소포제,8402501507,,2025-12-26,R25BK01236104
R25BK01236104_000_1_000_286755,10,0.077493,0,1216190101,소포제,4623801326,,2025-12-26,R25BK01236104
R25BK01239016_000_1_000_292176,1,0.931401,1,1110152201,활성탄,2368601830,주식회사 이수카본,2025-12-26,R25BK01239016
R25BK01239016_000_1_000_292176,2,0.666733,0,1110152201,활성탄,6390403007,,2025-12-26,R25BK01239016
R25BK01239016_000_1_000_292176,3,0.278565,0,1110152201,활성탄,3948601214,,2025-12-26,R25BK01239016
R25BK01239016_000_1_000_292176,4,0.149975,0,1110152201,활성탄,4112018260,,2025-12-26,R25BK01239016
R25BK01239016_000_1_000_292176,5,0.116067,0,1110152201,활성탄,5081296304,,2025-12-26,R25BK01239016
R25BK01239016_000_1_000_292176,6,0.056659,0,1110152201,활성탄,5511401746,,2025-12-26,R25BK01239016
R25BK01239016_000_1_000_292176,7,0.040311,0,1110152201,활성탄,6848803138,,2025-12-26,R25BK01239016
R25BK01239016_000_1_000_292176,8,0.036542,0,1110152201,활성탄,6913601202,,2025-12-26,R25BK01239016
R25BK01239016_000_1_000_292176,9,0.027244,0,1110152201,활성탄,4038600315,,2025-12-26,R25BK01239016
R25BK01239016_000_1_000_292176,10,0.0261,0,1110152201,활성탄,1486200616,,2025-12-26,R25BK01239016
R25BK01241547_000_1_000_293168,1,0.8933,0,4010178702,냉난방기,4158120250,,2025-12-26,R25BK01241547
R25BK01241547_000_1_000_293168,2,0.889988,0,4010178702,냉난방기,4028137570,,2025-12-26,R25BK01241547
R25BK01241547_000_1_000_293168,3,0.791247,0,4010178702,냉난방기,5538802795,,2025-12-26,R25BK01241547
R25BK01241547_000_1_000_293168,4,0.400282,0,4010178702,냉난방기,5038607603,,2025-12-26,R25BK01241547
R25BK01241547_000_1_000_293168,5,0.398694,1,4010178702,냉난방기,4128131156,(주)세광플러스,2025-12-26,R25BK01241547
R25BK01241547_000_1_000_293168,6,0.288163,0,4010178702,냉난방기,5018700178,,2025-12-26,R25BK01241547
R25BK01241547_000_1_000_293168,7,0.233383,0,4010178702,냉난방기,8388702928,,2025-12-26,R25BK01241547
R25BK01241547_000_1_000_293168,8,0.145788,0,4010178702,냉난방기,5201901484,,2025-12-26,R25BK01241547
R25BK01241547_000_1_000_293168,9,0.131578,0,4010178702,냉난방기,5098600817,,2025-12-26,R25BK01241547
R25BK01241547_000_1_000_293168,10,0.109536,0,4010178702,냉난방기,7240701521,,2025-12-26,R25BK01241547
R25BK01249753_000_1_000_289078,1,0.678295,1,5310250204,목도리,2342202414,프라믹스,2025-12-26,R25BK01249753
R25BK01249753_000_1_000_289078,2,0.569359,0,5310250204,목도리,2227400770,,2025-12-26,R25BK01249753
R25BK01249753_000_1_000_289078,3,0.016728,0,5310250204,목도리,7113100384,,2025-12-26,R25BK01249753
R25BK01249753_000_1_000_289078,4,0.012071,0,5310250204,목도리,6111203571,,2025-12-26,R25BK01249753
R25BK01249753_000_1_000_289078,5,0.0107,0,5310250204,목도리,1058692342,,2025-12-26,R25BK01249753
R25BK01249753_000_1_000_289078,6,0.00832,0,5310250204,목도리,5283600642,,2025-12-26,R25BK01249753
R25BK01249753_000_1_000_289078,7,0.007794,0,5310250204,목도리,8611101996,,2025-12-26,R25BK01249753
R25BK01249753_000_1_000_289078,8,0.007794,0,5310250204,목도리,7574800753,,2025-12-26,R25BK01249753
R25BK01249753_000_1_000_289078,9,0.007652,0,5310250204,목도리,8543600973,,2025-12-26,R25BK01249753
R25BK01249753_000_1_000_289078,10,0.007593,0,5310250204,목도리,4241202551,,2025-12-26,R25BK01249753
R25BK01232987_001_1_000_291744,1,0.354681,0,3010280201,콘크리트파일,7958701414,,2025-12-29,R25BK01232987
R25BK01232987_001_1_000_291744,2,0.292978,0,3010280201,콘크리트파일,3138119855,,2025-12-29,R25BK01232987
R25BK01232987_001_1_000_291744,3,0.211133,0,3010280201,콘크리트파일,7701102253,,2025-12-29,R25BK01232987
R25BK01232987_001_1_000_291744,4,0.194411,0,3010280201,콘크리트파일,7314301304,,2025-12-29,R25BK01232987
R25BK01232987_001_1_000_291744,5,0.12803,0,3010280201,콘크리트파일,2591002860,,2025-12-29,R25BK01232987
R25BK01232987_001_1_000_291744,6,0.114814,0,3010280201,콘크리트파일,7626700023,,2025-12-29,R25BK01232987
R25BK01232987_001_1_000_291744,7,0.070422,0,3010280201,콘크리트파일,3091462496,,2025-12-29,R25BK01232987
R25BK01232987_001_1_000_291744,8,0.065121,0,3010280201,콘크리트파일,3351002674,,2025-12-29,R25BK01232987
R25BK01232987_001_1_000_291744,9,0.06044,0,3010280201,콘크리트파일,6514700797,,2025-12-29,R25BK01232987
R25BK01232987_001_1_000_291744,10,0.051407,0,3010280201,콘크리트파일,6504800995,,2025-12-29,R25BK01232987
R25BK01237288_000_1_000_286126,1,0.825657,0,4010178702,냉난방기,3898103229,,2025-12-29,R25BK01237288
R25BK01237288_000_1_000_286126,2,0.251195,0,4010178702,냉난방기,3018628619,,2025-12-29,R25BK01237288
R25BK01237288_000_1_000_286126,3,0.225334,0,4010178702,냉난방기,3601000314,,2025-12-29,R25BK01237288
R25BK01237288_000_1_000_286126,4,0.21613,0,4010178702,냉난방기,1168177536,,2025-12-29,R25BK01237288
R25BK01237288_000_1_000_286126,5,0.211365,0,4010178702,냉난방기,8911002534,,2025-12-29,R25BK01237288
R25BK01237288_000_1_000_286126,6,0.191523,0,4010178702,냉난방기,5848100303,,2025-12-29,R25BK01237288
R25BK01237288_000_1_000_286126,7,0.136114,0,4010178702,냉난방기,2998602349,,2025-12-29,R25BK01237288
R25BK01237288_000_1_000_286126,8,0.109698,0,4010178702,냉난방기,5038143074,,2025-12-29,R25BK01237288
R25BK01237288_000_1_000_286126,9,0.103378,0,4010178702,냉난방기,2218136706,,2025-12-29,R25BK01237288
R25BK01237288_000_1_000_286126,10,0.082761,0,4010178702,냉난방기,1340732478,,2025-12-29,R25BK01237288
R25BK01242410_000_1_000_292948,1,0.789552,0,4010178702,냉난방기,4128131156,,2025-12-29,R25BK01242410
R25BK01242410_000_1_000_292948,2,0.454335,1,4010178702,냉난방기,5108119062,브이건설 주식회사,2025-12-29,R25BK01242410
R25BK01242410_000_1_000_292948,3,0.250068,0,4010178702,냉난방기,7580203186,,2025-12-29,R25BK01242410
R25BK01242410_000_1_000_292948,4,0.219495,0,4010178702,냉난방기,4998101853,,2025-12-29,R25BK01242410
R25BK01242410_000_1_000_292948,5,0.196612,0,4010178702,냉난방기,5041997372,,2025-12-29,R25BK01242410
R25BK01242410_000_1_000_292948,6,0.191948,0,4010178702,냉난방기,7595500382,,2025-12-29,R25BK01242410
R25BK01242410_000_1_000_292948,7,0.14502,0,4010178702,냉난방기,1313302479,,2025-12-29,R25BK01242410
R25BK01242410_000_1_000_292948,8,0.114729,0,4010178702,냉난방기,3612401235,,2025-12-29,R25BK01242410
R25BK01242410_000_1_000_292948,9,0.112273,0,4010178702,냉난방기,1848802153,,2025-12-29,R25BK01242410
R25BK01242410_000_1_000_292948,10,0.112009,0,4010178702,냉난방기,3801202630,,2025-12-29,R25BK01242410
R25BK01250419_000_1_000_289722,1,0.944341,1,4616156601,터널진입차단설비,7348600771,주식회사 에이치피시스템,2025-12-29,R25BK01250419
R25BK01250419_000_1_000_289722,2,0.254072,0,4616156601,터널진입차단설비,1218618403,,2025-12-29,R25BK01250419
R25BK01250419_000_1_000_289722,3,0.230401,0,4616156601,터널진입차단설비,1048157634,,2025-12-29,R25BK01250419
R25BK01250419_000_1_000_289722,4,0.086114,0,4616156601,터널진입차단설비,4108188084,,2025-12-29,R25BK01250419
R25BK01250419_000_1_000_289722,5,0.083572,0,4616156601,터널진입차단설비,3058608726,,2025-12-29,R25BK01250419
R25BK01250419_000_1_000_289722,6,0.052693,0,4616156601,터널진입차단설비,4168185732,,2025-12-29,R25BK01250419
R25BK01250419_000_1_000_289722,7,0.028101,0,4616156601,터널진입차단설비,6048136196,,2025-12-29,R25BK01250419
R25BK01250419_000_1_000_289722,8,0.025904,0,4616156601,터널진입차단설비,4088156110,,2025-12-29,R25BK01250419
R25BK01250419_000_1_000_289722,9,0.015539,0,4616156601,터널진입차단설비,5088119337,,2025-12-29,R25BK01250419
R25BK01250419_000_1_000_289722,10,0.013449,0,4616156601,터널진입차단설비,2158525255,,2025-12-29,R25BK01250419
R25BK01250453_000_1_000_292066,1,0.943787,1,4616156601,터널진입차단설비,7348600771,주식회사 에이치피시스템,2025-12-29,R25BK01250453
R25BK01250453_000_1_000_292066,2,0.607698,0,4616156601,터널진입차단설비,7368703693,,2025-12-29,R25BK01250453
R25BK01250453_000_1_000_292066,3,0.258908,0,4616156601,터널진입차단설비,6058178597,,2025-12-29,R25BK01250453
R25BK01250453_000_1_000_292066,4,0.151158,0,4616156601,터널진입차단설비,5012282749,,2025-12-29,R25BK01250453
R25BK01250453_000_1_000_292066,5,0.124261,0,4616156601,터널진입차단설비,3141879298,,2025-12-29,R25BK01250453
R25BK01250453_000_1_000_292066,6,0.122442,0,4616156601,터널진입차단설비,4098136325,,2025-12-29,R25BK01250453
R25BK01250453_000_1_000_292066,7,0.034125,0,4616156601,터널진입차단설비,2288700439,,2025-12-29,R25BK01250453
R25BK01250453_000_1_000_292066,8,0.027915,0,4616156601,터널진입차단설비,1198603630,,2025-12-29,R25BK01250453
R25BK01250453_000_1_000_292066,9,0.024137,0,4616156601,터널진입차단설비,6088133740,,2025-12-29,R25BK01250453
R25BK01250453_000_1_000_292066,10,0.018137,0,4616156601,터널진입차단설비,1618800356,,2025-12-29,R25BK01250453
R25BK01250474_000_1_000_291958,1,0.958365,1,4616156601,터널진입차단설비,7348600771,주식회사 에이치피시스템,2025-12-29,R25BK01250474
R25BK01250474_000_1_000_291958,2,0.328673,0,4616156601,터널진입차단설비,2768802054,,2025-12-29,R25BK01250474
R25BK01250474_000_1_000_291958,3,0.230401,0,4616156601,터널진입차단설비,1048157634,,2025-12-29,R25BK01250474
R25BK01250474_000_1_000_291958,4,0.217697,0,4616156601,터널진입차단설비,1218193367,,2025-12-29,R25BK01250474
R25BK01250474_000_1_000_291958,5,0.13727,0,4616156601,터널진입차단설비,6558101749,,2025-12-29,R25BK01250474
R25BK01250474_000_1_000_291958,6,0.124477,0,4616156601,터널진입차단설비,1978101414,,2025-12-29,R25BK01250474
R25BK01250474_000_1_000_291958,7,0.046074,0,4616156601,터널진입차단설비,6068169830,,2025-12-29,R25BK01250474
R25BK01250474_000_1_000_291958,8,0.036462,0,4616156601,터널진입차단설비,5988100132,,2025-12-29,R25BK01250474
R25BK01250474_000_1_000_291958,9,0.025904,0,4616156601,터널진입차단설비,4088156110,,2025-12-29,R25BK01250474
R25BK01250474_000_1_000_291958,10,0.00941,0,4616156601,터널진입차단설비,1058649262,,2025-12-29,R25BK01250474
R25BK01250482_000_1_000_292350,1,0.961969,1,4616156601,터널진입차단설비,7348600771,주식회사 에이치피시스템,2025-12-29,R25BK01250482
R25BK01250482_000_1_000_292350,2,0.153289,0,4616156601,터널진입차단설비,4108685966,,2025-12-29,R25BK01250482
R25BK01250482_000_1_000_292350,3,0.123583,0,4616156601,터널진입차단설비,1118192885,,2025-12-29,R25BK01250482
R25BK01250482_000_1_000_292350,4,0.099019,0,4616156601,터널진입차단설비,4158603182,,2025-12-29,R25BK01250482
R25BK01250482_000_1_000_292350,5,0.074745,0,4616156601,터널진입차단설비,6090721228,,2025-12-29,R25BK01250482
R25BK01250482_000_1_000_292350,6,0.074119,0,4616156601,터널진입차단설비,2178127829,,2025-12-29,R25BK01250482
R25BK01250482_000_1_000_292350,7,0.06117,0,4616156601,터널진입차단설비,6068549773,,2025-12-29,R25BK01250482
R25BK01250482_000_1_000_292350,8,0.059728,0,4616156601,터널진입차단설비,8808800364,,2025-12-29,R25BK01250482
R25BK01250482_000_1_000_292350,9,0.038738,0,4616156601,터널진입차단설비,1358167679,,2025-12-29,R25BK01250482
R25BK01250482_000_1_000_292350,10,0.035554,0,4616156601,터널진입차단설비,2288700439,,2025-12-29,R25BK01250482
R25BK01242456_000_1_000_291452,1,0.794734,0,3015180201,샌드위치패널,6968802224,,2025-12-30,R25BK01242456
R25BK01242456_000_1_000_291452,2,0.427228,0,3015180201,샌드위치패널,1378128594,,2025-12-30,R25BK01242456
R25BK01242456_000_1_000_291452,3,0.425968,1,3015180201,샌드위치패널,7798102025,텔루스엔지니어링 주식회사,2025-12-30,R25BK01242456
R25BK01242456_000_1_000_291452,4,0.126649,0,3015180201,샌드위치패널,3592201640,,2025-12-30,R25BK01242456
R25BK01242456_000_1_000_291452,5,0.074883,0,3015180201,샌드위치패널,6502401417,,2025-12-30,R25BK01242456
R25BK01242456_000_1_000_291452,6,0.057864,0,3015180201,샌드위치패널,3294700944,,2025-12-30,R25BK01242456
R25BK01242456_000_1_000_291452,7,0.053673,0,3015180201,샌드위치패널,3078602636,,2025-12-30,R25BK01242456
R25BK01242456_000_1_000_291452,8,0.043651,0,3015180201,샌드위치패널,4308700880,,2025-12-30,R25BK01242456
R25BK01242456_000_1_000_291452,9,0.0351,0,3015180201,샌드위치패널,2854200988,,2025-12-30,R25BK01242456
R25BK01242456_000_1_000_291452,10,0.029767,0,3015180201,샌드위치패널,1703601044,,2025-12-30,R25BK01242456
R25BK01246122_000_1_000_290959,1,0.439162,0,1235239101,염화칼슘,4022086518,,2025-12-30,R25BK01246122
R25BK01246122_000_1_000_290959,2,0.391481,1,1235239101,염화칼슘,5970202113,다엘홀딩스,2025-12-30,R25BK01246122
R25BK01246122_000_1_000_290959,3,0.329017,0,1235239101,염화칼슘,5340602221,,2025-12-30,R25BK01246122
R25BK01246122_000_1_000_290959,4,0.309685,0,1235239101,염화칼슘,3050879771,,2025-12-30,R25BK01246122
R25BK01246122_000_1_000_290959,5,0.296497,0,1235239101,염화칼슘,6084900666,,2025-12-30,R25BK01246122
R25BK01246122_000_1_000_290959,6,0.29522,0,1235239101,염화칼슘,5910502299,,2025-12-30,R25BK01246122
R25BK01246122_000_1_000_290959,7,0.251091,0,1235239101,염화칼슘,2528703313,,2025-12-30,R25BK01246122
R25BK01246122_000_1_000_290959,8,0.221834,0,1235239101,염화칼슘,4352901623,,2025-12-30,R25BK01246122
R25BK01246122_000_1_000_290959,9,0.212517,0,1235239101,염화칼슘,4963401108,,2025-12-30,R25BK01246122
R25BK01246122_000_1_000_290959,10,0.193045,0,1235239101,염화칼슘,1083796499,,2025-12-30,R25BK01246122
R25BK01247398_000_1_000_286575,1,0.713151,0,6012100201,조형물,2338111144,,2025-12-30,R25BK01247398
R25BK01247398_000_1_000_286575,2,0.388585,0,6012100201,조형물,5552601095,,2025-12-30,R25BK01247398
R25BK01247398_000_1_000_286575,3,0.358284,0,6012100201,조형물,2388601097,,2025-12-30,R25BK01247398
R25BK01247398_000_1_000_286575,4,0.275753,0,6012100201,조형물,8231701870,,2025-12-30,R25BK01247398
R25BK01247398_000_1_000_286575,5,0.248355,0,6012100201,조형물,7048702310,,2025-12-30,R25BK01247398
R25BK01247398_000_1_000_286575,6,0.223334,1,6012100201,조형물,6728800064,전남여수옥외광고물인쇄제작협동조합,2025-12-30,R25BK01247398
R25BK01247398_000_1_000_286575,7,0.194699,0,6012100201,조형물,2082274321,,2025-12-30,R25BK01247398
R25BK01247398_000_1_000_286575,8,0.194699,0,6012100201,조형물,2063664955,,2025-12-30,R25BK01247398
R25BK01247398_000_1_000_286575,9,0.173724,0,6012100201,조형물,7262002317,,2025-12-30,R25BK01247398
R25BK01247398_000_1_000_286575,10,0.159,0,6012100201,조형물,8948803297,,2025-12-30,R25BK01247398
R25BK01243223_000_1_000_291515,1,0.686152,1,4111540402,분자량측정기,5818100226,주식회사 썬더바이오사이언스,2025-12-31,R25BK01243223
R25BK01243223_000_1_000_291515,2,0.664886,0,4111540402,분자량측정기,5908701556,,2025-12-31,R25BK01243223
R25BK01243223_000_1_000_291515,3,0.64263,0,4111540402,분자량측정기,4435900689,,2025-12-31,R25BK01243223
R25BK01243223_000_1_000_291515,4,0.223986,0,4111540402,분자량측정기,5041921362,,2025-12-31,R25BK01243223
R25BK01243223_000_1_000_291515,5,0.114459,0,4111540402,분자량측정기,6071013116,,2025-12-31,R25BK01243223
R25BK01243223_000_1_000_291515,6,0.009566,0,4111540402,분자량측정기,4152600444,,2025-12-31,R25BK01243223
R25BK01243223_000_1_000_291515,7,0.007895,0,4111540402,분자량측정기,2520102718,,2025-12-31,R25BK01243223
R25BK01243223_000_1_000_291515,8,0.007551,0,4111540402,분자량측정기,1268652084,,2025-12-31,R25BK01243223
R25BK01243223_000_1_000_291515,9,0.005752,0,4111540402,분자량측정기,2888802606,,2025-12-31,R25BK01243223
R25BK01243223_000_1_000_291515,10,0.003232,0,4111540402,분자량측정기,2277500506,,2025-12-31,R25BK01243223
