순위,프리셋점수,candidate_id,물품번호,물품명,사업자번호,사업자번호_정규화,업체명,대표물품,제조업체,낙찰건수,최근낙찰건수,최근낙찰일,평균낙찰금액,낙찰금액합계,부정당제재,제재횟수,현재제재여부,제재종료일,매칭방식,비고,창업기업,장애인표준사업장,공공구매인증서,인증개수,인증유효여부,AI예측점수,물품별_AI순위,규칙기반_균형형점수,규칙기반_균형형_물품별순위,최근낙찰일_경과일수,사회적기업,사회적협동조합,자활용사촌복지공장,생산품목매칭,인증유효여부_원값,인증유효여부_숫자,다중정책인증보유수,정책인증_보유여부,사회적가치_실현가능성,정책구매_목표기여도_단순합,동일물품_후보업체수,동일물품_정책인증업체수,동일물품_제조업체수,대체가능성_후보업체수,대체가능성_정책인증업체수,업체_등록품목수,업체_동일대분류등록수,업체_동일분류공급품목수,공급품목등록후_경과일수,이전동일품목낙찰건수,이전동일대분류낙찰건수,최근365일낙찰건수,프리셋점수상세
1,44.1527,2,4710160801,유기응집제,2048197877,2048197877,주식회사 그린주의,0.0,0.0,78.0,32.0,2025-12-29,101501539,7917120028.45,0.0,0,0.0,,원천_사업자번호집계,현재 후보 목록 기준 정책인증 확정 매칭 없음,0.0,1.0,0.0,,,0.388474,13,44.0788,2,131.0,0.0,0.0,0.0,0.0,Y,1,1,1,0,1,50,14,1,50,14,87.0,6.0,1.0,1247.0,0.0,0.0,19.0,대표물품=0.00; 제조업체=0.00; 낙찰건수=16.93; 최근낙찰건수=10.00; 낙찰금액합계=7.22; 창업기업=0.00; 사회적기업=0.00; 사회적협동조합=0.00; 장애인표준사업장=10.00; 공공구매인증서=0.00; 자활용사촌복지공장=0.00; 생산품목매칭=0.00; 부정당제재=-0.00; 현재제재여부=-0.00
2,43.907,1,4710160801,유기응집제,6598802147,6598802147,주식회사 헤이치 인 헤이치(H in H),0.0,0.0,99.0,26.0,2025-12-31,149386164,14789230222.0,0.0,0,0.0,,원천_사업자번호집계,현재 후보 목록 기준 정책인증 확정 매칭 없음,1.0,0.0,0.0,,,0.264267,41,45.0364,1,137.0,0.0,0.0,0.0,0.0,Y,1,1,1,0,1,50,14,1,50,14,901.0,19.0,13.0,1248.0,0.0,0.0,16.0,대표물품=0.00; 제조업체=0.00; 낙찰건수=18.48; 최근낙찰건수=9.43; 낙찰금액합계=8.00; 창업기업=8.00; 사회적기업=0.00; 사회적협동조합=0.00; 장애인표준사업장=0.00; 공공구매인증서=0.00; 자활용사촌복지공장=0.00; 생산품목매칭=0.00; 부정당제재=-0.00; 현재제재여부=-0.00
3,38.0244,5,4710160801,유기응집제,1728603252,1728603252,주식회사 리즈너스,0.0,0.0,50.0,32.0,2025-12-23,57987778,2899388894.0,0.0,0,0.0,,원천_사업자번호집계,현재 후보 목록 기준 정책인증 확정 매칭 없음,1.0,0.0,0.0,,,0.313788,26,36.8673,3,150.0,0.0,0.0,0.0,0.0,Y,1,1,1,0,1,50,14,1,50,14,448.0,11.0,6.0,522.0,0.0,0.0,23.0,대표물품=0.00; 제조업체=0.00; 낙찰건수=14.06; 최근낙찰건수=10.00; 낙찰금액합계=5.97; 창업기업=8.00; 사회적기업=0.00; 사회적협동조합=0.00; 장애인표준사업장=0.00; 공공구매인증서=0.00; 자활용사촌복지공장=0.00; 생산품목매칭=0.00; 부정당제재=-0.00; 현재제재여부=-0.00
4,38.0244,54,4111331901,기타수질분석기,1728603252,1728603252,주식회사 리즈너스,0.0,0.0,50.0,32.0,2025-12-23,57987778,2899388894.0,0.0,0,0.0,,원천_사업자번호집계,현재 후보 목록 기준 정책인증 확정 매칭 없음,1.0,0.0,0.0,,,0.295018,26,36.8673,1,150.0,0.0,0.0,0.0,0.0,Y,1,1,1,0,1,50,12,2,50,12,448.0,118.0,72.0,643.0,0.0,3.0,23.0,대표물품=0.00; 제조업체=0.00; 낙찰건수=14.06; 최근낙찰건수=10.00; 낙찰금액합계=5.97; 창업기업=8.00; 사회적기업=0.00; 사회적협동조합=0.00; 장애인표준사업장=0.00; 공공구매인증서=0.00; 자활용사촌복지공장=0.00; 생산품목매칭=0.00; 부정당제재=-0.00; 현재제재여부=-0.00
5,37.2088,101,4016150601,여과장치,8278602014,8278602014,주식회사 혼정보통신,0.0,0.0,69.0,10.0,2025-11-10,51185054,3531768743.0,0.0,0,0.0,,원천_사업자번호집계,현재 후보 목록 기준 정책인증 확정 매칭 없음,1.0,0.0,0.0,,,0.170844,10,36.8343,1,191.0,0.0,0.0,0.0,0.0,Y,1,1,1,0,1,50,9,6,50,9,550.0,28.0,5.0,759.0,0.0,1.0,7.0,대표물품=0.00; 제조업체=0.00; 낙찰건수=16.14; 최근낙찰건수=6.86; 낙찰금액합계=6.21; 창업기업=8.00; 사회적기업=0.00; 사회적협동조합=0.00; 장애인표준사업장=0.00; 공공구매인증서=0.00; 자활용사촌복지공장=0.00; 생산품목매칭=0.00; 부정당제재=-0.00; 현재제재여부=-0.00
6,36.6037,102,4016150601,여과장치,5038134949,5038134949,(주)이코우,0.0,1.0,60.0,17.0,2025-12-23,267782291,16066937455.0,0.0,0,0.0,,원천_사업자번호집계,현재 후보 목록 기준 정책인증 확정 매칭 없음,0.0,0.0,0.0,,,0.744095,1,36.2033,2,137.0,0.0,0.0,0.0,0.0,,,0,0,0,0,50,9,6,50,9,1.0,1.0,1.0,1373.0,0.0,1.0,14.0,대표물품=0.00; 제조업체=5.00; 낙찰건수=15.23; 최근낙찰건수=8.27; 낙찰금액합계=8.10; 창업기업=0.00; 사회적기업=0.00; 사회적협동조합=0.00; 장애인표준사업장=0.00; 공공구매인증서=0.00; 자활용사촌복지공장=0.00; 생산품목매칭=0.00; 부정당제재=-0.00; 현재제재여부=-0.00
7,36.5128,201,4710169801,수처리용여과재,4178105425,4178105425,우석이엔지 주식회사,0.0,0.0,125.0,22.0,2025-06-09,82237258,10279657240.0,0.0,,0.0,,원천_사업자번호집계,현재 후보 목록 기준 정책인증 확정 매칭 없음,0.0,0.0,0.0,,,,,,,,0.0,0.0,0.0,0.0,,,,,,,,,,,,,,,,,,,대표물품=0.00; 제조업체=0.00; 낙찰건수=20.00; 최근낙찰건수=8.97; 낙찰금액합계=7.55; 창업기업=0.00; 사회적기업=0.00; 사회적협동조합=0.00; 장애인표준사업장=0.00; 공공구매인증서=0.00; 자활용사촌복지공장=0.00; 생산품목매칭=0.00; 부정당제재=-0.00; 현재제재여부=-0.00
8,35.907,251,4015150501,정량펌프,6598802147,6598802147,주식회사 헤이치 인 헤이치(H in H),0.0,0.0,99.0,26.0,2025-12-31,149386164,14789230222.0,0.0,,0.0,,원천_사업자번호집계,현재 후보 목록 기준 정책인증 확정 매칭 없음,0.0,0.0,0.0,,,,,,,,0.0,0.0,0.0,0.0,,,,,,,,,,,,,,,,,,,대표물품=0.00; 제조업체=0.00; 낙찰건수=18.48; 최근낙찰건수=9.43; 낙찰금액합계=8.00; 창업기업=0.00; 사회적기업=0.00; 사회적협동조합=0.00; 장애인표준사업장=0.00; 공공구매인증서=0.00; 자활용사촌복지공장=0.00; 생산품목매칭=0.00; 부정당제재=-0.00; 현재제재여부=-0.00
9,35.89,3,4710160801,유기응집제,6768601611,6768601611,주식회사 루트웰,0.0,0.0,54.0,10.0,2025-12-30,80904342,4368834480.0,0.0,0,0.0,,원천_사업자번호집계,현재 후보 목록 기준 정책인증 확정 매칭 없음,1.0,0.0,0.0,,,0.296016,30,34.9188,4,149.0,0.0,0.0,0.0,0.0,Y,1,1,1,0,1,50,14,1,50,14,297.0,10.0,6.0,861.0,0.0,0.0,7.0,대표물품=0.00; 제조업체=0.00; 낙찰건수=14.55; 최근낙찰건수=6.86; 낙찰금액합계=6.48; 창업기업=8.00; 사회적기업=0.00; 사회적협동조합=0.00; 장애인표준사업장=0.00; 공공구매인증서=0.00; 자활용사촌복지공장=0.00; 생산품목매칭=0.00; 부정당제재=-0.00; 현재제재여부=-0.00
10,35.688,401,4015151301,수중펌프,2998200019,2998200019,(사)한빛장애인협회 기전사업단,0.0,1.0,50.0,19.0,2025-12-12,311010612,15550530615.0,0.0,,0.0,,원천_사업자번호집계,현재 후보 목록 기준 정책인증 확정 매칭 없음,0.0,0.0,0.0,,,,,,,,0.0,0.0,0.0,0.0,,,,,,,,,,,,,,,,,,,대표물품=0.00; 제조업체=5.00; 낙찰건수=14.06; 최근낙찰건수=8.57; 낙찰금액합계=8.06; 창업기업=0.00; 사회적기업=0.00; 사회적협동조합=0.00; 장애인표준사업장=0.00; 공공구매인증서=0.00; 자활용사촌복지공장=0.00; 생산품목매칭=0.00; 부정당제재=-0.00; 현재제재여부=-0.00
11,35.104,74,4111331901,기타수질분석기,5828101679,5828101679,주식회사 비에이치,1.0,0.0,25.0,6.0,2025-11-19,246358080,6158952000.0,0.0,0,0.0,,원천_사업자번호집계,현재 후보 목록 기준 정책인증 확정 매칭 없음,1.0,0.0,0.0,,,0.713953,5,29.9597,5,171.0,0.0,0.0,0.0,0.0,Y,1,1,1,0,1,50,12,2,50,12,2.0,1.0,1.0,991.0,0.0,4.0,3.0,대표물품=5.00; 제조업체=0.00; 낙찰건수=9.63; 최근낙찰건수=5.57; 낙찰금액합계=6.91; 창업기업=8.00; 사회적기업=0.00; 사회적협동조합=0.00; 장애인표준사업장=0.00; 공공구매인증서=0.00; 자활용사촌복지공장=0.00; 생산품목매칭=0.00; 부정당제재=-0.00; 현재제재여부=-0.00
12,35.0921,6,4710160801,유기응집제,1861501398,1861501398,제이에이치테크,0.0,0.0,48.0,12.0,2025-12-22,60151747,2887283840.0,0.0,0,0.0,,원천_사업자번호집계,현재 후보 목록 기준 정책인증 확정 매칭 없음,1.0,0.0,0.0,,,0.350911,19,33.5076,5,143.0,0.0,0.0,0.0,0.0,Y,1,1,1,0,1,50,14,1,50,14,175.0,4.0,3.0,984.0,0.0,0.0,8.0,대표물품=0.00; 제조업체=0.00; 낙찰건수=13.80; 최근낙찰건수=7.34; 낙찰금액합계=5.96; 창업기업=8.00; 사회적기업=0.00; 사회적협동조합=0.00; 장애인표준사업장=0.00; 공공구매인증서=0.00; 자활용사촌복지공장=0.00; 생산품목매칭=0.00; 부정당제재=-0.00; 현재제재여부=-0.00
13,34.8521,126,4016150601,여과장치,1608803078,1608803078,유명이엔지주식회사,0.0,1.0,21.0,12.0,2025-12-08,139764422,2935052860.0,0.0,0,0.0,,원천_사업자번호집계,현재 후보 목록 기준 정책인증 확정 매칭 없음,1.0,0.0,0.0,,,0.325289,6,29.4011,5,163.0,0.0,0.0,0.0,0.0,Y,1,1,1,0,1,50,9,6,50,9,86.0,26.0,6.0,138.0,0.0,0.0,7.0,대표물품=0.00; 제조업체=5.00; 낙찰건수=8.54; 최근낙찰건수=7.34; 낙찰금액합계=5.98; 창업기업=8.00; 사회적기업=0.00; 사회적협동조합=0.00; 장애인표준사업장=0.00; 공공구매인증서=0.00; 자활용사촌복지공장=0.00; 생산품목매칭=0.00; 부정당제재=-0.00; 현재제재여부=-0.00
14,34.7443,51,4111331901,기타수질분석기,1148604783,1148604783,써모피셔사이언티픽솔루션스 유한회사,0.0,0.0,68.0,32.0,2025-11-05,381414965,25936217650.0,0.0,0,0.0,,원천_사업자번호집계,현재 후보 목록 기준 정책인증 확정 매칭 없음,0.0,0.0,0.0,,,0.5638,13,33.4842,2,185.0,0.0,0.0,0.0,0.0,,,0,0,0,0,50,12,2,50,12,8.0,7.0,4.0,1494.0,0.0,2.0,15.0,대표물품=0.00; 제조업체=0.00; 낙찰건수=16.04; 최근낙찰건수=10.00; 낙찰금액합계=8.70; 창업기업=0.00; 사회적기업=0.00; 사회적협동조합=0.00; 장애인표준사업장=0.00; 공공구매인증서=0.00; 자활용사촌복지공장=0.00; 생산품목매칭=0.00; 부정당제재=-0.00; 현재제재여부=-0.00
15,34.3875,301,4010160101,송풍기,3050743164,3050743164,컴텍시스템,0.0,0.0,99.0,20.0,2025-12-16,78635848,7784949000.0,0.0,,0.0,,원천_사업자번호집계,현재 후보 목록 기준 정책인증 확정 매칭 없음,0.0,0.0,0.0,,,,,,,,0.0,0.0,0.0,0.0,,,,,,,,,,,,,,,,,,,대표물품=0.00; 제조업체=0.00; 낙찰건수=18.48; 최근낙찰건수=8.71; 낙찰금액합계=7.20; 창업기업=0.00; 사회적기업=0.00; 사회적협동조합=0.00; 장애인표준사업장=0.00; 공공구매인증서=0.00; 자활용사촌복지공장=0.00; 생산품목매칭=0.00; 부정당제재=-0.00; 현재제재여부=-0.00
16,34.1527,302,4010160101,송풍기,2048197877,2048197877,주식회사 그린주의,0.0,0.0,78.0,32.0,2025-12-29,101501539,7917120028.45,0.0,,0.0,,원천_사업자번호집계,현재 후보 목록 기준 정책인증 확정 매칭 없음,0.0,0.0,0.0,,,,,,,,0.0,0.0,0.0,0.0,,,,,,,,,,,,,,,,,,,대표물품=0.00; 제조업체=0.00; 낙찰건수=16.93; 최근낙찰건수=10.00; 낙찰금액합계=7.22; 창업기업=0.00; 사회적기업=0.00; 사회적협동조합=0.00; 장애인표준사업장=0.00; 공공구매인증서=0.00; 자활용사촌복지공장=0.00; 생산품목매칭=0.00; 부정당제재=-0.00; 현재제재여부=-0.00
17,33.2084,105,4016150601,여과장치,7278602368,7278602368,주식회사 숨,0.0,0.0,48.0,6.0,2025-12-03,54933448,2636805503.0,0.0,0,0.0,,원천_사업자번호집계,현재 후보 목록 기준 정책인증 확정 매칭 없음,1.0,0.0,0.0,,,0.077462,25,31.2669,3,165.0,0.0,0.0,0.0,0.0,Y,1,1,1,0,1,50,9,6,50,9,596.0,29.0,5.0,759.0,0.0,0.0,4.0,대표물품=0.00; 제조업체=0.00; 낙찰건수=13.80; 최근낙찰건수=5.57; 낙찰금액합계=5.85; 창업기업=8.00; 사회적기업=0.00; 사회적협동조합=0.00; 장애인표준사업장=0.00; 공공구매인증서=0.00; 자활용사촌복지공장=0.00; 생산품목매칭=0.00; 부정당제재=-0.00; 현재제재여부=-0.00
18,32.8814,48,4710160801,유기응집제,2838102688,2838102688,주식회사 비젼바이오,0.0,1.0,22.0,11.0,2025-12-17,26144224,575172930.0,0.0,0,0.0,,원천_사업자번호집계,현재 후보 목록 기준 정책인증 확정 매칭 없음,1.0,0.0,0.0,,,0.662436,1,28.8134,6,143.0,0.0,0.0,0.0,0.0,Y,1,1,1,0,1,50,14,1,50,14,6.0,4.0,2.0,1109.0,0.0,0.0,10.0,대표물품=0.00; 제조업체=5.00; 낙찰건수=8.83; 최근낙찰건수=7.11; 낙찰금액합계=3.95; 창업기업=8.00; 사회적기업=0.00; 사회적협동조합=0.00; 장애인표준사업장=0.00; 공공구매인증서=0.00; 자활용사촌복지공장=0.00; 생산품목매칭=0.00; 부정당제재=-0.00; 현재제재여부=-0.00
19,32.6434,63,4111331901,기타수질분석기,2852501641,2852501641,유니플러스,0.0,0.0,35.0,13.0,2025-11-27,49579836,1735294250.0,0.0,0,0.0,,원천_사업자번호집계,현재 후보 목록 기준 정책인증 확정 매칭 없음,1.0,0.0,0.0,,,0.268157,29,30.4273,3,165.0,0.0,0.0,0.0,0.0,Y,1,1,1,0,1,50,12,2,50,12,179.0,42.0,24.0,519.0,0.0,3.0,9.0,대표물품=0.00; 제조업체=0.00; 낙찰건수=11.77; 최근낙찰건수=7.55; 낙찰금액합계=5.33; 창업기업=8.00; 사회적기업=0.00; 사회적협동조합=0.00; 장애인표준사업장=0.00; 공공구매인증서=0.00; 자활용사촌복지공장=0.00; 생산품목매칭=0.00; 부정당제재=-0.00; 현재제재여부=-0.00
20,32.2491,58,4111331901,기타수질분석기,2078802795,2078802795,주식회사 클라우드소프트,0.0,0.0,41.0,7.0,2025-11-04,49425027,2026426099.0,0.0,0,0.0,,원천_사업자번호집계,현재 후보 목록 기준 정책인증 확정 매칭 없음,1.0,0.0,0.0,,,0.168132,47,30.346,4,193.0,0.0,0.0,0.0,0.0,Y,1,1,1,0,1,50,12,2,50,12,711.0,157.0,97.0,1374.0,0.0,0.0,6.0,대표물품=0.00; 제조업체=0.00; 낙찰건수=12.78; 최근낙찰건수=5.95; 낙찰금액합계=5.52; 창업기업=8.00; 사회적기업=0.00; 사회적협동조합=0.00; 장애인표준사업장=0.00; 공공구매인증서=0.00; 자활용사촌복지공장=0.00; 생산품목매칭=0.00; 부정당제재=-0.00; 현재제재여부=-0.00
21,32.2491,108,4016150601,여과장치,2078802795,2078802795,주식회사 클라우드소프트,0.0,0.0,41.0,7.0,2025-11-04,49425027,2026426099.0,0.0,0,0.0,,원천_사업자번호집계,현재 후보 목록 기준 정책인증 확정 매칭 없음,1.0,0.0,0.0,,,0.065898,32,30.346,4,193.0,0.0,0.0,0.0,0.0,Y,1,1,1,0,1,50,9,6,50,9,711.0,29.0,7.0,759.0,0.0,0.0,6.0,대표물품=0.00; 제조업체=0.00; 낙찰건수=12.78; 최근낙찰건수=5.95; 낙찰금액합계=5.52; 창업기업=8.00; 사회적기업=0.00; 사회적협동조합=0.00; 장애인표준사업장=0.00; 공공구매인증서=0.00; 자활용사촌복지공장=0.00; 생산품목매칭=0.00; 부정당제재=-0.00; 현재제재여부=-0.00
22,31.9259,129,4016150601,여과장치,3978101727,3978101727,디에스엔텍 주식회사,0.0,1.0,20.0,3.0,2025-11-17,267741325,5354826506.0,0.0,0,0.0,,원천_사업자번호집계,현재 후보 목록 기준 정책인증 확정 매칭 없음,1.0,0.0,0.0,,,0.340777,5,27.5336,6,186.0,0.0,0.0,0.0,0.0,Y,1,1,1,0,1,50,9,6,50,9,101.0,12.0,3.0,141.0,0.0,0.0,3.0,대표물품=0.00; 제조업체=5.00; 낙찰건수=8.23; 최근낙찰건수=3.96; 낙찰금액합계=6.73; 창업기업=8.00; 사회적기업=0.00; 사회적협동조합=0.00; 장애인표준사업장=0.00; 공공구매인증서=0.00; 자활용사촌복지공장=0.00; 생산품목매칭=0.00; 부정당제재=-0.00; 현재제재여부=-0.00
23,31.6995,12,4710160801,유기응집제,2521201281,2521201281,에이디 커머스,0.0,0.0,37.0,9.0,2025-11-24,35807812,1324889059.0,0.0,0,0.0,,원천_사업자번호집계,현재 후보 목록 기준 정책인증 확정 매칭 없음,1.0,0.0,0.0,,,0.287054,33,28.7606,7,169.0,0.0,0.0,0.0,0.0,Y,1,1,1,0,1,50,14,1,50,14,223.0,8.0,5.0,984.0,0.0,0.0,5.0,대표물품=0.00; 제조업체=0.00; 낙찰건수=12.13; 최근낙찰건수=6.59; 낙찰금액합계=4.99; 창업기업=8.00; 사회적기업=0.00; 사회적협동조합=0.00; 장애인표준사업장=0.00; 공공구매인증서=0.00; 자활용사촌복지공장=0.00; 생산품목매칭=0.00; 부정당제재=-0.00; 현재제재여부=-0.00
24,30.6164,35,4710160801,유기응집제,3968701707,3968701707,주식회사 명신테크,0.0,0.0,25.0,8.0,2025-12-17,208816132,5220403300.0,0.0,0,0.0,,원천_사업자번호집계,현재 후보 목록 기준 정책인증 확정 매칭 없음,1.0,0.0,0.0,,,0.373923,16,24.7534,12,143.0,0.0,0.0,0.0,0.0,Y,1,1,1,0,1,50,14,1,50,14,130.0,6.0,3.0,747.0,0.0,6.0,3.0,대표물품=0.00; 제조업체=0.00; 낙찰건수=9.63; 최근낙찰건수=6.28; 낙찰금액합계=6.70; 창업기업=8.00; 사회적기업=0.00; 사회적협동조합=0.00; 장애인표준사업장=0.00; 공공구매인증서=0.00; 자활용사촌복지공장=0.00; 생산품목매칭=0.00; 부정당제재=-0.00; 현재제재여부=-0.00
25,30.5439,65,4111331901,기타수질분석기,6168157632,6168157632,주식회사 대은계전,0.0,1.0,30.0,11.0,2025-12-09,372354867,11170646000.0,0.0,0,0.0,,원천_사업자번호집계,현재 후보 목록 기준 정책인증 확정 매칭 없음,0.0,0.0,0.0,,,0.814964,2,27.3693,9,151.0,0.0,0.0,0.0,0.0,,,0,0,0,0,50,12,2,50,12,3.0,1.0,1.0,374.0,0.0,0.0,9.0,대표물품=0.00; 제조업체=5.00; 낙찰건수=10.79; 최근낙찰건수=7.11; 낙찰금액합계=7.65; 창업기업=0.00; 사회적기업=0.00; 사회적협동조합=0.00; 장애인표준사업장=0.00; 공공구매인증서=0.00; 자활용사촌복지공장=0.00; 생산품목매칭=0.00; 부정당제재=-0.00; 현재제재여부=-0.00
26,30.5086,202,4710169801,수처리용여과재,2201501330,2201501330,태정,0.0,0.0,66.0,17.0,2025-12-01,61770383,4076845258.62,0.0,,0.0,,원천_사업자번호집계,현재 후보 목록 기준 정책인증 확정 매칭 없음,0.0,0.0,0.0,,,,,,,,0.0,0.0,0.0,0.0,,,,,,,,,,,,,,,,,,,대표물품=0.00; 제조업체=0.00; 낙찰건수=15.85; 최근낙찰건수=8.27; 낙찰금액합계=6.39; 창업기업=0.00; 사회적기업=0.00; 사회적협동조합=0.00; 장애인표준사업장=0.00; 공공구매인증서=0.00; 자활용사촌복지공장=0.00; 생산품목매칭=0.00; 부정당제재=-0.00; 현재제재여부=-0.00
27,30.1533,203,4710169801,수처리용여과재,4188153158,4188153158,주식회사 신성씨엔에스,0.0,0.0,63.0,18.0,2025-12-16,54730869,3448044748.0,0.0,,0.0,,원천_사업자번호집계,현재 후보 목록 기준 정책인증 확정 매칭 없음,0.0,0.0,0.0,,,,,,,,0.0,0.0,0.0,0.0,,,,,,,,,,,,,,,,,,,대표물품=0.00; 제조업체=0.00; 낙찰건수=15.55; 최근낙찰건수=8.42; 낙찰금액합계=6.18; 창업기업=0.00; 사회적기업=0.00; 사회적협동조합=0.00; 장애인표준사업장=0.00; 공공구매인증서=0.00; 자활용사촌복지공장=0.00; 생산품목매칭=0.00; 부정당제재=-0.00; 현재제재여부=-0.00
28,30.0244,153,4710160802,무기응집제,1728603252,1728603252,주식회사 리즈너스,0.0,0.0,50.0,32.0,2025-12-23,57987778,2899388894.0,0.0,,0.0,,원천_사업자번호집계,현재 후보 목록 기준 정책인증 확정 매칭 없음,0.0,0.0,0.0,,,,,,,,0.0,0.0,0.0,0.0,,,,,,,,,,,,,,,,,,,대표물품=0.00; 제조업체=0.00; 낙찰건수=14.06; 최근낙찰건수=10.00; 낙찰금액합계=5.97; 창업기업=0.00; 사회적기업=0.00; 사회적협동조합=0.00; 장애인표준사업장=0.00; 공공구매인증서=0.00; 자활용사촌복지공장=0.00; 생산품목매칭=0.00; 부정당제재=-0.00; 현재제재여부=-0.00
29,29.9629,30,4710160801,유기응집제,5118127226,5118127226,주식회사 마크온탑,0.0,0.0,27.0,7.0,2025-11-11,101554183,2741962939.6,0.0,0,0.0,,원천_사업자번호집계,현재 후보 목록 기준 정책인증 확정 매칭 없음,1.0,0.0,0.0,,,0.228357,49,25.4161,10,184.0,0.0,0.0,0.0,0.0,Y,1,1,1,0,1,50,14,1,50,14,1602.0,46.0,17.0,1373.0,0.0,0.0,4.0,대표물품=0.00; 제조업체=0.00; 낙찰건수=10.12; 최근낙찰건수=5.95; 낙찰금액합계=5.90; 창업기업=8.00; 사회적기업=0.00; 사회적협동조합=0.00; 장애인표준사업장=0.00; 공공구매인증서=0.00; 자활용사촌복지공장=0.00; 생산품목매칭=0.00; 부정당제재=-0.00; 현재제재여부=-0.00
30,29.9629,70,4111331901,기타수질분석기,5118127226,5118127226,주식회사 마크온탑,0.0,0.0,27.0,7.0,2025-11-11,101554183,2741962939.6,0.0,0,0.0,,원천_사업자번호집계,현재 후보 목록 기준 정책인증 확정 매칭 없음,1.0,0.0,0.0,,,0.187977,38,25.4161,12,184.0,0.0,0.0,0.0,0.0,Y,1,1,1,0,1,50,12,2,50,12,1602.0,193.0,133.0,1373.0,0.0,0.0,4.0,대표물품=0.00; 제조업체=0.00; 낙찰건수=10.12; 최근낙찰건수=5.95; 낙찰금액합계=5.90; 창업기업=8.00; 사회적기업=0.00; 사회적협동조합=0.00; 장애인표준사업장=0.00; 공공구매인증서=0.00; 자활용사촌복지공장=0.00; 생산품목매칭=0.00; 부정당제재=-0.00; 현재제재여부=-0.00
31,29.9421,55,4111331901,기타수질분석기,1308123448,1308123448,호리바코리아(주),0.0,0.0,47.0,9.0,2025-12-23,1226219264,57632305396.0,0.0,0,0.0,,원천_사업자번호집계,현재 후보 목록 기준 정책인증 확정 매칭 없음,0.0,0.0,0.0,,,0.747985,3,29.026,6,137.0,0.0,0.0,0.0,0.0,,,0,0,0,0,50,12,2,50,12,1.0,1.0,1.0,1496.0,0.0,7.0,8.0,대표물품=0.00; 제조업체=0.00; 낙찰건수=13.66; 최근낙찰건수=6.59; 낙찰금액합계=9.70; 창업기업=0.00; 사회적기업=0.00; 사회적협동조합=0.00; 장애인표준사업장=0.00; 공공구매인증서=0.00; 자활용사촌복지공장=0.00; 생산품목매칭=0.00; 부정당제재=-0.00; 현재제재여부=-0.00
32,29.6733,59,4111331901,기타수질분석기,1348121423,1348121423,주식회사 서전기전,0.0,0.0,37.0,13.0,2025-12-08,1986572105,73503167874.0,0.0,0,0.0,,원천_사업자번호집계,현재 후보 목록 기준 정책인증 확정 매칭 없음,0.0,0.0,0.0,,,0.613642,11,27.4263,8,152.0,0.0,0.0,0.0,0.0,,,0,0,0,0,50,12,2,50,12,10.0,2.0,2.0,754.0,0.0,0.0,11.0,대표물품=0.00; 제조업체=0.00; 낙찰건수=12.13; 최근낙찰건수=7.55; 낙찰금액합계=10.00; 창업기업=0.00; 사회적기업=0.00; 사회적협동조합=0.00; 장애인표준사업장=0.00; 공공구매인증서=0.00; 자활용사촌복지공장=0.00; 생산품목매칭=0.00; 부정당제재=-0.00; 현재제재여부=-0.00
33,29.4499,53,4111331901,기타수질분석기,2108159349,2108159349,주식회사 피디원 (PDONE),0.0,0.0,53.0,11.0,2025-10-27,259612769,13759476741.0,0.0,0,0.0,,원천_사업자번호집계,현재 후보 목록 기준 정책인증 확정 매칭 없음,0.0,0.0,0.0,,,0.651121,7,27.7955,7,194.0,0.0,0.0,0.0,0.0,,,0,0,0,0,50,12,2,50,12,6.0,2.0,2.0,1479.0,0.0,2.0,7.0,대표물품=0.00; 제조업체=0.00; 낙찰건수=14.43; 최근낙찰건수=7.11; 낙찰금액합계=7.91; 창업기업=0.00; 사회적기업=0.00; 사회적협동조합=0.00; 장애인표준사업장=0.00; 공공구매인증서=0.00; 자활용사촌복지공장=0.00; 생산품목매칭=0.00; 부정당제재=-0.00; 현재제재여부=-0.00
34,29.4499,353,4111250101,유량계,2108159349,2108159349,주식회사 피디원 (PDONE),0.0,0.0,53.0,11.0,2025-10-27,259612769,13759476741.0,0.0,,0.0,,원천_사업자번호집계,현재 후보 목록 기준 정책인증 확정 매칭 없음,0.0,0.0,0.0,,,,,,,,0.0,0.0,0.0,0.0,,,,,,,,,,,,,,,,,,,대표물품=0.00; 제조업체=0.00; 낙찰건수=14.43; 최근낙찰건수=7.11; 낙찰금액합계=7.91; 창업기업=0.00; 사회적기업=0.00; 사회적협동조합=0.00; 장애인표준사업장=0.00; 공공구매인증서=0.00; 자활용사촌복지공장=0.00; 생산품목매칭=0.00; 부정당제재=-0.00; 현재제재여부=-0.00
35,29.2088,303,4010160101,송풍기,8278602014,8278602014,주식회사 혼정보통신,0.0,0.0,69.0,10.0,2025-11-10,51185054,3531768743.0,0.0,,0.0,,원천_사업자번호집계,현재 후보 목록 기준 정책인증 확정 매칭 없음,0.0,0.0,0.0,,,,,,,,0.0,0.0,0.0,0.0,,,,,,,,,,,,,,,,,,,대표물품=0.00; 제조업체=0.00; 낙찰건수=16.14; 최근낙찰건수=6.86; 낙찰금액합계=6.21; 창업기업=0.00; 사회적기업=0.00; 사회적협동조합=0.00; 장애인표준사업장=0.00; 공공구매인증서=0.00; 자활용사촌복지공장=0.00; 생산품목매칭=0.00; 부정당제재=-0.00; 현재제재여부=-0.00
36,29.2088,451,4014169401,제수밸브,8278602014,8278602014,주식회사 혼정보통신,0.0,0.0,69.0,10.0,2025-11-10,51185054,3531768743.0,0.0,,0.0,,원천_사업자번호집계,현재 후보 목록 기준 정책인증 확정 매칭 없음,0.0,0.0,0.0,,,,,,,,0.0,0.0,0.0,0.0,,,,,,,,,,,,,,,,,,,대표물품=0.00; 제조업체=0.00; 낙찰건수=16.14; 최근낙찰건수=6.86; 낙찰금액합계=6.21; 창업기업=0.00; 사회적기업=0.00; 사회적협동조합=0.00; 장애인표준사업장=0.00; 공공구매인증서=0.00; 자활용사촌복지공장=0.00; 생산품목매칭=0.00; 부정당제재=-0.00; 현재제재여부=-0.00
37,28.8031,217,4710169801,수처리용여과재,1168170950,1168170950,삼천리활성탄소(주),1.0,0.0,24.0,8.0,2025-12-08,692117255,16610814130.12,0.0,,0.0,,원천_사업자번호집계,현재 후보 목록 기준 정책인증 확정 매칭 없음,0.0,0.0,0.0,,,,,,,,0.0,0.0,0.0,0.0,,,,,,,,,,,,,,,,,,,대표물품=5.00; 제조업체=0.00; 낙찰건수=9.37; 최근낙찰건수=6.28; 낙찰금액합계=8.14; 창업기업=0.00; 사회적기업=0.00; 사회적협동조합=0.00; 장애인표준사업장=0.00; 공공구매인증서=0.00; 자활용사촌복지공장=0.00; 생산품목매칭=0.00; 부정당제재=-0.00; 현재제재여부=-0.00
38,28.8003,115,4016150601,여과장치,4098162406,4098162406,대성이엔이 주식회사,0.0,1.0,30.0,6.0,2025-12-15,316685137,9500554114.0,0.0,0,0.0,,원천_사업자번호집계,현재 후보 목록 기준 정책인증 확정 매칭 없음,0.0,0.0,0.0,,,0.497816,3,25.0398,8,150.0,0.0,0.0,0.0,0.0,,,0,0,0,0,50,9,6,50,9,55.0,6.0,2.0,141.0,0.0,1.0,4.0,대표물품=0.00; 제조업체=5.00; 낙찰건수=10.79; 최근낙찰건수=5.57; 낙찰금액합계=7.45; 창업기업=0.00; 사회적기업=0.00; 사회적협동조합=0.00; 장애인표준사업장=0.00; 공공구매인증서=0.00; 자활용사촌복지공장=0.00; 생산품목매칭=0.00; 부정당제재=-0.00; 현재제재여부=-0.00
39,28.7681,9,4710160801,유기응집제,1178186004,1178186004,주식회사 와풀,0.0,0.0,44.0,16.0,2025-09-02,212826072,9364347152.0,0.0,0,0.0,,원천_사업자번호집계,현재 후보 목록 기준 정책인증 확정 매칭 없음,0.0,0.0,0.0,,,0.476018,8,26.8833,8,255.0,0.0,0.0,0.0,0.0,,,0,0,0,0,50,14,1,50,14,16.0,3.0,3.0,1250.0,0.0,0.0,11.0,대표물품=0.00; 제조업체=0.00; 낙찰건수=13.24; 최근낙찰건수=8.10; 낙찰금액합계=7.43; 창업기업=0.00; 사회적기업=0.00; 사회적협동조합=0.00; 장애인표준사업장=0.00; 공공구매인증서=0.00; 자활용사촌복지공장=0.00; 생산품목매칭=0.00; 부정당제재=-0.00; 현재제재여부=-0.00
40,28.7681,154,4710160802,무기응집제,1178186004,1178186004,주식회사 와풀,0.0,0.0,44.0,16.0,2025-09-02,212826072,9364347152.0,0.0,,0.0,,원천_사업자번호집계,현재 후보 목록 기준 정책인증 확정 매칭 없음,0.0,0.0,0.0,,,,,,,,0.0,0.0,0.0,0.0,,,,,,,,,,,,,,,,,,,대표물품=0.00; 제조업체=0.00; 낙찰건수=13.24; 최근낙찰건수=8.10; 낙찰금액합계=7.43; 창업기업=0.00; 사회적기업=0.00; 사회적협동조합=0.00; 장애인표준사업장=0.00; 공공구매인증서=0.00; 자활용사촌복지공장=0.00; 생산품목매칭=0.00; 부정당제재=-0.00; 현재제재여부=-0.00
41,28.6196,34,4710160801,유기응집제,1698101874,1698101874,(유)아성개발,0.0,0.0,26.0,6.0,2025-12-31,59107380,1536791890.0,0.0,0,0.0,,원천_사업자번호집계,현재 후보 목록 기준 정책인증 확정 매칭 없음,1.0,0.0,0.0,,,0.297729,29,24.8698,11,131.0,0.0,0.0,0.0,0.0,Y,1,1,1,0,1,50,14,1,50,14,264.0,10.0,3.0,747.0,0.0,0.0,5.0,대표물품=0.00; 제조업체=0.00; 낙찰건수=9.88; 최근낙찰건수=5.57; 낙찰금액합계=5.17; 창업기업=8.00; 사회적기업=0.00; 사회적협동조합=0.00; 장애인표준사업장=0.00; 공공구매인증서=0.00; 자활용사촌복지공장=0.00; 생산품목매칭=0.00; 부정당제재=-0.00; 현재제재여부=-0.00
42,28.3099,52,4111331901,기타수질분석기,6218701961,6218701961,주식회사이지랩,0.0,0.0,59.0,11.0,2025-11-24,53716769,3169289400.0,0.0,0,0.0,,원천_사업자번호집계,현재 후보 목록 기준 정책인증 확정 매칭 없음,0.0,0.0,0.0,,,0.612709,12,27.0741,10,170.0,0.0,0.0,0.0,0.0,,,0,0,0,0,50,12,2,50,12,6.0,4.0,2.0,1495.0,0.0,1.0,7.0,대표물품=0.00; 제조업체=0.00; 낙찰건수=15.13; 최근낙찰건수=7.11; 낙찰금액합계=6.08; 창업기업=0.00; 사회적기업=0.00; 사회적협동조합=0.00; 장애인표준사업장=0.00; 공공구매인증서=0.00; 자활용사촌복지공장=0.00; 생산품목매칭=0.00; 부정당제재=-0.00; 현재제재여부=-0.00
43,28.2722,56,4111331901,기타수질분석기,2068627654,2068627654,주식회사 원캐스트,0.0,0.0,46.0,9.0,2025-11-12,367189081,16890697742.0,0.0,0,0.0,,원천_사업자번호집계,현재 후보 목록 기준 정책인증 확정 매칭 없음,0.0,0.0,0.0,,,0.625372,8,26.9492,11,178.0,0.0,0.0,0.0,0.0,,,0,0,0,0,50,12,2,50,12,7.0,2.0,2.0,747.0,0.0,0.0,7.0,대표물품=0.00; 제조업체=0.00; 낙찰건수=13.52; 최근낙찰건수=6.59; 낙찰금액합계=8.16; 창업기업=0.00; 사회적기업=0.00; 사회적협동조합=0.00; 장애인표준사업장=0.00; 공공구매인증서=0.00; 자활용사촌복지공장=0.00; 생산품목매칭=0.00; 부정당제재=-0.00; 현재제재여부=-0.00
44,28.168,64,4111331901,기타수질분석기,3328802499,3328802499,주식회사 루트텍,0.0,0.0,35.0,2.0,2025-05-30,46886168,1641015863.0,0.0,0,0.0,,원천_사업자번호집계,현재 후보 목록 기준 정책인증 확정 매칭 없음,1.0,0.0,0.0,,,0.214737,35,24.6125,14,345.0,0.0,0.0,0.0,0.0,Y,1,1,1,0,1,50,12,2,50,12,504.0,99.0,65.0,1114.0,0.0,4.0,1.0,대표물품=0.00; 제조업체=0.00; 낙찰건수=11.77; 최근낙찰건수=3.14; 낙찰금액합계=5.26; 창업기업=8.00; 사회적기업=0.00; 사회적협동조합=0.00; 장애인표준사업장=0.00; 공공구매인증서=0.00; 자활용사촌복지공장=0.00; 생산품목매칭=0.00; 부정당제재=-0.00; 현재제재여부=-0.00
45,28.1228,84,4111331901,기타수질분석기,2903101270,2903101270,다인에스티,0.0,0.0,21.0,9.0,2025-11-03,63779850,1339376860.0,0.0,0,0.0,,원천_사업자번호집계,현재 후보 목록 기준 정책인증 확정 매칭 없음,1.0,0.0,0.0,,,0.181049,43,23.7837,15,187.0,0.0,0.0,0.0,0.0,Y,1,1,1,0,1,50,12,2,50,12,120.0,24.0,14.0,1111.0,0.0,0.0,8.0,대표물품=0.00; 제조업체=0.00; 낙찰건수=8.54; 최근낙찰건수=6.59; 낙찰금액합계=5.00; 창업기업=8.00; 사회적기업=0.00; 사회적협동조합=0.00; 장애인표준사업장=0.00; 공공구매인증서=0.00; 자활용사촌복지공장=0.00; 생산품목매칭=0.00; 부정당제재=-0.00; 현재제재여부=-0.00
46,27.9891,99,4111331901,기타수질분석기,2363501430,2363501430,디피에스테크놀로지,0.0,0.0,14.0,13.0,2025-12-26,298520714,4179290000.0,0.0,0,0.0,,원천_사업자번호집계,현재 후보 목록 기준 정책인증 확정 매칭 없음,1.0,0.0,0.0,,,0.624546,9,22.049,17,142.0,0.0,0.0,0.0,0.0,Y,1,1,1,0,1,50,12,2,50,12,12.0,2.0,2.0,269.0,0.0,0.0,11.0,대표물품=0.00; 제조업체=0.00; 낙찰건수=6.02; 최근낙찰건수=7.55; 낙찰금액합계=6.42; 창업기업=8.00; 사회적기업=0.00; 사회적협동조합=0.00; 장애인표준사업장=0.00; 공공구매인증서=0.00; 자활용사촌복지공장=0.00; 생산품목매칭=0.00; 부정당제재=-0.00; 현재제재여부=-0.00
47,27.9531,39,4710160801,유기응집제,5323701365,5323701365,케이엘컴퍼니,0.0,0.0,25.0,5.0,2025-12-15,62582238,1564555950.0,0.0,0,0.0,,원천_사업자번호집계,현재 후보 목록 기준 정책인증 확정 매칭 없음,1.0,0.0,0.0,,,0.265381,40,24.4942,14,148.0,0.0,0.0,0.0,0.0,Y,1,1,1,0,1,50,14,1,50,14,486.0,11.0,6.0,878.0,0.0,0.0,4.0,대표물품=0.00; 제조업체=0.00; 낙찰건수=9.63; 최근낙찰건수=5.12; 낙찰금액합계=5.20; 창업기업=8.00; 사회적기업=0.00; 사회적협동조합=0.00; 장애인표준사업장=0.00; 공공구매인증서=0.00; 자활용사촌복지공장=0.00; 생산품목매칭=0.00; 부정당제재=-0.00; 현재제재여부=-0.00
48,27.89,151,4710160802,무기응집제,6768601611,6768601611,주식회사 루트웰,0.0,0.0,54.0,10.0,2025-12-30,80904342,4368834480.0,0.0,,0.0,,원천_사업자번호집계,현재 후보 목록 기준 정책인증 확정 매칭 없음,0.0,0.0,0.0,,,,,,,,0.0,0.0,0.0,0.0,,,,,,,,,,,,,,,,,,,대표물품=0.00; 제조업체=0.00; 낙찰건수=14.55; 최근낙찰건수=6.86; 낙찰금액합계=6.48; 창업기업=0.00; 사회적기업=0.00; 사회적협동조합=0.00; 장애인표준사업장=0.00; 공공구매인증서=0.00; 자활용사촌복지공장=0.00; 생산품목매칭=0.00; 부정당제재=-0.00; 현재제재여부=-0.00
49,27.716,259,4015150501,정량펌프,5728702483,5728702483,주식회사 케이제이에스랩,0.0,0.0,18.0,6.0,2025-12-05,52990087,953821560.0,0.0,,0.0,,원천_사업자번호집계,현재 후보 목록 기준 정책인증 확정 매칭 없음,0.0,0.0,0.0,,,,,,,,1.0,0.0,0.0,0.0,,,,,,,,,,,,,,,,,,,대표물품=0.00; 제조업체=0.00; 낙찰건수=7.57; 최근낙찰건수=5.57; 낙찰금액합계=4.58; 창업기업=0.00; 사회적기업=10.00; 사회적협동조합=0.00; 장애인표준사업장=0.00; 공공구매인증서=0.00; 자활용사촌복지공장=0.00; 생산품목매칭=0.00; 부정당제재=-0.00; 현재제재여부=-0.00
50,27.6012,4,4710160801,유기응집제,1160724873,1160724873,나산상사,0.0,0.0,54.0,10.0,2025-12-26,64190702,3466297885.36,0.0,0,0.0,,원천_사업자번호집계,현재 후보 목록 기준 정책인증 확정 매칭 없음,0.0,0.0,0.0,,,0.330063,24,26.2685,9,137.0,0.0,0.0,0.0,0.0,,,0,0,0,0,50,14,1,50,14,168.0,9.0,3.0,1251.0,0.0,0.0,6.0,대표물품=0.00; 제조업체=0.00; 낙찰건수=14.55; 최근낙찰건수=6.86; 낙찰금액합계=6.19; 창업기업=0.00; 사회적기업=0.00; 사회적협동조합=0.00; 장애인표준사업장=0.00; 공공구매인증서=0.00; 자활용사촌복지공장=0.00; 생산품목매칭=0.00; 부정당제재=-0.00; 현재제재여부=-0.00
51,27.6012,152,4710160802,무기응집제,1160724873,1160724873,나산상사,0.0,0.0,54.0,10.0,2025-12-26,64190702,3466297885.36,0.0,,0.0,,원천_사업자번호집계,현재 후보 목록 기준 정책인증 확정 매칭 없음,0.0,0.0,0.0,,,,,,,,0.0,0.0,0.0,0.0,,,,,,,,,,,,,,,,,,,대표물품=0.00; 제조업체=0.00; 낙찰건수=14.55; 최근낙찰건수=6.86; 낙찰금액합계=6.19; 창업기업=0.00; 사회적기업=0.00; 사회적협동조합=0.00; 장애인표준사업장=0.00; 공공구매인증서=0.00; 자활용사촌복지공장=0.00; 생산품목매칭=0.00; 부정당제재=-0.00; 현재제재여부=-0.00
52,27.6012,352,4111250101,유량계,1160724873,1160724873,나산상사,0.0,0.0,54.0,10.0,2025-12-26,64190702,3466297885.36,0.0,,0.0,,원천_사업자번호집계,현재 후보 목록 기준 정책인증 확정 매칭 없음,0.0,0.0,0.0,,,,,,,,0.0,0.0,0.0,0.0,,,,,,,,,,,,,,,,,,,대표물품=0.00; 제조업체=0.00; 낙찰건수=14.55; 최근낙찰건수=6.86; 낙찰금액합계=6.19; 창업기업=0.00; 사회적기업=0.00; 사회적협동조합=0.00; 장애인표준사업장=0.00; 공공구매인증서=0.00; 자활용사촌복지공장=0.00; 생산품목매칭=0.00; 부정당제재=-0.00; 현재제재여부=-0.00
53,27.5182,57,4111331901,기타수질분석기,5938702267,5938702267,주식회사 이솔사이언스,0.0,0.0,45.0,13.0,2025-10-27,106232444,4780460000.0,0.0,0,0.0,,원천_사업자번호집계,현재 후보 목록 기준 정책인증 확정 매칭 없음,0.0,0.0,0.0,,,0.456883,17,24.7858,13,205.0,0.0,0.0,0.0,0.0,,,0,0,0,0,50,12,2,50,12,19.0,14.0,5.0,1243.0,0.0,2.0,6.0,대표물품=0.00; 제조업체=0.00; 낙찰건수=13.38; 최근낙찰건수=7.55; 낙찰금액합계=6.59; 창업기업=0.00; 사회적기업=0.00; 사회적협동조합=0.00; 장애인표준사업장=0.00; 공공구매인증서=0.00; 자활용사촌복지공장=0.00; 생산품목매칭=0.00; 부정당제재=-0.00; 현재제재여부=-0.00
54,27.4767,78,4111331901,기타수질분석기,1238154375,1238154375,주식회사 씨케이테크피아,0.0,1.0,22.0,10.0,2025-12-17,255399205,5618782510.0,0.0,0,0.0,,원천_사업자번호집계,현재 후보 목록 기준 정책인증 확정 매칭 없음,0.0,0.0,0.0,,,0.816461,1,21.7971,18,148.0,0.0,0.0,0.0,0.0,,,0,0,0,0,50,12,2,50,12,1.0,1.0,1.0,1128.0,0.0,4.0,5.0,대표물품=0.00; 제조업체=5.00; 낙찰건수=8.83; 최근낙찰건수=6.86; 낙찰금액합계=6.79; 창업기업=0.00; 사회적기업=0.00; 사회적협동조합=0.00; 장애인표준사업장=0.00; 공공구매인증서=0.00; 자활용사촌복지공장=0.00; 생산품목매칭=0.00; 부정당제재=-0.00; 현재제재여부=-0.00
55,27.2259,43,4710160801,유기응집제,7390302693,7390302693,대한시스텍,0.0,0.0,23.0,6.0,2025-09-23,40656528,935100143.0,0.0,0,0.0,,원천_사업자번호집계,현재 후보 목록 기준 정책인증 확정 매칭 없음,1.0,0.0,0.0,,,0.272061,37,21.7636,18,242.0,0.0,0.0,0.0,0.0,Y,1,1,1,0,1,50,14,1,50,14,714.0,23.0,11.0,1247.0,0.0,1.0,3.0,대표물품=0.00; 제조업체=0.00; 낙찰건수=9.11; 최근낙찰건수=5.57; 낙찰금액합계=4.55; 창업기업=8.00; 사회적기업=0.00; 사회적협동조합=0.00; 장애인표준사업장=0.00; 공공구매인증서=0.00; 자활용사촌복지공장=0.00; 생산품목매칭=0.00; 부정당제재=-0.00; 현재제재여부=-0.00
56,27.2259,124,4016150601,여과장치,7390302693,7390302693,대한시스텍,0.0,0.0,23.0,6.0,2025-09-23,40656528,935100143.0,0.0,0,0.0,,원천_사업자번호집계,현재 후보 목록 기준 정책인증 확정 매칭 없음,1.0,0.0,0.0,,,0.054855,46,21.7636,13,242.0,0.0,0.0,0.0,0.0,Y,1,1,1,0,1,50,9,6,50,9,714.0,35.0,9.0,1124.0,0.0,0.0,3.0,대표물품=0.00; 제조업체=0.00; 낙찰건수=9.11; 최근낙찰건수=5.57; 낙찰금액합계=4.55; 창업기업=8.00; 사회적기업=0.00; 사회적협동조합=0.00; 장애인표준사업장=0.00; 공공구매인증서=0.00; 자활용사촌복지공장=0.00; 생산품목매칭=0.00; 부정당제재=-0.00; 현재제재여부=-0.00
57,27.2174,81,4111331901,기타수질분석기,8218801326,8218801326,주식회사 가은메탈,0.0,0.0,21.0,3.0,2025-12-08,252144423,5295032890.0,0.0,0,0.0,,원천_사업자번호집계,현재 후보 목록 기준 정책인증 확정 매칭 없음,1.0,0.0,0.0,,,0.291841,27,23.01,16,155.0,0.0,0.0,0.0,0.0,Y,1,1,1,0,1,50,12,2,50,12,74.0,1.0,1.0,159.0,0.0,0.0,3.0,대표물품=0.00; 제조업체=0.00; 낙찰건수=8.54; 최근낙찰건수=3.96; 낙찰금액합계=6.72; 창업기업=8.00; 사회적기업=0.00; 사회적협동조합=0.00; 장애인표준사업장=0.00; 공공구매인증서=0.00; 자활용사촌복지공장=0.00; 생산품목매칭=0.00; 부정당제재=-0.00; 현재제재여부=-0.00
58,27.1033,313,4010160101,송풍기,6122552599,6122552599,안가,0.0,0.0,42.0,14.0,2025-12-24,99386785,4174244955.0,0.0,,0.0,,원천_사업자번호집계,현재 후보 목록 기준 정책인증 확정 매칭 없음,0.0,0.0,0.0,,,,,,,,0.0,0.0,0.0,0.0,,,,,,,,,,,,,,,,,,,대표물품=0.00; 제조업체=0.00; 낙찰건수=12.94; 최근낙찰건수=7.75; 낙찰금액합계=6.42; 창업기업=0.00; 사회적기업=0.00; 사회적협동조합=0.00; 장애인표준사업장=0.00; 공공구매인증서=0.00; 자활용사촌복지공장=0.00; 생산품목매칭=0.00; 부정당제재=-0.00; 현재제재여부=-0.00
59,27.0921,204,4710169801,수처리용여과재,1861501398,1861501398,제이에이치테크,0.0,0.0,48.0,12.0,2025-12-22,60151747,2887283840.0,0.0,,0.0,,원천_사업자번호집계,현재 후보 목록 기준 정책인증 확정 매칭 없음,0.0,0.0,0.0,,,,,,,,0.0,0.0,0.0,0.0,,,,,,,,,,,,,,,,,,,대표물품=0.00; 제조업체=0.00; 낙찰건수=13.80; 최근낙찰건수=7.34; 낙찰금액합계=5.96; 창업기업=0.00; 사회적기업=0.00; 사회적협동조합=0.00; 장애인표준사업장=0.00; 공공구매인증서=0.00; 자활용사촌복지공장=0.00; 생산품목매칭=0.00; 부정당제재=-0.00; 현재제재여부=-0.00
60,27.0672,103,4016150601,여과장치,7620400047,7620400047,에스지에스,0.0,0.0,57.0,8.0,2025-12-08,47472819,2705950690.79,0.0,0,0.0,,원천_사업자번호집계,현재 후보 목록 기준 정책인증 확정 매칭 없음,0.0,0.0,0.0,,,0.099984,16,25.6365,7,164.0,0.0,0.0,0.0,0.0,,,0,0,0,0,50,9,6,50,9,262.0,16.0,2.0,1125.0,0.0,0.0,5.0,대표물품=0.00; 제조업체=0.00; 낙찰건수=14.90; 최근낙찰건수=6.28; 낙찰금액합계=5.88; 창업기업=0.00; 사회적기업=0.00; 사회적협동조합=0.00; 장애인표준사업장=0.00; 공공구매인증서=0.00; 자활용사촌복지공장=0.00; 생산품목매칭=0.00; 부정당제재=-0.00; 현재제재여부=-0.00
61,27.0672,305,4010160101,송풍기,7620400047,7620400047,에스지에스,0.0,0.0,57.0,8.0,2025-12-08,47472819,2705950690.79,0.0,,0.0,,원천_사업자번호집계,현재 후보 목록 기준 정책인증 확정 매칭 없음,0.0,0.0,0.0,,,,,,,,0.0,0.0,0.0,0.0,,,,,,,,,,,,,,,,,,,대표물품=0.00; 제조업체=0.00; 낙찰건수=14.90; 최근낙찰건수=6.28; 낙찰금액합계=5.88; 창업기업=0.00; 사회적기업=0.00; 사회적협동조합=0.00; 장애인표준사업장=0.00; 공공구매인증서=0.00; 자활용사촌복지공장=0.00; 생산품목매칭=0.00; 부정당제재=-0.00; 현재제재여부=-0.00
62,26.9905,85,4111331901,기타수질분석기,8612101471,8612101471,테라물라,0.0,0.0,19.0,6.0,2025-12-25,106418000,2021942000.0,0.0,0,0.0,,원천_사업자번호집계,현재 후보 목록 기준 정책인증 확정 매칭 없음,1.0,0.0,0.0,,,0.183206,40,20.8039,20,156.0,0.0,0.0,0.0,0.0,Y,1,1,1,0,1,50,12,2,50,12,958.0,387.0,258.0,1109.0,0.0,0.0,2.0,대표물품=0.00; 제조업체=0.00; 낙찰건수=7.91; 최근낙찰건수=5.57; 낙찰금액합계=5.52; 창업기업=8.00; 사회적기업=0.00; 사회적협동조합=0.00; 장애인표준사업장=0.00; 공공구매인증서=0.00; 자활용사촌복지공장=0.00; 생산품목매칭=0.00; 부정당제재=-0.00; 현재제재여부=-0.00
63,26.9905,132,4016150601,여과장치,8612101471,8612101471,테라물라,0.0,0.0,19.0,6.0,2025-12-25,106418000,2021942000.0,0.0,0,0.0,,원천_사업자번호집계,현재 후보 목록 기준 정책인증 확정 매칭 없음,1.0,0.0,0.0,,,0.061348,34,20.8039,16,156.0,0.0,0.0,0.0,0.0,Y,1,1,1,0,1,50,9,6,50,9,958.0,48.0,11.0,1116.0,0.0,0.0,2.0,대표물품=0.00; 제조업체=0.00; 낙찰건수=7.91; 최근낙찰건수=5.57; 낙찰금액합계=5.52; 창업기업=8.00; 사회적기업=0.00; 사회적협동조합=0.00; 장애인표준사업장=0.00; 공공구매인증서=0.00; 자활용사촌복지공장=0.00; 생산품목매칭=0.00; 부정당제재=-0.00; 현재제재여부=-0.00
64,26.8521,404,4015151301,수중펌프,1608803078,1608803078,유명이엔지주식회사,0.0,1.0,21.0,12.0,2025-12-08,139764422,2935052860.0,0.0,,0.0,,원천_사업자번호집계,현재 후보 목록 기준 정책인증 확정 매칭 없음,0.0,0.0,0.0,,,,,,,,0.0,0.0,0.0,0.0,,,,,,,,,,,,,,,,,,,대표물품=0.00; 제조업체=5.00; 낙찰건수=8.54; 최근낙찰건수=7.34; 낙찰금액합계=5.98; 창업기업=0.00; 사회적기업=0.00; 사회적협동조합=0.00; 장애인표준사업장=0.00; 공공구매인증서=0.00; 자활용사촌복지공장=0.00; 생산품목매칭=0.00; 부정당제재=-0.00; 현재제재여부=-0.00
65,26.8193,253,4015150501,정량펌프,4098615290,4098615290,(주)서린사이언스,0.0,0.0,47.0,11.0,2025-09-10,66111555,3107243100.0,0.0,,0.0,,원천_사업자번호집계,현재 후보 목록 기준 정책인증 확정 매칭 없음,0.0,0.0,0.0,,,,,,,,0.0,0.0,0.0,0.0,,,,,,,,,,,,,,,,,,,대표물품=0.00; 제조업체=0.00; 낙찰건수=13.66; 최근낙찰건수=7.11; 낙찰금액합계=6.05; 창업기업=0.00; 사회적기업=0.00; 사회적협동조합=0.00; 장애인표준사업장=0.00; 공공구매인증서=0.00; 자활용사촌복지공장=0.00; 생산품목매칭=0.00; 부정당제재=-0.00; 현재제재여부=-0.00
66,26.8108,260,4015150501,정량펌프,5688200569,5688200569,사단법인 벗나래복지회사업단,0.0,1.0,17.0,17.0,2025-12-26,227863912,3873686500.0,0.0,,0.0,,원천_사업자번호집계,현재 후보 목록 기준 정책인증 확정 매칭 없음,0.0,0.0,0.0,,,,,,,,0.0,0.0,0.0,0.0,,,,,,,,,,,,,,,,,,,대표물품=0.00; 제조업체=5.00; 낙찰건수=7.22; 최근낙찰건수=8.27; 낙찰금액합계=6.33; 창업기업=0.00; 사회적기업=0.00; 사회적협동조합=0.00; 장애인표준사업장=0.00; 공공구매인증서=0.00; 자활용사촌복지공장=0.00; 생산품목매칭=0.00; 부정당제재=-0.00; 현재제재여부=-0.00
67,26.8108,408,4015151301,수중펌프,5688200569,5688200569,사단법인 벗나래복지회사업단,0.0,1.0,17.0,17.0,2025-12-26,227863912,3873686500.0,0.0,,0.0,,원천_사업자번호집계,현재 후보 목록 기준 정책인증 확정 매칭 없음,0.0,0.0,0.0,,,,,,,,0.0,0.0,0.0,0.0,,,,,,,,,,,,,,,,,,,대표물품=0.00; 제조업체=5.00; 낙찰건수=7.22; 최근낙찰건수=8.27; 낙찰금액합계=6.33; 창업기업=0.00; 사회적기업=0.00; 사회적협동조합=0.00; 장애인표준사업장=0.00; 공공구매인증서=0.00; 자활용사촌복지공장=0.00; 생산품목매칭=0.00; 부정당제재=-0.00; 현재제재여부=-0.00
68,26.7971,311,4010160101,송풍기,5295500699,5295500699,비에스에스,0.0,0.0,46.0,14.0,2025-12-10,44454312,2044898359.0,0.0,,0.0,,원천_사업자번호집계,현재 후보 목록 기준 정책인증 확정 매칭 없음,0.0,0.0,0.0,,,,,,,,0.0,0.0,0.0,0.0,,,,,,,,,,,,,,,,,,,대표물품=0.00; 제조업체=0.00; 낙찰건수=13.52; 최근낙찰건수=7.75; 낙찰금액합계=5.53; 창업기업=0.00; 사회적기업=0.00; 사회적협동조합=0.00; 장애인표준사업장=0.00; 공공구매인증서=0.00; 자활용사촌복지공장=0.00; 생산품목매칭=0.00; 부정당제재=-0.00; 현재제재여부=-0.00
69,26.7971,354,4111250101,유량계,5295500699,5295500699,비에스에스,0.0,0.0,46.0,14.0,2025-12-10,44454312,2044898359.0,0.0,,0.0,,원천_사업자번호집계,현재 후보 목록 기준 정책인증 확정 매칭 없음,0.0,0.0,0.0,,,,,,,,0.0,0.0,0.0,0.0,,,,,,,,,,,,,,,,,,,대표물품=0.00; 제조업체=0.00; 낙찰건수=13.52; 최근낙찰건수=7.75; 낙찰금액합계=5.53; 창업기업=0.00; 사회적기업=0.00; 사회적협동조합=0.00; 장애인표준사업장=0.00; 공공구매인증서=0.00; 자활용사촌복지공장=0.00; 생산품목매칭=0.00; 부정당제재=-0.00; 현재제재여부=-0.00
70,26.7857,216,4710169801,수처리용여과재,7820901711,7820901711,모아테크,1.0,0.0,25.0,7.0,2025-10-27,140564705,3514117621.0,0.0,,0.0,,원천_사업자번호집계,현재 후보 목록 기준 정책인증 확정 매칭 없음,0.0,0.0,0.0,,,,,,,,0.0,0.0,0.0,0.0,,,,,,,,,,,,,,,,,,,대표물품=5.00; 제조업체=0.00; 낙찰건수=9.63; 최근낙찰건수=5.95; 낙찰금액합계=6.21; 창업기업=0.00; 사회적기업=0.00; 사회적협동조합=0.00; 장애인표준사업장=0.00; 공공구매인증서=0.00; 자활용사촌복지공장=0.00; 생산품목매칭=0.00; 부정당제재=-0.00; 현재제재여부=-0.00
71,26.7614,119,4016150601,여과장치,6068120439,6068120439,(주)네가트론,0.0,1.0,26.0,5.0,2025-09-10,210121358,5463155296.0,0.0,0,0.0,,원천_사업자번호집계,현재 후보 목록 기준 정책인증 확정 매칭 없음,0.0,0.0,0.0,,,0.51469,2,22.8929,11,241.0,0.0,0.0,0.0,0.0,,,0,0,0,0,50,9,6,50,9,33.0,6.0,2.0,138.0,0.0,1.0,3.0,대표물품=0.00; 제조업체=5.00; 낙찰건수=9.88; 최근낙찰건수=5.12; 낙찰금액합계=6.76; 창업기업=0.00; 사회적기업=0.00; 사회적협동조합=0.00; 장애인표준사업장=0.00; 공공구매인증서=0.00; 자활용사촌복지공장=0.00; 생산품목매칭=0.00; 부정당제재=-0.00; 현재제재여부=-0.00
72,26.7197,7,4710160801,유기응집제,4858601669,4858601669,주식회사 모아텍,0.0,0.0,47.0,8.0,2025-12-11,118021616,5547015951.0,0.0,0,0.0,,원천_사업자번호집계,현재 후보 목록 기준 정책인증 확정 매칭 없음,0.0,0.0,0.0,,,0.261257,44,24.5371,13,155.0,0.0,0.0,0.0,0.0,,,0,0,0,0,50,14,1,50,14,401.0,11.0,7.0,1247.0,0.0,0.0,5.0,대표물품=0.00; 제조업체=0.00; 낙찰건수=13.66; 최근낙찰건수=6.28; 낙찰금액합계=6.78; 창업기업=0.00; 사회적기업=0.00; 사회적협동조합=0.00; 장애인표준사업장=0.00; 공공구매인증서=0.00; 자활용사촌복지공장=0.00; 생산품목매칭=0.00; 부정당제재=-0.00; 현재제재여부=-0.00
73,26.7197,106,4016150601,여과장치,4858601669,4858601669,주식회사 모아텍,0.0,0.0,47.0,8.0,2025-12-11,118021616,5547015951.0,0.0,0,0.0,,원천_사업자번호집계,현재 후보 목록 기준 정책인증 확정 매칭 없음,0.0,0.0,0.0,,,0.164578,11,24.5371,9,155.0,0.0,0.0,0.0,0.0,,,0,0,0,0,50,9,6,50,9,401.0,19.0,3.0,1124.0,0.0,1.0,5.0,대표물품=0.00; 제조업체=0.00; 낙찰건수=13.66; 최근낙찰건수=6.28; 낙찰금액합계=6.78; 창업기업=0.00; 사회적기업=0.00; 사회적협동조합=0.00; 장애인표준사업장=0.00; 공공구매인증서=0.00; 자활용사촌복지공장=0.00; 생산품목매칭=0.00; 부정당제재=-0.00; 현재제재여부=-0.00
74,26.7197,309,4010160101,송풍기,4858601669,4858601669,주식회사 모아텍,0.0,0.0,47.0,8.0,2025-12-11,118021616,5547015951.0,0.0,,0.0,,원천_사업자번호집계,현재 후보 목록 기준 정책인증 확정 매칭 없음,0.0,0.0,0.0,,,,,,,,0.0,0.0,0.0,0.0,,,,,,,,,,,,,,,,,,,대표물품=0.00; 제조업체=0.00; 낙찰건수=13.66; 최근낙찰건수=6.28; 낙찰금액합계=6.78; 창업기업=0.00; 사회적기업=0.00; 사회적협동조합=0.00; 장애인표준사업장=0.00; 공공구매인증서=0.00; 자활용사촌복지공장=0.00; 생산품목매칭=0.00; 부정당제재=-0.00; 현재제재여부=-0.00
75,26.6813,205,4710169801,수처리용여과재,4038104830,4038104830,주식회사 대성안전개발,0.0,0.0,43.0,15.0,2025-12-17,52899485,2274677839.0,0.0,,0.0,,원천_사업자번호집계,현재 후보 목록 기준 정책인증 확정 매칭 없음,0.0,0.0,0.0,,,,,,,,0.0,0.0,0.0,0.0,,,,,,,,,,,,,,,,,,,대표물품=0.00; 제조업체=0.00; 낙찰건수=13.09; 최근낙찰건수=7.93; 낙찰금액합계=5.66; 창업기업=0.00; 사회적기업=0.00; 사회적협동조합=0.00; 장애인표준사업장=0.00; 공공구매인증서=0.00; 자활용사촌복지공장=0.00; 생산품목매칭=0.00; 부정당제재=-0.00; 현재제재여부=-0.00
76,26.6382,222,4710169801,수처리용여과재,2068610605,2068610605,케이원에코텍 주식회사,0.0,1.0,20.0,7.0,2025-12-26,480562997,9611259933.0,0.0,,0.0,,원천_사업자번호집계,현재 후보 목록 기준 정책인증 확정 매칭 없음,0.0,0.0,0.0,,,,,,,,0.0,0.0,0.0,0.0,,,,,,,,,,,,,,,,,,,대표물품=0.00; 제조업체=5.00; 낙찰건수=8.23; 최근낙찰건수=5.95; 낙찰금액합계=7.46; 창업기업=0.00; 사회적기업=0.00; 사회적협동조합=0.00; 장애인표준사업장=0.00; 공공구매인증서=0.00; 자활용사촌복지공장=0.00; 생산품목매칭=0.00; 부정당제재=-0.00; 현재제재여부=-0.00
77,26.3449,312,4010160101,송풍기,6978702327,6978702327,주식회사 크리스탈소프트,0.0,0.0,45.0,12.0,2025-12-14,49166961,2212513242.0,0.0,,0.0,,원천_사업자번호집계,현재 후보 목록 기준 정책인증 확정 매칭 없음,0.0,0.0,0.0,,,,,,,,0.0,0.0,0.0,0.0,,,,,,,,,,,,,,,,,,,대표물품=0.00; 제조업체=0.00; 낙찰건수=13.38; 최근낙찰건수=7.34; 낙찰금액합계=5.63; 창업기업=0.00; 사회적기업=0.00; 사회적협동조합=0.00; 장애인표준사업장=0.00; 공공구매인증서=0.00; 자활용사촌복지공장=0.00; 생산품목매칭=0.00; 부정당제재=-0.00; 현재제재여부=-0.00
78,26.3449,453,4014169401,제수밸브,6978702327,6978702327,주식회사 크리스탈소프트,0.0,0.0,45.0,12.0,2025-12-14,49166961,2212513242.0,0.0,,0.0,,원천_사업자번호집계,현재 후보 목록 기준 정책인증 확정 매칭 없음,0.0,0.0,0.0,,,,,,,,0.0,0.0,0.0,0.0,,,,,,,,,,,,,,,,,,,대표물품=0.00; 제조업체=0.00; 낙찰건수=13.38; 최근낙찰건수=7.34; 낙찰금액합계=5.63; 창업기업=0.00; 사회적기업=0.00; 사회적협동조합=0.00; 장애인표준사업장=0.00; 공공구매인증서=0.00; 자활용사촌복지공장=0.00; 생산품목매칭=0.00; 부정당제재=-0.00; 현재제재여부=-0.00
79,26.1403,15,4710160801,유기응집제,1488701170,1488701170,주식회사 세진에코텍,0.0,0.0,36.0,12.0,2025-12-30,164118556,5908268000.0,0.0,0,0.0,,원천_사업자번호집계,현재 후보 목록 기준 정책인증 확정 매칭 없음,0.0,0.0,0.0,,,0.498151,7,23.9993,15,136.0,0.0,0.0,0.0,0.0,,,0,0,0,0,50,14,1,50,14,47.0,4.0,2.0,1249.0,0.0,8.0,9.0,대표물품=0.00; 제조업체=0.00; 낙찰건수=11.95; 최근낙찰건수=7.34; 낙찰금액합계=6.85; 창업기업=0.00; 사회적기업=0.00; 사회적협동조합=0.00; 장애인표준사업장=0.00; 공공구매인증서=0.00; 자활용사촌복지공장=0.00; 생산품목매칭=0.00; 부정당제재=-0.00; 현재제재여부=-0.00
80,26.1403,157,4710160802,무기응집제,1488701170,1488701170,주식회사 세진에코텍,0.0,0.0,36.0,12.0,2025-12-30,164118556,5908268000.0,0.0,,0.0,,원천_사업자번호집계,현재 후보 목록 기준 정책인증 확정 매칭 없음,0.0,0.0,0.0,,,,,,,,0.0,0.0,0.0,0.0,,,,,,,,,,,,,,,,,,,대표물품=0.00; 제조업체=0.00; 낙찰건수=11.95; 최근낙찰건수=7.34; 낙찰금액합계=6.85; 창업기업=0.00; 사회적기업=0.00; 사회적협동조합=0.00; 장애인표준사업장=0.00; 공공구매인증서=0.00; 자활용사촌복지공장=0.00; 생산품목매칭=0.00; 부정당제재=-0.00; 현재제재여부=-0.00
81,26.1299,47,4710160801,유기응집제,4344300627,4344300627,대산이엔지,0.0,0.0,22.0,4.0,2025-04-23,47774770,1051044930.0,0.0,0,0.0,,원천_사업자번호집계,현재 후보 목록 기준 정책인증 확정 매칭 없음,1.0,0.0,0.0,,,0.24123,48,17.2059,36,383.0,0.0,0.0,0.0,0.0,Y,1,1,1,0,1,50,14,1,50,14,199.0,7.0,2.0,747.0,0.0,0.0,0.0,대표물품=0.00; 제조업체=0.00; 낙찰건수=8.83; 최근낙찰건수=4.60; 낙찰금액합계=4.70; 창업기업=8.00; 사회적기업=0.00; 사회적협동조합=0.00; 장애인표준사업장=0.00; 공공구매인증서=0.00; 자활용사촌복지공장=0.00; 생산품목매칭=0.00; 부정당제재=-0.00; 현재제재여부=-0.00
82,25.8282,159,4710160802,무기응집제,1058649262,1058649262,주식회사 노하우전기통신,0.0,0.0,32.0,15.0,2025-12-12,163149402,5220780864.0,0.0,,0.0,,원천_사업자번호집계,현재 후보 목록 기준 정책인증 확정 매칭 없음,0.0,0.0,0.0,,,,,,,,0.0,0.0,0.0,0.0,,,,,,,,,,,,,,,,,,,대표물품=0.00; 제조업체=0.00; 낙찰건수=11.20; 최근낙찰건수=7.93; 낙찰금액합계=6.70; 창업기업=0.00; 사회적기업=0.00; 사회적협동조합=0.00; 장애인표준사업장=0.00; 공공구매인증서=0.00; 자활용사촌복지공장=0.00; 생산품목매칭=0.00; 부정당제재=-0.00; 현재제재여부=-0.00
83,25.7797,252,4015150501,정량펌프,2117400300,2117400300,에닐트 (HENNILT),0.0,0.0,56.0,4.0,2025-03-04,72588108,4064934061.0,0.0,,0.0,,원천_사업자번호집계,현재 후보 목록 기준 정책인증 확정 매칭 없음,0.0,0.0,0.0,,,,,,,,0.0,0.0,0.0,0.0,,,,,,,,,,,,,,,,,,,대표물품=0.00; 제조업체=0.00; 낙찰건수=14.79; 최근낙찰건수=4.60; 낙찰금액합계=6.39; 창업기업=0.00; 사회적기업=0.00; 사회적협동조합=0.00; 장애인표준사업장=0.00; 공공구매인증서=0.00; 자활용사촌복지공장=0.00; 생산품목매칭=0.00; 부정당제재=-0.00; 현재제재여부=-0.00
84,25.7797,306,4010160101,송풍기,2117400300,2117400300,에닐트 (HENNILT),0.0,0.0,56.0,4.0,2025-03-04,72588108,4064934061.0,0.0,,0.0,,원천_사업자번호집계,현재 후보 목록 기준 정책인증 확정 매칭 없음,0.0,0.0,0.0,,,,,,,,0.0,0.0,0.0,0.0,,,,,,,,,,,,,,,,,,,대표물품=0.00; 제조업체=0.00; 낙찰건수=14.79; 최근낙찰건수=4.60; 낙찰금액합계=6.39; 창업기업=0.00; 사회적기업=0.00; 사회적협동조합=0.00; 장애인표준사업장=0.00; 공공구매인증서=0.00; 자활용사촌복지공장=0.00; 생산품목매칭=0.00; 부정당제재=-0.00; 현재제재여부=-0.00
85,25.5796,304,4010160101,송풍기,1228646713,1228646713,주식회사 새론아이,0.0,0.0,58.0,3.0,2025-07-07,83034402,4815995330.0,0.0,,0.0,,원천_사업자번호집계,현재 후보 목록 기준 정책인증 확정 매칭 없음,0.0,0.0,0.0,,,,,,,,0.0,0.0,0.0,0.0,,,,,,,,,,,,,,,,,,,대표물품=0.00; 제조업체=0.00; 낙찰건수=15.02; 최근낙찰건수=3.96; 낙찰금액합계=6.60; 창업기업=0.00; 사회적기업=0.00; 사회적협동조합=0.00; 장애인표준사업장=0.00; 공공구매인증서=0.00; 자활용사촌복지공장=0.00; 생산품목매칭=0.00; 부정당제재=-0.00; 현재제재여부=-0.00
86,25.5796,351,4111250101,유량계,1228646713,1228646713,주식회사 새론아이,0.0,0.0,58.0,3.0,2025-07-07,83034402,4815995330.0,0.0,,0.0,,원천_사업자번호집계,현재 후보 목록 기준 정책인증 확정 매칭 없음,0.0,0.0,0.0,,,,,,,,0.0,0.0,0.0,0.0,,,,,,,,,,,,,,,,,,,대표물품=0.00; 제조업체=0.00; 낙찰건수=15.02; 최근낙찰건수=3.96; 낙찰금액합계=6.60; 창업기업=0.00; 사회적기업=0.00; 사회적협동조합=0.00; 장애인표준사업장=0.00; 공공구매인증서=0.00; 자활용사촌복지공장=0.00; 생산품목매칭=0.00; 부정당제재=-0.00; 현재제재여부=-0.00
87,25.5379,133,4016150601,여과장치,3294700944,3294700944,우주유통,0.0,0.0,19.0,5.0,2025-10-28,47305218,898799142.89,0.0,0,0.0,,원천_사업자번호집계,현재 후보 목록 기준 정책인증 확정 매칭 없음,1.0,0.0,0.0,,,0.046031,50,18.9092,22,200.0,0.0,0.0,0.0,0.0,Y,1,1,1,0,1,50,9,6,50,9,909.0,49.0,10.0,1369.0,0.0,0.0,2.0,대표물품=0.00; 제조업체=0.00; 낙찰건수=7.91; 최근낙찰건수=5.12; 낙찰금액합계=4.50; 창업기업=8.00; 사회적기업=0.00; 사회적협동조합=0.00; 장애인표준사업장=0.00; 공공구매인증서=0.00; 자활용사촌복지공장=0.00; 생산품목매칭=0.00; 부정당제재=-0.00; 현재제재여부=-0.00
88,25.3907,21,4710160801,유기응집제,1138136157,1138136157,금성이엔씨(주),0.0,0.0,31.0,16.0,2025-12-30,121369536,3762455629.79,0.0,0,0.0,,원천_사업자번호집계,현재 후보 목록 기준 정책인증 확정 매칭 없음,0.0,0.0,0.0,,,0.648276,2,17.6507,35,138.0,0.0,0.0,0.0,0.0,,,0,0,0,0,50,14,1,50,14,5.0,1.0,1.0,877.0,0.0,25.0,2.0,대표물품=0.00; 제조업체=0.00; 낙찰건수=11.00; 최근낙찰건수=8.10; 낙찰금액합계=6.29; 창업기업=0.00; 사회적기업=0.00; 사회적협동조합=0.00; 장애인표준사업장=0.00; 공공구매인증서=0.00; 자활용사촌복지공장=0.00; 생산품목매칭=0.00; 부정당제재=-0.00; 현재제재여부=-0.00
89,25.3042,17,4710160801,유기응집제,4335900794,4335900794,국가대표 선,0.0,0.0,34.0,20.0,2025-12-05,39689889,1349456230.0,0.0,0,0.0,,원천_사업자번호집계,현재 후보 목록 기준 정책인증 확정 매칭 없음,0.0,0.0,0.0,,,0.373913,17,21.5709,19,158.0,0.0,0.0,0.0,0.0,,,0,0,0,0,50,14,1,50,14,63.0,3.0,2.0,142.0,0.0,0.0,11.0,대표물품=0.00; 제조업체=0.00; 낙찰건수=11.59; 최근낙찰건수=8.71; 낙찰금액합계=5.01; 창업기업=0.00; 사회적기업=0.00; 사회적협동조합=0.00; 장애인표준사업장=0.00; 공공구매인증서=0.00; 자활용사촌복지공장=0.00; 생산품목매칭=0.00; 부정당제재=-0.00; 현재제재여부=-0.00
90,25.2084,308,4010160101,송풍기,7278602368,7278602368,주식회사 숨,0.0,0.0,48.0,6.0,2025-12-03,54933448,2636805503.0,0.0,,0.0,,원천_사업자번호집계,현재 후보 목록 기준 정책인증 확정 매칭 없음,0.0,0.0,0.0,,,,,,,,0.0,0.0,0.0,0.0,,,,,,,,,,,,,,,,,,,대표물품=0.00; 제조업체=0.00; 낙찰건수=13.80; 최근낙찰건수=5.57; 낙찰금액합계=5.85; 창업기업=0.00; 사회적기업=0.00; 사회적협동조합=0.00; 장애인표준사업장=0.00; 공공구매인증서=0.00; 자활용사촌복지공장=0.00; 생산품목매칭=0.00; 부정당제재=-0.00; 현재제재여부=-0.00
91,25.2084,452,4014169401,제수밸브,7278602368,7278602368,주식회사 숨,0.0,0.0,48.0,6.0,2025-12-03,54933448,2636805503.0,0.0,,0.0,,원천_사업자번호집계,현재 후보 목록 기준 정책인증 확정 매칭 없음,0.0,0.0,0.0,,,,,,,,0.0,0.0,0.0,0.0,,,,,,,,,,,,,,,,,,,대표물품=0.00; 제조업체=0.00; 낙찰건수=13.80; 최근낙찰건수=5.57; 낙찰금액합계=5.85; 창업기업=0.00; 사회적기업=0.00; 사회적협동조합=0.00; 장애인표준사업장=0.00; 공공구매인증서=0.00; 자활용사촌복지공장=0.00; 생산품목매칭=0.00; 부정당제재=-0.00; 현재제재여부=-0.00
92,25.0317,208,4710169801,수처리용여과재,2650101980,2650101980,경기모아상사,0.0,0.0,31.0,14.0,2025-12-16,121275156,3759529847.3,0.0,,0.0,,원천_사업자번호집계,현재 후보 목록 기준 정책인증 확정 매칭 없음,0.0,0.0,0.0,,,,,,,,0.0,0.0,0.0,0.0,,,,,,,,,,,,,,,,,,,대표물품=0.00; 제조업체=0.00; 낙찰건수=11.00; 최근낙찰건수=7.75; 낙찰금액합계=6.29; 창업기업=0.00; 사회적기업=0.00; 사회적협동조합=0.00; 장애인표준사업장=0.00; 공공구매인증서=0.00; 자활용사촌복지공장=0.00; 생산품목매칭=0.00; 부정당제재=-0.00; 현재제재여부=-0.00
93,25.0061,107,4016150601,여과장치,4555100293,4555100293,로드파크,0.0,0.0,44.0,5.0,2025-12-17,113593009,4998092400.0,0.0,0,0.0,,원천_사업자번호집계,현재 후보 목록 기준 정책인증 확정 매칭 없음,0.0,0.0,0.0,,,0.087569,21,23.7267,10,176.0,0.0,0.0,0.0,0.0,,,0,0,0,0,50,9,6,50,9,290.0,13.0,2.0,1124.0,0.0,0.0,5.0,대표물품=0.00; 제조업체=0.00; 낙찰건수=13.24; 최근낙찰건수=5.12; 낙찰금액합계=6.65; 창업기업=0.00; 사회적기업=0.00; 사회적협동조합=0.00; 장애인표준사업장=0.00; 공공구매인증서=0.00; 자활용사촌복지공장=0.00; 생산품목매칭=0.00; 부정당제재=-0.00; 현재제재여부=-0.00
94,25.0016,8,4710160801,유기응집제,1308685487,1308685487,바이오퍼스글로벌 주식회사,0.0,0.0,46.0,5.0,2025-07-07,86112151,3961158937.0,0.0,0,0.0,,원천_사업자번호집계,현재 후보 목록 기준 정책인증 확정 매칭 없음,0.0,0.0,0.0,,,0.271229,38,22.6505,16,316.0,0.0,0.0,0.0,0.0,,,0,0,0,0,50,14,1,50,14,284.0,11.0,5.0,1112.0,0.0,0.0,3.0,대표물품=0.00; 제조업체=0.00; 낙찰건수=13.52; 최근낙찰건수=5.12; 낙찰금액합계=6.36; 창업기업=0.00; 사회적기업=0.00; 사회적협동조합=0.00; 장애인표준사업장=0.00; 공공구매인증서=0.00; 자활용사촌복지공장=0.00; 생산품목매칭=0.00; 부정당제재=-0.00; 현재제재여부=-0.00
95,25.0016,310,4010160101,송풍기,1308685487,1308685487,바이오퍼스글로벌 주식회사,0.0,0.0,46.0,5.0,2025-07-07,86112151,3961158937.0,0.0,,0.0,,원천_사업자번호집계,현재 후보 목록 기준 정책인증 확정 매칭 없음,0.0,0.0,0.0,,,,,,,,0.0,0.0,0.0,0.0,,,,,,,,,,,,,,,,,,,대표물품=0.00; 제조업체=0.00; 낙찰건수=13.52; 최근낙찰건수=5.12; 낙찰금액합계=6.36; 창업기업=0.00; 사회적기업=0.00; 사회적협동조합=0.00; 장애인표준사업장=0.00; 공공구매인증서=0.00; 자활용사촌복지공장=0.00; 생산품목매칭=0.00; 부정당제재=-0.00; 현재제재여부=-0.00
96,24.8814,168,4710160802,무기응집제,2838102688,2838102688,주식회사 비젼바이오,0.0,1.0,22.0,11.0,2025-12-17,26144224,575172930.0,0.0,,0.0,,원천_사업자번호집계,현재 후보 목록 기준 정책인증 확정 매칭 없음,0.0,0.0,0.0,,,,,,,,0.0,0.0,0.0,0.0,,,,,,,,,,,,,,,,,,,대표물품=0.00; 제조업체=5.00; 낙찰건수=8.83; 최근낙찰건수=7.11; 낙찰금액합계=3.95; 창업기업=0.00; 사회적기업=0.00; 사회적협동조합=0.00; 장애인표준사업장=0.00; 공공구매인증서=0.00; 자활용사촌복지공장=0.00; 생산품목매칭=0.00; 부정당제재=-0.00; 현재제재여부=-0.00
97,24.8611,42,4710160801,유기응집제,8062001161,8062001161,거성산업,0.0,0.0,23.0,2.0,2025-12-05,42605431,979924902.0,0.0,0,0.0,,원천_사업자번호집계,현재 후보 목록 기준 정책인증 확정 매칭 없음,1.0,0.0,0.0,,,0.266822,39,19.6946,25,157.0,0.0,0.0,0.0,0.0,Y,1,1,1,0,1,50,14,1,50,14,254.0,9.0,3.0,747.0,0.0,0.0,1.0,대표물품=0.00; 제조업체=0.00; 낙찰건수=9.11; 최근낙찰건수=3.14; 낙찰금액합계=4.61; 창업기업=8.00; 사회적기업=0.00; 사회적협동조합=0.00; 장애인표준사업장=0.00; 공공구매인증서=0.00; 자활용사촌복지공장=0.00; 생산품목매칭=0.00; 부정당제재=-0.00; 현재제재여부=-0.00
98,24.6919,109,4016150601,여과장치,7810302068,7810302068,에이스건설산업,0.0,0.0,39.0,9.0,2025-11-20,57439411,2240137034.95,0.0,0,0.0,,원천_사업자번호집계,현재 후보 목록 기준 정책인증 확정 매칭 없음,0.0,0.0,0.0,,,0.084056,23,22.3666,12,176.0,0.0,0.0,0.0,0.0,,,0,0,0,0,50,9,6,50,9,392.0,17.0,2.0,1124.0,0.0,0.0,7.0,대표물품=0.00; 제조업체=0.00; 낙찰건수=12.46; 최근낙찰건수=6.59; 낙찰금액합계=5.64; 창업기업=0.00; 사회적기업=0.00; 사회적협동조합=0.00; 장애인표준사업장=0.00; 공공구매인증서=0.00; 자활용사촌복지공장=0.00; 생산품목매칭=0.00; 부정당제재=-0.00; 현재제재여부=-0.00
99,24.6919,316,4010160101,송풍기,7810302068,7810302068,에이스건설산업,0.0,0.0,39.0,9.0,2025-11-20,57439411,2240137034.95,0.0,,0.0,,원천_사업자번호집계,현재 후보 목록 기준 정책인증 확정 매칭 없음,0.0,0.0,0.0,,,,,,,,0.0,0.0,0.0,0.0,,,,,,,,,,,,,,,,,,,대표물품=0.00; 제조업체=0.00; 낙찰건수=12.46; 최근낙찰건수=6.59; 낙찰금액합계=5.64; 창업기업=0.00; 사회적기업=0.00; 사회적협동조합=0.00; 장애인표준사업장=0.00; 공공구매인증서=0.00; 자활용사촌복지공장=0.00; 생산품목매칭=0.00; 부정당제재=-0.00; 현재제재여부=-0.00
100,24.6919,364,4111250101,유량계,2138639269,2138639269,주식회사 하이드로넷,0.0,1.0,19.0,8.0,2025-12-16,104944511,1993945700.0,0.0,,0.0,,원천_사업자번호집계,현재 후보 목록 기준 정책인증 확정 매칭 없음,0.0,0.0,0.0,,,,,,,,0.0,0.0,0.0,0.0,,,,,,,,,,,,,,,,,,,대표물품=0.00; 제조업체=5.00; 낙찰건수=7.91; 최근낙찰건수=6.28; 낙찰금액합계=5.50; 창업기업=0.00; 사회적기업=0.00; 사회적협동조합=0.00; 장애인표준사업장=0.00; 공공구매인증서=0.00; 자활용사촌복지공장=0.00; 생산품목매칭=0.00; 부정당제재=-0.00; 현재제재여부=-0.00
101,24.6434,158,4710160802,무기응집제,2852501641,2852501641,유니플러스,0.0,0.0,35.0,13.0,2025-11-27,49579836,1735294250.0,0.0,,0.0,,원천_사업자번호집계,현재 후보 목록 기준 정책인증 확정 매칭 없음,0.0,0.0,0.0,,,,,,,,0.0,0.0,0.0,0.0,,,,,,,,,,,,,,,,,,,대표물품=0.00; 제조업체=0.00; 낙찰건수=11.77; 최근낙찰건수=7.55; 낙찰금액합계=5.33; 창업기업=0.00; 사회적기업=0.00; 사회적협동조합=0.00; 장애인표준사업장=0.00; 공공구매인증서=0.00; 자활용사촌복지공장=0.00; 생산품목매칭=0.00; 부정당제재=-0.00; 현재제재여부=-0.00
102,24.6434,254,4015150501,정량펌프,2852501641,2852501641,유니플러스,0.0,0.0,35.0,13.0,2025-11-27,49579836,1735294250.0,0.0,,0.0,,원천_사업자번호집계,현재 후보 목록 기준 정책인증 확정 매칭 없음,0.0,0.0,0.0,,,,,,,,0.0,0.0,0.0,0.0,,,,,,,,,,,,,,,,,,,대표물품=0.00; 제조업체=0.00; 낙찰건수=11.77; 최근낙찰건수=7.55; 낙찰금액합계=5.33; 창업기업=0.00; 사회적기업=0.00; 사회적협동조합=0.00; 장애인표준사업장=0.00; 공공구매인증서=0.00; 자활용사촌복지공장=0.00; 생산품목매칭=0.00; 부정당제재=-0.00; 현재제재여부=-0.00
103,24.4893,94,4111331901,기타수질분석기,6502401417,6502401417,선유통,0.0,0.0,17.0,4.0,2025-08-05,60341174,1025799960.0,0.0,0,0.0,,원천_사업자번호집계,현재 후보 목록 기준 정책인증 확정 매칭 없음,1.0,0.0,0.0,,,0.174945,45,17.9634,27,284.0,0.0,0.0,0.0,0.0,Y,1,1,1,0,1,50,12,2,50,12,1955.0,301.0,212.0,1356.0,0.0,0.0,2.0,대표물품=0.00; 제조업체=0.00; 낙찰건수=7.22; 최근낙찰건수=4.60; 낙찰금액합계=4.67; 창업기업=8.00; 사회적기업=0.00; 사회적협동조합=0.00; 장애인표준사업장=0.00; 공공구매인증서=0.00; 자활용사촌복지공장=0.00; 생산품목매칭=0.00; 부정당제재=-0.00; 현재제재여부=-0.00
104,24.4893,143,4016150601,여과장치,6502401417,6502401417,선유통,0.0,0.0,17.0,4.0,2025-08-05,60341174,1025799960.0,0.0,0,0.0,,원천_사업자번호집계,현재 후보 목록 기준 정책인증 확정 매칭 없음,1.0,0.0,0.0,,,0.053321,47,17.9634,24,284.0,0.0,0.0,0.0,0.0,Y,1,1,1,0,1,50,9,6,50,9,1955.0,101.0,13.0,1356.0,0.0,0.0,2.0,대표물품=0.00; 제조업체=0.00; 낙찰건수=7.22; 최근낙찰건수=4.60; 낙찰금액합계=4.67; 창업기업=8.00; 사회적기업=0.00; 사회적협동조합=0.00; 장애인표준사업장=0.00; 공공구매인증서=0.00; 자활용사촌복지공장=0.00; 생산품목매칭=0.00; 부정당제재=-0.00; 현재제재여부=-0.00
105,24.2995,138,4016150601,여과장치,7608100625,7608100625,대신이엔텍 주식회사,0.0,1.0,17.0,6.0,2025-11-18,265300281,4510104784.0,0.0,0,0.0,,원천_사업자번호집계,현재 후보 목록 기준 정책인증 확정 매칭 없음,0.0,0.0,0.0,,,0.405643,4,18.9387,21,176.0,0.0,0.0,0.0,0.0,,,0,0,0,0,50,9,6,50,9,60.0,10.0,2.0,141.0,0.0,0.0,5.0,대표물품=0.00; 제조업체=5.00; 낙찰건수=7.22; 최근낙찰건수=5.57; 낙찰금액합계=6.52; 창업기업=0.00; 사회적기업=0.00; 사회적협동조합=0.00; 장애인표준사업장=0.00; 공공구매인증서=0.00; 자활용사촌복지공장=0.00; 생산품목매칭=0.00; 부정당제재=-0.00; 현재제재여부=-0.00
106,24.2491,315,4010160101,송풍기,2078802795,2078802795,주식회사 클라우드소프트,0.0,0.0,41.0,7.0,2025-11-04,49425027,2026426099.0,0.0,,0.0,,원천_사업자번호집계,현재 후보 목록 기준 정책인증 확정 매칭 없음,0.0,0.0,0.0,,,,,,,,0.0,0.0,0.0,0.0,,,,,,,,,,,,,,,,,,,대표물품=0.00; 제조업체=0.00; 낙찰건수=12.78; 최근낙찰건수=5.95; 낙찰금액합계=5.52; 창업기업=0.00; 사회적기업=0.00; 사회적협동조합=0.00; 장애인표준사업장=0.00; 공공구매인증서=0.00; 자활용사촌복지공장=0.00; 생산품목매칭=0.00; 부정당제재=-0.00; 현재제재여부=-0.00
107,24.2491,454,4014169401,제수밸브,2078802795,2078802795,주식회사 클라우드소프트,0.0,0.0,41.0,7.0,2025-11-04,49425027,2026426099.0,0.0,,0.0,,원천_사업자번호집계,현재 후보 목록 기준 정책인증 확정 매칭 없음,0.0,0.0,0.0,,,,,,,,0.0,0.0,0.0,0.0,,,,,,,,,,,,,,,,,,,대표물품=0.00; 제조업체=0.00; 낙찰건수=12.78; 최근낙찰건수=5.95; 낙찰금액합계=5.52; 창업기업=0.00; 사회적기업=0.00; 사회적협동조합=0.00; 장애인표준사업장=0.00; 공공구매인증서=0.00; 자활용사촌복지공장=0.00; 생산품목매칭=0.00; 부정당제재=-0.00; 현재제재여부=-0.00
108,24.2362,60,4111331901,기타수질분석기,8235600263,8235600263,제이퍼블리코,0.0,0.0,37.0,9.0,2025-10-31,55047757,2036766995.0,0.0,0,0.0,,원천_사업자번호집계,현재 후보 목록 기준 정책인증 확정 매칭 없음,0.0,0.0,0.0,,,0.512216,16,21.2972,19,190.0,0.0,0.0,0.0,0.0,,,0,0,0,0,50,12,2,50,12,11.0,3.0,2.0,1481.0,0.0,0.0,6.0,대표물품=0.00; 제조업체=0.00; 낙찰건수=12.13; 최근낙찰건수=6.59; 낙찰금액합계=5.53; 창업기업=0.00; 사회적기업=0.00; 사회적협동조합=0.00; 장애인표준사업장=0.00; 공공구매인증서=0.00; 자활용사촌복지공장=0.00; 생산품목매칭=0.00; 부정당제재=-0.00; 현재제재여부=-0.00
109,24.2203,91,4111331901,기타수질분석기,2938701844,2938701844,주식회사 성은공조,0.0,0.0,17.0,2.0,2025-12-11,156835625,2666205630.0,0.0,0,0.0,,원천_사업자번호집계,현재 후보 목록 기준 정책인증 확정 매칭 없음,1.0,0.0,0.0,,,0.283065,28,19.1553,23,151.0,0.0,0.0,0.0,0.0,Y,1,1,1,0,1,50,12,2,50,12,117.0,15.0,12.0,1368.0,0.0,1.0,2.0,대표물품=0.00; 제조업체=0.00; 낙찰건수=7.22; 최근낙찰건수=3.14; 낙찰금액합계=5.86; 창업기업=8.00; 사회적기업=0.00; 사회적협동조합=0.00; 장애인표준사업장=0.00; 공공구매인증서=0.00; 자활용사촌복지공장=0.00; 생산품목매칭=0.00; 부정당제재=-0.00; 현재제재여부=-0.00
110,24.1308,10,4710160801,유기응집제,5031999741,5031999741,대진통상,0.0,0.0,41.0,8.0,2025-11-27,34320722,1407149590.0,0.0,0,0.0,,원천_사업자번호집계,현재 후보 목록 기준 정책인증 확정 매칭 없음,0.0,0.0,0.0,,,0.363469,18,21.8909,17,165.0,0.0,0.0,0.0,0.0,,,0,0,0,0,50,14,1,50,14,39.0,4.0,4.0,502.0,0.0,0.0,6.0,대표물품=0.00; 제조업체=0.00; 낙찰건수=12.78; 최근낙찰건수=6.28; 낙찰금액합계=5.06; 창업기업=0.00; 사회적기업=0.00; 사회적협동조합=0.00; 장애인표준사업장=0.00; 공공구매인증서=0.00; 자활용사촌복지공장=0.00; 생산품목매칭=0.00; 부정당제재=-0.00; 현재제재여부=-0.00
111,24.1308,155,4710160802,무기응집제,5031999741,5031999741,대진통상,0.0,0.0,41.0,8.0,2025-11-27,34320722,1407149590.0,0.0,,0.0,,원천_사업자번호집계,현재 후보 목록 기준 정책인증 확정 매칭 없음,0.0,0.0,0.0,,,,,,,,0.0,0.0,0.0,0.0,,,,,,,,,,,,,,,,,,,대표물품=0.00; 제조업체=0.00; 낙찰건수=12.78; 최근낙찰건수=6.28; 낙찰금액합계=5.06; 창업기업=0.00; 사회적기업=0.00; 사회적협동조합=0.00; 장애인표준사업장=0.00; 공공구매인증서=0.00; 자활용사촌복지공장=0.00; 생산품목매칭=0.00; 부정당제재=-0.00; 현재제재여부=-0.00
112,23.8451,29,4710160801,유기응집제,3141879298,3141879298,주성테크,0.0,0.0,27.0,12.0,2025-12-17,150835501,4072558520.0,0.0,0,0.0,,원천_사업자번호집계,현재 후보 목록 기준 정책인증 확정 매칭 없음,0.0,0.0,0.0,,,0.540952,5,18.9424,29,145.0,0.0,0.0,0.0,0.0,,,0,0,0,0,50,14,1,50,14,30.0,1.0,1.0,523.0,0.0,11.0,5.0,대표물품=0.00; 제조업체=0.00; 낙찰건수=10.12; 최근낙찰건수=7.34; 낙찰금액합계=6.39; 창업기업=0.00; 사회적기업=0.00; 사회적협동조합=0.00; 장애인표준사업장=0.00; 공공구매인증서=0.00; 자활용사촌복지공장=0.00; 생산품목매칭=0.00; 부정당제재=-0.00; 현재제재여부=-0.00
113,23.8003,22,4710160801,유기응집제,4098162406,4098162406,대성이엔이 주식회사,0.0,0.0,30.0,6.0,2025-12-15,316685137,9500554114.0,0.0,0,0.0,,원천_사업자번호집계,현재 후보 목록 기준 정책인증 확정 매칭 없음,0.0,0.0,0.0,,,0.409547,11,20.0398,23,150.0,0.0,0.0,0.0,0.0,,,0,0,0,0,50,14,1,50,14,55.0,8.0,6.0,880.0,0.0,3.0,4.0,대표물품=0.00; 제조업체=0.00; 낙찰건수=10.79; 최근낙찰건수=5.57; 낙찰금액합계=7.45; 창업기업=0.00; 사회적기업=0.00; 사회적협동조합=0.00; 장애인표준사업장=0.00; 공공구매인증서=0.00; 자활용사촌복지공장=0.00; 생산품목매칭=0.00; 부정당제재=-0.00; 현재제재여부=-0.00
114,23.749,72,4111331901,기타수질분석기,2188101953,2188101953,주식회사 비츠로시스,0.0,0.0,26.0,8.0,2025-12-18,407964168,10607068380.0,0.0,0,0.0,,원천_사업자번호집계,현재 후보 목록 기준 정책인증 확정 매칭 없음,0.0,0.0,0.0,,,0.732153,4,19.2804,22,144.0,0.0,0.0,0.0,0.0,,,0,0,0,0,50,12,2,50,12,2.0,1.0,1.0,746.0,0.0,2.0,5.0,대표물품=0.00; 제조업체=0.00; 낙찰건수=9.88; 최근낙찰건수=6.28; 낙찰금액합계=7.58; 창업기업=0.00; 사회적기업=0.00; 사회적협동조합=0.00; 장애인표준사업장=0.00; 공공구매인증서=0.00; 자활용사촌복지공장=0.00; 생산품목매칭=0.00; 부정당제재=-0.00; 현재제재여부=-0.00
115,23.6995,156,4710160802,무기응집제,2521201281,2521201281,에이디 커머스,0.0,0.0,37.0,9.0,2025-11-24,35807812,1324889059.0,0.0,,0.0,,원천_사업자번호집계,현재 후보 목록 기준 정책인증 확정 매칭 없음,0.0,0.0,0.0,,,,,,,,0.0,0.0,0.0,0.0,,,,,,,,,,,,,,,,,,,대표물품=0.00; 제조업체=0.00; 낙찰건수=12.13; 최근낙찰건수=6.59; 낙찰금액합계=4.99; 창업기업=0.00; 사회적기업=0.00; 사회적협동조합=0.00; 장애인표준사업장=0.00; 공공구매인증서=0.00; 자활용사촌복지공장=0.00; 생산품목매칭=0.00; 부정당제재=-0.00; 현재제재여부=-0.00
116,23.6995,207,4710169801,수처리용여과재,2521201281,2521201281,에이디 커머스,0.0,0.0,37.0,9.0,2025-11-24,35807812,1324889059.0,0.0,,0.0,,원천_사업자번호집계,현재 후보 목록 기준 정책인증 확정 매칭 없음,0.0,0.0,0.0,,,,,,,,0.0,0.0,0.0,0.0,,,,,,,,,,,,,,,,,,,대표물품=0.00; 제조업체=0.00; 낙찰건수=12.13; 최근낙찰건수=6.59; 낙찰금액합계=4.99; 창업기업=0.00; 사회적기업=0.00; 사회적협동조합=0.00; 장애인표준사업장=0.00; 공공구매인증서=0.00; 자활용사촌복지공장=0.00; 생산품목매칭=0.00; 부정당제재=-0.00; 현재제재여부=-0.00
117,23.6995,355,4111250101,유량계,2521201281,2521201281,에이디 커머스,0.0,0.0,37.0,9.0,2025-11-24,35807812,1324889059.0,0.0,,0.0,,원천_사업자번호집계,현재 후보 목록 기준 정책인증 확정 매칭 없음,0.0,0.0,0.0,,,,,,,,0.0,0.0,0.0,0.0,,,,,,,,,,,,,,,,,,,대표물품=0.00; 제조업체=0.00; 낙찰건수=12.13; 최근낙찰건수=6.59; 낙찰금액합계=4.99; 창업기업=0.00; 사회적기업=0.00; 사회적협동조합=0.00; 장애인표준사업장=0.00; 공공구매인증서=0.00; 자활용사촌복지공장=0.00; 생산품목매칭=0.00; 부정당제재=-0.00; 현재제재여부=-0.00
118,23.6337,19,4710160801,유기응집제,7958701414,7958701414,주식회사 씨티원 충남,0.0,0.0,32.0,10.0,2025-12-31,66340780,2122904955.42,0.0,0,0.0,,원천_사업자번호집계,현재 후보 목록 기준 정책인증 확정 매칭 없음,0.0,0.0,0.0,,,0.290288,31,19.8616,24,138.0,0.0,0.0,0.0,0.0,,,0,0,0,0,50,14,1,50,14,409.0,10.0,5.0,1247.0,0.0,0.0,6.0,대표물품=0.00; 제조업체=0.00; 낙찰건수=11.20; 최근낙찰건수=6.86; 낙찰금액합계=5.58; 창업기업=0.00; 사회적기업=0.00; 사회적협동조합=0.00; 장애인표준사업장=0.00; 공공구매인증서=0.00; 자활용사촌복지공장=0.00; 생산품목매칭=0.00; 부정당제재=-0.00; 현재제재여부=-0.00
119,23.6337,111,4016150601,여과장치,7958701414,7958701414,주식회사 씨티원 충남,0.0,0.0,32.0,10.0,2025-12-31,66340780,2122904955.42,0.0,0,0.0,,원천_사업자번호집계,현재 후보 목록 기준 정책인증 확정 매칭 없음,0.0,0.0,0.0,,,0.181831,8,19.8616,17,138.0,0.0,0.0,0.0,0.0,,,0,0,0,0,50,9,6,50,9,409.0,19.0,6.0,1124.0,0.0,1.0,6.0,대표물품=0.00; 제조업체=0.00; 낙찰건수=11.20; 최근낙찰건수=6.86; 낙찰금액합계=5.58; 창업기업=0.00; 사회적기업=0.00; 사회적협동조합=0.00; 장애인표준사업장=0.00; 공공구매인증서=0.00; 자활용사촌복지공장=0.00; 생산품목매칭=0.00; 부정당제재=-0.00; 현재제재여부=-0.00
120,23.6337,321,4010160101,송풍기,7958701414,7958701414,주식회사 씨티원 충남,0.0,0.0,32.0,10.0,2025-12-31,66340780,2122904955.42,0.0,,0.0,,원천_사업자번호집계,현재 후보 목록 기준 정책인증 확정 매칭 없음,0.0,0.0,0.0,,,,,,,,0.0,0.0,0.0,0.0,,,,,,,,,,,,,,,,,,,대표물품=0.00; 제조업체=0.00; 낙찰건수=11.20; 최근낙찰건수=6.86; 낙찰금액합계=5.58; 창업기업=0.00; 사회적기업=0.00; 사회적협동조합=0.00; 장애인표준사업장=0.00; 공공구매인증서=0.00; 자활용사촌복지공장=0.00; 생산품목매칭=0.00; 부정당제재=-0.00; 현재제재여부=-0.00
121,23.6221,20,4710160801,유기응집제,4578801111,4578801111,주식회사 가경이앤씨,0.0,0.0,31.0,6.0,2025-12-24,224792452,6968566026.0,0.0,0,0.0,,원천_사업자번호집계,현재 후보 목록 기준 정책인증 확정 매칭 없음,0.0,0.0,0.0,,,0.349255,20,21.0204,21,137.0,0.0,0.0,0.0,0.0,,,0,0,0,0,50,14,1,50,14,69.0,6.0,3.0,159.0,0.0,0.0,6.0,대표물품=0.00; 제조업체=0.00; 낙찰건수=11.00; 최근낙찰건수=5.57; 낙찰금액합계=7.06; 창업기업=0.00; 사회적기업=0.00; 사회적협동조합=0.00; 장애인표준사업장=0.00; 공공구매인증서=0.00; 자활용사촌복지공장=0.00; 생산품목매칭=0.00; 부정당제재=-0.00; 현재제재여부=-0.00
122,23.6221,113,4016150601,여과장치,4578801111,4578801111,주식회사 가경이앤씨,0.0,0.0,31.0,6.0,2025-12-24,224792452,6968566026.0,0.0,0,0.0,,원천_사업자번호집계,현재 후보 목록 기준 정책인증 확정 매칭 없음,0.0,0.0,0.0,,,0.277799,7,21.0204,15,137.0,0.0,0.0,0.0,0.0,,,0,0,0,0,50,9,6,50,9,69.0,1.0,1.0,159.0,0.0,0.0,6.0,대표물품=0.00; 제조업체=0.00; 낙찰건수=11.00; 최근낙찰건수=5.57; 낙찰금액합계=7.06; 창업기업=0.00; 사회적기업=0.00; 사회적협동조합=0.00; 장애인표준사업장=0.00; 공공구매인증서=0.00; 자활용사촌복지공장=0.00; 생산품목매칭=0.00; 부정당제재=-0.00; 현재제재여부=-0.00
123,23.5345,11,4710160801,유기응집제,5061739883,5061739883,연천종합물산,0.0,0.0,40.0,5.0,2025-12-10,62721173,2508846920.0,0.0,0,0.0,,원천_사업자번호집계,현재 후보 목록 기준 정책인증 확정 매칭 없음,0.0,0.0,0.0,,,0.341388,22,21.3257,20,151.0,0.0,0.0,0.0,0.0,,,0,0,0,0,50,14,1,50,14,35.0,2.0,2.0,1230.0,0.0,0.0,4.0,대표물품=0.00; 제조업체=0.00; 낙찰건수=12.62; 최근낙찰건수=5.12; 낙찰금액합계=5.79; 창업기업=0.00; 사회적기업=0.00; 사회적협동조합=0.00; 장애인표준사업장=0.00; 공공구매인증서=0.00; 자활용사촌복지공장=0.00; 생산품목매칭=0.00; 부정당제재=-0.00; 현재제재여부=-0.00
124,23.4637,104,4016150601,여과장치,7394000782,7394000782,더원컴퍼니,0.0,0.0,51.0,2.0,2025-06-23,65134470,3321857976.05,0.0,0,0.0,,원천_사업자번호집계,현재 후보 목록 기준 정책인증 확정 매칭 없음,0.0,0.0,0.0,,,0.063399,33,21.3692,14,323.0,0.0,0.0,0.0,0.0,,,0,0,0,0,50,9,6,50,9,355.0,13.0,1.0,1124.0,0.0,0.0,1.0,대표물품=0.00; 제조업체=0.00; 낙찰건수=14.19; 최근낙찰건수=3.14; 낙찰금액합계=6.14; 창업기업=0.00; 사회적기업=0.00; 사회적협동조합=0.00; 장애인표준사업장=0.00; 공공구매인증서=0.00; 자활용사촌복지공장=0.00; 생산품목매칭=0.00; 부정당제재=-0.00; 현재제재여부=-0.00
125,23.4637,307,4010160101,송풍기,7394000782,7394000782,더원컴퍼니,0.0,0.0,51.0,2.0,2025-06-23,65134470,3321857976.05,0.0,,0.0,,원천_사업자번호집계,현재 후보 목록 기준 정책인증 확정 매칭 없음,0.0,0.0,0.0,,,,,,,,0.0,0.0,0.0,0.0,,,,,,,,,,,,,,,,,,,대표물품=0.00; 제조업체=0.00; 낙찰건수=14.19; 최근낙찰건수=3.14; 낙찰금액합계=6.14; 창업기업=0.00; 사회적기업=0.00; 사회적협동조합=0.00; 장애인표준사업장=0.00; 공공구매인증서=0.00; 자활용사촌복지공장=0.00; 생산품목매칭=0.00; 부정당제재=-0.00; 현재제재여부=-0.00
126,23.4518,69,4111331901,기타수질분석기,3658800905,3658800905,주식회사 가나이엔지,0.0,0.0,28.0,8.0,2025-12-26,204946516,5738502462.0,0.0,0,0.0,,원천_사업자번호집계,현재 후보 목록 기준 정책인증 확정 매칭 없음,0.0,0.0,0.0,,,0.408324,20,20.5116,21,136.0,0.0,0.0,0.0,0.0,,,0,0,0,0,50,12,2,50,12,42.0,2.0,2.0,159.0,0.0,0.0,8.0,대표물품=0.00; 제조업체=0.00; 낙찰건수=10.35; 최근낙찰건수=6.28; 낙찰금액합계=6.82; 창업기업=0.00; 사회적기업=0.00; 사회적협동조합=0.00; 장애인표준사업장=0.00; 공공구매인증서=0.00; 자활용사촌복지공장=0.00; 생산품목매칭=0.00; 부정당제재=-0.00; 현재제재여부=-0.00
127,23.3693,38,4710160801,유기응집제,2273001106,2273001106,서이트레이드,0.0,0.0,25.0,14.0,2025-12-16,118393728,2959843210.0,0.0,0,0.0,,원천_사업자번호집계,현재 후보 목록 기준 정책인증 확정 매칭 없음,0.0,0.0,0.0,,,0.300413,27,19.1502,27,156.0,0.0,0.0,0.0,0.0,,,0,0,0,0,50,14,1,50,14,385.0,8.0,3.0,1247.0,0.0,0.0,10.0,대표물품=0.00; 제조업체=0.00; 낙찰건수=9.63; 최근낙찰건수=7.75; 낙찰금액합계=5.99; 창업기업=0.00; 사회적기업=0.00; 사회적협동조합=0.00; 장애인표준사업장=0.00; 공공구매인증서=0.00; 자활용사촌복지공장=0.00; 생산품목매칭=0.00; 부정당제재=-0.00; 현재제재여부=-0.00
128,23.3693,123,4016150601,여과장치,2273001106,2273001106,서이트레이드,0.0,0.0,25.0,14.0,2025-12-16,118393728,2959843210.0,0.0,0,0.0,,원천_사업자번호집계,현재 후보 목록 기준 정책인증 확정 매칭 없음,0.0,0.0,0.0,,,0.090343,17,19.1502,19,156.0,0.0,0.0,0.0,0.0,,,0,0,0,0,50,9,6,50,9,385.0,19.0,3.0,1124.0,0.0,0.0,10.0,대표물품=0.00; 제조업체=0.00; 낙찰건수=9.63; 최근낙찰건수=7.75; 낙찰금액합계=5.99; 창업기업=0.00; 사회적기업=0.00; 사회적협동조합=0.00; 장애인표준사업장=0.00; 공공구매인증서=0.00; 자활용사촌복지공장=0.00; 생산품목매칭=0.00; 부정당제재=-0.00; 현재제재여부=-0.00
129,23.3693,328,4010160101,송풍기,2273001106,2273001106,서이트레이드,0.0,0.0,25.0,14.0,2025-12-16,118393728,2959843210.0,0.0,,0.0,,원천_사업자번호집계,현재 후보 목록 기준 정책인증 확정 매칭 없음,0.0,0.0,0.0,,,,,,,,0.0,0.0,0.0,0.0,,,,,,,,,,,,,,,,,,,대표물품=0.00; 제조업체=0.00; 낙찰건수=9.63; 최근낙찰건수=7.75; 낙찰금액합계=5.99; 창업기업=0.00; 사회적기업=0.00; 사회적협동조합=0.00; 장애인표준사업장=0.00; 공공구매인증서=0.00; 자활용사촌복지공장=0.00; 생산품목매칭=0.00; 부정당제재=-0.00; 현재제재여부=-0.00
130,23.2999,14,4710160801,유기응집제,2824900315,2824900315,서울우유 신안동 고객센터,0.0,0.0,37.0,10.0,2025-12-23,20893333,773053308.82,0.0,0,0.0,,원천_사업자번호집계,현재 후보 목록 기준 정책인증 확정 매칭 없음,0.0,0.0,0.0,,,0.397486,12,19.0556,28,142.0,0.0,0.0,0.0,0.0,,,0,0,0,0,50,14,1,50,14,33.0,1.0,1.0,508.0,0.0,0.0,4.0,대표물품=0.00; 제조업체=0.00; 낙찰건수=12.13; 최근낙찰건수=6.86; 낙찰금액합계=4.32; 창업기업=0.00; 사회적기업=0.00; 사회적협동조합=0.00; 장애인표준사업장=0.00; 공공구매인증서=0.00; 자활용사촌복지공장=0.00; 생산품목매칭=0.00; 부정당제재=-0.00; 현재제재여부=-0.00
131,23.2999,61,4111331901,기타수질분석기,2824900315,2824900315,서울우유 신안동 고객센터,0.0,0.0,37.0,10.0,2025-12-23,20893333,773053308.82,0.0,0,0.0,,원천_사업자번호집계,현재 후보 목록 기준 정책인증 확정 매칭 없음,0.0,0.0,0.0,,,0.358743,21,19.0556,24,142.0,0.0,0.0,0.0,0.0,,,0,0,0,0,50,12,2,50,12,33.0,2.0,1.0,1475.0,0.0,0.0,4.0,대표물품=0.00; 제조업체=0.00; 낙찰건수=12.13; 최근낙찰건수=6.86; 낙찰금액합계=4.32; 창업기업=0.00; 사회적기업=0.00; 사회적협동조합=0.00; 장애인표준사업장=0.00; 공공구매인증서=0.00; 자활용사촌복지공장=0.00; 생산품목매칭=0.00; 부정당제재=-0.00; 현재제재여부=-0.00
132,23.2491,191,4710160802,무기응집제,1058739873,1058739873,신풍종합개발 주식회사,0.0,0.0,13.0,3.0,2025-03-27,36823732,478708519.0,0.0,,0.0,,원천_사업자번호집계,현재 후보 목록 기준 정책인증 확정 매칭 없음,0.0,0.0,0.0,,,,,,,,1.0,0.0,0.0,0.0,,,,,,,,,,,,,,,,,,,대표물품=0.00; 제조업체=0.00; 낙찰건수=5.57; 최근낙찰건수=3.96; 낙찰금액합계=3.72; 창업기업=0.00; 사회적기업=10.00; 사회적협동조합=0.00; 장애인표준사업장=0.00; 공공구매인증서=0.00; 자활용사촌복지공장=0.00; 생산품목매칭=0.00; 부정당제재=-0.00; 현재제재여부=-0.00
133,23.2226,206,4710169801,수처리용여과재,6088601170,6088601170,케이원산업 주식회사,0.0,0.0,38.0,9.0,2025-12-30,20749726,788489572.26,0.0,,0.0,,원천_사업자번호집계,현재 후보 목록 기준 정책인증 확정 매칭 없음,0.0,0.0,0.0,,,,,,,,0.0,0.0,0.0,0.0,,,,,,,,,,,,,,,,,,,대표물품=0.00; 제조업체=0.00; 낙찰건수=12.30; 최근낙찰건수=6.59; 낙찰금액합계=4.34; 창업기업=0.00; 사회적기업=0.00; 사회적협동조합=0.00; 장애인표준사업장=0.00; 공공구매인증서=0.00; 자활용사촌복지공장=0.00; 생산품목매칭=0.00; 부정당제재=-0.00; 현재제재여부=-0.00
134,23.1477,26,4710160801,유기응집제,3091861646,3091861646,모아상사,0.0,0.0,29.0,9.0,2025-12-11,101900848,2955124581.0,0.0,0,0.0,,원천_사업자번호집계,현재 후보 목록 기준 정책인증 확정 매칭 없음,0.0,0.0,0.0,,,0.261827,43,19.2695,26,163.0,0.0,0.0,0.0,0.0,,,0,0,0,0,50,14,1,50,14,368.0,10.0,7.0,1247.0,0.0,0.0,6.0,대표물품=0.00; 제조업체=0.00; 낙찰건수=10.57; 최근낙찰건수=6.59; 낙찰금액합계=5.99; 창업기업=0.00; 사회적기업=0.00; 사회적협동조합=0.00; 장애인표준사업장=0.00; 공공구매인증서=0.00; 자활용사촌복지공장=0.00; 생산품목매칭=0.00; 부정당제재=-0.00; 현재제재여부=-0.00
135,23.1477,116,4016150601,여과장치,3091861646,3091861646,모아상사,0.0,0.0,29.0,9.0,2025-12-11,101900848,2955124581.0,0.0,0,0.0,,원천_사업자번호집계,현재 후보 목록 기준 정책인증 확정 매칭 없음,0.0,0.0,0.0,,,0.089468,18,19.2695,18,163.0,0.0,0.0,0.0,0.0,,,0,0,0,0,50,9,6,50,9,368.0,15.0,3.0,1124.0,0.0,0.0,6.0,대표물품=0.00; 제조업체=0.00; 낙찰건수=10.57; 최근낙찰건수=6.59; 낙찰금액합계=5.99; 창업기업=0.00; 사회적기업=0.00; 사회적협동조합=0.00; 장애인표준사업장=0.00; 공공구매인증서=0.00; 자활용사촌복지공장=0.00; 생산품목매칭=0.00; 부정당제재=-0.00; 현재제재여부=-0.00
136,23.1477,161,4710160802,무기응집제,3091861646,3091861646,모아상사,0.0,0.0,29.0,9.0,2025-12-11,101900848,2955124581.0,0.0,,0.0,,원천_사업자번호집계,현재 후보 목록 기준 정책인증 확정 매칭 없음,0.0,0.0,0.0,,,,,,,,0.0,0.0,0.0,0.0,,,,,,,,,,,,,,,,,,,대표물품=0.00; 제조업체=0.00; 낙찰건수=10.57; 최근낙찰건수=6.59; 낙찰금액합계=5.99; 창업기업=0.00; 사회적기업=0.00; 사회적협동조합=0.00; 장애인표준사업장=0.00; 공공구매인증서=0.00; 자활용사촌복지공장=0.00; 생산품목매칭=0.00; 부정당제재=-0.00; 현재제재여부=-0.00
137,23.1477,323,4010160101,송풍기,3091861646,3091861646,모아상사,0.0,0.0,29.0,9.0,2025-12-11,101900848,2955124581.0,0.0,,0.0,,원천_사업자번호집계,현재 후보 목록 기준 정책인증 확정 매칭 없음,0.0,0.0,0.0,,,,,,,,0.0,0.0,0.0,0.0,,,,,,,,,,,,,,,,,,,대표물품=0.00; 제조업체=0.00; 낙찰건수=10.57; 최근낙찰건수=6.59; 낙찰금액합계=5.99; 창업기업=0.00; 사회적기업=0.00; 사회적협동조합=0.00; 장애인표준사업장=0.00; 공공구매인증서=0.00; 자활용사촌복지공장=0.00; 생산품목매칭=0.00; 부정당제재=-0.00; 현재제재여부=-0.00
138,23.1477,358,4111250101,유량계,3091861646,3091861646,모아상사,0.0,0.0,29.0,9.0,2025-12-11,101900848,2955124581.0,0.0,,0.0,,원천_사업자번호집계,현재 후보 목록 기준 정책인증 확정 매칭 없음,0.0,0.0,0.0,,,,,,,,0.0,0.0,0.0,0.0,,,,,,,,,,,,,,,,,,,대표물품=0.00; 제조업체=0.00; 낙찰건수=10.57; 최근낙찰건수=6.59; 낙찰금액합계=5.99; 창업기업=0.00; 사회적기업=0.00; 사회적협동조합=0.00; 장애인표준사업장=0.00; 공공구매인증서=0.00; 자활용사촌복지공장=0.00; 생산품목매칭=0.00; 부정당제재=-0.00; 현재제재여부=-0.00
139,23.0999,225,4710169801,수처리용여과재,1392800447,1392800447,두물기업,1.0,0.0,18.0,6.0,2025-12-12,72078966,1297421396.0,0.0,,0.0,,원천_사업자번호집계,현재 후보 목록 기준 정책인증 확정 매칭 없음,0.0,0.0,0.0,,,,,,,,0.0,0.0,0.0,0.0,,,,,,,,,,,,,,,,,,,대표물품=5.00; 제조업체=0.00; 낙찰건수=7.57; 최근낙찰건수=5.57; 낙찰금액합계=4.96; 창업기업=0.00; 사회적기업=0.00; 사회적협동조합=0.00; 장애인표준사업장=0.00; 공공구매인증서=0.00; 자활용사촌복지공장=0.00; 생산품목매칭=0.00; 부정당제재=-0.00; 현재제재여부=-0.00
140,23.0733,160,4710160802,무기응집제,2092569555,2092569555,탑에스씨,0.0,0.0,29.0,8.0,2025-12-15,122226845,3544578493.0,0.0,,0.0,,원천_사업자번호집계,현재 후보 목록 기준 정책인증 확정 매칭 없음,0.0,0.0,0.0,,,,,,,,0.0,0.0,0.0,0.0,,,,,,,,,,,,,,,,,,,대표물품=0.00; 제조업체=0.00; 낙찰건수=10.57; 최근낙찰건수=6.28; 낙찰금액합계=6.22; 창업기업=0.00; 사회적기업=0.00; 사회적협동조합=0.00; 장애인표준사업장=0.00; 공공구매인증서=0.00; 자활용사촌복지공장=0.00; 생산품목매칭=0.00; 부정당제재=-0.00; 현재제재여부=-0.00
141,22.9966,16,4710160801,유기응집제,7600201935,7600201935,남양우유신안동가정대리점,0.0,0.0,36.0,11.0,2025-12-24,15875546,571519650.33,0.0,0,0.0,,원천_사업자번호집계,현재 후보 목록 기준 정책인증 확정 매칭 없음,0.0,0.0,0.0,,,0.386529,14,17.7126,34,136.0,0.0,0.0,0.0,0.0,,,0,0,0,0,50,14,1,50,14,44.0,1.0,1.0,508.0,0.0,0.0,3.0,대표물품=0.00; 제조업체=0.00; 낙찰건수=11.95; 최근낙찰건수=7.11; 낙찰금액합계=3.94; 창업기업=0.00; 사회적기업=0.00; 사회적협동조합=0.00; 장애인표준사업장=0.00; 공공구매인증서=0.00; 자활용사촌복지공장=0.00; 생산품목매칭=0.00; 부정당제재=-0.00; 현재제재여부=-0.00
142,22.9966,62,4111331901,기타수질분석기,7600201935,7600201935,남양우유신안동가정대리점,0.0,0.0,36.0,11.0,2025-12-24,15875546,571519650.33,0.0,0,0.0,,원천_사업자번호집계,현재 후보 목록 기준 정책인증 확정 매칭 없음,0.0,0.0,0.0,,,0.32539,24,17.7126,30,136.0,0.0,0.0,0.0,0.0,,,0,0,0,0,50,12,2,50,12,44.0,3.0,3.0,1475.0,0.0,0.0,3.0,대표물품=0.00; 제조업체=0.00; 낙찰건수=11.95; 최근낙찰건수=7.11; 낙찰금액합계=3.94; 창업기업=0.00; 사회적기업=0.00; 사회적협동조합=0.00; 장애인표준사업장=0.00; 공공구매인증서=0.00; 자활용사촌복지공장=0.00; 생산품목매칭=0.00; 부정당제재=-0.00; 현재제재여부=-0.00
143,22.875,25,4710160801,유기응집제,4193201276,4193201276,태화기업,0.0,0.0,29.0,7.0,2025-12-30,136581825,3960872918.0,0.0,0,0.0,,원천_사업자번호집계,현재 후보 목록 기준 정책인증 확정 매칭 없음,0.0,0.0,0.0,,,0.315443,25,20.0449,22,149.0,0.0,0.0,0.0,0.0,,,0,0,0,0,50,14,1,50,14,471.0,7.0,5.0,1249.0,0.0,0.0,7.0,대표물품=0.00; 제조업체=0.00; 낙찰건수=10.57; 최근낙찰건수=5.95; 낙찰금액합계=6.36; 창업기업=0.00; 사회적기업=0.00; 사회적협동조합=0.00; 장애인표준사업장=0.00; 공공구매인증서=0.00; 자활용사촌복지공장=0.00; 생산품목매칭=0.00; 부정당제재=-0.00; 현재제재여부=-0.00
144,22.875,357,4111250101,유량계,4193201276,4193201276,태화기업,0.0,0.0,29.0,7.0,2025-12-30,136581825,3960872918.0,0.0,,0.0,,원천_사업자번호집계,현재 후보 목록 기준 정책인증 확정 매칭 없음,0.0,0.0,0.0,,,,,,,,0.0,0.0,0.0,0.0,,,,,,,,,,,,,,,,,,,대표물품=0.00; 제조업체=0.00; 낙찰건수=10.57; 최근낙찰건수=5.95; 낙찰금액합계=6.36; 창업기업=0.00; 사회적기업=0.00; 사회적협동조합=0.00; 장애인표준사업장=0.00; 공공구매인증서=0.00; 자활용사촌복지공장=0.00; 생산품목매칭=0.00; 부정당제재=-0.00; 현재제재여부=-0.00
145,22.6518,314,4010160101,송풍기,1428800715,1428800715,주식회사 유진랩,0.0,0.0,41.0,3.0,2025-12-30,67296521,2759157360.0,0.0,,0.0,,원천_사업자번호집계,현재 후보 목록 기준 정책인증 확정 매칭 없음,0.0,0.0,0.0,,,,,,,,0.0,0.0,0.0,0.0,,,,,,,,,,,,,,,,,,,대표물품=0.00; 제조업체=0.00; 낙찰건수=12.78; 최근낙찰건수=3.96; 낙찰금액합계=5.90; 창업기업=0.00; 사회적기업=0.00; 사회적협동조합=0.00; 장애인표준사업장=0.00; 공공구매인증서=0.00; 자활용사촌복지공장=0.00; 생산품목매칭=0.00; 부정당제재=-0.00; 현재제재여부=-0.00
146,22.6026,23,4710160801,유기응집제,3018193115,3018193115,(주)현일,0.0,0.0,30.0,6.0,2025-10-20,121277646,3638329390.0,0.0,0,0.0,,원천_사업자번호집계,현재 후보 목록 기준 정책인증 확정 매칭 없음,0.0,0.0,0.0,,,0.2854,34,18.842,30,201.0,0.0,0.0,0.0,0.0,,,0,0,0,0,50,14,1,50,14,87.0,4.0,2.0,1244.0,0.0,0.0,4.0,대표물품=0.00; 제조업체=0.00; 낙찰건수=10.79; 최근낙찰건수=5.57; 낙찰금액합계=6.25; 창업기업=0.00; 사회적기업=0.00; 사회적협동조합=0.00; 장애인표준사업장=0.00; 공공구매인증서=0.00; 자활용사촌복지공장=0.00; 생산품목매칭=0.00; 부정당제재=-0.00; 현재제재여부=-0.00
147,22.5964,24,4710160801,유기응집제,1942600358,1942600358,유신약품,0.0,0.0,30.0,14.0,2025-12-09,21038753,631162596.0,0.0,0,0.0,,원천_사업자번호집계,현재 후보 목록 기준 정책인증 확정 매칭 없음,0.0,0.0,0.0,,,0.564286,4,18.4602,31,151.0,0.0,0.0,0.0,0.0,,,0,0,0,0,50,14,1,50,14,11.0,1.0,1.0,508.0,0.0,0.0,8.0,대표물품=0.00; 제조업체=0.00; 낙찰건수=10.79; 최근낙찰건수=7.75; 낙찰금액합계=4.06; 창업기업=0.00; 사회적기업=0.00; 사회적협동조합=0.00; 장애인표준사업장=0.00; 공공구매인증서=0.00; 자활용사촌복지공장=0.00; 생산품목매칭=0.00; 부정당제재=-0.00; 현재제재여부=-0.00
148,22.5885,68,4111331901,기타수질분석기,5151604381,5151604381,연택테크,0.0,0.0,29.0,10.0,2025-11-06,52322132,1517341830.0,0.0,0,0.0,,원천_사업자번호집계,현재 후보 목록 기준 정책인증 확정 매칭 없음,0.0,0.0,0.0,,,0.216504,34,18.4377,25,186.0,0.0,0.0,0.0,0.0,,,0,0,0,0,50,12,2,50,12,268.0,51.0,31.0,1475.0,0.0,1.0,6.0,대표물품=0.00; 제조업체=0.00; 낙찰건수=10.57; 최근낙찰건수=6.86; 낙찰금액합계=5.16; 창업기업=0.00; 사회적기업=0.00; 사회적협동조합=0.00; 장애인표준사업장=0.00; 공공구매인증서=0.00; 자활용사촌복지공장=0.00; 생산품목매칭=0.00; 부정당제재=-0.00; 현재제재여부=-0.00
149,22.542,258,4015150501,정량펌프,2632300779,2632300779,천지하이텍,0.0,1.0,18.0,5.0,2025-12-10,65625337,1181256060.0,0.0,,0.0,,원천_사업자번호집계,현재 후보 목록 기준 정책인증 확정 매칭 없음,0.0,0.0,0.0,,,,,,,,0.0,0.0,0.0,0.0,,,,,,,,,,,,,,,,,,,대표물품=0.00; 제조업체=5.00; 낙찰건수=7.57; 최근낙찰건수=5.12; 낙찰금액합계=4.85; 창업기업=0.00; 사회적기업=0.00; 사회적협동조합=0.00; 장애인표준사업장=0.00; 공공구매인증서=0.00; 자활용사촌복지공장=0.00; 생산품목매칭=0.00; 부정당제재=-0.00; 현재제재여부=-0.00
150,22.4681,229,4710169801,수처리용여과재,1458102877,1458102877,주식회사 오성테크,1.0,0.0,17.0,5.0,2025-07-30,87057216,1479972680.0,0.0,,0.0,,원천_사업자번호집계,현재 후보 목록 기준 정책인증 확정 매칭 없음,0.0,0.0,0.0,,,,,,,,0.0,0.0,0.0,0.0,,,,,,,,,,,,,,,,,,,대표물품=5.00; 제조업체=0.00; 낙찰건수=7.22; 최근낙찰건수=5.12; 낙찰금액합계=5.13; 창업기업=0.00; 사회적기업=0.00; 사회적협동조합=0.00; 장애인표준사업장=0.00; 공공구매인증서=0.00; 자활용사촌복지공장=0.00; 생산품목매칭=0.00; 부정당제재=-0.00; 현재제재여부=-0.00
151,22.3817,317,4010160101,송풍기,7481801052,7481801052,제스트,0.0,0.0,37.0,5.0,2025-06-12,40159048,1485884773.06,0.0,,0.0,,원천_사업자번호집계,현재 후보 목록 기준 정책인증 확정 매칭 없음,0.0,0.0,0.0,,,,,,,,0.0,0.0,0.0,0.0,,,,,,,,,,,,,,,,,,,대표물품=0.00; 제조업체=0.00; 낙찰건수=12.13; 최근낙찰건수=5.12; 낙찰금액합계=5.13; 창업기업=0.00; 사회적기업=0.00; 사회적협동조합=0.00; 장애인표준사업장=0.00; 공공구매인증서=0.00; 자활용사촌복지공장=0.00; 생산품목매칭=0.00; 부정당제재=-0.00; 현재제재여부=-0.00
152,22.355,419,4015151301,수중펌프,2988102360,2988102360,주식회사 아이수(i-su Inc.),1.0,1.0,9.0,4.0,2025-12-16,91577572,824198150.0,0.0,,0.0,,원천_사업자번호집계,현재 후보 목록 기준 정책인증 확정 매칭 없음,0.0,0.0,0.0,,,,,,,,0.0,0.0,0.0,0.0,,,,,,,,,,,,,,,,,,,대표물품=5.00; 제조업체=5.00; 낙찰건수=3.36; 최근낙찰건수=4.60; 낙찰금액합계=4.40; 창업기업=0.00; 사회적기업=0.00; 사회적협동조합=0.00; 장애인표준사업장=0.00; 공공구매인증서=0.00; 자활용사촌복지공장=0.00; 생산품목매칭=0.00; 부정당제재=-0.00; 현재제재여부=-0.00
153,22.3446,256,4015150501,정량펌프,1288686770,1288686770,주식회사 메디시온,0.0,0.0,32.0,4.0,2025-06-16,143859070,4603490234.1,0.0,,0.0,,원천_사업자번호집계,현재 후보 목록 기준 정책인증 확정 매칭 없음,0.0,0.0,0.0,,,,,,,,0.0,0.0,0.0,0.0,,,,,,,,,,,,,,,,,,,대표물품=0.00; 제조업체=0.00; 낙찰건수=11.20; 최근낙찰건수=4.60; 낙찰금액합계=6.54; 창업기업=0.00; 사회적기업=0.00; 사회적협동조합=0.00; 장애인표준사업장=0.00; 공공구매인증서=0.00; 자활용사촌복지공장=0.00; 생산품목매칭=0.00; 부정당제재=-0.00; 현재제재여부=-0.00
154,22.3446,320,4010160101,송풍기,1288686770,1288686770,주식회사 메디시온,0.0,0.0,32.0,4.0,2025-06-16,143859070,4603490234.1,0.0,,0.0,,원천_사업자번호집계,현재 후보 목록 기준 정책인증 확정 매칭 없음,0.0,0.0,0.0,,,,,,,,0.0,0.0,0.0,0.0,,,,,,,,,,,,,,,,,,,대표물품=0.00; 제조업체=0.00; 낙찰건수=11.20; 최근낙찰건수=4.60; 낙찰금액합계=6.54; 창업기업=0.00; 사회적기업=0.00; 사회적협동조합=0.00; 장애인표준사업장=0.00; 공공구매인증서=0.00; 자활용사촌복지공장=0.00; 생산품목매칭=0.00; 부정당제재=-0.00; 현재제재여부=-0.00
155,22.1476,67,4111331901,기타수질분석기,2051667999,2051667999,만선테크,0.0,0.0,29.0,7.0,2025-06-17,76244100,2211078900.0,0.0,0,0.0,,원천_사업자번호집계,현재 후보 목록 기준 정책인증 확정 매칭 없음,0.0,0.0,0.0,,,0.244853,30,17.8749,28,347.0,0.0,0.0,0.0,0.0,,,0,0,0,0,50,12,2,50,12,87.0,54.0,29.0,380.0,0.0,11.0,3.0,대표물품=0.00; 제조업체=0.00; 낙찰건수=10.57; 최근낙찰건수=5.95; 낙찰금액합계=5.63; 창업기업=0.00; 사회적기업=0.00; 사회적협동조합=0.00; 장애인표준사업장=0.00; 공공구매인증서=0.00; 자활용사촌복지공장=0.00; 생산품목매칭=0.00; 부정당제재=-0.00; 현재제재여부=-0.00
156,22.0353,118,4016150601,여과장치,7511001877,7511001877,비피엔,0.0,0.0,28.0,8.0,2025-10-01,65861978,1844135390.0,0.0,0,0.0,,원천_사업자번호집계,현재 후보 목록 기준 정책인증 확정 매칭 없음,0.0,0.0,0.0,,,0.058625,37,18.3237,23,234.0,0.0,0.0,0.0,0.0,,,0,0,0,0,50,9,6,50,9,589.0,32.0,10.0,1124.0,0.0,0.0,5.0,대표물품=0.00; 제조업체=0.00; 낙찰건수=10.35; 최근낙찰건수=6.28; 낙찰금액합계=5.40; 창업기업=0.00; 사회적기업=0.00; 사회적협동조합=0.00; 장애인표준사업장=0.00; 공공구매인증서=0.00; 자활용사촌복지공장=0.00; 생산품목매칭=0.00; 부정당제재=-0.00; 현재제재여부=-0.00
157,21.9629,162,4710160802,무기응집제,5118127226,5118127226,주식회사 마크온탑,0.0,0.0,27.0,7.0,2025-11-11,101554183,2741962939.6,0.0,,0.0,,원천_사업자번호집계,현재 후보 목록 기준 정책인증 확정 매칭 없음,0.0,0.0,0.0,,,,,,,,0.0,0.0,0.0,0.0,,,,,,,,,,,,,,,,,,,대표물품=0.00; 제조업체=0.00; 낙찰건수=10.12; 최근낙찰건수=5.95; 낙찰금액합계=5.90; 창업기업=0.00; 사회적기업=0.00; 사회적협동조합=0.00; 장애인표준사업장=0.00; 공공구매인증서=0.00; 자활용사촌복지공장=0.00; 생산품목매칭=0.00; 부정당제재=-0.00; 현재제재여부=-0.00
158,21.9629,212,4710169801,수처리용여과재,5118127226,5118127226,주식회사 마크온탑,0.0,0.0,27.0,7.0,2025-11-11,101554183,2741962939.6,0.0,,0.0,,원천_사업자번호집계,현재 후보 목록 기준 정책인증 확정 매칭 없음,0.0,0.0,0.0,,,,,,,,0.0,0.0,0.0,0.0,,,,,,,,,,,,,,,,,,,대표물품=0.00; 제조업체=0.00; 낙찰건수=10.12; 최근낙찰건수=5.95; 낙찰금액합계=5.90; 창업기업=0.00; 사회적기업=0.00; 사회적협동조합=0.00; 장애인표준사업장=0.00; 공공구매인증서=0.00; 자활용사촌복지공장=0.00; 생산품목매칭=0.00; 부정당제재=-0.00; 현재제재여부=-0.00
159,21.9629,325,4010160101,송풍기,5118127226,5118127226,주식회사 마크온탑,0.0,0.0,27.0,7.0,2025-11-11,101554183,2741962939.6,0.0,,0.0,,원천_사업자번호집계,현재 후보 목록 기준 정책인증 확정 매칭 없음,0.0,0.0,0.0,,,,,,,,0.0,0.0,0.0,0.0,,,,,,,,,,,,,,,,,,,대표물품=0.00; 제조업체=0.00; 낙찰건수=10.12; 최근낙찰건수=5.95; 낙찰금액합계=5.90; 창업기업=0.00; 사회적기업=0.00; 사회적협동조합=0.00; 장애인표준사업장=0.00; 공공구매인증서=0.00; 자활용사촌복지공장=0.00; 생산품목매칭=0.00; 부정당제재=-0.00; 현재제재여부=-0.00
160,21.9629,359,4111250101,유량계,5118127226,5118127226,주식회사 마크온탑,0.0,0.0,27.0,7.0,2025-11-11,101554183,2741962939.6,0.0,,0.0,,원천_사업자번호집계,현재 후보 목록 기준 정책인증 확정 매칭 없음,0.0,0.0,0.0,,,,,,,,0.0,0.0,0.0,0.0,,,,,,,,,,,,,,,,,,,대표물품=0.00; 제조업체=0.00; 낙찰건수=10.12; 최근낙찰건수=5.95; 낙찰금액합계=5.90; 창업기업=0.00; 사회적기업=0.00; 사회적협동조합=0.00; 장애인표준사업장=0.00; 공공구매인증서=0.00; 자활용사촌복지공장=0.00; 생산품목매칭=0.00; 부정당제재=-0.00; 현재제재여부=-0.00
161,21.9629,402,4015151301,수중펌프,5118127226,5118127226,주식회사 마크온탑,0.0,0.0,27.0,7.0,2025-11-11,101554183,2741962939.6,0.0,,0.0,,원천_사업자번호집계,현재 후보 목록 기준 정책인증 확정 매칭 없음,0.0,0.0,0.0,,,,,,,,0.0,0.0,0.0,0.0,,,,,,,,,,,,,,,,,,,대표물품=0.00; 제조업체=0.00; 낙찰건수=10.12; 최근낙찰건수=5.95; 낙찰금액합계=5.90; 창업기업=0.00; 사회적기업=0.00; 사회적협동조합=0.00; 장애인표준사업장=0.00; 공공구매인증서=0.00; 자활용사촌복지공장=0.00; 생산품목매칭=0.00; 부정당제재=-0.00; 현재제재여부=-0.00
162,21.8745,110,4016150601,여과장치,6870700558,6870700558,에스엠제이,0.0,0.0,35.0,5.0,2025-11-25,37583689,1315429118.0,0.0,0,0.0,,원천_사업자번호집계,현재 후보 목록 기준 정책인증 확정 매칭 없음,0.0,0.0,0.0,,,0.174019,9,19.1489,20,166.0,0.0,0.0,0.0,0.0,,,0,0,0,0,50,9,6,50,9,268.0,14.0,2.0,1125.0,0.0,1.0,4.0,대표물품=0.00; 제조업체=0.00; 낙찰건수=11.77; 최근낙찰건수=5.12; 낙찰금액합계=4.98; 창업기업=0.00; 사회적기업=0.00; 사회적협동조합=0.00; 장애인표준사업장=0.00; 공공구매인증서=0.00; 자활용사촌복지공장=0.00; 생산품목매칭=0.00; 부정당제재=-0.00; 현재제재여부=-0.00
163,21.8745,319,4010160101,송풍기,6870700558,6870700558,에스엠제이,0.0,0.0,35.0,5.0,2025-11-25,37583689,1315429118.0,0.0,,0.0,,원천_사업자번호집계,현재 후보 목록 기준 정책인증 확정 매칭 없음,0.0,0.0,0.0,,,,,,,,0.0,0.0,0.0,0.0,,,,,,,,,,,,,,,,,,,대표물품=0.00; 제조업체=0.00; 낙찰건수=11.77; 최근낙찰건수=5.12; 낙찰금액합계=4.98; 창업기업=0.00; 사회적기업=0.00; 사회적협동조합=0.00; 장애인표준사업장=0.00; 공공구매인증서=0.00; 자활용사촌복지공장=0.00; 생산품목매칭=0.00; 부정당제재=-0.00; 현재제재여부=-0.00
164,21.7857,36,4710160801,유기응집제,7820901711,7820901711,모아테크,0.0,0.0,25.0,7.0,2025-10-27,140564705,3514117621.0,0.0,0,0.0,,원천_사업자번호집계,현재 후보 목록 기준 정책인증 확정 매칭 없음,0.0,0.0,0.0,,,0.287552,32,16.9444,37,200.0,0.0,0.0,0.0,0.0,,,0,0,0,0,50,14,1,50,14,327.0,6.0,3.0,521.0,0.0,0.0,3.0,대표물품=0.00; 제조업체=0.00; 낙찰건수=9.63; 최근낙찰건수=5.95; 낙찰금액합계=6.21; 창업기업=0.00; 사회적기업=0.00; 사회적협동조합=0.00; 장애인표준사업장=0.00; 공공구매인증서=0.00; 자활용사촌복지공장=0.00; 생산품목매칭=0.00; 부정당제재=-0.00; 현재제재여부=-0.00
165,21.7857,122,4016150601,여과장치,7820901711,7820901711,모아테크,0.0,0.0,25.0,7.0,2025-10-27,140564705,3514117621.0,0.0,0,0.0,,원천_사업자번호집계,현재 후보 목록 기준 정책인증 확정 매칭 없음,0.0,0.0,0.0,,,0.083411,24,16.9444,26,200.0,0.0,0.0,0.0,0.0,,,0,0,0,0,50,9,6,50,9,327.0,11.0,3.0,1124.0,0.0,0.0,3.0,대표물품=0.00; 제조업체=0.00; 낙찰건수=9.63; 최근낙찰건수=5.95; 낙찰금액합계=6.21; 창업기업=0.00; 사회적기업=0.00; 사회적협동조합=0.00; 장애인표준사업장=0.00; 공공구매인증서=0.00; 자활용사촌복지공장=0.00; 생산품목매칭=0.00; 부정당제재=-0.00; 현재제재여부=-0.00
166,21.7595,73,4111331901,기타수질분석기,6348600656,6348600656,주식회사비전제어시스템,0.0,0.0,26.0,6.0,2025-12-24,147352229,3831157960.0,0.0,0,0.0,,원천_사업자번호집계,현재 후보 목록 기준 정책인증 확정 매칭 없음,0.0,0.0,0.0,,,0.613879,10,18.0096,26,143.0,0.0,0.0,0.0,0.0,,,0,0,0,0,50,12,2,50,12,8.0,3.0,3.0,1250.0,0.0,0.0,4.0,대표물품=0.00; 제조업체=0.00; 낙찰건수=9.88; 최근낙찰건수=5.57; 낙찰금액합계=6.31; 창업기업=0.00; 사회적기업=0.00; 사회적협동조합=0.00; 장애인표준사업장=0.00; 공공구매인증서=0.00; 자활용사촌복지공장=0.00; 생산품목매칭=0.00; 부정당제재=-0.00; 현재제재여부=-0.00
167,21.754,255,4015150501,정량펌프,7527500263,7527500263,헤이치 인 헤이치(hand in hand),0.0,0.0,33.0,4.0,2025-07-28,74266197,2450784515.0,0.0,,0.0,,원천_사업자번호집계,현재 후보 목록 기준 정책인증 확정 매칭 없음,0.0,0.0,0.0,,,,,,,,0.0,0.0,0.0,0.0,,,,,,,,,,,,,,,,,,,대표물품=0.00; 제조업체=0.00; 낙찰건수=11.39; 최근낙찰건수=4.60; 낙찰금액합계=5.76; 창업기업=0.00; 사회적기업=0.00; 사회적협동조합=0.00; 장애인표준사업장=0.00; 공공구매인증서=0.00; 자활용사촌복지공장=0.00; 생산품목매칭=0.00; 부정당제재=-0.00; 현재제재여부=-0.00
168,21.7302,41,4710160801,유기응집제,4038183209,4038183209,탑아이티 주식회사,0.0,0.0,24.0,8.0,2025-09-24,131438538,3154524920.0,0.0,0,0.0,,원천_사업자번호집계,현재 후보 목록 기준 정책인증 확정 매칭 없음,0.0,0.0,0.0,,,0.300372,28,17.8388,32,227.0,0.0,0.0,0.0,0.0,,,0,0,0,0,50,14,1,50,14,127.0,7.0,2.0,751.0,0.0,0.0,7.0,대표물품=0.00; 제조업체=0.00; 낙찰건수=9.37; 최근낙찰건수=6.28; 낙찰금액합계=6.07; 창업기업=0.00; 사회적기업=0.00; 사회적협동조합=0.00; 장애인표준사업장=0.00; 공공구매인증서=0.00; 자활용사촌복지공장=0.00; 생산품목매칭=0.00; 부정당제재=-0.00; 현재제재여부=-0.00
169,21.7302,76,4111331901,기타수질분석기,4038183209,4038183209,탑아이티 주식회사,0.0,0.0,24.0,8.0,2025-09-24,131438538,3154524920.0,0.0,0,0.0,,원천_사업자번호집계,현재 후보 목록 기준 정책인증 확정 매칭 없음,0.0,0.0,0.0,,,0.223806,32,17.8388,29,227.0,0.0,0.0,0.0,0.0,,,0,0,0,0,50,12,2,50,12,127.0,11.0,7.0,751.0,0.0,0.0,7.0,대표물품=0.00; 제조업체=0.00; 낙찰건수=9.37; 최근낙찰건수=6.28; 낙찰금액합계=6.07; 창업기업=0.00; 사회적기업=0.00; 사회적협동조합=0.00; 장애인표준사업장=0.00; 공공구매인증서=0.00; 자활용사촌복지공장=0.00; 생산품목매칭=0.00; 부정당제재=-0.00; 현재제재여부=-0.00
170,21.727,13,4710160801,유기응집제,4645800414,4645800414,푸드라인,0.0,0.0,37.0,5.0,2025-03-25,23764461,879285056.0,0.0,0,0.0,,원천_사업자번호집계,현재 후보 목록 기준 정책인증 확정 매칭 없음,0.0,0.0,0.0,,,0.340025,23,14.2764,43,410.0,0.0,0.0,0.0,0.0,,,0,0,0,0,50,14,1,50,14,13.0,1.0,1.0,508.0,0.0,0.0,0.0,대표물품=0.00; 제조업체=0.00; 낙찰건수=12.13; 최근낙찰건수=5.12; 낙찰금액합계=4.48; 창업기업=0.00; 사회적기업=0.00; 사회적협동조합=0.00; 장애인표준사업장=0.00; 공공구매인증서=0.00; 자활용사촌복지공장=0.00; 생산품목매칭=0.00; 부정당제재=-0.00; 현재제재여부=-0.00
171,21.587,164,4710160802,무기응집제,4018140669,4018140669,(유)신성시엔시,0.0,0.0,26.0,7.0,2025-12-29,94499018,2456974470.0,0.0,,0.0,,원천_사업자번호집계,현재 후보 목록 기준 정책인증 확정 매칭 없음,0.0,0.0,0.0,,,,,,,,0.0,0.0,0.0,0.0,,,,,,,,,,,,,,,,,,,대표물품=0.00; 제조업체=0.00; 낙찰건수=9.88; 최근낙찰건수=5.95; 낙찰금액합계=5.76; 창업기업=0.00; 사회적기업=0.00; 사회적협동조합=0.00; 장애인표준사업장=0.00; 공공구매인증서=0.00; 자활용사촌복지공장=0.00; 생산품목매칭=0.00; 부정당제재=-0.00; 현재제재여부=-0.00
172,21.587,403,4015151301,수중펌프,4018140669,4018140669,(유)신성시엔시,0.0,0.0,26.0,7.0,2025-12-29,94499018,2456974470.0,0.0,,0.0,,원천_사업자번호집계,현재 후보 목록 기준 정책인증 확정 매칭 없음,0.0,0.0,0.0,,,,,,,,0.0,0.0,0.0,0.0,,,,,,,,,,,,,,,,,,,대표물품=0.00; 제조업체=0.00; 낙찰건수=9.88; 최근낙찰건수=5.95; 낙찰금액합계=5.76; 창업기업=0.00; 사회적기업=0.00; 사회적협동조합=0.00; 장애인표준사업장=0.00; 공공구매인증서=0.00; 자활용사촌복지공장=0.00; 생산품목매칭=0.00; 부정당제재=-0.00; 현재제재여부=-0.00
173,21.2609,71,4111331901,기타수질분석기,6200244688,6200244688,피앤에스,0.0,0.0,27.0,7.0,2025-12-16,57859277,1562200488.0,0.0,0,0.0,,원천_사업자번호집계,현재 후보 목록 기준 정책인증 확정 매칭 없음,0.0,0.0,0.0,,,0.523923,15,16.0291,31,150.0,0.0,0.0,0.0,0.0,,,0,0,0,0,50,12,2,50,12,36.0,4.0,4.0,143.0,0.0,1.0,3.0,대표물품=0.00; 제조업체=0.00; 낙찰건수=10.12; 최근낙찰건수=5.95; 낙찰금액합계=5.19; 창업기업=0.00; 사회적기업=0.00; 사회적협동조합=0.00; 장애인표준사업장=0.00; 공공구매인증서=0.00; 자활용사촌복지공장=0.00; 생산품목매칭=0.00; 부정당제재=-0.00; 현재제재여부=-0.00
174,21.1951,31,4710160801,유기응집제,1312045032,1312045032,툴데포,0.0,0.0,27.0,6.0,2025-12-12,74542994,2012660840.0,0.0,0,0.0,,원천_사업자번호집계,현재 후보 목록 기준 정책인증 확정 매칭 없음,0.0,0.0,0.0,,,0.342113,21,16.3453,39,148.0,0.0,0.0,0.0,0.0,,,0,0,0,0,50,14,1,50,14,116.0,6.0,2.0,1247.0,0.0,0.0,3.0,대표물품=0.00; 제조업체=0.00; 낙찰건수=10.12; 최근낙찰건수=5.57; 낙찰금액합계=5.51; 창업기업=0.00; 사회적기업=0.00; 사회적협동조합=0.00; 장애인표준사업장=0.00; 공공구매인증서=0.00; 자활용사촌복지공장=0.00; 생산품목매칭=0.00; 부정당제재=-0.00; 현재제재여부=-0.00
175,21.1951,360,4111250101,유량계,1312045032,1312045032,툴데포,0.0,0.0,27.0,6.0,2025-12-12,74542994,2012660840.0,0.0,,0.0,,원천_사업자번호집계,현재 후보 목록 기준 정책인증 확정 매칭 없음,0.0,0.0,0.0,,,,,,,,0.0,0.0,0.0,0.0,,,,,,,,,,,,,,,,,,,대표물품=0.00; 제조업체=0.00; 낙찰건수=10.12; 최근낙찰건수=5.57; 낙찰금액합계=5.51; 창업기업=0.00; 사회적기업=0.00; 사회적협동조합=0.00; 장애인표준사업장=0.00; 공공구매인증서=0.00; 자활용사촌복지공장=0.00; 생산품목매칭=0.00; 부정당제재=-0.00; 현재제재여부=-0.00
176,21.1887,117,4016150601,여과장치,8578100569,8578100569,(주)제이인터내셔날,0.0,0.0,28.0,3.0,2025-09-17,214370680,6002379050.0,0.0,0,0.0,,원천_사업자번호집계,현재 후보 목록 기준 정책인증 확정 매칭 없음,0.0,0.0,0.0,,,0.068872,29,17.1958,25,242.0,0.0,0.0,0.0,0.0,,,0,0,0,0,50,9,6,50,9,239.0,10.0,2.0,1124.0,0.0,0.0,1.0,대표물품=0.00; 제조업체=0.00; 낙찰건수=10.35; 최근낙찰건수=3.96; 낙찰금액합계=6.87; 창업기업=0.00; 사회적기업=0.00; 사회적협동조합=0.00; 장애인표준사업장=0.00; 공공구매인증서=0.00; 자활용사촌복지공장=0.00; 생산품목매칭=0.00; 부정당제재=-0.00; 현재제재여부=-0.00
177,21.0749,211,4710169801,수처리용여과재,6068659002,6068659002,(주)씨앤씨솔루션,0.0,0.0,28.0,5.0,2025-12-26,77263891,2163388938.0,0.0,,0.0,,원천_사업자번호집계,현재 후보 목록 기준 정책인증 확정 매칭 없음,0.0,0.0,0.0,,,,,,,,0.0,0.0,0.0,0.0,,,,,,,,,,,,,,,,,,,대표물품=0.00; 제조업체=0.00; 낙찰건수=10.35; 최근낙찰건수=5.12; 낙찰금액합계=5.60; 창업기업=0.00; 사회적기업=0.00; 사회적협동조합=0.00; 장애인표준사업장=0.00; 공공구매인증서=0.00; 자활용사촌복지공장=0.00; 생산품목매칭=0.00; 부정당제재=-0.00; 현재제재여부=-0.00
178,20.9368,18,4710160801,유기응집제,8918101078,8918101078,알파유통 주식회사,0.0,0.0,33.0,4.0,2025-09-23,38581371,1273185234.8,0.0,0,0.0,,원천_사업자번호집계,현재 후보 목록 기준 정책인증 확정 매칭 없음,0.0,0.0,0.0,,,0.262145,42,17.8207,33,228.0,0.0,0.0,0.0,0.0,,,0,0,0,0,50,14,1,50,14,986.0,7.0,4.0,1111.0,0.0,0.0,3.0,대표물품=0.00; 제조업체=0.00; 낙찰건수=11.39; 최근낙찰건수=4.60; 낙찰금액합계=4.94; 창업기업=0.00; 사회적기업=0.00; 사회적협동조합=0.00; 장애인표준사업장=0.00; 공공구매인증서=0.00; 자활용사촌복지공장=0.00; 생산품목매칭=0.00; 부정당제재=-0.00; 현재제재여부=-0.00
179,20.8544,27,4710160801,유기응집제,3791601089,3791601089,수미테크,0.0,0.0,29.0,5.0,2025-11-05,52299541,1516686684.0,0.0,0,0.0,,원천_사업자번호집계,현재 후보 목록 기준 정책인증 확정 매칭 없음,0.0,0.0,0.0,,,0.275772,36,16.7196,38,186.0,0.0,0.0,0.0,0.0,,,0,0,0,0,50,14,1,50,14,38.0,3.0,1.0,1229.0,0.0,0.0,2.0,대표물품=0.00; 제조업체=0.00; 낙찰건수=10.57; 최근낙찰건수=5.12; 낙찰금액합계=5.16; 창업기업=0.00; 사회적기업=0.00; 사회적협동조합=0.00; 장애인표준사업장=0.00; 공공구매인증서=0.00; 자활용사촌복지공장=0.00; 생산품목매칭=0.00; 부정당제재=-0.00; 현재제재여부=-0.00
180,20.78,215,4710169801,수처리용여과재,6835400773,6835400773,삼우,0.0,0.0,26.0,8.0,2025-12-17,37785993,982435810.0,0.0,,0.0,,원천_사업자번호집계,현재 후보 목록 기준 정책인증 확정 매칭 없음,0.0,0.0,0.0,,,,,,,,0.0,0.0,0.0,0.0,,,,,,,,,,,,,,,,,,,대표물품=0.00; 제조업체=0.00; 낙찰건수=9.88; 최근낙찰건수=6.28; 낙찰금액합계=4.62; 창업기업=0.00; 사회적기업=0.00; 사회적협동조합=0.00; 장애인표준사업장=0.00; 공공구매인증서=0.00; 자활용사촌복지공장=0.00; 생산품목매칭=0.00; 부정당제재=-0.00; 현재제재여부=-0.00
181,20.6196,214,4710169801,수처리용여과재,1698101874,1698101874,(유)아성개발,0.0,0.0,26.0,6.0,2025-12-31,59107380,1536791890.0,0.0,,0.0,,원천_사업자번호집계,현재 후보 목록 기준 정책인증 확정 매칭 없음,0.0,0.0,0.0,,,,,,,,0.0,0.0,0.0,0.0,,,,,,,,,,,,,,,,,,,대표물품=0.00; 제조업체=0.00; 낙찰건수=9.88; 최근낙찰건수=5.57; 낙찰금액합계=5.17; 창업기업=0.00; 사회적기업=0.00; 사회적협동조합=0.00; 장애인표준사업장=0.00; 공공구매인증서=0.00; 자활용사촌복지공장=0.00; 생산품목매칭=0.00; 부정당제재=-0.00; 현재제재여부=-0.00
182,20.534,330,4010160101,송풍기,2068693703,2068693703,(주)원포인트 듀오,0.0,0.0,23.0,9.0,2025-12-24,51209869,1177826983.12,0.0,,0.0,,원천_사업자번호집계,현재 후보 목록 기준 정책인증 확정 매칭 없음,0.0,0.0,0.0,,,,,,,,0.0,0.0,0.0,0.0,,,,,,,,,,,,,,,,,,,대표물품=0.00; 제조업체=0.00; 낙찰건수=9.11; 최근낙찰건수=6.59; 낙찰금액합계=4.84; 창업기업=0.00; 사회적기업=0.00; 사회적협동조합=0.00; 장애인표준사업장=0.00; 공공구매인증서=0.00; 자활용사촌복지공장=0.00; 생산품목매칭=0.00; 부정당제재=-0.00; 현재제재여부=-0.00
183,20.5085,209,4710169801,수처리용여과재,1700702117,1700702117,에스앤디,0.0,0.0,30.0,5.0,2025-12-01,32241101,967233030.0,0.0,,0.0,,원천_사업자번호집계,현재 후보 목록 기준 정책인증 확정 매칭 없음,0.0,0.0,0.0,,,,,,,,0.0,0.0,0.0,0.0,,,,,,,,,,,,,,,,,,,대표물품=0.00; 제조업체=0.00; 낙찰건수=10.79; 최근낙찰건수=5.12; 낙찰금액합계=4.60; 창업기업=0.00; 사회적기업=0.00; 사회적협동조합=0.00; 장애인표준사업장=0.00; 공공구매인증서=0.00; 자활용사촌복지공장=0.00; 생산품목매칭=0.00; 부정당제재=-0.00; 현재제재여부=-0.00
184,20.168,318,4010160101,송풍기,3328802499,3328802499,주식회사 루트텍,0.0,0.0,35.0,2.0,2025-05-30,46886168,1641015863.0,0.0,,0.0,,원천_사업자번호집계,현재 후보 목록 기준 정책인증 확정 매칭 없음,0.0,0.0,0.0,,,,,,,,0.0,0.0,0.0,0.0,,,,,,,,,,,,,,,,,,,대표물품=0.00; 제조업체=0.00; 낙찰건수=11.77; 최근낙찰건수=3.14; 낙찰금액합계=5.26; 창업기업=0.00; 사회적기업=0.00; 사회적협동조합=0.00; 장애인표준사업장=0.00; 공공구매인증서=0.00; 자활용사촌복지공장=0.00; 생산품목매칭=0.00; 부정당제재=-0.00; 현재제재여부=-0.00
185,20.168,356,4111250101,유량계,3328802499,3328802499,주식회사 루트텍,0.0,0.0,35.0,2.0,2025-05-30,46886168,1641015863.0,0.0,,0.0,,원천_사업자번호집계,현재 후보 목록 기준 정책인증 확정 매칭 없음,0.0,0.0,0.0,,,,,,,,0.0,0.0,0.0,0.0,,,,,,,,,,,,,,,,,,,대표물품=0.00; 제조업체=0.00; 낙찰건수=11.77; 최근낙찰건수=3.14; 낙찰금액합계=5.26; 창업기업=0.00; 사회적기업=0.00; 사회적협동조합=0.00; 장애인표준사업장=0.00; 공공구매인증서=0.00; 자활용사촌복지공장=0.00; 생산품목매칭=0.00; 부정당제재=-0.00; 현재제재여부=-0.00
186,20.168,455,4014169401,제수밸브,3328802499,3328802499,주식회사 루트텍,0.0,0.0,35.0,2.0,2025-05-30,46886168,1641015863.0,0.0,,0.0,,원천_사업자번호집계,현재 후보 목록 기준 정책인증 확정 매칭 없음,0.0,0.0,0.0,,,,,,,,0.0,0.0,0.0,0.0,,,,,,,,,,,,,,,,,,,대표물품=0.00; 제조업체=0.00; 낙찰건수=11.77; 최근낙찰건수=3.14; 낙찰금액합계=5.26; 창업기업=0.00; 사회적기업=0.00; 사회적협동조합=0.00; 장애인표준사업장=0.00; 공공구매인증서=0.00; 자활용사촌복지공장=0.00; 생산품목매칭=0.00; 부정당제재=-0.00; 현재제재여부=-0.00
187,20.1228,170,4710160802,무기응집제,2903101270,2903101270,다인에스티,0.0,0.0,21.0,9.0,2025-11-03,63779850,1339376860.0,0.0,,0.0,,원천_사업자번호집계,현재 후보 목록 기준 정책인증 확정 매칭 없음,0.0,0.0,0.0,,,,,,,,0.0,0.0,0.0,0.0,,,,,,,,,,,,,,,,,,,대표물품=0.00; 제조업체=0.00; 낙찰건수=8.54; 최근낙찰건수=6.59; 낙찰금액합계=5.00; 창업기업=0.00; 사회적기업=0.00; 사회적협동조합=0.00; 장애인표준사업장=0.00; 공공구매인증서=0.00; 자활용사촌복지공장=0.00; 생산품목매칭=0.00; 부정당제재=-0.00; 현재제재여부=-0.00
188,20.1228,221,4710169801,수처리용여과재,2903101270,2903101270,다인에스티,0.0,0.0,21.0,9.0,2025-11-03,63779850,1339376860.0,0.0,,0.0,,원천_사업자번호집계,현재 후보 목록 기준 정책인증 확정 매칭 없음,0.0,0.0,0.0,,,,,,,,0.0,0.0,0.0,0.0,,,,,,,,,,,,,,,,,,,대표물품=0.00; 제조업체=0.00; 낙찰건수=8.54; 최근낙찰건수=6.59; 낙찰금액합계=5.00; 창업기업=0.00; 사회적기업=0.00; 사회적협동조합=0.00; 장애인표준사업장=0.00; 공공구매인증서=0.00; 자활용사촌복지공장=0.00; 생산품목매칭=0.00; 부정당제재=-0.00; 현재제재여부=-0.00
189,20.1044,179,4710160802,무기응집제,5038128637,5038128637,(주)로얄정공,0.0,0.0,16.0,7.0,2025-10-22,534540705,8552651274.0,0.0,,0.0,,원천_사업자번호집계,현재 후보 목록 기준 정책인증 확정 매칭 없음,0.0,0.0,0.0,,,,,,,,0.0,0.0,0.0,0.0,,,,,,,,,,,,,,,,,,,대표물품=0.00; 제조업체=0.00; 낙찰건수=6.84; 최근낙찰건수=5.95; 낙찰금액합계=7.32; 창업기업=0.00; 사회적기업=0.00; 사회적협동조합=0.00; 장애인표준사업장=0.00; 공공구매인증서=0.00; 자활용사촌복지공장=0.00; 생산품목매칭=0.00; 부정당제재=-0.00; 현재제재여부=-0.00
190,20.0974,121,4016150601,여과장치,1138196062,1138196062,주식회사 케이에스엔텍,0.0,0.0,26.0,4.0,2025-10-21,84101429,2186637150.0,0.0,0,0.0,,원천_사업자번호집계,현재 후보 목록 기준 정책인증 확정 매칭 없음,0.0,0.0,0.0,,,0.074498,26,15.1824,28,200.0,0.0,0.0,0.0,0.0,,,0,0,0,0,50,9,6,50,9,119.0,9.0,3.0,1124.0,0.0,0.0,2.0,대표물품=0.00; 제조업체=0.00; 낙찰건수=9.88; 최근낙찰건수=4.60; 낙찰금액합계=5.61; 창업기업=0.00; 사회적기업=0.00; 사회적협동조합=0.00; 장애인표준사업장=0.00; 공공구매인증서=0.00; 자활용사촌복지공장=0.00; 생산품목매칭=0.00; 부정당제재=-0.00; 현재제재여부=-0.00
191,20.0974,165,4710160802,무기응집제,1138196062,1138196062,주식회사 케이에스엔텍,0.0,0.0,26.0,4.0,2025-10-21,84101429,2186637150.0,0.0,,0.0,,원천_사업자번호집계,현재 후보 목록 기준 정책인증 확정 매칭 없음,0.0,0.0,0.0,,,,,,,,0.0,0.0,0.0,0.0,,,,,,,,,,,,,,,,,,,대표물품=0.00; 제조업체=0.00; 낙찰건수=9.88; 최근낙찰건수=4.60; 낙찰금액합계=5.61; 창업기업=0.00; 사회적기업=0.00; 사회적협동조합=0.00; 장애인표준사업장=0.00; 공공구매인증서=0.00; 자활용사촌복지공장=0.00; 생산품목매칭=0.00; 부정당제재=-0.00; 현재제재여부=-0.00
192,19.9531,329,4010160101,송풍기,5323701365,5323701365,케이엘컴퍼니,0.0,0.0,25.0,5.0,2025-12-15,62582238,1564555950.0,0.0,,0.0,,원천_사업자번호집계,현재 후보 목록 기준 정책인증 확정 매칭 없음,0.0,0.0,0.0,,,,,,,,0.0,0.0,0.0,0.0,,,,,,,,,,,,,,,,,,,대표물품=0.00; 제조업체=0.00; 낙찰건수=9.63; 최근낙찰건수=5.12; 낙찰금액합계=5.20; 창업기업=0.00; 사회적기업=0.00; 사회적협동조합=0.00; 장애인표준사업장=0.00; 공공구매인증서=0.00; 자활용사촌복지공장=0.00; 생산품목매칭=0.00; 부정당제재=-0.00; 현재제재여부=-0.00
193,19.8604,28,4710160801,유기응집제,7800601918,7800601918,서울우유안동급식고객센터,0.0,0.0,29.0,7.0,2025-12-23,12195430,353667473.47,0.0,0,0.0,,원천_사업자번호집계,현재 후보 목록 기준 정책인증 확정 매칭 없음,0.0,0.0,0.0,,,0.571529,3,14.9028,42,137.0,0.0,0.0,0.0,0.0,,,0,0,0,0,50,14,1,50,14,12.0,1.0,1.0,508.0,0.0,0.0,3.0,대표물품=0.00; 제조업체=0.00; 낙찰건수=10.57; 최근낙찰건수=5.95; 낙찰금액합계=3.34; 창업기업=0.00; 사회적기업=0.00; 사회적협동조합=0.00; 장애인표준사업장=0.00; 공공구매인증서=0.00; 자활용사촌복지공장=0.00; 생산품목매칭=0.00; 부정당제재=-0.00; 현재제재여부=-0.00
194,19.8371,32,4710160801,유기응집제,4108632912,4108632912,유한회사 창해,0.0,0.0,27.0,4.0,2025-08-27,54284606,1465684372.94,0.0,0,0.0,,원천_사업자번호집계,현재 후보 목록 기준 정책인증 확정 매칭 없음,0.0,0.0,0.0,,,0.258654,45,15.0666,41,257.0,0.0,0.0,0.0,0.0,,,0,0,0,0,50,14,1,50,14,220.0,9.0,3.0,1250.0,0.0,0.0,2.0,대표물품=0.00; 제조업체=0.00; 낙찰건수=10.12; 최근낙찰건수=4.60; 낙찰금액합계=5.11; 창업기업=0.00; 사회적기업=0.00; 사회적협동조합=0.00; 장애인표준사업장=0.00; 공공구매인증서=0.00; 자활용사촌복지공장=0.00; 생산품목매칭=0.00; 부정당제재=-0.00; 현재제재여부=-0.00
195,19.8309,196,4710160802,무기응집제,2218116734,2218116734,(주)용두애브컴,1.0,0.0,11.0,5.0,2025-11-21,137410952,1511520470.0,0.0,,0.0,,원천_사업자번호집계,현재 후보 목록 기준 정책인증 확정 매칭 없음,0.0,0.0,0.0,,,,,,,,0.0,0.0,0.0,0.0,,,,,,,,,,,,,,,,,,,대표물품=5.00; 제조업체=0.00; 낙찰건수=4.55; 최근낙찰건수=5.12; 낙찰금액합계=5.15; 창업기업=0.00; 사회적기업=0.00; 사회적협동조합=0.00; 장애인표준사업장=0.00; 공공구매인증서=0.00; 자활용사촌복지공장=0.00; 생산품목매칭=0.00; 부정당제재=-0.00; 현재제재여부=-0.00
196,19.8193,45,4710160801,유기응집제,1222645933,1222645933,디자인 청호,0.0,0.0,22.0,4.0,2025-10-10,184999255,4069983618.0,0.0,0,0.0,,원천_사업자번호집계,현재 후보 목록 기준 정책인증 확정 매칭 없음,0.0,0.0,0.0,,,0.284697,35,15.8351,40,226.0,0.0,0.0,0.0,0.0,,,0,0,0,0,50,14,1,50,14,118.0,3.0,1.0,1248.0,0.0,0.0,4.0,대표물품=0.00; 제조업체=0.00; 낙찰건수=8.83; 최근낙찰건수=4.60; 낙찰금액합계=6.39; 창업기업=0.00; 사회적기업=0.00; 사회적협동조합=0.00; 장애인표준사업장=0.00; 공공구매인증서=0.00; 자활용사촌복지공장=0.00; 생산품목매칭=0.00; 부정당제재=-0.00; 현재제재여부=-0.00
197,19.8193,457,4014169401,제수밸브,1222645933,1222645933,디자인 청호,0.0,0.0,22.0,4.0,2025-10-10,184999255,4069983618.0,0.0,,0.0,,원천_사업자번호집계,현재 후보 목록 기준 정책인증 확정 매칭 없음,0.0,0.0,0.0,,,,,,,,0.0,0.0,0.0,0.0,,,,,,,,,,,,,,,,,,,대표물품=0.00; 제조업체=0.00; 낙찰건수=8.83; 최근낙찰건수=4.60; 낙찰금액합계=6.39; 창업기업=0.00; 사회적기업=0.00; 사회적협동조합=0.00; 장애인표준사업장=0.00; 공공구매인증서=0.00; 자활용사촌복지공장=0.00; 생산품목매칭=0.00; 부정당제재=-0.00; 현재제재여부=-0.00
198,19.8104,172,4710160802,무기응집제,4018700204,4018700204,(주)도원에코텍,0.0,0.0,20.0,5.0,2025-04-17,214778742,4295574843.51,0.0,,0.0,,원천_사업자번호집계,현재 후보 목록 기준 정책인증 확정 매칭 없음,0.0,0.0,0.0,,,,,,,,0.0,0.0,0.0,0.0,,,,,,,,,,,,,,,,,,,대표물품=0.00; 제조업체=0.00; 낙찰건수=8.23; 최근낙찰건수=5.12; 낙찰금액합계=6.46; 창업기업=0.00; 사회적기업=0.00; 사회적협동조합=0.00; 장애인표준사업장=0.00; 공공구매인증서=0.00; 자활용사촌복지공장=0.00; 생산품목매칭=0.00; 부정당제재=-0.00; 현재제재여부=-0.00
199,19.7508,265,4015150501,정량펌프,8660501030,8660501030,서이과학교육,1.0,0.0,14.0,3.0,2025-11-27,79218672,1109061412.0,0.0,,0.0,,원천_사업자번호집계,현재 후보 목록 기준 정책인증 확정 매칭 없음,0.0,0.0,0.0,,,,,,,,0.0,0.0,0.0,0.0,,,,,,,,,,,,,,,,,,,대표물품=5.00; 제조업체=0.00; 낙찰건수=6.02; 최근낙찰건수=3.96; 낙찰금액합계=4.77; 창업기업=0.00; 사회적기업=0.00; 사회적협동조합=0.00; 장애인표준사업장=0.00; 공공구매인증서=0.00; 자활용사촌복지공장=0.00; 생산품목매칭=0.00; 부정당제재=-0.00; 현재제재여부=-0.00
200,19.6633,75,4111331901,기타수질분석기,4181202459,4181202459,아이들문구,0.0,0.0,25.0,5.0,2025-07-29,49613056,1240326395.0,0.0,0,0.0,,원천_사업자번호집계,현재 후보 목록 기준 정책인증 확정 매칭 없음,0.0,0.0,0.0,,,0.181999,41,12.8325,37,289.0,0.0,0.0,0.0,0.0,,,0,0,0,0,50,12,2,50,12,118.0,28.0,12.0,1112.0,0.0,0.0,1.0,대표물품=0.00; 제조업체=0.00; 낙찰건수=9.63; 최근낙찰건수=5.12; 낙찰금액합계=4.91; 창업기업=0.00; 사회적기업=0.00; 사회적협동조합=0.00; 장애인표준사업장=0.00; 공공구매인증서=0.00; 자활용사촌복지공장=0.00; 생산품목매칭=0.00; 부정당제재=-0.00; 현재제재여부=-0.00
201,19.6404,112,4016150601,여과장치,6671900936,6671900936,제이디아이(JDI),0.0,0.0,32.0,3.0,2025-10-13,27473075,879138387.0,0.0,0,0.0,,원천_사업자번호집계,현재 후보 목록 기준 정책인증 확정 매칭 없음,0.0,0.0,0.0,,,0.056201,41,16.1609,27,225.0,0.0,0.0,0.0,0.0,,,0,0,0,0,50,9,6,50,9,299.0,20.0,3.0,1125.0,0.0,0.0,2.0,대표물품=0.00; 제조업체=0.00; 낙찰건수=11.20; 최근낙찰건수=3.96; 낙찰금액합계=4.48; 창업기업=0.00; 사회적기업=0.00; 사회적협동조합=0.00; 장애인표준사업장=0.00; 공공구매인증서=0.00; 자활용사촌복지공장=0.00; 생산품목매칭=0.00; 부정당제재=-0.00; 현재제재여부=-0.00
202,19.6404,322,4010160101,송풍기,6671900936,6671900936,제이디아이(JDI),0.0,0.0,32.0,3.0,2025-10-13,27473075,879138387.0,0.0,,0.0,,원천_사업자번호집계,현재 후보 목록 기준 정책인증 확정 매칭 없음,0.0,0.0,0.0,,,,,,,,0.0,0.0,0.0,0.0,,,,,,,,,,,,,,,,,,,대표물품=0.00; 제조업체=0.00; 낙찰건수=11.20; 최근낙찰건수=3.96; 낙찰금액합계=4.48; 창업기업=0.00; 사회적기업=0.00; 사회적협동조합=0.00; 장애인표준사업장=0.00; 공공구매인증서=0.00; 자활용사촌복지공장=0.00; 생산품목매칭=0.00; 부정당제재=-0.00; 현재제재여부=-0.00
203,19.5424,40,4710160801,유기응집제,1074471440,1074471440,선경에스엔티,0.0,0.0,25.0,5.0,2025-10-30,45028510,1125712758.0,0.0,0,0.0,,원천_사업자번호집계,현재 후보 목록 기준 정책인증 확정 매칭 없음,0.0,0.0,0.0,,,0.517845,6,13.956,44,191.0,0.0,0.0,0.0,0.0,,,0,0,0,0,50,14,1,50,14,3.0,1.0,1.0,750.0,0.0,0.0,2.0,대표물품=0.00; 제조업체=0.00; 낙찰건수=9.63; 최근낙찰건수=5.12; 낙찰금액합계=4.79; 창업기업=0.00; 사회적기업=0.00; 사회적협동조합=0.00; 장애인표준사업장=0.00; 공공구매인증서=0.00; 자활용사촌복지공장=0.00; 생산품목매칭=0.00; 부정당제재=-0.00; 현재제재여부=-0.00
204,19.5347,327,4010160101,송풍기,2166700331,2166700331,디오세이프티(DO SAFETY),0.0,0.0,26.0,4.0,2025-12-04,53578864,1393050453.0,0.0,,0.0,,원천_사업자번호집계,현재 후보 목록 기준 정책인증 확정 매칭 없음,0.0,0.0,0.0,,,,,,,,0.0,0.0,0.0,0.0,,,,,,,,,,,,,,,,,,,대표물품=0.00; 제조업체=0.00; 낙찰건수=9.88; 최근낙찰건수=4.60; 낙찰금액합계=5.05; 창업기업=0.00; 사회적기업=0.00; 사회적협동조합=0.00; 장애인표준사업장=0.00; 공공구매인증서=0.00; 자활용사촌복지공장=0.00; 생산품목매칭=0.00; 부정당제재=-0.00; 현재제재여부=-0.00
205,19.4346,80,4111331901,기타수질분석기,1322366711,1322366711,드림팩토리,0.0,0.0,22.0,6.0,2025-12-23,62861016,1382942351.56,0.0,0,0.0,,원천_사업자번호집계,현재 후보 목록 기준 정책인증 확정 매칭 없음,0.0,0.0,0.0,,,0.234124,31,13.8033,34,137.0,0.0,0.0,0.0,0.0,,,0,0,0,0,50,12,2,50,12,125.0,23.0,15.0,159.0,0.0,0.0,3.0,대표물품=0.00; 제조업체=0.00; 낙찰건수=8.83; 최근낙찰건수=5.57; 낙찰금액합계=5.04; 창업기업=0.00; 사회적기업=0.00; 사회적협동조합=0.00; 장애인표준사업장=0.00; 공공구매인증서=0.00; 자활용사촌복지공장=0.00; 생산품목매칭=0.00; 부정당제재=-0.00; 현재제재여부=-0.00
206,19.3946,324,4010160101,송풍기,7254000347,7254000347,마린아트,0.0,0.0,28.0,3.0,2025-08-25,50904524,1425326674.0,0.0,,0.0,,원천_사업자번호집계,현재 후보 목록 기준 정책인증 확정 매칭 없음,0.0,0.0,0.0,,,,,,,,0.0,0.0,0.0,0.0,,,,,,,,,,,,,,,,,,,대표물품=0.00; 제조업체=0.00; 낙찰건수=10.35; 최근낙찰건수=3.96; 낙찰금액합계=5.08; 창업기업=0.00; 사회적기업=0.00; 사회적협동조합=0.00; 장애인표준사업장=0.00; 공공구매인증서=0.00; 자활용사촌복지공장=0.00; 생산품목매칭=0.00; 부정당제재=-0.00; 현재제재여부=-0.00
207,19.2995,227,4710169801,수처리용여과재,7608100625,7608100625,대신이엔텍 주식회사,0.0,0.0,17.0,6.0,2025-11-18,265300281,4510104784.0,0.0,,0.0,,원천_사업자번호집계,현재 후보 목록 기준 정책인증 확정 매칭 없음,0.0,0.0,0.0,,,,,,,,0.0,0.0,0.0,0.0,,,,,,,,,,,,,,,,,,,대표물품=0.00; 제조업체=0.00; 낙찰건수=7.22; 최근낙찰건수=5.57; 낙찰금액합계=6.52; 창업기업=0.00; 사회적기업=0.00; 사회적협동조합=0.00; 장애인표준사업장=0.00; 공공구매인증서=0.00; 자활용사촌복지공장=0.00; 생산품목매칭=0.00; 부정당제재=-0.00; 현재제재여부=-0.00
208,19.2259,166,4710160802,무기응집제,7390302693,7390302693,대한시스텍,0.0,0.0,23.0,6.0,2025-09-23,40656528,935100143.0,0.0,,0.0,,원천_사업자번호집계,현재 후보 목록 기준 정책인증 확정 매칭 없음,0.0,0.0,0.0,,,,,,,,0.0,0.0,0.0,0.0,,,,,,,,,,,,,,,,,,,대표물품=0.00; 제조업체=0.00; 낙찰건수=9.11; 최근낙찰건수=5.57; 낙찰금액합계=4.55; 창업기업=0.00; 사회적기업=0.00; 사회적협동조합=0.00; 장애인표준사업장=0.00; 공공구매인증서=0.00; 자활용사촌복지공장=0.00; 생산품목매칭=0.00; 부정당제재=-0.00; 현재제재여부=-0.00
209,19.0707,50,4710160801,유기응집제,1138163993,1138163993,한성중공업(주),0.0,0.0,21.0,3.0,2025-04-17,224177400,4707725406.0,0.0,0,0.0,,원천_사업자번호집계,현재 후보 목록 기준 정책인증 확정 매칭 없음,0.0,0.0,0.0,,,0.378874,15,10.6083,49,388.0,0.0,0.0,0.0,0.0,,,0,0,0,0,50,14,1,50,14,7.0,1.0,1.0,750.0,0.0,0.0,0.0,대표물품=0.00; 제조업체=0.00; 낙찰건수=8.54; 최근낙찰건수=3.96; 낙찰금액합계=6.57; 창업기업=0.00; 사회적기업=0.00; 사회적협동조합=0.00; 장애인표준사업장=0.00; 공공구매인증서=0.00; 자활용사촌복지공장=0.00; 생산품목매칭=0.00; 부정당제재=-0.00; 현재제재여부=-0.00
210,19.0447,120,4016150601,여과장치,6231501484,6231501484,다온상사,0.0,0.0,26.0,2.0,2025-06-09,116656691,3033073957.0,0.0,0,0.0,,원천_사업자번호집계,현재 후보 목록 기준 정책인증 확정 매칭 없음,0.0,0.0,0.0,,,0.069993,28,14.3462,29,354.0,0.0,0.0,0.0,0.0,,,0,0,0,0,50,9,6,50,9,140.0,7.0,4.0,1124.0,0.0,0.0,1.0,대표물품=0.00; 제조업체=0.00; 낙찰건수=9.88; 최근낙찰건수=3.14; 낙찰금액합계=6.02; 창업기업=0.00; 사회적기업=0.00; 사회적협동조합=0.00; 장애인표준사업장=0.00; 공공구매인증서=0.00; 자활용사촌복지공장=0.00; 생산품목매칭=0.00; 부정당제재=-0.00; 현재제재여부=-0.00
211,19.0059,219,4710169801,수처리용여과재,1982100388,1982100388,제이케이컴퍼니,0.0,0.0,21.0,4.0,2025-09-25,127622019,2680062394.79,0.0,,0.0,,원천_사업자번호집계,현재 후보 목록 기준 정책인증 확정 매칭 없음,0.0,0.0,0.0,,,,,,,,0.0,0.0,0.0,0.0,,,,,,,,,,,,,,,,,,,대표물품=0.00; 제조업체=0.00; 낙찰건수=8.54; 최근낙찰건수=4.60; 낙찰금액합계=5.87; 창업기업=0.00; 사회적기업=0.00; 사회적협동조합=0.00; 장애인표준사업장=0.00; 공공구매인증서=0.00; 자활용사촌복지공장=0.00; 생산품목매칭=0.00; 부정당제재=-0.00; 현재제재여부=-0.00
212,18.9905,363,4111250101,유량계,8612101471,8612101471,테라물라,0.0,0.0,19.0,6.0,2025-12-25,106418000,2021942000.0,0.0,,0.0,,원천_사업자번호집계,현재 후보 목록 기준 정책인증 확정 매칭 없음,0.0,0.0,0.0,,,,,,,,0.0,0.0,0.0,0.0,,,,,,,,,,,,,,,,,,,대표물품=0.00; 제조업체=0.00; 낙찰건수=7.91; 최근낙찰건수=5.57; 낙찰금액합계=5.52; 창업기업=0.00; 사회적기업=0.00; 사회적협동조합=0.00; 장애인표준사업장=0.00; 공공구매인증서=0.00; 자활용사촌복지공장=0.00; 생산품목매칭=0.00; 부정당제재=-0.00; 현재제재여부=-0.00
213,18.9905,405,4015151301,수중펌프,8612101471,8612101471,테라물라,0.0,0.0,19.0,6.0,2025-12-25,106418000,2021942000.0,0.0,,0.0,,원천_사업자번호집계,현재 후보 목록 기준 정책인증 확정 매칭 없음,0.0,0.0,0.0,,,,,,,,0.0,0.0,0.0,0.0,,,,,,,,,,,,,,,,,,,대표물품=0.00; 제조업체=0.00; 낙찰건수=7.91; 최근낙찰건수=5.57; 낙찰금액합계=5.52; 창업기업=0.00; 사회적기업=0.00; 사회적협동조합=0.00; 장애인표준사업장=0.00; 공공구매인증서=0.00; 자활용사촌복지공장=0.00; 생산품목매칭=0.00; 부정당제재=-0.00; 현재제재여부=-0.00
214,18.9259,223,4710169801,수처리용여과재,3978101727,3978101727,디에스엔텍 주식회사,0.0,0.0,20.0,3.0,2025-11-17,267741325,5354826506.0,0.0,,0.0,,원천_사업자번호집계,현재 후보 목록 기준 정책인증 확정 매칭 없음,0.0,0.0,0.0,,,,,,,,0.0,0.0,0.0,0.0,,,,,,,,,,,,,,,,,,,대표물품=0.00; 제조업체=0.00; 낙찰건수=8.23; 최근낙찰건수=3.96; 낙찰금액합계=6.73; 창업기업=0.00; 사회적기업=0.00; 사회적협동조합=0.00; 장애인표준사업장=0.00; 공공구매인증서=0.00; 자활용사촌복지공장=0.00; 생산품목매칭=0.00; 부정당제재=-0.00; 현재제재여부=-0.00
215,18.9135,163,4710160802,무기응집제,8878102928,8878102928,주식회사 제이디폼,0.0,0.0,27.0,2.0,2025-07-23,83500934,2254525225.85,0.0,,0.0,,원천_사업자번호집계,현재 후보 목록 기준 정책인증 확정 매칭 없음,0.0,0.0,0.0,,,,,,,,0.0,0.0,0.0,0.0,,,,,,,,,,,,,,,,,,,대표물품=0.00; 제조업체=0.00; 낙찰건수=10.12; 최근낙찰건수=3.14; 낙찰금액합계=5.65; 창업기업=0.00; 사회적기업=0.00; 사회적협동조합=0.00; 장애인표준사업장=0.00; 공공구매인증서=0.00; 자활용사촌복지공장=0.00; 생산품목매칭=0.00; 부정당제재=-0.00; 현재제재여부=-0.00
216,18.9135,213,4710169801,수처리용여과재,8878102928,8878102928,주식회사 제이디폼,0.0,0.0,27.0,2.0,2025-07-23,83500934,2254525225.85,0.0,,0.0,,원천_사업자번호집계,현재 후보 목록 기준 정책인증 확정 매칭 없음,0.0,0.0,0.0,,,,,,,,0.0,0.0,0.0,0.0,,,,,,,,,,,,,,,,,,,대표물품=0.00; 제조업체=0.00; 낙찰건수=10.12; 최근낙찰건수=3.14; 낙찰금액합계=5.65; 창업기업=0.00; 사회적기업=0.00; 사회적협동조합=0.00; 장애인표준사업장=0.00; 공공구매인증서=0.00; 자활용사촌복지공장=0.00; 생산품목매칭=0.00; 부정당제재=-0.00; 현재제재여부=-0.00
217,18.9135,326,4010160101,송풍기,8878102928,8878102928,주식회사 제이디폼,0.0,0.0,27.0,2.0,2025-07-23,83500934,2254525225.85,0.0,,0.0,,원천_사업자번호집계,현재 후보 목록 기준 정책인증 확정 매칭 없음,0.0,0.0,0.0,,,,,,,,0.0,0.0,0.0,0.0,,,,,,,,,,,,,,,,,,,대표물품=0.00; 제조업체=0.00; 낙찰건수=10.12; 최근낙찰건수=3.14; 낙찰금액합계=5.65; 창업기업=0.00; 사회적기업=0.00; 사회적협동조합=0.00; 장애인표준사업장=0.00; 공공구매인증서=0.00; 자활용사촌복지공장=0.00; 생산품목매칭=0.00; 부정당제재=-0.00; 현재제재여부=-0.00
218,18.8893,96,4111331901,기타수질분석기,2023505919,2023505919,연홍코퍼레이션,0.0,0.0,16.0,13.0,2025-11-10,55980722,895691546.39,0.0,0,0.0,,원천_사업자번호집계,현재 후보 목록 기준 정책인증 확정 매칭 없음,0.0,0.0,0.0,,,0.185488,39,13.4464,36,204.0,0.0,0.0,0.0,0.0,,,0,0,0,0,50,12,2,50,12,268.0,19.0,13.0,269.0,0.0,0.0,9.0,대표물품=0.00; 제조업체=0.00; 낙찰건수=6.84; 최근낙찰건수=7.55; 낙찰금액합계=4.50; 창업기업=0.00; 사회적기업=0.00; 사회적협동조합=0.00; 장애인표준사업장=0.00; 공공구매인증서=0.00; 자활용사촌복지공장=0.00; 생산품목매칭=0.00; 부정당제재=-0.00; 현재제재여부=-0.00
219,18.8312,422,4015151301,수중펌프,3978200633,3978200633,(사)한빛장애인협회 환경사업단,0.0,1.0,8.0,5.0,2025-12-17,385580004,3084640030.0,0.0,,0.0,,원천_사업자번호집계,현재 후보 목록 기준 정책인증 확정 매칭 없음,0.0,0.0,0.0,,,,,,,,0.0,0.0,0.0,0.0,,,,,,,,,,,,,,,,,,,대표물품=0.00; 제조업체=5.00; 낙찰건수=2.66; 최근낙찰건수=5.12; 낙찰금액합계=6.04; 창업기업=0.00; 사회적기업=0.00; 사회적협동조합=0.00; 장애인표준사업장=0.00; 공공구매인증서=0.00; 자활용사촌복지공장=0.00; 생산품목매칭=0.00; 부정당제재=-0.00; 현재제재여부=-0.00
220,18.7704,128,4016150601,여과장치,7117800297,7117800297,한나유통,0.0,0.0,21.0,6.0,2025-12-09,48870578,1026282132.99,0.0,0,0.0,,원천_사업자번호집계,현재 후보 목록 기준 정책인증 확정 매칭 없음,0.0,0.0,0.0,,,0.070531,27,13.6473,30,158.0,0.0,0.0,0.0,0.0,,,0,0,0,0,50,9,6,50,9,355.0,14.0,4.0,1124.0,0.0,0.0,4.0,대표물품=0.00; 제조업체=0.00; 낙찰건수=8.54; 최근낙찰건수=5.57; 낙찰금액합계=4.67; 창업기업=0.00; 사회적기업=0.00; 사회적협동조합=0.00; 장애인표준사업장=0.00; 공공구매인증서=0.00; 자활용사촌복지공장=0.00; 생산품목매칭=0.00; 부정당제재=-0.00; 현재제재여부=-0.00
221,18.6859,77,4111331901,기타수질분석기,2150235895,2150235895,모두사랑,0.0,0.0,24.0,4.0,2025-08-11,44085085,1058042036.0,0.0,0,0.0,,원천_사업자번호집계,현재 후보 목록 기준 정책인증 확정 매칭 없음,0.0,0.0,0.0,,,0.167765,48,13.4652,35,277.0,0.0,0.0,0.0,0.0,,,0,0,0,0,50,12,2,50,12,118.0,29.0,13.0,1112.0,0.0,0.0,2.0,대표물품=0.00; 제조업체=0.00; 낙찰건수=9.37; 최근낙찰건수=4.60; 낙찰금액합계=4.71; 창업기업=0.00; 사회적기업=0.00; 사회적협동조합=0.00; 장애인표준사업장=0.00; 공공구매인증서=0.00; 자활용사촌복지공장=0.00; 생산품목매칭=0.00; 부정당제재=-0.00; 현재제재여부=-0.00
222,18.6592,176,4710160802,무기응집제,1170866553,1170866553,대지come,0.0,0.0,17.0,5.0,2025-12-16,226112973,3843920547.0,0.0,,0.0,,원천_사업자번호집계,현재 후보 목록 기준 정책인증 확정 매칭 없음,0.0,0.0,0.0,,,,,,,,0.0,0.0,0.0,0.0,,,,,,,,,,,,,,,,,,,대표물품=0.00; 제조업체=0.00; 낙찰건수=7.22; 최근낙찰건수=5.12; 낙찰금액합계=6.32; 창업기업=0.00; 사회적기업=0.00; 사회적협동조합=0.00; 장애인표준사업장=0.00; 공공구매인증서=0.00; 자활용사촌복지공장=0.00; 생산품목매칭=0.00; 부정당제재=-0.00; 현재제재여부=-0.00
223,18.6529,240,4710169801,수처리용여과재,6346100764,6346100764,레브,0.0,0.0,13.0,11.0,2025-12-16,225564142,2932333840.0,0.0,,0.0,,원천_사업자번호집계,현재 후보 목록 기준 정책인증 확정 매칭 없음,0.0,0.0,0.0,,,,,,,,0.0,0.0,0.0,0.0,,,,,,,,,,,,,,,,,,,대표물품=0.00; 제조업체=0.00; 낙찰건수=5.57; 최근낙찰건수=7.11; 낙찰금액합계=5.98; 창업기업=0.00; 사회적기업=0.00; 사회적협동조합=0.00; 장애인표준사업장=0.00; 공공구매인증서=0.00; 자활용사촌복지공장=0.00; 생산품목매칭=0.00; 부정당제재=-0.00; 현재제재여부=-0.00
224,18.637,79,4111331901,기타수질분석기,6918600192,6918600192,주식회사 엘티에스바이오,0.0,0.0,22.0,4.0,2025-12-05,71726749,1577988473.0,0.0,0,0.0,,원천_사업자번호집계,현재 후보 목록 기준 정책인증 확정 매칭 없음,0.0,0.0,0.0,,,0.546149,14,14.6528,32,162.0,0.0,0.0,0.0,0.0,,,0,0,0,0,50,12,2,50,12,6.0,5.0,1.0,885.0,0.0,0.0,4.0,대표물품=0.00; 제조업체=0.00; 낙찰건수=8.83; 최근낙찰건수=4.60; 낙찰금액합계=5.21; 창업기업=0.00; 사회적기업=0.00; 사회적협동조합=0.00; 장애인표준사업장=0.00; 공공구매인증서=0.00; 자활용사촌복지공장=0.00; 생산품목매칭=0.00; 부정당제재=-0.00; 현재제재여부=-0.00
225,18.6323,90,4111331901,기타수질분석기,4098116407,4098116407,주식회사탑원산업,0.0,0.0,17.0,5.0,2025-09-03,221300924,3762115711.0,0.0,0,0.0,,원천_사업자번호집계,현재 후보 목록 기준 정책인증 확정 매칭 없음,0.0,0.0,0.0,,,0.35551,22,12.4679,39,249.0,0.0,0.0,0.0,0.0,,,0,0,0,0,50,12,2,50,12,28.0,1.0,1.0,1373.0,0.0,0.0,3.0,대표물품=0.00; 제조업체=0.00; 낙찰건수=7.22; 최근낙찰건수=5.12; 낙찰금액합계=6.29; 창업기업=0.00; 사회적기업=0.00; 사회적협동조합=0.00; 장애인표준사업장=0.00; 공공구매인증서=0.00; 자활용사촌복지공장=0.00; 생산품목매칭=0.00; 부정당제재=-0.00; 현재제재여부=-0.00
226,18.4103,334,4010160101,송풍기,3020561946,3020561946,다옴,0.0,0.0,19.0,6.0,2025-11-07,66847753,1270107300.0,0.0,,0.0,,원천_사업자번호집계,현재 후보 목록 기준 정책인증 확정 매칭 없음,0.0,0.0,0.0,,,,,,,,0.0,0.0,0.0,0.0,,,,,,,,,,,,,,,,,,,대표물품=0.00; 제조업체=0.00; 낙찰건수=7.91; 최근낙찰건수=5.57; 낙찰금액합계=4.94; 창업기업=0.00; 사회적기업=0.00; 사회적협동조합=0.00; 장애인표준사업장=0.00; 공공구매인증서=0.00; 자활용사촌복지공장=0.00; 생산품목매칭=0.00; 부정당제재=-0.00; 현재제재여부=-0.00
227,18.3931,127,4016150601,여과장치,4551701809,4551701809,니즈스토리,0.0,0.0,21.0,5.0,2025-11-18,51422968,1079882319.0,0.0,0,0.0,,원천_사업자번호집계,현재 후보 목록 기준 정책인증 확정 매칭 없음,0.0,0.0,0.0,,,0.055943,44,13.026,31,178.0,0.0,0.0,0.0,0.0,,,0,0,0,0,50,9,6,50,9,742.0,37.0,9.0,1124.0,0.0,0.0,3.0,대표물품=0.00; 제조업체=0.00; 낙찰건수=8.54; 최근낙찰건수=5.12; 낙찰금액합계=4.73; 창업기업=0.00; 사회적기업=0.00; 사회적협동조합=0.00; 장애인표준사업장=0.00; 공공구매인증서=0.00; 자활용사촌복지공장=0.00; 생산품목매칭=0.00; 부정당제재=-0.00; 현재제재여부=-0.00
228,18.3931,171,4710160802,무기응집제,4551701809,4551701809,니즈스토리,0.0,0.0,21.0,5.0,2025-11-18,51422968,1079882319.0,0.0,,0.0,,원천_사업자번호집계,현재 후보 목록 기준 정책인증 확정 매칭 없음,0.0,0.0,0.0,,,,,,,,0.0,0.0,0.0,0.0,,,,,,,,,,,,,,,,,,,대표물품=0.00; 제조업체=0.00; 낙찰건수=8.54; 최근낙찰건수=5.12; 낙찰금액합계=4.73; 창업기업=0.00; 사회적기업=0.00; 사회적협동조합=0.00; 장애인표준사업장=0.00; 공공구매인증서=0.00; 자활용사촌복지공장=0.00; 생산품목매칭=0.00; 부정당제재=-0.00; 현재제재여부=-0.00
229,18.3931,362,4111250101,유량계,4551701809,4551701809,니즈스토리,0.0,0.0,21.0,5.0,2025-11-18,51422968,1079882319.0,0.0,,0.0,,원천_사업자번호집계,현재 후보 목록 기준 정책인증 확정 매칭 없음,0.0,0.0,0.0,,,,,,,,0.0,0.0,0.0,0.0,,,,,,,,,,,,,,,,,,,대표물품=0.00; 제조업체=0.00; 낙찰건수=8.54; 최근낙찰건수=5.12; 낙찰금액합계=4.73; 창업기업=0.00; 사회적기업=0.00; 사회적협동조합=0.00; 장애인표준사업장=0.00; 공공구매인증서=0.00; 자활용사촌복지공장=0.00; 생산품목매칭=0.00; 부정당제재=-0.00; 현재제재여부=-0.00
230,18.3489,384,4111250101,유량계,1248137874,1248137874,한양이엔지 주식회사,0.0,0.0,11.0,4.0,2025-12-19,3498444342,38482887761.0,0.0,,0.0,,원천_사업자번호집계,현재 후보 목록 기준 정책인증 확정 매칭 없음,0.0,0.0,0.0,,,,,,,,0.0,0.0,0.0,0.0,,,,,,,,,,,,,,,,,,,대표물품=0.00; 제조업체=0.00; 낙찰건수=4.55; 최근낙찰건수=4.60; 낙찰금액합계=9.19; 창업기업=0.00; 사회적기업=0.00; 사회적협동조합=0.00; 장애인표준사업장=0.00; 공공구매인증서=0.00; 자활용사촌복지공장=0.00; 생산품목매칭=0.00; 부정당제재=-0.00; 현재제재여부=-0.00
231,18.3316,461,4014169401,제수밸브,6068623843,6068623843,주식회사 태원엠티,0.0,0.0,18.0,6.0,2025-11-04,86782500,1562085006.0,0.0,,0.0,,원천_사업자번호집계,현재 후보 목록 기준 정책인증 확정 매칭 없음,0.0,0.0,0.0,,,,,,,,0.0,0.0,0.0,0.0,,,,,,,,,,,,,,,,,,,대표물품=0.00; 제조업체=0.00; 낙찰건수=7.57; 최근낙찰건수=5.57; 낙찰금액합계=5.19; 창업기업=0.00; 사회적기업=0.00; 사회적협동조합=0.00; 장애인표준사업장=0.00; 공공구매인증서=0.00; 자활용사촌복지공장=0.00; 생산품목매칭=0.00; 부정당제재=-0.00; 현재제재여부=-0.00
232,18.2262,177,4710160802,무기응집제,6061799594,6061799594,태일공구종합상사,0.0,0.0,17.0,8.0,2025-11-05,63105228,1072788883.0,0.0,,0.0,,원천_사업자번호집계,현재 후보 목록 기준 정책인증 확정 매칭 없음,0.0,0.0,0.0,,,,,,,,0.0,0.0,0.0,0.0,,,,,,,,,,,,,,,,,,,대표물품=0.00; 제조업체=0.00; 낙찰건수=7.22; 최근낙찰건수=6.28; 낙찰금액합계=4.73; 창업기업=0.00; 사회적기업=0.00; 사회적협동조합=0.00; 장애인표준사업장=0.00; 공공구매인증서=0.00; 자활용사촌복지공장=0.00; 생산품목매칭=0.00; 부정당제재=-0.00; 현재제재여부=-0.00
233,18.1991,92,4111331901,기타수질분석기,1378604597,1378604597,주식회사 선진일렉텍,0.0,0.0,17.0,5.0,2025-11-20,156385504,2658553570.0,0.0,0,0.0,,원천_사업자번호집계,현재 후보 목록 기준 정책인증 확정 매칭 없음,0.0,0.0,0.0,,,0.684104,6,12.0347,40,170.0,0.0,0.0,0.0,0.0,,,0,0,0,0,50,12,2,50,12,2.0,2.0,2.0,1472.0,0.0,2.0,3.0,대표물품=0.00; 제조업체=0.00; 낙찰건수=7.22; 최근낙찰건수=5.12; 낙찰금액합계=5.86; 창업기업=0.00; 사회적기업=0.00; 사회적협동조합=0.00; 장애인표준사업장=0.00; 공공구매인증서=0.00; 자활용사촌복지공장=0.00; 생산품목매칭=0.00; 부정당제재=-0.00; 현재제재여부=-0.00
234,18.1917,33,4710160801,유기응집제,5855300211,5855300211,자연가,0.0,0.0,27.0,4.0,2025-06-25,14522136,392097684.23,0.0,0,0.0,,원천_사업자번호집계,현재 후보 목록 기준 정책인증 확정 매칭 없음,0.0,0.0,0.0,,,0.227904,50,12.1767,46,318.0,0.0,0.0,0.0,0.0,,,0,0,0,0,50,14,1,50,14,44.0,3.0,2.0,510.0,0.0,0.0,1.0,대표물품=0.00; 제조업체=0.00; 낙찰건수=10.12; 최근낙찰건수=4.60; 낙찰금액합계=3.47; 창업기업=0.00; 사회적기업=0.00; 사회적협동조합=0.00; 장애인표준사업장=0.00; 공공구매인증서=0.00; 자활용사촌복지공장=0.00; 생산품목매칭=0.00; 부정당제재=-0.00; 현재제재여부=-0.00
235,18.167,220,4710169801,수처리용여과재,4121425031,4121425031,건아,0.0,0.0,21.0,4.0,2025-12-04,65157268,1368302637.7,0.0,,0.0,,원천_사업자번호집계,현재 후보 목록 기준 정책인증 확정 매칭 없음,0.0,0.0,0.0,,,,,,,,0.0,0.0,0.0,0.0,,,,,,,,,,,,,,,,,,,대표물품=0.00; 제조업체=0.00; 낙찰건수=8.54; 최근낙찰건수=4.60; 낙찰금액합계=5.03; 창업기업=0.00; 사회적기업=0.00; 사회적협동조합=0.00; 장애인표준사업장=0.00; 공공구매인증서=0.00; 자활용사촌복지공장=0.00; 생산품목매칭=0.00; 부정당제재=-0.00; 현재제재여부=-0.00
236,18.0645,368,4111250101,유량계,1690402168,1690402168,세렌디피티,0.0,0.0,16.0,7.0,2025-12-24,104239580,1667833277.0,0.0,,0.0,,원천_사업자번호집계,현재 후보 목록 기준 정책인증 확정 매칭 없음,0.0,0.0,0.0,,,,,,,,0.0,0.0,0.0,0.0,,,,,,,,,,,,,,,,,,,대표물품=0.00; 제조업체=0.00; 낙찰건수=6.84; 최근낙찰건수=5.95; 낙찰금액합계=5.28; 창업기업=0.00; 사회적기업=0.00; 사회적협동조합=0.00; 장애인표준사업장=0.00; 공공구매인증서=0.00; 자활용사촌복지공장=0.00; 생산품목매칭=0.00; 부정당제재=-0.00; 현재제재여부=-0.00
237,18.0498,458,4014169401,제수밸브,4552701341,4552701341,선양인터,0.0,0.0,22.0,5.0,2025-10-15,29503038,649066832.0,0.0,,0.0,,원천_사업자번호집계,현재 후보 목록 기준 정책인증 확정 매칭 없음,0.0,0.0,0.0,,,,,,,,0.0,0.0,0.0,0.0,,,,,,,,,,,,,,,,,,,대표물품=0.00; 제조업체=0.00; 낙찰건수=8.83; 최근낙찰건수=5.12; 낙찰금액합계=4.10; 창업기업=0.00; 사회적기업=0.00; 사회적협동조합=0.00; 장애인표준사업장=0.00; 공공구매인증서=0.00; 자활용사촌복지공장=0.00; 생산품목매칭=0.00; 부정당제재=-0.00; 현재제재여부=-0.00
238,17.9729,236,4710169801,수처리용여과재,1318152607,1318152607,주식회사 극동 아이.씨.엠,0.0,0.0,14.0,8.0,2025-09-01,163325132,2286551847.0,0.0,,0.0,,원천_사업자번호집계,현재 후보 목록 기준 정책인증 확정 매칭 없음,0.0,0.0,0.0,,,,,,,,0.0,0.0,0.0,0.0,,,,,,,,,,,,,,,,,,,대표물품=0.00; 제조업체=0.00; 낙찰건수=6.02; 최근낙찰건수=6.28; 낙찰금액합계=5.67; 창업기업=0.00; 사회적기업=0.00; 사회적협동조합=0.00; 장애인표준사업장=0.00; 공공구매인증서=0.00; 자활용사촌복지공장=0.00; 생산품목매칭=0.00; 부정당제재=-0.00; 현재제재여부=-0.00
239,17.9614,257,4015150501,정량펌프,4020263826,4020263826,바이오필,0.0,0.0,20.0,5.0,2025-12-08,48805840,976116800.0,0.0,,0.0,,원천_사업자번호집계,현재 후보 목록 기준 정책인증 확정 매칭 없음,0.0,0.0,0.0,,,,,,,,0.0,0.0,0.0,0.0,,,,,,,,,,,,,,,,,,,대표물품=0.00; 제조업체=0.00; 낙찰건수=8.23; 최근낙찰건수=5.12; 낙찰금액합계=4.61; 창업기업=0.00; 사회적기업=0.00; 사회적협동조합=0.00; 장애인표준사업장=0.00; 공공구매인증서=0.00; 자활용사촌복지공장=0.00; 생산품목매칭=0.00; 부정당제재=-0.00; 현재제재여부=-0.00
240,17.9349,406,4015151301,수중펌프,2608603243,2608603243,주식회사 와이에스제이,0.0,0.0,19.0,6.0,2025-12-02,45670692,867743139.0,0.0,,0.0,,원천_사업자번호집계,현재 후보 목록 기준 정책인증 확정 매칭 없음,0.0,0.0,0.0,,,,,,,,0.0,0.0,0.0,0.0,,,,,,,,,,,,,,,,,,,대표물품=0.00; 제조업체=0.00; 낙찰건수=7.91; 최근낙찰건수=5.57; 낙찰금액합계=4.46; 창업기업=0.00; 사회적기업=0.00; 사회적협동조합=0.00; 장애인표준사업장=0.00; 공공구매인증서=0.00; 자활용사촌복지공장=0.00; 생산품목매칭=0.00; 부정당제재=-0.00; 현재제재여부=-0.00
241,17.9349,460,4014169401,제수밸브,2608603243,2608603243,주식회사 와이에스제이,0.0,0.0,19.0,6.0,2025-12-02,45670692,867743139.0,0.0,,0.0,,원천_사업자번호집계,현재 후보 목록 기준 정책인증 확정 매칭 없음,0.0,0.0,0.0,,,,,,,,0.0,0.0,0.0,0.0,,,,,,,,,,,,,,,,,,,대표물품=0.00; 제조업체=0.00; 낙찰건수=7.91; 최근낙찰건수=5.57; 낙찰금액합계=4.46; 창업기업=0.00; 사회적기업=0.00; 사회적협동조합=0.00; 장애인표준사업장=0.00; 공공구매인증서=0.00; 자활용사촌복지공장=0.00; 생산품목매칭=0.00; 부정당제재=-0.00; 현재제재여부=-0.00
242,17.8615,137,4016150601,여과장치,3883001492,3883001492,유엔글로벌,0.0,0.0,18.0,6.0,2025-12-27,59543989,1071791796.0,0.0,0,0.0,,원천_사업자번호집계,현재 후보 목록 기준 정책인증 확정 매칭 없음,0.0,0.0,0.0,,,0.089459,19,12.1559,33,137.0,0.0,0.0,0.0,0.0,,,0,0,0,0,50,9,6,50,9,781.0,37.0,9.0,1124.0,0.0,0.0,4.0,대표물품=0.00; 제조업체=0.00; 낙찰건수=7.57; 최근낙찰건수=5.57; 낙찰금액합계=4.72; 창업기업=0.00; 사회적기업=0.00; 사회적협동조합=0.00; 장애인표준사업장=0.00; 공공구매인증서=0.00; 자활용사촌복지공장=0.00; 생산품목매칭=0.00; 부정당제재=-0.00; 현재제재여부=-0.00
243,17.8615,174,4710160802,무기응집제,3883001492,3883001492,유엔글로벌,0.0,0.0,18.0,6.0,2025-12-27,59543989,1071791796.0,0.0,,0.0,,원천_사업자번호집계,현재 후보 목록 기준 정책인증 확정 매칭 없음,0.0,0.0,0.0,,,,,,,,0.0,0.0,0.0,0.0,,,,,,,,,,,,,,,,,,,대표물품=0.00; 제조업체=0.00; 낙찰건수=7.57; 최근낙찰건수=5.57; 낙찰금액합계=4.72; 창업기업=0.00; 사회적기업=0.00; 사회적협동조합=0.00; 장애인표준사업장=0.00; 공공구매인증서=0.00; 자활용사촌복지공장=0.00; 생산품목매칭=0.00; 부정당제재=-0.00; 현재제재여부=-0.00
244,17.8615,366,4111250101,유량계,3883001492,3883001492,유엔글로벌,0.0,0.0,18.0,6.0,2025-12-27,59543989,1071791796.0,0.0,,0.0,,원천_사업자번호집계,현재 후보 목록 기준 정책인증 확정 매칭 없음,0.0,0.0,0.0,,,,,,,,0.0,0.0,0.0,0.0,,,,,,,,,,,,,,,,,,,대표물품=0.00; 제조업체=0.00; 낙찰건수=7.57; 최근낙찰건수=5.57; 낙찰금액합계=4.72; 창업기업=0.00; 사회적기업=0.00; 사회적협동조합=0.00; 장애인표준사업장=0.00; 공공구매인증서=0.00; 자활용사촌복지공장=0.00; 생산품목매칭=0.00; 부정당제재=-0.00; 현재제재여부=-0.00
245,17.8257,234,4710169801,수처리용여과재,1058762466,1058762466,(주)케이에이치그룹한국역사문화원,0.0,0.0,15.0,9.0,2025-11-13,75756653,1136349792.0,0.0,,0.0,,원천_사업자번호집계,현재 후보 목록 기준 정책인증 확정 매칭 없음,0.0,0.0,0.0,,,,,,,,0.0,0.0,0.0,0.0,,,,,,,,,,,,,,,,,,,대표물품=0.00; 제조업체=0.00; 낙찰건수=6.44; 최근낙찰건수=6.59; 낙찰금액합계=4.80; 창업기업=0.00; 사회적기업=0.00; 사회적협동조합=0.00; 장애인표준사업장=0.00; 공공구매인증서=0.00; 자활용사촌복지공장=0.00; 생산품목매칭=0.00; 부정당제재=-0.00; 현재제재여부=-0.00
246,17.8257,262,4015150501,정량펌프,1058762466,1058762466,(주)케이에이치그룹한국역사문화원,0.0,0.0,15.0,9.0,2025-11-13,75756653,1136349792.0,0.0,,0.0,,원천_사업자번호집계,현재 후보 목록 기준 정책인증 확정 매칭 없음,0.0,0.0,0.0,,,,,,,,0.0,0.0,0.0,0.0,,,,,,,,,,,,,,,,,,,대표물품=0.00; 제조업체=0.00; 낙찰건수=6.44; 최근낙찰건수=6.59; 낙찰금액합계=4.80; 창업기업=0.00; 사회적기업=0.00; 사회적협동조합=0.00; 장애인표준사업장=0.00; 공공구매인증서=0.00; 자활용사촌복지공장=0.00; 생산품목매칭=0.00; 부정당제재=-0.00; 현재제재여부=-0.00
247,17.7285,37,4710160801,유기응집제,7498801586,7498801586,(주)에이치비바이오,0.0,0.0,25.0,1.0,2025-04-21,130532443,3263311066.0,0.0,0,0.0,,원천_사업자번호집계,현재 후보 목록 기준 정책인증 확정 매칭 없음,0.0,0.0,0.0,,,0.436007,10,11.9122,47,389.0,0.0,0.0,0.0,0.0,,,0,0,0,0,50,14,1,50,14,2.0,1.0,1.0,750.0,0.0,0.0,0.0,대표물품=0.00; 제조업체=0.00; 낙찰건수=9.63; 최근낙찰건수=1.98; 낙찰금액합계=6.11; 창업기업=0.00; 사회적기업=0.00; 사회적협동조합=0.00; 장애인표준사업장=0.00; 공공구매인증서=0.00; 자활용사촌복지공장=0.00; 생산품목매칭=0.00; 부정당제재=-0.00; 현재제재여부=-0.00
248,17.7068,83,4111331901,기타수질분석기,5102410281,5102410281,세진싸이언스,0.0,0.0,21.0,3.0,2025-10-24,75142895,1578000790.0,0.0,0,0.0,,원천_사업자번호집계,현재 후보 목록 기준 정책인증 확정 매칭 없음,0.0,0.0,0.0,,,0.317384,25,12.6163,38,198.0,0.0,0.0,0.0,0.0,,,0,0,0,0,50,12,2,50,12,55.0,8.0,5.0,1354.0,0.0,2.0,2.0,대표물품=0.00; 제조업체=0.00; 낙찰건수=8.54; 최근낙찰건수=3.96; 낙찰금액합계=5.21; 창업기업=0.00; 사회적기업=0.00; 사회적협동조합=0.00; 장애인표준사업장=0.00; 공공구매인증서=0.00; 자활용사촌복지공장=0.00; 생산품목매칭=0.00; 부정당제재=-0.00; 현재제재여부=-0.00
249,17.673,147,4016150601,여과장치,6706200447,6706200447,에스엔컴퍼니,0.0,0.0,16.0,7.0,2025-10-16,76166576,1218665210.0,0.0,0,0.0,,원천_사업자번호집계,현재 후보 목록 기준 정책인증 확정 매칭 없음,0.0,0.0,0.0,,,0.049349,49,9.5758,40,205.0,0.0,0.0,0.0,0.0,,,0,0,0,0,50,9,6,50,9,769.0,40.0,10.0,1124.0,0.0,0.0,2.0,대표물품=0.00; 제조업체=0.00; 낙찰건수=6.84; 최근낙찰건수=5.95; 낙찰금액합계=4.88; 창업기업=0.00; 사회적기업=0.00; 사회적협동조합=0.00; 장애인표준사업장=0.00; 공공구매인증서=0.00; 자활용사촌복지공장=0.00; 생산품목매칭=0.00; 부정당제재=-0.00; 현재제재여부=-0.00
250,17.673,180,4710160802,무기응집제,6706200447,6706200447,에스엔컴퍼니,0.0,0.0,16.0,7.0,2025-10-16,76166576,1218665210.0,0.0,,0.0,,원천_사업자번호집계,현재 후보 목록 기준 정책인증 확정 매칭 없음,0.0,0.0,0.0,,,,,,,,0.0,0.0,0.0,0.0,,,,,,,,,,,,,,,,,,,대표물품=0.00; 제조업체=0.00; 낙찰건수=6.84; 최근낙찰건수=5.95; 낙찰금액합계=4.88; 창업기업=0.00; 사회적기업=0.00; 사회적협동조합=0.00; 장애인표준사업장=0.00; 공공구매인증서=0.00; 자활용사촌복지공장=0.00; 생산품목매칭=0.00; 부정당제재=-0.00; 현재제재여부=-0.00
251,17.5379,365,4111250101,유량계,3294700944,3294700944,우주유통,0.0,0.0,19.0,5.0,2025-10-28,47305218,898799142.89,0.0,,0.0,,원천_사업자번호집계,현재 후보 목록 기준 정책인증 확정 매칭 없음,0.0,0.0,0.0,,,,,,,,0.0,0.0,0.0,0.0,,,,,,,,,,,,,,,,,,,대표물품=0.00; 제조업체=0.00; 낙찰건수=7.91; 최근낙찰건수=5.12; 낙찰금액합계=4.50; 창업기업=0.00; 사회적기업=0.00; 사회적협동조합=0.00; 장애인표준사업장=0.00; 공공구매인증서=0.00; 자활용사촌복지공장=0.00; 생산품목매칭=0.00; 부정당제재=-0.00; 현재제재여부=-0.00
252,17.5379,459,4014169401,제수밸브,3294700944,3294700944,우주유통,0.0,0.0,19.0,5.0,2025-10-28,47305218,898799142.89,0.0,,0.0,,원천_사업자번호집계,현재 후보 목록 기준 정책인증 확정 매칭 없음,0.0,0.0,0.0,,,,,,,,0.0,0.0,0.0,0.0,,,,,,,,,,,,,,,,,,,대표물품=0.00; 제조업체=0.00; 낙찰건수=7.91; 최근낙찰건수=5.12; 낙찰금액합계=4.50; 창업기업=0.00; 사회적기업=0.00; 사회적협동조합=0.00; 장애인표준사업장=0.00; 공공구매인증서=0.00; 자활용사촌복지공장=0.00; 생산품목매칭=0.00; 부정당제재=-0.00; 현재제재여부=-0.00
253,17.5128,370,4111250101,유량계,2872501915,2872501915,유누 컴퍼니,0.0,0.0,15.0,8.0,2025-10-17,75059341,1125890120.0,0.0,,0.0,,원천_사업자번호집계,현재 후보 목록 기준 정책인증 확정 매칭 없음,0.0,0.0,0.0,,,,,,,,0.0,0.0,0.0,0.0,,,,,,,,,,,,,,,,,,,대표물품=0.00; 제조업체=0.00; 낙찰건수=6.44; 최근낙찰건수=6.28; 낙찰금액합계=4.79; 창업기업=0.00; 사회적기업=0.00; 사회적협동조합=0.00; 장애인표준사업장=0.00; 공공구매인증서=0.00; 자활용사촌복지공장=0.00; 생산품목매칭=0.00; 부정당제재=-0.00; 현재제재여부=-0.00
254,17.4663,141,4016150601,여과장치,6990302508,6990302508,해리엔터프라이즈,0.0,0.0,17.0,5.0,2025-11-25,86930785,1477823349.0,0.0,0,0.0,,원천_사업자번호집계,현재 후보 목록 기준 정책인증 확정 매칭 없음,0.0,0.0,0.0,,,0.057502,39,11.9868,34,179.0,0.0,0.0,0.0,0.0,,,0,0,0,0,50,9,6,50,9,857.0,45.0,10.0,1124.0,0.0,0.0,4.0,대표물품=0.00; 제조업체=0.00; 낙찰건수=7.22; 최근낙찰건수=5.12; 낙찰금액합계=5.12; 창업기업=0.00; 사회적기업=0.00; 사회적협동조합=0.00; 장애인표준사업장=0.00; 공공구매인증서=0.00; 자활용사촌복지공장=0.00; 생산품목매칭=0.00; 부정당제재=-0.00; 현재제재여부=-0.00
255,17.3968,456,4014169401,제수밸브,8022301103,8022301103,엔에이치물산,0.0,0.0,23.0,3.0,2025-10-20,33850267,778556148.43,0.0,,0.0,,원천_사업자번호집계,현재 후보 목록 기준 정책인증 확정 매칭 없음,0.0,0.0,0.0,,,,,,,,0.0,0.0,0.0,0.0,,,,,,,,,,,,,,,,,,,대표물품=0.00; 제조업체=0.00; 낙찰건수=9.11; 최근낙찰건수=3.96; 낙찰금액합계=4.33; 창업기업=0.00; 사회적기업=0.00; 사회적협동조합=0.00; 장애인표준사업장=0.00; 공공구매인증서=0.00; 자활용사촌복지공장=0.00; 생산품목매칭=0.00; 부정당제재=-0.00; 현재제재여부=-0.00
256,17.3647,87,4111331901,기타수질분석기,6091669087,6091669087,대광산업,0.0,0.0,18.0,5.0,2025-09-02,56932447,1024784047.0,0.0,0,0.0,,원천_사업자번호집계,현재 후보 목록 기준 정책인증 확정 매칭 없음,0.0,0.0,0.0,,,0.175762,44,10.5321,42,257.0,0.0,0.0,0.0,0.0,,,0,0,0,0,50,12,2,50,12,132.0,15.0,9.0,141.0,0.0,0.0,2.0,대표물품=0.00; 제조업체=0.00; 낙찰건수=7.57; 최근낙찰건수=5.12; 낙찰금액합계=4.67; 창업기업=0.00; 사회적기업=0.00; 사회적협동조합=0.00; 장애인표준사업장=0.00; 공공구매인증서=0.00; 자활용사촌복지공장=0.00; 생산품목매칭=0.00; 부정당제재=-0.00; 현재제재여부=-0.00
257,17.3613,345,4010160101,송풍기,5073600534,5073600534,엔젤테크,0.0,0.0,17.0,5.0,2025-11-13,79916535,1358581090.0,0.0,,0.0,,원천_사업자번호집계,현재 후보 목록 기준 정책인증 확정 매칭 없음,0.0,0.0,0.0,,,,,,,,0.0,0.0,0.0,0.0,,,,,,,,,,,,,,,,,,,대표물품=0.00; 제조업체=0.00; 낙찰건수=7.22; 최근낙찰건수=5.12; 낙찰금액합계=5.02; 창업기업=0.00; 사회적기업=0.00; 사회적협동조합=0.00; 장애인표준사업장=0.00; 공공구매인증서=0.00; 자활용사촌복지공장=0.00; 생산품목매칭=0.00; 부정당제재=-0.00; 현재제재여부=-0.00
258,17.3586,140,4016150601,여과장치,5568101156,5568101156,주식회사 우리에이치알컴퍼니,0.0,0.0,17.0,4.0,2025-11-24,121108283,2058840819.0,0.0,0,0.0,,원천_사업자번호집계,현재 후보 목록 기준 정책인증 확정 매칭 없음,0.0,0.0,0.0,,,0.067623,30,12.4006,32,177.0,0.0,0.0,0.0,0.0,,,0,0,0,0,50,9,6,50,9,283.0,16.0,3.0,1125.0,0.0,0.0,4.0,대표물품=0.00; 제조업체=0.00; 낙찰건수=7.22; 최근낙찰건수=4.60; 낙찰금액합계=5.54; 창업기업=0.00; 사회적기업=0.00; 사회적협동조합=0.00; 장애인표준사업장=0.00; 공공구매인증서=0.00; 자활용사촌복지공장=0.00; 생산품목매칭=0.00; 부정당제재=-0.00; 현재제재여부=-0.00
259,17.3586,343,4010160101,송풍기,5568101156,5568101156,주식회사 우리에이치알컴퍼니,0.0,0.0,17.0,4.0,2025-11-24,121108283,2058840819.0,0.0,,0.0,,원천_사업자번호집계,현재 후보 목록 기준 정책인증 확정 매칭 없음,0.0,0.0,0.0,,,,,,,,0.0,0.0,0.0,0.0,,,,,,,,,,,,,,,,,,,대표물품=0.00; 제조업체=0.00; 낙찰건수=7.22; 최근낙찰건수=4.60; 낙찰금액합계=5.54; 창업기업=0.00; 사회적기업=0.00; 사회적협동조합=0.00; 장애인표준사업장=0.00; 공공구매인증서=0.00; 자활용사촌복지공장=0.00; 생산품목매칭=0.00; 부정당제재=-0.00; 현재제재여부=-0.00
260,17.355,275,4015150501,정량펌프,2988102360,2988102360,주식회사 아이수(i-su Inc.),0.0,1.0,9.0,4.0,2025-12-16,91577572,824198150.0,0.0,,0.0,,원천_사업자번호집계,현재 후보 목록 기준 정책인증 확정 매칭 없음,0.0,0.0,0.0,,,,,,,,0.0,0.0,0.0,0.0,,,,,,,,,,,,,,,,,,,대표물품=0.00; 제조업체=5.00; 낙찰건수=3.36; 최근낙찰건수=4.60; 낙찰금액합계=4.40; 창업기업=0.00; 사회적기업=0.00; 사회적협동조합=0.00; 장애인표준사업장=0.00; 공공구매인증서=0.00; 자활용사촌복지공장=0.00; 생산품목매칭=0.00; 부정당제재=-0.00; 현재제재여부=-0.00
261,17.3283,144,4016150601,여과장치,4210602677,4210602677,구름미디어,0.0,0.0,17.0,6.0,2025-10-15,54663022,929271366.0,0.0,0,0.0,,원천_사업자번호집계,현재 후보 목록 기준 정책인증 확정 매칭 없음,0.0,0.0,0.0,,,0.049627,48,9.84,38,206.0,0.0,0.0,0.0,0.0,,,0,0,0,0,50,9,6,50,9,695.0,39.0,10.0,1124.0,0.0,0.0,2.0,대표물품=0.00; 제조업체=0.00; 낙찰건수=7.22; 최근낙찰건수=5.57; 낙찰금액합계=4.55; 창업기업=0.00; 사회적기업=0.00; 사회적협동조합=0.00; 장애인표준사업장=0.00; 공공구매인증서=0.00; 자활용사촌복지공장=0.00; 생산품목매칭=0.00; 부정당제재=-0.00; 현재제재여부=-0.00
262,17.3076,231,4710169801,수처리용여과재,6101142405,6101142405,만우전기,0.0,0.0,16.0,5.0,2025-12-30,109890362,1758245793.0,0.0,,0.0,,원천_사업자번호집계,현재 후보 목록 기준 정책인증 확정 매칭 없음,0.0,0.0,0.0,,,,,,,,0.0,0.0,0.0,0.0,,,,,,,,,,,,,,,,,,,대표물품=0.00; 제조업체=0.00; 낙찰건수=6.84; 최근낙찰건수=5.12; 낙찰금액합계=5.34; 창업기업=0.00; 사회적기업=0.00; 사회적협동조합=0.00; 장애인표준사업장=0.00; 공공구매인증서=0.00; 자활용사촌복지공장=0.00; 생산품목매칭=0.00; 부정당제재=-0.00; 현재제재여부=-0.00
263,17.2844,279,4015150501,정량펌프,1131581453,1131581453,동양펌프,0.0,1.0,8.0,3.0,2025-12-02,282732851,2261862806.0,0.0,,0.0,,원천_사업자번호집계,현재 후보 목록 기준 정책인증 확정 매칭 없음,0.0,0.0,0.0,,,,,,,,0.0,0.0,0.0,0.0,,,,,,,,,,,,,,,,,,,대표물품=0.00; 제조업체=5.00; 낙찰건수=2.66; 최근낙찰건수=3.96; 낙찰금액합계=5.66; 창업기업=0.00; 사회적기업=0.00; 사회적협동조합=0.00; 장애인표준사업장=0.00; 공공구매인증서=0.00; 자활용사촌복지공장=0.00; 생산품목매칭=0.00; 부정당제재=-0.00; 현재제재여부=-0.00
264,17.2844,423,4015151301,수중펌프,1131581453,1131581453,동양펌프,0.0,1.0,8.0,3.0,2025-12-02,282732851,2261862806.0,0.0,,0.0,,원천_사업자번호집계,현재 후보 목록 기준 정책인증 확정 매칭 없음,0.0,0.0,0.0,,,,,,,,0.0,0.0,0.0,0.0,,,,,,,,,,,,,,,,,,,대표물품=0.00; 제조업체=5.00; 낙찰건수=2.66; 최근낙찰건수=3.96; 낙찰금액합계=5.66; 창업기업=0.00; 사회적기업=0.00; 사회적협동조합=0.00; 장애인표준사업장=0.00; 공공구매인증서=0.00; 자활용사촌복지공장=0.00; 생산품목매칭=0.00; 부정당제재=-0.00; 현재제재여부=-0.00
265,17.154,66,4111331901,기타수질분석기,2568802462,2568802462,주식회사 연승,0.0,0.0,29.0,0.0,2024-02-02,163722359,4747948400.0,0.0,0,0.0,,원천_사업자번호집계,현재 후보 목록 기준 정책인증 확정 매칭 없음,0.0,0.0,0.0,,,0.181053,42,13.8887,33,827.0,0.0,0.0,0.0,0.0,,,0,0,0,0,50,12,2,50,12,97.0,14.0,7.0,1499.0,0.0,0.0,0.0,대표물품=0.00; 제조업체=0.00; 낙찰건수=10.57; 최근낙찰건수=0.00; 낙찰금액합계=6.58; 창업기업=0.00; 사회적기업=0.00; 사회적협동조합=0.00; 장애인표준사업장=0.00; 공공구매인증서=0.00; 자활용사촌복지공장=0.00; 생산품목매칭=0.00; 부정당제재=-0.00; 현재제재여부=-0.00
266,17.154,210,4710169801,수처리용여과재,2568802462,2568802462,주식회사 연승,0.0,0.0,29.0,0.0,2024-02-02,163722359,4747948400.0,0.0,,0.0,,원천_사업자번호집계,현재 후보 목록 기준 정책인증 확정 매칭 없음,0.0,0.0,0.0,,,,,,,,0.0,0.0,0.0,0.0,,,,,,,,,,,,,,,,,,,대표물품=0.00; 제조업체=0.00; 낙찰건수=10.57; 최근낙찰건수=0.00; 낙찰금액합계=6.58; 창업기업=0.00; 사회적기업=0.00; 사회적협동조합=0.00; 장애인표준사업장=0.00; 공공구매인증서=0.00; 자활용사촌복지공장=0.00; 생산품목매칭=0.00; 부정당제재=-0.00; 현재제재여부=-0.00
267,17.1078,228,4710169801,수처리용여과재,2011525821,2011525821,주앤주,0.0,0.0,17.0,3.0,2025-07-08,165185459,2808152800.0,0.0,,0.0,,원천_사업자번호집계,현재 후보 목록 기준 정책인증 확정 매칭 없음,0.0,0.0,0.0,,,,,,,,0.0,0.0,0.0,0.0,,,,,,,,,,,,,,,,,,,대표물품=0.00; 제조업체=0.00; 낙찰건수=7.22; 최근낙찰건수=3.96; 낙찰금액합계=5.93; 창업기업=0.00; 사회적기업=0.00; 사회적협동조합=0.00; 장애인표준사업장=0.00; 공공구매인증서=0.00; 자활용사촌복지공장=0.00; 생산품목매칭=0.00; 부정당제재=-0.00; 현재제재여부=-0.00
268,17.1078,341,4010160101,송풍기,2011525821,2011525821,주앤주,0.0,0.0,17.0,3.0,2025-07-08,165185459,2808152800.0,0.0,,0.0,,원천_사업자번호집계,현재 후보 목록 기준 정책인증 확정 매칭 없음,0.0,0.0,0.0,,,,,,,,0.0,0.0,0.0,0.0,,,,,,,,,,,,,,,,,,,대표물품=0.00; 제조업체=0.00; 낙찰건수=7.22; 최근낙찰건수=3.96; 낙찰금액합계=5.93; 창업기업=0.00; 사회적기업=0.00; 사회적협동조합=0.00; 장애인표준사업장=0.00; 공공구매인증서=0.00; 자활용사촌복지공장=0.00; 생산품목매칭=0.00; 부정당제재=-0.00; 현재제재여부=-0.00
269,17.107,135,4016150601,여과장치,1371217543,1371217543,청진유통,0.0,0.0,18.0,4.0,2025-10-30,70333531,1266003559.29,0.0,0,0.0,,원천_사업자번호집계,현재 후보 목록 기준 정책인증 확정 매칭 없음,0.0,0.0,0.0,,,0.087195,22,11.6789,35,191.0,0.0,0.0,0.0,0.0,,,0,0,0,0,50,9,6,50,9,112.0,6.0,2.0,1368.0,0.0,0.0,3.0,대표물품=0.00; 제조업체=0.00; 낙찰건수=7.57; 최근낙찰건수=4.60; 낙찰금액합계=4.93; 창업기업=0.00; 사회적기업=0.00; 사회적협동조합=0.00; 장애인표준사업장=0.00; 공공구매인증서=0.00; 자활용사촌복지공장=0.00; 생산품목매칭=0.00; 부정당제재=-0.00; 현재제재여부=-0.00
270,17.1023,344,4010160101,송풍기,7807000278,7807000278,번개상사,0.0,0.0,17.0,4.0,2025-05-22,98620968,1676556454.66,0.0,,0.0,,원천_사업자번호집계,현재 후보 목록 기준 정책인증 확정 매칭 없음,0.0,0.0,0.0,,,,,,,,0.0,0.0,0.0,0.0,,,,,,,,,,,,,,,,,,,대표물품=0.00; 제조업체=0.00; 낙찰건수=7.22; 최근낙찰건수=4.60; 낙찰금액합계=5.28; 창업기업=0.00; 사회적기업=0.00; 사회적협동조합=0.00; 장애인표준사업장=0.00; 공공구매인증서=0.00; 자활용사촌복지공장=0.00; 생산품목매칭=0.00; 부정당제재=-0.00; 현재제재여부=-0.00
271,16.9797,46,4710160801,유기응집제,1790200940,1790200940,필 글로벌(PHIL GLOBAL),0.0,0.0,22.0,2.0,2025-06-19,61284525,1348259539.64,0.0,0,0.0,,원천_사업자번호집계,현재 후보 목록 기준 정책인증 확정 매칭 없음,0.0,0.0,0.0,,,0.246966,47,11.6441,48,333.0,0.0,0.0,0.0,0.0,,,0,0,0,0,50,14,1,50,14,95.0,6.0,3.0,878.0,0.0,0.0,1.0,대표물품=0.00; 제조업체=0.00; 낙찰건수=8.83; 최근낙찰건수=3.14; 낙찰금액합계=5.01; 창업기업=0.00; 사회적기업=0.00; 사회적협동조합=0.00; 장애인표준사업장=0.00; 공공구매인증서=0.00; 자활용사촌복지공장=0.00; 생산품목매칭=0.00; 부정당제재=-0.00; 현재제재여부=-0.00
272,16.9797,167,4710160802,무기응집제,1790200940,1790200940,필 글로벌(PHIL GLOBAL),0.0,0.0,22.0,2.0,2025-06-19,61284525,1348259539.64,0.0,,0.0,,원천_사업자번호집계,현재 후보 목록 기준 정책인증 확정 매칭 없음,0.0,0.0,0.0,,,,,,,,0.0,0.0,0.0,0.0,,,,,,,,,,,,,,,,,,,대표물품=0.00; 제조업체=0.00; 낙찰건수=8.83; 최근낙찰건수=3.14; 낙찰금액합계=5.01; 창업기업=0.00; 사회적기업=0.00; 사회적협동조합=0.00; 장애인표준사업장=0.00; 공공구매인증서=0.00; 자활용사촌복지공장=0.00; 생산품목매칭=0.00; 부정당제재=-0.00; 현재제재여부=-0.00
273,16.869,44,4710160801,유기응집제,5088138412,5088138412,"농업회사법인디엔에이주식회사(D.N.A. Co., Ltd)",0.0,0.0,23.0,3.0,2025-10-22,22175533,510037258.0,0.0,0,0.0,,원천_사업자번호집계,현재 후보 목록 기준 정책인증 확정 매칭 없음,0.0,0.0,0.0,,,0.442843,9,13.0072,45,200.0,0.0,0.0,0.0,0.0,,,0,0,0,0,50,14,1,50,14,17.0,1.0,1.0,508.0,0.0,0.0,3.0,대표물품=0.00; 제조업체=0.00; 낙찰건수=9.11; 최근낙찰건수=3.96; 낙찰금액합계=3.80; 창업기업=0.00; 사회적기업=0.00; 사회적협동조합=0.00; 장애인표준사업장=0.00; 공공구매인증서=0.00; 자활용사촌복지공장=0.00; 생산품목매칭=0.00; 부정당제재=-0.00; 현재제재여부=-0.00
274,16.8656,182,4710160802,무기응집제,6062453261,6062453261,대광엘에스,0.0,0.0,16.0,6.0,2025-06-26,54160418,866566685.63,0.0,,0.0,,원천_사업자번호집계,현재 후보 목록 기준 정책인증 확정 매칭 없음,0.0,0.0,0.0,,,,,,,,0.0,0.0,0.0,0.0,,,,,,,,,,,,,,,,,,,대표물품=0.00; 제조업체=0.00; 낙찰건수=6.84; 최근낙찰건수=5.57; 낙찰금액합계=4.46; 창업기업=0.00; 사회적기업=0.00; 사회적협동조합=0.00; 장애인표준사업장=0.00; 공공구매인증서=0.00; 자활용사촌복지공장=0.00; 생산품목매칭=0.00; 부정당제재=-0.00; 현재제재여부=-0.00
275,16.8611,218,4710169801,수처리용여과재,8062001161,8062001161,거성산업,0.0,0.0,23.0,2.0,2025-12-05,42605431,979924902.0,0.0,,0.0,,원천_사업자번호집계,현재 후보 목록 기준 정책인증 확정 매칭 없음,0.0,0.0,0.0,,,,,,,,0.0,0.0,0.0,0.0,,,,,,,,,,,,,,,,,,,대표물품=0.00; 제조업체=0.00; 낙찰건수=9.11; 최근낙찰건수=3.14; 낙찰금액합계=4.61; 창업기업=0.00; 사회적기업=0.00; 사회적협동조합=0.00; 장애인표준사업장=0.00; 공공구매인증서=0.00; 자활용사촌복지공장=0.00; 생산품목매칭=0.00; 부정당제재=-0.00; 현재제재여부=-0.00
276,16.8523,131,4016150601,여과장치,2803701009,2803701009,오성,0.0,0.0,19.0,2.0,2025-05-26,133731538,2540899223.0,0.0,0,0.0,,원천_사업자번호집계,현재 후보 목록 기준 정책인증 확정 매칭 없음,0.0,0.0,0.0,,,0.060211,35,10.9615,37,355.0,0.0,0.0,0.0,0.0,,,0,0,0,0,50,9,6,50,9,127.0,8.0,2.0,1124.0,0.0,0.0,1.0,대표물품=0.00; 제조업체=0.00; 낙찰건수=7.91; 최근낙찰건수=3.14; 낙찰금액합계=5.80; 창업기업=0.00; 사회적기업=0.00; 사회적협동조합=0.00; 장애인표준사업장=0.00; 공공구매인증서=0.00; 자활용사촌복지공장=0.00; 생산품목매칭=0.00; 부정당제재=-0.00; 현재제재여부=-0.00
277,16.8523,333,4010160101,송풍기,2803701009,2803701009,오성,0.0,0.0,19.0,2.0,2025-05-26,133731538,2540899223.0,0.0,,0.0,,원천_사업자번호집계,현재 후보 목록 기준 정책인증 확정 매칭 없음,0.0,0.0,0.0,,,,,,,,0.0,0.0,0.0,0.0,,,,,,,,,,,,,,,,,,,대표물품=0.00; 제조업체=0.00; 낙찰건수=7.91; 최근낙찰건수=3.14; 낙찰금액합계=5.80; 창업기업=0.00; 사회적기업=0.00; 사회적협동조합=0.00; 장애인표준사업장=0.00; 공공구매인증서=0.00; 자활용사촌복지공장=0.00; 생산품목매칭=0.00; 부정당제재=-0.00; 현재제재여부=-0.00
278,16.8088,241,4710169801,수처리용여과재,1141708314,1141708314,미성엔지니어링,0.0,0.0,13.0,6.0,2025-11-25,177001695,2301022040.0,0.0,,0.0,,원천_사업자번호집계,현재 후보 목록 기준 정책인증 확정 매칭 없음,0.0,0.0,0.0,,,,,,,,0.0,0.0,0.0,0.0,,,,,,,,,,,,,,,,,,,대표물품=0.00; 제조업체=0.00; 낙찰건수=5.57; 최근낙찰건수=5.57; 낙찰금액합계=5.68; 창업기업=0.00; 사회적기업=0.00; 사회적협동조합=0.00; 장애인표준사업장=0.00; 공공구매인증서=0.00; 자활용사촌복지공장=0.00; 생산품목매칭=0.00; 부정당제재=-0.00; 현재제재여부=-0.00
279,16.6767,348,4010160101,송풍기,1430175713,1430175713,에스와이컴퍼니,0.0,0.0,16.0,4.0,2025-05-21,100661183,1610578923.0,0.0,,0.0,,원천_사업자번호집계,현재 후보 목록 기준 정책인증 확정 매칭 없음,0.0,0.0,0.0,,,,,,,,0.0,0.0,0.0,0.0,,,,,,,,,,,,,,,,,,,대표물품=0.00; 제조업체=0.00; 낙찰건수=6.84; 최근낙찰건수=4.60; 낙찰금액합계=5.23; 창업기업=0.00; 사회적기업=0.00; 사회적협동조합=0.00; 장애인표준사업장=0.00; 공공구매인증서=0.00; 자활용사촌복지공장=0.00; 생산품목매칭=0.00; 부정당제재=-0.00; 현재제재여부=-0.00
280,16.6616,232,4710169801,수처리용여과재,8272401230,8272401230,오정,0.0,0.0,16.0,5.0,2025-12-01,65482005,1047712073.0,0.0,,0.0,,원천_사업자번호집계,현재 후보 목록 기준 정책인증 확정 매칭 없음,0.0,0.0,0.0,,,,,,,,0.0,0.0,0.0,0.0,,,,,,,,,,,,,,,,,,,대표물품=0.00; 제조업체=0.00; 낙찰건수=6.84; 최근낙찰건수=5.12; 낙찰금액합계=4.70; 창업기업=0.00; 사회적기업=0.00; 사회적협동조합=0.00; 장애인표준사업장=0.00; 공공구매인증서=0.00; 자활용사촌복지공장=0.00; 생산품목매칭=0.00; 부정당제재=-0.00; 현재제재여부=-0.00
281,16.5753,183,4710160802,무기응집제,4508801309,4508801309,주식회사 엄지,0.0,0.0,15.0,4.0,2025-09-10,136205683,2043085246.0,0.0,,0.0,,원천_사업자번호집계,현재 후보 목록 기준 정책인증 확정 매칭 없음,0.0,0.0,0.0,,,,,,,,0.0,0.0,0.0,0.0,,,,,,,,,,,,,,,,,,,대표물품=0.00; 제조업체=0.00; 낙찰건수=6.44; 최근낙찰건수=4.60; 낙찰금액합계=5.53; 창업기업=0.00; 사회적기업=0.00; 사회적협동조합=0.00; 장애인표준사업장=0.00; 공공구매인증서=0.00; 자활용사촌복지공장=0.00; 생산품목매칭=0.00; 부정당제재=-0.00; 현재제재여부=-0.00
282,16.5724,130,4016150601,여과장치,4601501321,4601501321,토마토,0.0,0.0,20.0,3.0,2025-09-10,40610113,812202256.0,0.0,0,0.0,,원천_사업자번호집계,현재 후보 목록 기준 정책인증 확정 매칭 없음,0.0,0.0,0.0,,,0.060141,36,11.2971,36,242.0,0.0,0.0,0.0,0.0,,,0,0,0,0,50,9,6,50,9,270.0,9.0,2.0,1125.0,0.0,0.0,2.0,대표물품=0.00; 제조업체=0.00; 낙찰건수=8.23; 최근낙찰건수=3.96; 낙찰금액합계=4.38; 창업기업=0.00; 사회적기업=0.00; 사회적협동조합=0.00; 장애인표준사업장=0.00; 공공구매인증서=0.00; 자활용사촌복지공장=0.00; 생산품목매칭=0.00; 부정당제재=-0.00; 현재제재여부=-0.00
283,16.4893,178,4710160802,무기응집제,6502401417,6502401417,선유통,0.0,0.0,17.0,4.0,2025-08-05,60341174,1025799960.0,0.0,,0.0,,원천_사업자번호집계,현재 후보 목록 기준 정책인증 확정 매칭 없음,0.0,0.0,0.0,,,,,,,,0.0,0.0,0.0,0.0,,,,,,,,,,,,,,,,,,,대표물품=0.00; 제조업체=0.00; 낙찰건수=7.22; 최근낙찰건수=4.60; 낙찰금액합계=4.67; 창업기업=0.00; 사회적기업=0.00; 사회적협동조합=0.00; 장애인표준사업장=0.00; 공공구매인증서=0.00; 자활용사촌복지공장=0.00; 생산품목매칭=0.00; 부정당제재=-0.00; 현재제재여부=-0.00
284,16.4893,230,4710169801,수처리용여과재,6502401417,6502401417,선유통,0.0,0.0,17.0,4.0,2025-08-05,60341174,1025799960.0,0.0,,0.0,,원천_사업자번호집계,현재 후보 목록 기준 정책인증 확정 매칭 없음,0.0,0.0,0.0,,,,,,,,0.0,0.0,0.0,0.0,,,,,,,,,,,,,,,,,,,대표물품=0.00; 제조업체=0.00; 낙찰건수=7.22; 최근낙찰건수=4.60; 낙찰금액합계=4.67; 창업기업=0.00; 사회적기업=0.00; 사회적협동조합=0.00; 장애인표준사업장=0.00; 공공구매인증서=0.00; 자활용사촌복지공장=0.00; 생산품목매칭=0.00; 부정당제재=-0.00; 현재제재여부=-0.00
285,16.4893,346,4010160101,송풍기,6502401417,6502401417,선유통,0.0,0.0,17.0,4.0,2025-08-05,60341174,1025799960.0,0.0,,0.0,,원천_사업자번호집계,현재 후보 목록 기준 정책인증 확정 매칭 없음,0.0,0.0,0.0,,,,,,,,0.0,0.0,0.0,0.0,,,,,,,,,,,,,,,,,,,대표물품=0.00; 제조업체=0.00; 낙찰건수=7.22; 최근낙찰건수=4.60; 낙찰금액합계=4.67; 창업기업=0.00; 사회적기업=0.00; 사회적협동조합=0.00; 장애인표준사업장=0.00; 공공구매인증서=0.00; 자활용사촌복지공장=0.00; 생산품목매칭=0.00; 부정당제재=-0.00; 현재제재여부=-0.00
286,16.4893,367,4111250101,유량계,6502401417,6502401417,선유통,0.0,0.0,17.0,4.0,2025-08-05,60341174,1025799960.0,0.0,,0.0,,원천_사업자번호집계,현재 후보 목록 기준 정책인증 확정 매칭 없음,0.0,0.0,0.0,,,,,,,,0.0,0.0,0.0,0.0,,,,,,,,,,,,,,,,,,,대표물품=0.00; 제조업체=0.00; 낙찰건수=7.22; 최근낙찰건수=4.60; 낙찰금액합계=4.67; 창업기업=0.00; 사회적기업=0.00; 사회적협동조합=0.00; 장애인표준사업장=0.00; 공공구매인증서=0.00; 자활용사촌복지공장=0.00; 생산품목매칭=0.00; 부정당제재=-0.00; 현재제재여부=-0.00
287,16.4893,409,4015151301,수중펌프,6502401417,6502401417,선유통,0.0,0.0,17.0,4.0,2025-08-05,60341174,1025799960.0,0.0,,0.0,,원천_사업자번호집계,현재 후보 목록 기준 정책인증 확정 매칭 없음,0.0,0.0,0.0,,,,,,,,0.0,0.0,0.0,0.0,,,,,,,,,,,,,,,,,,,대표물품=0.00; 제조업체=0.00; 낙찰건수=7.22; 최근낙찰건수=4.60; 낙찰금액합계=4.67; 창업기업=0.00; 사회적기업=0.00; 사회적협동조합=0.00; 장애인표준사업장=0.00; 공공구매인증서=0.00; 자활용사촌복지공장=0.00; 생산품목매칭=0.00; 부정당제재=-0.00; 현재제재여부=-0.00
288,16.4893,462,4014169401,제수밸브,6502401417,6502401417,선유통,0.0,0.0,17.0,4.0,2025-08-05,60341174,1025799960.0,0.0,,0.0,,원천_사업자번호집계,현재 후보 목록 기준 정책인증 확정 매칭 없음,0.0,0.0,0.0,,,,,,,,0.0,0.0,0.0,0.0,,,,,,,,,,,,,,,,,,,대표물품=0.00; 제조업체=0.00; 낙찰건수=7.22; 최근낙찰건수=4.60; 낙찰금액합계=4.67; 창업기업=0.00; 사회적기업=0.00; 사회적협동조합=0.00; 장애인표준사업장=0.00; 공공구매인증서=0.00; 자활용사촌복지공장=0.00; 생산품목매칭=0.00; 부정당제재=-0.00; 현재제재여부=-0.00
289,16.4345,336,4010160101,송풍기,4088166210,4088166210,주식회사 엔디,0.0,0.0,19.0,3.0,2025-07-14,49484659,940208520.0,0.0,,0.0,,원천_사업자번호집계,현재 후보 목록 기준 정책인증 확정 매칭 없음,0.0,0.0,0.0,,,,,,,,0.0,0.0,0.0,0.0,,,,,,,,,,,,,,,,,,,대표물품=0.00; 제조업체=0.00; 낙찰건수=7.91; 최근낙찰건수=3.96; 낙찰금액합계=4.56; 창업기업=0.00; 사회적기업=0.00; 사회적협동조합=0.00; 장애인표준사업장=0.00; 공공구매인증서=0.00; 자활용사촌복지공장=0.00; 생산품목매칭=0.00; 부정당제재=-0.00; 현재제재여부=-0.00
290,16.4033,136,4016150601,여과장치,3061864998,3061864998,에스코,0.0,0.0,18.0,3.0,2025-10-28,66737472,1201274496.0,0.0,0,0.0,,원천_사업자번호집계,현재 후보 목록 기준 정책인증 확정 매칭 없음,0.0,0.0,0.0,,,0.056124,42,9.4859,41,201.0,0.0,0.0,0.0,0.0,,,0,0,0,0,50,9,6,50,9,414.0,21.0,4.0,1124.0,0.0,0.0,1.0,대표물품=0.00; 제조업체=0.00; 낙찰건수=7.57; 최근낙찰건수=3.96; 낙찰금액합계=4.87; 창업기업=0.00; 사회적기업=0.00; 사회적협동조합=0.00; 장애인표준사업장=0.00; 공공구매인증서=0.00; 자활용사촌복지공장=0.00; 생산품목매칭=0.00; 부정당제재=-0.00; 현재제재여부=-0.00
291,16.4033,339,4010160101,송풍기,3061864998,3061864998,에스코,0.0,0.0,18.0,3.0,2025-10-28,66737472,1201274496.0,0.0,,0.0,,원천_사업자번호집계,현재 후보 목록 기준 정책인증 확정 매칭 없음,0.0,0.0,0.0,,,,,,,,0.0,0.0,0.0,0.0,,,,,,,,,,,,,,,,,,,대표물품=0.00; 제조업체=0.00; 낙찰건수=7.57; 최근낙찰건수=3.96; 낙찰금액합계=4.87; 창업기업=0.00; 사회적기업=0.00; 사회적협동조합=0.00; 장애인표준사업장=0.00; 공공구매인증서=0.00; 자활용사촌복지공장=0.00; 생산품목매칭=0.00; 부정당제재=-0.00; 현재제재여부=-0.00
292,16.3055,188,4710160802,무기응집제,4410801337,4410801337,엔플,0.0,0.0,13.0,6.0,2025-09-22,118253975,1537301671.0,0.0,,0.0,,원천_사업자번호집계,현재 후보 목록 기준 정책인증 확정 매칭 없음,0.0,0.0,0.0,,,,,,,,0.0,0.0,0.0,0.0,,,,,,,,,,,,,,,,,,,대표물품=0.00; 제조업체=0.00; 낙찰건수=5.57; 최근낙찰건수=5.57; 낙찰금액합계=5.17; 창업기업=0.00; 사회적기업=0.00; 사회적협동조합=0.00; 장애인표준사업장=0.00; 공공구매인증서=0.00; 자활용사촌복지공장=0.00; 생산품목매칭=0.00; 부정당제재=-0.00; 현재제재여부=-0.00
293,16.3055,466,4014169401,제수밸브,4410801337,4410801337,엔플,0.0,0.0,13.0,6.0,2025-09-22,118253975,1537301671.0,0.0,,0.0,,원천_사업자번호집계,현재 후보 목록 기준 정책인증 확정 매칭 없음,0.0,0.0,0.0,,,,,,,,0.0,0.0,0.0,0.0,,,,,,,,,,,,,,,,,,,대표물품=0.00; 제조업체=0.00; 낙찰건수=5.57; 최근낙찰건수=5.57; 낙찰금액합계=5.17; 창업기업=0.00; 사회적기업=0.00; 사회적협동조합=0.00; 장애인표준사업장=0.00; 공공구매인증서=0.00; 자활용사촌복지공장=0.00; 생산품목매칭=0.00; 부정당제재=-0.00; 현재제재여부=-0.00
294,16.2493,337,4010160101,송풍기,3532200610,3532200610,자한티씨,0.0,0.0,19.0,3.0,2025-05-02,42657494,810492380.0,0.0,,0.0,,원천_사업자번호집계,현재 후보 목록 기준 정책인증 확정 매칭 없음,0.0,0.0,0.0,,,,,,,,0.0,0.0,0.0,0.0,,,,,,,,,,,,,,,,,,,대표물품=0.00; 제조업체=0.00; 낙찰건수=7.91; 최근낙찰건수=3.96; 낙찰금액합계=4.38; 창업기업=0.00; 사회적기업=0.00; 사회적협동조합=0.00; 장애인표준사업장=0.00; 공공구매인증서=0.00; 자활용사촌복지공장=0.00; 생산품목매칭=0.00; 부정당제재=-0.00; 현재제재여부=-0.00
295,16.2453,332,4010160101,송풍기,1218641961,1218641961,주식회사 이안코리아,0.0,0.0,19.0,1.0,2025-12-23,208236483,3956493170.0,0.0,,0.0,,원천_사업자번호집계,현재 후보 목록 기준 정책인증 확정 매칭 없음,0.0,0.0,0.0,,,,,,,,0.0,0.0,0.0,0.0,,,,,,,,,,,,,,,,,,,대표물품=0.00; 제조업체=0.00; 낙찰건수=7.91; 최근낙찰건수=1.98; 낙찰금액합계=6.35; 창업기업=0.00; 사회적기업=0.00; 사회적협동조합=0.00; 장애인표준사업장=0.00; 공공구매인증서=0.00; 자활용사촌복지공장=0.00; 생산품목매칭=0.00; 부정당제재=-0.00; 현재제재여부=-0.00
296,16.2449,88,4111331901,기타수질분석기,8891000019,8891000019,동행상사,0.0,0.0,18.0,4.0,2025-11-14,35246885,634443925.0,0.0,0,0.0,,원천_사업자번호집계,현재 후보 목록 기준 정책인증 확정 매칭 없음,0.0,0.0,0.0,,,0.149565,50,9.9338,43,183.0,0.0,0.0,0.0,0.0,,,0,0,0,0,50,12,2,50,12,154.0,18.0,13.0,387.0,0.0,0.0,2.0,대표물품=0.00; 제조업체=0.00; 낙찰건수=7.57; 최근낙찰건수=4.60; 낙찰금액합계=4.07; 창업기업=0.00; 사회적기업=0.00; 사회적협동조합=0.00; 장애인표준사업장=0.00; 공공구매인증서=0.00; 자활용사촌복지공장=0.00; 생산품목매칭=0.00; 부정당제재=-0.00; 현재제재여부=-0.00
297,16.2449,340,4010160101,송풍기,8891000019,8891000019,동행상사,0.0,0.0,18.0,4.0,2025-11-14,35246885,634443925.0,0.0,,0.0,,원천_사업자번호집계,현재 후보 목록 기준 정책인증 확정 매칭 없음,0.0,0.0,0.0,,,,,,,,0.0,0.0,0.0,0.0,,,,,,,,,,,,,,,,,,,대표물품=0.00; 제조업체=0.00; 낙찰건수=7.57; 최근낙찰건수=4.60; 낙찰금액합계=4.07; 창업기업=0.00; 사회적기업=0.00; 사회적협동조합=0.00; 장애인표준사업장=0.00; 공공구매인증서=0.00; 자활용사촌복지공장=0.00; 생산품목매칭=0.00; 부정당제재=-0.00; 현재제재여부=-0.00
298,16.2357,246,4710169801,수처리용여과재,5743001846,5743001846,에이치알에스(HRS),0.0,0.0,11.0,10.0,2025-11-27,105587935,1161467280.0,0.0,,0.0,,원천_사업자번호집계,현재 후보 목록 기준 정책인증 확정 매칭 없음,0.0,0.0,0.0,,,,,,,,0.0,0.0,0.0,0.0,,,,,,,,,,,,,,,,,,,대표물품=0.00; 제조업체=0.00; 낙찰건수=4.55; 최근낙찰건수=6.86; 낙찰금액합계=4.82; 창업기업=0.00; 사회적기업=0.00; 사회적협동조합=0.00; 장애인표준사업장=0.00; 공공구매인증서=0.00; 자활용사촌복지공장=0.00; 생산품목매칭=0.00; 부정당제재=-0.00; 현재제재여부=-0.00
299,16.2087,89,4111331901,기타수질분석기,4040197932,4040197932,삼미상사,0.0,0.0,18.0,4.0,2025-11-13,34240552,616329941.0,0.0,0,0.0,,원천_사업자번호집계,현재 후보 목록 기준 정책인증 확정 매칭 없음,0.0,0.0,0.0,,,0.163401,49,11.4655,41,179.0,0.0,0.0,0.0,0.0,,,0,0,0,0,50,12,2,50,12,273.0,49.0,31.0,1475.0,0.0,0.0,4.0,대표물품=0.00; 제조업체=0.00; 낙찰건수=7.57; 최근낙찰건수=4.60; 낙찰금액합계=4.03; 창업기업=0.00; 사회적기업=0.00; 사회적협동조합=0.00; 장애인표준사업장=0.00; 공공구매인증서=0.00; 자활용사촌복지공장=0.00; 생산품목매칭=0.00; 부정당제재=-0.00; 현재제재여부=-0.00
300,15.992,181,4710160802,무기응집제,1798102185,1798102185,주식회사 디오르마,0.0,0.0,16.0,4.0,2025-10-10,58151875,930430000.0,0.0,,0.0,,원천_사업자번호집계,현재 후보 목록 기준 정책인증 확정 매칭 없음,0.0,0.0,0.0,,,,,,,,0.0,0.0,0.0,0.0,,,,,,,,,,,,,,,,,,,대표물품=0.00; 제조업체=0.00; 낙찰건수=6.84; 최근낙찰건수=4.60; 낙찰금액합계=4.55; 창업기업=0.00; 사회적기업=0.00; 사회적협동조합=0.00; 장애인표준사업장=0.00; 공공구매인증서=0.00; 자활용사촌복지공장=0.00; 생산품목매칭=0.00; 부정당제재=-0.00; 현재제재여부=-0.00
301,15.992,233,4710169801,수처리용여과재,1798102185,1798102185,주식회사 디오르마,0.0,0.0,16.0,4.0,2025-10-10,58151875,930430000.0,0.0,,0.0,,원천_사업자번호집계,현재 후보 목록 기준 정책인증 확정 매칭 없음,0.0,0.0,0.0,,,,,,,,0.0,0.0,0.0,0.0,,,,,,,,,,,,,,,,,,,대표물품=0.00; 제조업체=0.00; 낙찰건수=6.84; 최근낙찰건수=4.60; 낙찰금액합계=4.55; 창업기업=0.00; 사회적기업=0.00; 사회적협동조합=0.00; 장애인표준사업장=0.00; 공공구매인증서=0.00; 자활용사촌복지공장=0.00; 생산품목매칭=0.00; 부정당제재=-0.00; 현재제재여부=-0.00
302,15.992,261,4015150501,정량펌프,1798102185,1798102185,주식회사 디오르마,0.0,0.0,16.0,4.0,2025-10-10,58151875,930430000.0,0.0,,0.0,,원천_사업자번호집계,현재 후보 목록 기준 정책인증 확정 매칭 없음,0.0,0.0,0.0,,,,,,,,0.0,0.0,0.0,0.0,,,,,,,,,,,,,,,,,,,대표물품=0.00; 제조업체=0.00; 낙찰건수=6.84; 최근낙찰건수=4.60; 낙찰금액합계=4.55; 창업기업=0.00; 사회적기업=0.00; 사회적협동조합=0.00; 장애인표준사업장=0.00; 공공구매인증서=0.00; 자활용사촌복지공장=0.00; 생산품목매칭=0.00; 부정당제재=-0.00; 현재제재여부=-0.00
303,15.9198,435,4015151301,수중펌프,4188152426,4188152426,하이스트 주식회사,0.0,1.0,6.0,5.0,2025-11-18,187228167,1123369000.0,0.0,,0.0,,원천_사업자번호집계,현재 후보 목록 기준 정책인증 확정 매칭 없음,0.0,0.0,0.0,,,,,,,,0.0,0.0,0.0,0.0,,,,,,,,,,,,,,,,,,,대표물품=0.00; 제조업체=5.00; 낙찰건수=1.01; 최근낙찰건수=5.12; 낙찰금액합계=4.78; 창업기업=0.00; 사회적기업=0.00; 사회적협동조합=0.00; 장애인표준사업장=0.00; 공공구매인증서=0.00; 자활용사촌복지공장=0.00; 생산품목매칭=0.00; 부정당제재=-0.00; 현재제재여부=-0.00
304,15.86,49,4710160801,유기응집제,5331002128,5331002128,시지에이치,0.0,0.0,22.0,2.0,2025-05-02,24984314,549654903.0,0.0,0,0.0,,원천_사업자번호집계,현재 후보 목록 기준 정책인증 확정 매칭 없음,0.0,0.0,0.0,,,0.24819,46,8.397,50,388.0,0.0,0.0,0.0,0.0,,,0,0,0,0,50,14,1,50,14,72.0,6.0,5.0,502.0,0.0,0.0,0.0,대표물품=0.00; 제조업체=0.00; 낙찰건수=8.83; 최근낙찰건수=3.14; 낙찰금액합계=3.89; 창업기업=0.00; 사회적기업=0.00; 사회적협동조합=0.00; 장애인표준사업장=0.00; 공공구매인증서=0.00; 자활용사촌복지공장=0.00; 생산품목매칭=0.00; 부정당제재=-0.00; 현재제재여부=-0.00
305,15.86,169,4710160802,무기응집제,5331002128,5331002128,시지에이치,0.0,0.0,22.0,2.0,2025-05-02,24984314,549654903.0,0.0,,0.0,,원천_사업자번호집계,현재 후보 목록 기준 정책인증 확정 매칭 없음,0.0,0.0,0.0,,,,,,,,0.0,0.0,0.0,0.0,,,,,,,,,,,,,,,,,,,대표물품=0.00; 제조업체=0.00; 낙찰건수=8.83; 최근낙찰건수=3.14; 낙찰금액합계=3.89; 창업기업=0.00; 사회적기업=0.00; 사회적협동조합=0.00; 장애인표준사업장=0.00; 공공구매인증서=0.00; 자활용사촌복지공장=0.00; 생산품목매칭=0.00; 부정당제재=-0.00; 현재제재여부=-0.00
306,15.7845,349,4010160101,송풍기,3271901186,3271901186,엠에이치테크,0.0,0.0,16.0,3.0,2025-05-30,82118250,1313892000.0,0.0,,0.0,,원천_사업자번호집계,현재 후보 목록 기준 정책인증 확정 매칭 없음,0.0,0.0,0.0,,,,,,,,0.0,0.0,0.0,0.0,,,,,,,,,,,,,,,,,,,대표물품=0.00; 제조업체=0.00; 낙찰건수=6.84; 최근낙찰건수=3.96; 낙찰금액합계=4.98; 창업기업=0.00; 사회적기업=0.00; 사회적협동조합=0.00; 장애인표준사업장=0.00; 공공구매인증서=0.00; 자활용사촌복지공장=0.00; 생산품목매칭=0.00; 부정당제재=-0.00; 현재제재여부=-0.00
307,15.7001,335,4010160101,송풍기,1408161167,1408161167,(주)협성산업,0.0,0.0,19.0,2.0,2025-07-08,53113806,1009162310.0,0.0,,0.0,,원천_사업자번호집계,현재 후보 목록 기준 정책인증 확정 매칭 없음,0.0,0.0,0.0,,,,,,,,0.0,0.0,0.0,0.0,,,,,,,,,,,,,,,,,,,대표물품=0.00; 제조업체=0.00; 낙찰건수=7.91; 최근낙찰건수=3.14; 낙찰금액합계=4.65; 창업기업=0.00; 사회적기업=0.00; 사회적협동조합=0.00; 장애인표준사업장=0.00; 공공구매인증서=0.00; 자활용사촌복지공장=0.00; 생산품목매칭=0.00; 부정당제재=-0.00; 현재제재여부=-0.00
308,15.6784,467,4014169401,제수밸브,4031435175,4031435175,세화,0.0,0.0,13.0,5.0,2025-12-22,101859312,1324171053.14,0.0,,0.0,,원천_사업자번호집계,현재 후보 목록 기준 정책인증 확정 매칭 없음,0.0,0.0,0.0,,,,,,,,0.0,0.0,0.0,0.0,,,,,,,,,,,,,,,,,,,대표물품=0.00; 제조업체=0.00; 낙찰건수=5.57; 최근낙찰건수=5.12; 낙찰금액합계=4.99; 창업기업=0.00; 사회적기업=0.00; 사회적협동조합=0.00; 장애인표준사업장=0.00; 공공구매인증서=0.00; 자활용사촌복지공장=0.00; 생산품목매칭=0.00; 부정당제재=-0.00; 현재제재여부=-0.00
309,15.6294,242,4710169801,수처리용여과재,4198802063,4198802063,주식회사 갑천만수,0.0,0.0,13.0,4.0,2025-12-15,148742468,1933652089.0,0.0,,0.0,,원천_사업자번호집계,현재 후보 목록 기준 정책인증 확정 매칭 없음,0.0,0.0,0.0,,,,,,,,0.0,0.0,0.0,0.0,,,,,,,,,,,,,,,,,,,대표물품=0.00; 제조업체=0.00; 낙찰건수=5.57; 최근낙찰건수=4.60; 낙찰금액합계=5.46; 창업기업=0.00; 사회적기업=0.00; 사회적협동조합=0.00; 장애인표준사업장=0.00; 공공구매인증서=0.00; 자활용사촌복지공장=0.00; 생산품목매칭=0.00; 부정당제재=-0.00; 현재제재여부=-0.00
310,15.5294,86,4111331901,기타수질분석기,6938600164,6938600164,주식회사 마한건설조명,0.0,0.0,18.0,2.0,2025-04-24,64056008,1153008139.0,0.0,0,0.0,,원천_사업자번호집계,현재 후보 목록 기준 정책인증 확정 매칭 없음,0.0,0.0,0.0,,,0.203138,36,7.3073,47,394.0,0.0,0.0,0.0,0.0,,,0,0,0,0,50,12,2,50,12,182.0,42.0,20.0,1475.0,0.0,1.0,0.0,대표물품=0.00; 제조업체=0.00; 낙찰건수=7.57; 최근낙찰건수=3.14; 낙찰금액합계=4.82; 창업기업=0.00; 사회적기업=0.00; 사회적협동조합=0.00; 장애인표준사업장=0.00; 공공구매인증서=0.00; 자활용사촌복지공장=0.00; 생산품목매칭=0.00; 부정당제재=-0.00; 현재제재여부=-0.00
311,15.5294,173,4710160802,무기응집제,6938600164,6938600164,주식회사 마한건설조명,0.0,0.0,18.0,2.0,2025-04-24,64056008,1153008139.0,0.0,,0.0,,원천_사업자번호집계,현재 후보 목록 기준 정책인증 확정 매칭 없음,0.0,0.0,0.0,,,,,,,,0.0,0.0,0.0,0.0,,,,,,,,,,,,,,,,,,,대표물품=0.00; 제조업체=0.00; 낙찰건수=7.57; 최근낙찰건수=3.14; 낙찰금액합계=4.82; 창업기업=0.00; 사회적기업=0.00; 사회적협동조합=0.00; 장애인표준사업장=0.00; 공공구매인증서=0.00; 자활용사촌복지공장=0.00; 생산품목매칭=0.00; 부정당제재=-0.00; 현재제재여부=-0.00
312,15.5294,407,4015151301,수중펌프,6938600164,6938600164,주식회사 마한건설조명,0.0,0.0,18.0,2.0,2025-04-24,64056008,1153008139.0,0.0,,0.0,,원천_사업자번호집계,현재 후보 목록 기준 정책인증 확정 매칭 없음,0.0,0.0,0.0,,,,,,,,0.0,0.0,0.0,0.0,,,,,,,,,,,,,,,,,,,대표물품=0.00; 제조업체=0.00; 낙찰건수=7.57; 최근낙찰건수=3.14; 낙찰금액합계=4.82; 창업기업=0.00; 사회적기업=0.00; 사회적협동조합=0.00; 장애인표준사업장=0.00; 공공구매인증서=0.00; 자활용사촌복지공장=0.00; 생산품목매칭=0.00; 부정당제재=-0.00; 현재제재여부=-0.00
313,15.4812,226,4710169801,수처리용여과재,2691101486,2691101486,조앤테크,0.0,0.0,18.0,3.0,2025-06-09,31874576,573742360.0,0.0,,0.0,,원천_사업자번호집계,현재 후보 목록 기준 정책인증 확정 매칭 없음,0.0,0.0,0.0,,,,,,,,0.0,0.0,0.0,0.0,,,,,,,,,,,,,,,,,,,대표물품=0.00; 제조업체=0.00; 낙찰건수=7.57; 최근낙찰건수=3.96; 낙찰금액합계=3.94; 창업기업=0.00; 사회적기업=0.00; 사회적협동조합=0.00; 장애인표준사업장=0.00; 공공구매인증서=0.00; 자활용사촌복지공장=0.00; 생산품목매칭=0.00; 부정당제재=-0.00; 현재제재여부=-0.00
314,15.4411,146,4016150601,여과장치,5918100427,5918100427,주식회사 수연티앤씨,0.0,0.0,16.0,2.0,2025-08-12,120577481,1929239690.0,0.0,0,0.0,,원천_사업자번호집계,현재 후보 목록 기준 정책인증 확정 매칭 없음,0.0,0.0,0.0,,,0.054878,45,8.9045,43,274.0,0.0,0.0,0.0,0.0,,,0,0,0,0,50,9,6,50,9,256.0,21.0,4.0,1373.0,0.0,0.0,1.0,대표물품=0.00; 제조업체=0.00; 낙찰건수=6.84; 최근낙찰건수=3.14; 낙찰금액합계=5.46; 창업기업=0.00; 사회적기업=0.00; 사회적협동조합=0.00; 장애인표준사업장=0.00; 공공구매인증서=0.00; 자활용사촌복지공장=0.00; 생산품목매칭=0.00; 부정당제재=-0.00; 현재제재여부=-0.00
315,15.3659,347,4010160101,송풍기,3682700131,3682700131,경은상회,0.0,0.0,16.0,2.0,2025-04-11,113529378,1816470050.0,0.0,,0.0,,원천_사업자번호집계,현재 후보 목록 기준 정책인증 확정 매칭 없음,0.0,0.0,0.0,,,,,,,,0.0,0.0,0.0,0.0,,,,,,,,,,,,,,,,,,,대표물품=0.00; 제조업체=0.00; 낙찰건수=6.84; 최근낙찰건수=3.14; 낙찰금액합계=5.38; 창업기업=0.00; 사회적기업=0.00; 사회적협동조합=0.00; 장애인표준사업장=0.00; 공공구매인증서=0.00; 자활용사촌복지공장=0.00; 생산품목매칭=0.00; 부정당제재=-0.00; 현재제재여부=-0.00
316,15.3548,338,4010160101,송풍기,2292401057,2292401057,클로버,0.0,0.0,19.0,2.0,2025-07-31,40275476,765234047.89,0.0,,0.0,,원천_사업자번호집계,현재 후보 목록 기준 정책인증 확정 매칭 없음,0.0,0.0,0.0,,,,,,,,0.0,0.0,0.0,0.0,,,,,,,,,,,,,,,,,,,대표물품=0.00; 제조업체=0.00; 낙찰건수=7.91; 최근낙찰건수=3.14; 낙찰금액합계=4.30; 창업기업=0.00; 사회적기업=0.00; 사회적협동조합=0.00; 장애인표준사업장=0.00; 공공구매인증서=0.00; 자활용사촌복지공장=0.00; 생산품목매칭=0.00; 부정당제재=-0.00; 현재제재여부=-0.00
317,15.2557,98,4111331901,기타수질분석기,3052389947,3052389947,미래코리아비지니스,0.0,0.0,15.0,4.0,2025-07-15,47305921,709588820.0,0.0,0,0.0,,원천_사업자번호집계,현재 후보 목록 기준 정책인증 확정 매칭 없음,0.0,0.0,0.0,,,0.344331,23,8.2618,45,305.0,0.0,0.0,0.0,0.0,,,0,0,0,0,50,12,2,50,12,45.0,8.0,5.0,1485.0,0.0,1.0,2.0,대표물품=0.00; 제조업체=0.00; 낙찰건수=6.44; 최근낙찰건수=4.60; 낙찰금액합계=4.21; 창업기업=0.00; 사회적기업=0.00; 사회적협동조합=0.00; 장애인표준사업장=0.00; 공공구매인증서=0.00; 자활용사촌복지공장=0.00; 생산품목매칭=0.00; 부정당제재=-0.00; 현재제재여부=-0.00
318,15.1801,465,4014169401,제수밸브,8800301895,8800301895,베어영컴퍼니,0.0,0.0,14.0,5.0,2025-09-17,44123108,617723513.69,0.0,,0.0,,원천_사업자번호집계,현재 후보 목록 기준 정책인증 확정 매칭 없음,0.0,0.0,0.0,,,,,,,,0.0,0.0,0.0,0.0,,,,,,,,,,,,,,,,,,,대표물품=0.00; 제조업체=0.00; 낙찰건수=6.02; 최근낙찰건수=5.12; 낙찰금액합계=4.04; 창업기업=0.00; 사회적기업=0.00; 사회적협동조합=0.00; 장애인표준사업장=0.00; 공공구매인증서=0.00; 자활용사촌복지공장=0.00; 생산품목매칭=0.00; 부정당제재=-0.00; 현재제재여부=-0.00
319,14.9403,264,4015150501,정량펌프,8858700815,8858700815,주식회사 지에코,0.0,0.0,14.0,3.0,2025-11-17,92209095,1290927332.0,0.0,,0.0,,원천_사업자번호집계,현재 후보 목록 기준 정책인증 확정 매칭 없음,0.0,0.0,0.0,,,,,,,,0.0,0.0,0.0,0.0,,,,,,,,,,,,,,,,,,,대표물품=0.00; 제조업체=0.00; 낙찰건수=6.02; 최근낙찰건수=3.96; 낙찰금액합계=4.96; 창업기업=0.00; 사회적기업=0.00; 사회적협동조합=0.00; 장애인표준사업장=0.00; 공공구매인증서=0.00; 자활용사촌복지공장=0.00; 생산품목매칭=0.00; 부정당제재=-0.00; 현재제재여부=-0.00
320,14.8968,239,4710169801,수처리용여과재,4450402330,4450402330,피와이테크,0.0,0.0,14.0,4.0,2025-08-25,53400885,747612393.8,0.0,,0.0,,원천_사업자번호집계,현재 후보 목록 기준 정책인증 확정 매칭 없음,0.0,0.0,0.0,,,,,,,,0.0,0.0,0.0,0.0,,,,,,,,,,,,,,,,,,,대표물품=0.00; 제조업체=0.00; 낙찰건수=6.02; 최근낙찰건수=4.60; 낙찰금액합계=4.27; 창업기업=0.00; 사회적기업=0.00; 사회적협동조합=0.00; 장애인표준사업장=0.00; 공공구매인증서=0.00; 자활용사촌복지공장=0.00; 생산품목매칭=0.00; 부정당제재=-0.00; 현재제재여부=-0.00
321,14.8265,134,4016150601,여과장치,2168148122,2168148122,주식회사 르몽드인터내셔널,0.0,0.0,18.0,0.0,2024-01-08,452322992,8141813860.0,0.0,0,0.0,,원천_사업자번호집계,현재 후보 목록 기준 정책인증 확정 매칭 없음,0.0,0.0,0.0,,,0.100894,15,9.7464,39,865.0,0.0,0.0,0.0,0.0,,,0,0,0,0,50,9,6,50,9,438.0,24.0,7.0,1124.0,0.0,0.0,0.0,대표물품=0.00; 제조업체=0.00; 낙찰건수=7.57; 최근낙찰건수=0.00; 낙찰금액합계=7.25; 창업기업=0.00; 사회적기업=0.00; 사회적협동조합=0.00; 장애인표준사업장=0.00; 공공구매인증서=0.00; 자활용사촌복지공장=0.00; 생산품목매칭=0.00; 부정당제재=-0.00; 현재제재여부=-0.00
322,14.8174,380,4111250101,유량계,8466000619,8466000619,정욱,0.0,0.0,12.0,5.0,2025-09-05,81759448,981113377.0,0.0,,0.0,,원천_사업자번호집계,현재 후보 목록 기준 정책인증 확정 매칭 없음,0.0,0.0,0.0,,,,,,,,0.0,0.0,0.0,0.0,,,,,,,,,,,,,,,,,,,대표물품=0.00; 제조업체=0.00; 낙찰건수=5.08; 최근낙찰건수=5.12; 낙찰금액합계=4.61; 창업기업=0.00; 사회적기업=0.00; 사회적협동조합=0.00; 장애인표준사업장=0.00; 공공구매인증서=0.00; 자활용사촌복지공장=0.00; 생산품목매칭=0.00; 부정당제재=-0.00; 현재제재여부=-0.00
323,14.8174,469,4014169401,제수밸브,8466000619,8466000619,정욱,0.0,0.0,12.0,5.0,2025-09-05,81759448,981113377.0,0.0,,0.0,,원천_사업자번호집계,현재 후보 목록 기준 정책인증 확정 매칭 없음,0.0,0.0,0.0,,,,,,,,0.0,0.0,0.0,0.0,,,,,,,,,,,,,,,,,,,대표물품=0.00; 제조업체=0.00; 낙찰건수=5.08; 최근낙찰건수=5.12; 낙찰금액합계=4.61; 창업기업=0.00; 사회적기업=0.00; 사회적협동조합=0.00; 장애인표준사업장=0.00; 공공구매인증서=0.00; 자활용사촌복지공장=0.00; 생산품목매칭=0.00; 부정당제재=-0.00; 현재제재여부=-0.00
324,14.8034,190,4710160802,무기응집제,2372201447,2372201447,제이에스씨 코퍼레이션,0.0,0.0,13.0,5.0,2025-12-30,50522266,656789460.0,0.0,,0.0,,원천_사업자번호집계,현재 후보 목록 기준 정책인증 확정 매칭 없음,0.0,0.0,0.0,,,,,,,,0.0,0.0,0.0,0.0,,,,,,,,,,,,,,,,,,,대표물품=0.00; 제조업체=0.00; 낙찰건수=5.57; 최근낙찰건수=5.12; 낙찰금액합계=4.11; 창업기업=0.00; 사회적기업=0.00; 사회적협동조합=0.00; 장애인표준사업장=0.00; 공공구매인증서=0.00; 자활용사촌복지공장=0.00; 생산품목매칭=0.00; 부정당제재=-0.00; 현재제재여부=-0.00
325,14.7841,197,4710160802,무기응집제,6211381305,6211381305,대림로어패럴,0.0,0.0,11.0,6.0,2025-10-23,92964491,1022609405.77,0.0,,0.0,,원천_사업자번호집계,현재 후보 목록 기준 정책인증 확정 매칭 없음,0.0,0.0,0.0,,,,,,,,0.0,0.0,0.0,0.0,,,,,,,,,,,,,,,,,,,대표물품=0.00; 제조업체=0.00; 낙찰건수=4.55; 최근낙찰건수=5.57; 낙찰금액합계=4.67; 창업기업=0.00; 사회적기업=0.00; 사회적협동조합=0.00; 장애인표준사업장=0.00; 공공구매인증서=0.00; 자활용사촌복지공장=0.00; 생산품목매칭=0.00; 부정당제재=-0.00; 현재제재여부=-0.00
326,14.7805,387,4111250101,유량계,8143300824,8143300824,현진테크,0.0,0.0,11.0,6.0,2025-12-12,92696115,1019657270.0,0.0,,0.0,,원천_사업자번호집계,현재 후보 목록 기준 정책인증 확정 매칭 없음,0.0,0.0,0.0,,,,,,,,0.0,0.0,0.0,0.0,,,,,,,,,,,,,,,,,,,대표물품=0.00; 제조업체=0.00; 낙찰건수=4.55; 최근낙찰건수=5.57; 낙찰금액합계=4.66; 창업기업=0.00; 사회적기업=0.00; 사회적협동조합=0.00; 장애인표준사업장=0.00; 공공구매인증서=0.00; 자활용사촌복지공장=0.00; 생산품목매칭=0.00; 부정당제재=-0.00; 현재제재여부=-0.00
327,14.5625,369,4111250101,유량계,6418702417,6418702417,주식회사 원스타,0.0,0.0,16.0,2.0,2025-02-12,59633865,954141843.57,0.0,,0.0,,원천_사업자번호집계,현재 후보 목록 기준 정책인증 확정 매칭 없음,0.0,0.0,0.0,,,,,,,,0.0,0.0,0.0,0.0,,,,,,,,,,,,,,,,,,,대표물품=0.00; 제조업체=0.00; 낙찰건수=6.84; 최근낙찰건수=3.14; 낙찰금액합계=4.58; 창업기업=0.00; 사회적기업=0.00; 사회적협동조합=0.00; 장애인표준사업장=0.00; 공공구매인증서=0.00; 자활용사촌복지공장=0.00; 생산품목매칭=0.00; 부정당제재=-0.00; 현재제재여부=-0.00
328,14.5398,266,4015150501,정량펌프,1401086324,1401086324,유니솔트,0.0,0.0,14.0,3.0,2025-12-26,66897598,936566369.0,0.0,,0.0,,원천_사업자번호집계,현재 후보 목록 기준 정책인증 확정 매칭 없음,0.0,0.0,0.0,,,,,,,,0.0,0.0,0.0,0.0,,,,,,,,,,,,,,,,,,,대표물품=0.00; 제조업체=0.00; 낙찰건수=6.02; 최근낙찰건수=3.96; 낙찰금액합계=4.56; 창업기업=0.00; 사회적기업=0.00; 사회적협동조합=0.00; 장애인표준사업장=0.00; 공공구매인증서=0.00; 자활용사촌복지공장=0.00; 생산품목매칭=0.00; 부정당제재=-0.00; 현재제재여부=-0.00
329,14.5101,150,4016150601,여과장치,2010989673,2010989673,사회문화＆세무정보사,0.0,0.0,16.0,2.0,2025-12-04,57183136,914930180.0,0.0,0,0.0,,원천_사업자번호집계,현재 후보 목록 기준 정책인증 확정 매칭 없음,0.0,0.0,0.0,,,0.066105,31,9.218,42,156.0,0.0,0.0,0.0,0.0,,,0,0,0,0,50,9,6,50,9,200.0,15.0,4.0,1373.0,0.0,0.0,2.0,대표물품=0.00; 제조업체=0.00; 낙찰건수=6.84; 최근낙찰건수=3.14; 낙찰금액합계=4.53; 창업기업=0.00; 사회적기업=0.00; 사회적협동조합=0.00; 장애인표준사업장=0.00; 공공구매인증서=0.00; 자활용사촌복지공장=0.00; 생산품목매칭=0.00; 부정당제재=-0.00; 현재제재여부=-0.00
330,14.4996,385,4111250101,유량계,1084674027,1084674027,한컴퍼니,0.0,0.0,11.0,4.0,2025-12-30,160025184,1760277029.0,0.0,,0.0,,원천_사업자번호집계,현재 후보 목록 기준 정책인증 확정 매칭 없음,0.0,0.0,0.0,,,,,,,,0.0,0.0,0.0,0.0,,,,,,,,,,,,,,,,,,,대표물품=0.00; 제조업체=0.00; 낙찰건수=4.55; 최근낙찰건수=4.60; 낙찰금액합계=5.34; 창업기업=0.00; 사회적기업=0.00; 사회적협동조합=0.00; 장애인표준사업장=0.00; 공공구매인증서=0.00; 자활용사촌복지공장=0.00; 생산품목매칭=0.00; 부정당제재=-0.00; 현재제재여부=-0.00
331,14.4996,473,4014169401,제수밸브,1084674027,1084674027,한컴퍼니,0.0,0.0,11.0,4.0,2025-12-30,160025184,1760277029.0,0.0,,0.0,,원천_사업자번호집계,현재 후보 목록 기준 정책인증 확정 매칭 없음,0.0,0.0,0.0,,,,,,,,0.0,0.0,0.0,0.0,,,,,,,,,,,,,,,,,,,대표물품=0.00; 제조업체=0.00; 낙찰건수=4.55; 최근낙찰건수=4.60; 낙찰금액합계=5.34; 창업기업=0.00; 사회적기업=0.00; 사회적협동조합=0.00; 장애인표준사업장=0.00; 공공구매인증서=0.00; 자활용사촌복지공장=0.00; 생산품목매칭=0.00; 부정당제재=-0.00; 현재제재여부=-0.00
332,14.4689,374,4111250101,유량계,2158662413,2158662413,(주)동건,0.0,0.0,14.0,3.0,2025-09-10,63200643,884809000.0,0.0,,0.0,,원천_사업자번호집계,현재 후보 목록 기준 정책인증 확정 매칭 없음,0.0,0.0,0.0,,,,,,,,0.0,0.0,0.0,0.0,,,,,,,,,,,,,,,,,,,대표물품=0.00; 제조업체=0.00; 낙찰건수=6.02; 최근낙찰건수=3.96; 낙찰금액합계=4.48; 창업기업=0.00; 사회적기업=0.00; 사회적협동조합=0.00; 장애인표준사업장=0.00; 공공구매인증서=0.00; 자활용사촌복지공장=0.00; 생산품목매칭=0.00; 부정당제재=-0.00; 현재제재여부=-0.00
333,14.3652,235,4710169801,수처리용여과재,3210402072,3210402072,비제이컴퍼니,0.0,0.0,15.0,2.0,2025-08-13,74726853,1120902790.0,0.0,,0.0,,원천_사업자번호집계,현재 후보 목록 기준 정책인증 확정 매칭 없음,0.0,0.0,0.0,,,,,,,,0.0,0.0,0.0,0.0,,,,,,,,,,,,,,,,,,,대표물품=0.00; 제조업체=0.00; 낙찰건수=6.44; 최근낙찰건수=3.14; 낙찰금액합계=4.78; 창업기업=0.00; 사회적기업=0.00; 사회적협동조합=0.00; 장애인표준사업장=0.00; 공공구매인증서=0.00; 자활용사촌복지공장=0.00; 생산품목매칭=0.00; 부정당제재=-0.00; 현재제재여부=-0.00
334,14.2864,82,4111331901,기타수질분석기,4721301373,4721301373,어진컴퍼니,0.0,0.0,21.0,0.0,2024-11-29,116237986,2440997700.0,0.0,0,0.0,,원천_사업자번호집계,현재 후보 목록 기준 정책인증 확정 매칭 없음,0.0,0.0,0.0,,,0.217088,33,9.7888,44,547.0,0.0,0.0,0.0,0.0,,,0,0,0,0,50,12,2,50,12,298.0,75.0,51.0,1355.0,0.0,4.0,0.0,대표물품=0.00; 제조업체=0.00; 낙찰건수=8.54; 최근낙찰건수=0.00; 낙찰금액합계=5.75; 창업기업=0.00; 사회적기업=0.00; 사회적협동조합=0.00; 장애인표준사업장=0.00; 공공구매인증서=0.00; 자활용사촌복지공장=0.00; 생산품목매칭=0.00; 부정당제재=-0.00; 현재제재여부=-0.00
335,14.2864,331,4010160101,송풍기,4721301373,4721301373,어진컴퍼니,0.0,0.0,21.0,0.0,2024-11-29,116237986,2440997700.0,0.0,,0.0,,원천_사업자번호집계,현재 후보 목록 기준 정책인증 확정 매칭 없음,0.0,0.0,0.0,,,,,,,,0.0,0.0,0.0,0.0,,,,,,,,,,,,,,,,,,,대표물품=0.00; 제조업체=0.00; 낙찰건수=8.54; 최근낙찰건수=0.00; 낙찰금액합계=5.75; 창업기업=0.00; 사회적기업=0.00; 사회적협동조합=0.00; 장애인표준사업장=0.00; 공공구매인증서=0.00; 자활용사촌복지공장=0.00; 생산품목매칭=0.00; 부정당제재=-0.00; 현재제재여부=-0.00
336,14.2864,361,4111250101,유량계,4721301373,4721301373,어진컴퍼니,0.0,0.0,21.0,0.0,2024-11-29,116237986,2440997700.0,0.0,,0.0,,원천_사업자번호집계,현재 후보 목록 기준 정책인증 확정 매칭 없음,0.0,0.0,0.0,,,,,,,,0.0,0.0,0.0,0.0,,,,,,,,,,,,,,,,,,,대표물품=0.00; 제조업체=0.00; 낙찰건수=8.54; 최근낙찰건수=0.00; 낙찰금액합계=5.75; 창업기업=0.00; 사회적기업=0.00; 사회적협동조합=0.00; 장애인표준사업장=0.00; 공공구매인증서=0.00; 자활용사촌복지공장=0.00; 생산품목매칭=0.00; 부정당제재=-0.00; 현재제재여부=-0.00
337,14.2645,474,4014169401,제수밸브,6850301723,6850301723,대호컴퍼니,0.0,0.0,11.0,4.0,2025-07-21,132550675,1458057430.0,0.0,,0.0,,원천_사업자번호집계,현재 후보 목록 기준 정책인증 확정 매칭 없음,0.0,0.0,0.0,,,,,,,,0.0,0.0,0.0,0.0,,,,,,,,,,,,,,,,,,,대표물품=0.00; 제조업체=0.00; 낙찰건수=4.55; 최근낙찰건수=4.60; 낙찰금액합계=5.11; 창업기업=0.00; 사회적기업=0.00; 사회적협동조합=0.00; 장애인표준사업장=0.00; 공공구매인증서=0.00; 자활용사촌복지공장=0.00; 생산품목매칭=0.00; 부정당제재=-0.00; 현재제재여부=-0.00
338,14.2235,243,4710169801,수처리용여과재,5580801504,5580801504,더블유엠,0.0,0.0,13.0,4.0,2025-06-30,48209382,626721960.0,0.0,,0.0,,원천_사업자번호집계,현재 후보 목록 기준 정책인증 확정 매칭 없음,0.0,0.0,0.0,,,,,,,,0.0,0.0,0.0,0.0,,,,,,,,,,,,,,,,,,,대표물품=0.00; 제조업체=0.00; 낙찰건수=5.57; 최근낙찰건수=4.60; 낙찰금액합계=4.05; 창업기업=0.00; 사회적기업=0.00; 사회적협동조합=0.00; 장애인표준사업장=0.00; 공공구매인증서=0.00; 자활용사촌복지공장=0.00; 생산품목매칭=0.00; 부정당제재=-0.00; 현재제재여부=-0.00
339,14.2032,411,4015151301,수중펌프,6586100718,6586100718,대연상사,0.0,0.0,11.0,5.0,2025-10-10,83091473,914006200.0,0.0,,0.0,,원천_사업자번호집계,현재 후보 목록 기준 정책인증 확정 매칭 없음,0.0,0.0,0.0,,,,,,,,0.0,0.0,0.0,0.0,,,,,,,,,,,,,,,,,,,대표물품=0.00; 제조업체=0.00; 낙찰건수=4.55; 최근낙찰건수=5.12; 낙찰금액합계=4.53; 창업기업=0.00; 사회적기업=0.00; 사회적협동조합=0.00; 장애인표준사업장=0.00; 공공구매인증서=0.00; 자활용사촌복지공장=0.00; 생산품목매칭=0.00; 부정당제재=-0.00; 현재제재여부=-0.00
340,14.1184,224,4710169801,수처리용여과재,6614200580,6614200580,미성상사,0.0,0.0,19.0,1.0,2025-06-10,37873314,719592970.0,0.0,,0.0,,원천_사업자번호집계,현재 후보 목록 기준 정책인증 확정 매칭 없음,0.0,0.0,0.0,,,,,,,,0.0,0.0,0.0,0.0,,,,,,,,,,,,,,,,,,,대표물품=0.00; 제조업체=0.00; 낙찰건수=7.91; 최근낙찰건수=1.98; 낙찰금액합계=4.23; 창업기업=0.00; 사회적기업=0.00; 사회적협동조합=0.00; 장애인표준사업장=0.00; 공공구매인증서=0.00; 자활용사촌복지공장=0.00; 생산품목매칭=0.00; 부정당제재=-0.00; 현재제재여부=-0.00
341,14.1019,414,4015151301,수중펌프,6561802048,6561802048,에스알퍼포먼스,0.0,0.0,10.0,10.0,2025-12-16,33212621,332126212.9,0.0,,0.0,,원천_사업자번호집계,현재 후보 목록 기준 정책인증 확정 매칭 없음,0.0,0.0,0.0,,,,,,,,0.0,0.0,0.0,0.0,,,,,,,,,,,,,,,,,,,대표물품=0.00; 제조업체=0.00; 낙찰건수=3.98; 최근낙찰건수=6.86; 낙찰금액합계=3.26; 창업기업=0.00; 사회적기업=0.00; 사회적협동조합=0.00; 장애인표준사업장=0.00; 공공구매인증서=0.00; 자활용사촌복지공장=0.00; 생산품목매칭=0.00; 부정당제재=-0.00; 현재제재여부=-0.00
342,14.0959,464,4014169401,제수밸브,6132721977,6132721977,나이스컴퍼니,0.0,0.0,14.0,3.0,2025-12-02,46870432,656186050.0,0.0,,0.0,,원천_사업자번호집계,현재 후보 목록 기준 정책인증 확정 매칭 없음,0.0,0.0,0.0,,,,,,,,0.0,0.0,0.0,0.0,,,,,,,,,,,,,,,,,,,대표물품=0.00; 제조업체=0.00; 낙찰건수=6.02; 최근낙찰건수=3.96; 낙찰금액합계=4.11; 창업기업=0.00; 사회적기업=0.00; 사회적협동조합=0.00; 장애인표준사업장=0.00; 공공구매인증서=0.00; 자활용사촌복지공장=0.00; 생산품목매칭=0.00; 부정당제재=-0.00; 현재제재여부=-0.00
343,14.0644,270,4015150501,정량펌프,1348646550,1348646550,주식회사청솔엠테크,0.0,0.0,10.0,4.0,2025-10-28,196369360,1963693600.0,0.0,,0.0,,원천_사업자번호집계,현재 후보 목록 기준 정책인증 확정 매칭 없음,0.0,0.0,0.0,,,,,,,,0.0,0.0,0.0,0.0,,,,,,,,,,,,,,,,,,,대표물품=0.00; 제조업체=0.00; 낙찰건수=3.98; 최근낙찰건수=4.60; 낙찰금액합계=5.48; 창업기업=0.00; 사회적기업=0.00; 사회적협동조합=0.00; 장애인표준사업장=0.00; 공공구매인증서=0.00; 자활용사촌복지공장=0.00; 생산품목매칭=0.00; 부정당제재=-0.00; 현재제재여부=-0.00
344,14.0233,383,4111250101,유량계,7022701500,7022701500,골드굿즈,0.0,0.0,12.0,6.0,2025-03-04,30389668,364676020.13,0.0,,0.0,,원천_사업자번호집계,현재 후보 목록 기준 정책인증 확정 매칭 없음,0.0,0.0,0.0,,,,,,,,0.0,0.0,0.0,0.0,,,,,,,,,,,,,,,,,,,대표물품=0.00; 제조업체=0.00; 낙찰건수=5.08; 최근낙찰건수=5.57; 낙찰금액합계=3.38; 창업기업=0.00; 사회적기업=0.00; 사회적협동조합=0.00; 장애인표준사업장=0.00; 공공구매인증서=0.00; 자활용사촌복지공장=0.00; 생산품목매칭=0.00; 부정당제재=-0.00; 현재제재여부=-0.00
345,14.0233,472,4014169401,제수밸브,7022701500,7022701500,골드굿즈,0.0,0.0,12.0,6.0,2025-03-04,30389668,364676020.13,0.0,,0.0,,원천_사업자번호집계,현재 후보 목록 기준 정책인증 확정 매칭 없음,0.0,0.0,0.0,,,,,,,,0.0,0.0,0.0,0.0,,,,,,,,,,,,,,,,,,,대표물품=0.00; 제조업체=0.00; 낙찰건수=5.08; 최근낙찰건수=5.57; 낙찰금액합계=3.38; 창업기업=0.00; 사회적기업=0.00; 사회적협동조합=0.00; 장애인표준사업장=0.00; 공공구매인증서=0.00; 자활용사촌복지공장=0.00; 생산품목매칭=0.00; 부정당제재=-0.00; 현재제재여부=-0.00
346,13.9079,238,4710169801,수처리용여과재,5253400601,5253400601,지에이치기업,0.0,0.0,14.0,2.0,2025-12-10,77951919,1091326863.43,0.0,,0.0,,원천_사업자번호집계,현재 후보 목록 기준 정책인증 확정 매칭 없음,0.0,0.0,0.0,,,,,,,,0.0,0.0,0.0,0.0,,,,,,,,,,,,,,,,,,,대표물품=0.00; 제조업체=0.00; 낙찰건수=6.02; 최근낙찰건수=3.14; 낙찰금액합계=4.75; 창업기업=0.00; 사회적기업=0.00; 사회적협동조합=0.00; 장애인표준사업장=0.00; 공공구매인증서=0.00; 자활용사촌복지공장=0.00; 생산품목매칭=0.00; 부정당제재=-0.00; 현재제재여부=-0.00
347,13.6739,245,4710169801,수처리용여과재,8808700159,8808700159,주식회사 하이패스텔,0.0,0.0,11.0,3.0,2025-05-27,137705321,1514758530.0,0.0,,0.0,,원천_사업자번호집계,현재 후보 목록 기준 정책인증 확정 매칭 없음,0.0,0.0,0.0,,,,,,,,0.0,0.0,0.0,0.0,,,,,,,,,,,,,,,,,,,대표물품=0.00; 제조업체=0.00; 낙찰건수=4.55; 최근낙찰건수=3.96; 낙찰금액합계=5.16; 창업기업=0.00; 사회적기업=0.00; 사회적협동조합=0.00; 장애인표준사업장=0.00; 공공구매인증서=0.00; 자활용사촌복지공장=0.00; 생산품목매칭=0.00; 부정당제재=-0.00; 현재제재여부=-0.00
348,13.6594,100,4111331901,기타수질분석기,1308646112,1308646112,주식회사아이티베이스,0.0,0.0,14.0,1.0,2025-09-25,161779321,2264910500.0,0.0,0,0.0,,원천_사업자번호집계,현재 후보 목록 기준 정책인증 확정 매칭 없음,0.0,0.0,0.0,,,0.433729,18,7.7852,46,232.0,0.0,0.0,0.0,0.0,,,0,0,0,0,50,12,2,50,12,13.0,3.0,3.0,255.0,0.0,0.0,1.0,대표물품=0.00; 제조업체=0.00; 낙찰건수=6.02; 최근낙찰건수=1.98; 낙찰금액합계=5.66; 창업기업=0.00; 사회적기업=0.00; 사회적협동조합=0.00; 장애인표준사업장=0.00; 공공구매인증서=0.00; 자활용사촌복지공장=0.00; 생산품목매칭=0.00; 부정당제재=-0.00; 현재제재여부=-0.00
349,13.6538,413,4015151301,수중펌프,5108119062,5108119062,브이건설 주식회사,0.0,0.0,10.0,3.0,2025-12-31,235650386,2356503860.0,0.0,,0.0,,원천_사업자번호집계,현재 후보 목록 기준 정책인증 확정 매칭 없음,0.0,0.0,0.0,,,,,,,,0.0,0.0,0.0,0.0,,,,,,,,,,,,,,,,,,,대표물품=0.00; 제조업체=0.00; 낙찰건수=3.98; 최근낙찰건수=3.96; 낙찰금액합계=5.71; 창업기업=0.00; 사회적기업=0.00; 사회적협동조합=0.00; 장애인표준사업장=0.00; 공공구매인증서=0.00; 자활용사촌복지공장=0.00; 생산품목매칭=0.00; 부정당제재=-0.00; 현재제재여부=-0.00
350,13.6328,350,4010160101,송풍기,7342601117,7342601117,에벤에셀,0.0,0.0,16.0,1.0,2025-10-30,71702646,1147242330.0,0.0,,0.0,,원천_사업자번호집계,현재 후보 목록 기준 정책인증 확정 매칭 없음,0.0,0.0,0.0,,,,,,,,0.0,0.0,0.0,0.0,,,,,,,,,,,,,,,,,,,대표물품=0.00; 제조업체=0.00; 낙찰건수=6.84; 최근낙찰건수=1.98; 낙찰금액합계=4.81; 창업기업=0.00; 사회적기업=0.00; 사회적협동조합=0.00; 장애인표준사업장=0.00; 공공구매인증서=0.00; 자활용사촌복지공장=0.00; 생산품목매칭=0.00; 부정당제재=-0.00; 현재제재여부=-0.00
351,13.631,468,4014169401,제수밸브,3303500956,3303500956,제이유컴퍼니,0.0,0.0,13.0,4.0,2025-12-08,29985689,389813961.0,0.0,,0.0,,원천_사업자번호집계,현재 후보 목록 기준 정책인증 확정 매칭 없음,0.0,0.0,0.0,,,,,,,,0.0,0.0,0.0,0.0,,,,,,,,,,,,,,,,,,,대표물품=0.00; 제조업체=0.00; 낙찰건수=5.57; 최근낙찰건수=4.60; 낙찰금액합계=3.46; 창업기업=0.00; 사회적기업=0.00; 사회적협동조합=0.00; 장애인표준사업장=0.00; 공공구매인증서=0.00; 자활용사촌복지공장=0.00; 생산품목매칭=0.00; 부정당제재=-0.00; 현재제재여부=-0.00
352,13.5746,186,4710160802,무기응집제,2638802174,2638802174,제이컴주식회사,0.0,0.0,14.0,2.0,2025-11-26,59680551,835527710.0,0.0,,0.0,,원천_사업자번호집계,현재 후보 목록 기준 정책인증 확정 매칭 없음,0.0,0.0,0.0,,,,,,,,0.0,0.0,0.0,0.0,,,,,,,,,,,,,,,,,,,대표물품=0.00; 제조업체=0.00; 낙찰건수=6.02; 최근낙찰건수=3.14; 낙찰금액합계=4.41; 창업기업=0.00; 사회적기업=0.00; 사회적협동조합=0.00; 장애인표준사업장=0.00; 공공구매인증서=0.00; 자활용사촌복지공장=0.00; 생산품목매칭=0.00; 부정당제재=-0.00; 현재제재여부=-0.00
353,13.5746,375,4111250101,유량계,2638802174,2638802174,제이컴주식회사,0.0,0.0,14.0,2.0,2025-11-26,59680551,835527710.0,0.0,,0.0,,원천_사업자번호집계,현재 후보 목록 기준 정책인증 확정 매칭 없음,0.0,0.0,0.0,,,,,,,,0.0,0.0,0.0,0.0,,,,,,,,,,,,,,,,,,,대표물품=0.00; 제조업체=0.00; 낙찰건수=6.02; 최근낙찰건수=3.14; 낙찰금액합계=4.41; 창업기업=0.00; 사회적기업=0.00; 사회적협동조합=0.00; 장애인표준사업장=0.00; 공공구매인증서=0.00; 자활용사촌복지공장=0.00; 생산품목매칭=0.00; 부정당제재=-0.00; 현재제재여부=-0.00
354,13.365,149,4016150601,여과장치,7342101806,7342101806,나노시스,0.0,0.0,16.0,1.0,2025-09-17,57850709,925611340.0,0.0,0,0.0,,원천_사업자번호집계,현재 후보 목록 기준 정책인증 확정 매칭 없음,0.0,0.0,0.0,,,0.056709,40,7.988,44,241.0,0.0,0.0,0.0,0.0,,,0,0,0,0,50,9,6,50,9,468.0,27.0,4.0,1124.0,0.0,0.0,1.0,대표물품=0.00; 제조업체=0.00; 낙찰건수=6.84; 최근낙찰건수=1.98; 낙찰금액합계=4.54; 창업기업=0.00; 사회적기업=0.00; 사회적협동조합=0.00; 장애인표준사업장=0.00; 공공구매인증서=0.00; 자활용사촌복지공장=0.00; 생산품목매칭=0.00; 부정당제재=-0.00; 현재제재여부=-0.00
355,13.3013,410,4015151301,수중펌프,7782600684,7782600684,한마음,0.0,0.0,11.0,3.0,2025-12-19,102159537,1123754910.0,0.0,,0.0,,원천_사업자번호집계,현재 후보 목록 기준 정책인증 확정 매칭 없음,0.0,0.0,0.0,,,,,,,,0.0,0.0,0.0,0.0,,,,,,,,,,,,,,,,,,,대표물품=0.00; 제조업체=0.00; 낙찰건수=4.55; 최근낙찰건수=3.96; 낙찰금액합계=4.78; 창업기업=0.00; 사회적기업=0.00; 사회적협동조합=0.00; 장애인표준사업장=0.00; 공공구매인증서=0.00; 자활용사촌복지공장=0.00; 생산품목매칭=0.00; 부정당제재=-0.00; 현재제재여부=-0.00
356,13.2786,269,4015150501,정량펌프,3038602497,3038602497,주식회사 대림산업기술,0.0,0.0,11.0,3.0,2025-06-28,100316336,1103479700.0,0.0,,0.0,,원천_사업자번호집계,현재 후보 목록 기준 정책인증 확정 매칭 없음,0.0,0.0,0.0,,,,,,,,0.0,0.0,0.0,0.0,,,,,,,,,,,,,,,,,,,대표물품=0.00; 제조업체=0.00; 낙찰건수=4.55; 최근낙찰건수=3.96; 낙찰금액합계=4.76; 창업기업=0.00; 사회적기업=0.00; 사회적협동조합=0.00; 장애인표준사업장=0.00; 공공구매인증서=0.00; 자활용사촌복지공장=0.00; 생산품목매칭=0.00; 부정당제재=-0.00; 현재제재여부=-0.00
357,13.2294,268,4015150501,정량펌프,1521801697,1521801697,평온상사,0.0,0.0,12.0,2.0,2025-09-01,112149513,1345794157.0,0.0,,0.0,,원천_사업자번호집계,현재 후보 목록 기준 정책인증 확정 매칭 없음,0.0,0.0,0.0,,,,,,,,0.0,0.0,0.0,0.0,,,,,,,,,,,,,,,,,,,대표물품=0.00; 제조업체=0.00; 낙찰건수=5.08; 최근낙찰건수=3.14; 낙찰금액합계=5.01; 창업기업=0.00; 사회적기업=0.00; 사회적협동조합=0.00; 장애인표준사업장=0.00; 공공구매인증서=0.00; 자활용사촌복지공장=0.00; 생산품목매칭=0.00; 부정당제재=-0.00; 현재제재여부=-0.00
358,13.2021,398,4111250101,유량계,4038183460,4038183460,주식회사 진성하이텍,0.0,0.0,9.0,4.0,2025-06-13,180566167,1625095500.0,0.0,,0.0,,원천_사업자번호집계,현재 후보 목록 기준 정책인증 확정 매칭 없음,0.0,0.0,0.0,,,,,,,,0.0,0.0,0.0,0.0,,,,,,,,,,,,,,,,,,,대표물품=0.00; 제조업체=0.00; 낙찰건수=3.36; 최근낙찰건수=4.60; 낙찰금액합계=5.24; 창업기업=0.00; 사회적기업=0.00; 사회적협동조합=0.00; 장애인표준사업장=0.00; 공공구매인증서=0.00; 자활용사촌복지공장=0.00; 생산품목매칭=0.00; 부정당제재=-0.00; 현재제재여부=-0.00
359,13.1989,189,4710160802,무기응집제,1868702400,1868702400,주식회사 그린아이앤티,0.0,0.0,13.0,2.0,2025-06-10,68391582,889090570.0,0.0,,0.0,,원천_사업자번호집계,현재 후보 목록 기준 정책인증 확정 매칭 없음,0.0,0.0,0.0,,,,,,,,0.0,0.0,0.0,0.0,,,,,,,,,,,,,,,,,,,대표물품=0.00; 제조업체=0.00; 낙찰건수=5.57; 최근낙찰건수=3.14; 낙찰금액합계=4.49; 창업기업=0.00; 사회적기업=0.00; 사회적협동조합=0.00; 장애인표준사업장=0.00; 공공구매인증서=0.00; 자활용사촌복지공장=0.00; 생산품목매칭=0.00; 부정당제재=-0.00; 현재제재여부=-0.00
360,13.1989,376,4111250101,유량계,1868702400,1868702400,주식회사 그린아이앤티,0.0,0.0,13.0,2.0,2025-06-10,68391582,889090570.0,0.0,,0.0,,원천_사업자번호집계,현재 후보 목록 기준 정책인증 확정 매칭 없음,0.0,0.0,0.0,,,,,,,,0.0,0.0,0.0,0.0,,,,,,,,,,,,,,,,,,,대표물품=0.00; 제조업체=0.00; 낙찰건수=5.57; 최근낙찰건수=3.14; 낙찰금액합계=4.49; 창업기업=0.00; 사회적기업=0.00; 사회적협동조합=0.00; 장애인표준사업장=0.00; 공공구매인증서=0.00; 자활용사촌복지공장=0.00; 생산품목매칭=0.00; 부정당제재=-0.00; 현재제재여부=-0.00
361,13.168,470,4014169401,제수밸브,2876200380,2876200380,고호상사,0.0,0.0,12.0,3.0,2025-10-29,55219568,662634818.0,0.0,,0.0,,원천_사업자번호집계,현재 후보 목록 기준 정책인증 확정 매칭 없음,0.0,0.0,0.0,,,,,,,,0.0,0.0,0.0,0.0,,,,,,,,,,,,,,,,,,,대표물품=0.00; 제조업체=0.00; 낙찰건수=5.08; 최근낙찰건수=3.96; 낙찰금액합계=4.12; 창업기업=0.00; 사회적기업=0.00; 사회적협동조합=0.00; 장애인표준사업장=0.00; 공공구매인증서=0.00; 자활용사촌복지공장=0.00; 생산품목매칭=0.00; 부정당제재=-0.00; 현재제재여부=-0.00
362,13.1589,195,4710160802,무기응집제,1664901007,1664901007,비키,0.0,0.0,11.0,2.0,2025-05-26,176218626,1938404887.01,0.0,,0.0,,원천_사업자번호집계,현재 후보 목록 기준 정책인증 확정 매칭 없음,0.0,0.0,0.0,,,,,,,,0.0,0.0,0.0,0.0,,,,,,,,,,,,,,,,,,,대표물품=0.00; 제조업체=0.00; 낙찰건수=4.55; 최근낙찰건수=3.14; 낙찰금액합계=5.46; 창업기업=0.00; 사회적기업=0.00; 사회적협동조합=0.00; 장애인표준사업장=0.00; 공공구매인증서=0.00; 자활용사촌복지공장=0.00; 생산품목매칭=0.00; 부정당제재=-0.00; 현재제재여부=-0.00
363,12.9441,187,4710160802,무기응집제,5762601388,5762601388,에스와이상사,0.0,0.0,14.0,2.0,2025-09-08,36006969,504097570.0,0.0,,0.0,,원천_사업자번호집계,현재 후보 목록 기준 정책인증 확정 매칭 없음,0.0,0.0,0.0,,,,,,,,0.0,0.0,0.0,0.0,,,,,,,,,,,,,,,,,,,대표물품=0.00; 제조업체=0.00; 낙찰건수=6.02; 최근낙찰건수=3.14; 낙찰금액합계=3.78; 창업기업=0.00; 사회적기업=0.00; 사회적협동조합=0.00; 장애인표준사업장=0.00; 공공구매인증서=0.00; 자활용사촌복지공장=0.00; 생산품목매칭=0.00; 부정당제재=-0.00; 현재제재여부=-0.00
364,12.9232,263,4015150501,정량펌프,2791401150,2791401150,가우정인,0.0,0.0,15.0,1.0,2025-01-15,59592627,893889400.0,0.0,,0.0,,원천_사업자번호집계,현재 후보 목록 기준 정책인증 확정 매칭 없음,0.0,0.0,0.0,,,,,,,,0.0,0.0,0.0,0.0,,,,,,,,,,,,,,,,,,,대표물품=0.00; 제조업체=0.00; 낙찰건수=6.44; 최근낙찰건수=1.98; 낙찰금액합계=4.50; 창업기업=0.00; 사회적기업=0.00; 사회적협동조합=0.00; 장애인표준사업장=0.00; 공공구매인증서=0.00; 자활용사촌복지공장=0.00; 생산품목매칭=0.00; 부정당제재=-0.00; 현재제재여부=-0.00
365,12.9232,371,4111250101,유량계,2791401150,2791401150,가우정인,0.0,0.0,15.0,1.0,2025-01-15,59592627,893889400.0,0.0,,0.0,,원천_사업자번호집계,현재 후보 목록 기준 정책인증 확정 매칭 없음,0.0,0.0,0.0,,,,,,,,0.0,0.0,0.0,0.0,,,,,,,,,,,,,,,,,,,대표물품=0.00; 제조업체=0.00; 낙찰건수=6.44; 최근낙찰건수=1.98; 낙찰금액합계=4.50; 창업기업=0.00; 사회적기업=0.00; 사회적협동조합=0.00; 장애인표준사업장=0.00; 공공구매인증서=0.00; 자활용사촌복지공장=0.00; 생산품목매칭=0.00; 부정당제재=-0.00; 현재제재여부=-0.00
366,12.9232,463,4014169401,제수밸브,2791401150,2791401150,가우정인,0.0,0.0,15.0,1.0,2025-01-15,59592627,893889400.0,0.0,,0.0,,원천_사업자번호집계,현재 후보 목록 기준 정책인증 확정 매칭 없음,0.0,0.0,0.0,,,,,,,,0.0,0.0,0.0,0.0,,,,,,,,,,,,,,,,,,,대표물품=0.00; 제조업체=0.00; 낙찰건수=6.44; 최근낙찰건수=1.98; 낙찰금액합계=4.50; 창업기업=0.00; 사회적기업=0.00; 사회적협동조합=0.00; 장애인표준사업장=0.00; 공공구매인증서=0.00; 자활용사촌복지공장=0.00; 생산품목매칭=0.00; 부정당제재=-0.00; 현재제재여부=-0.00
367,12.821,198,4710160802,무기응집제,4131501117,4131501117,부농,0.0,0.0,11.0,4.0,2025-08-07,41686775,458554524.56,0.0,,0.0,,원천_사업자번호집계,현재 후보 목록 기준 정책인증 확정 매칭 없음,0.0,0.0,0.0,,,,,,,,0.0,0.0,0.0,0.0,,,,,,,,,,,,,,,,,,,대표물품=0.00; 제조업체=0.00; 낙찰건수=4.55; 최근낙찰건수=4.60; 낙찰금액합계=3.66; 창업기업=0.00; 사회적기업=0.00; 사회적협동조합=0.00; 장애인표준사업장=0.00; 공공구매인증서=0.00; 자활용사촌복지공장=0.00; 생산품목매칭=0.00; 부정당제재=-0.00; 현재제재여부=-0.00
368,12.8204,139,4016150601,여과장치,1218186809,1218186809,(주)씨티원서비스,0.0,0.0,17.0,0.0,2024-12-31,127562997,2168570951.0,0.0,0,0.0,,원천_사업자번호집계,현재 후보 목록 기준 정책인증 확정 매칭 없음,0.0,0.0,0.0,,,0.055958,43,7.5256,45,501.0,0.0,0.0,0.0,0.0,,,0,0,0,0,50,9,6,50,9,358.0,14.0,3.0,1124.0,0.0,0.0,0.0,대표물품=0.00; 제조업체=0.00; 낙찰건수=7.22; 최근낙찰건수=0.00; 낙찰금액합계=5.60; 창업기업=0.00; 사회적기업=0.00; 사회적협동조합=0.00; 장애인표준사업장=0.00; 공공구매인증서=0.00; 자활용사촌복지공장=0.00; 생산품목매칭=0.00; 부정당제재=-0.00; 현재제재여부=-0.00
369,12.8204,342,4010160101,송풍기,1218186809,1218186809,(주)씨티원서비스,0.0,0.0,17.0,0.0,2024-12-31,127562997,2168570951.0,0.0,,0.0,,원천_사업자번호집계,현재 후보 목록 기준 정책인증 확정 매칭 없음,0.0,0.0,0.0,,,,,,,,0.0,0.0,0.0,0.0,,,,,,,,,,,,,,,,,,,대표물품=0.00; 제조업체=0.00; 낙찰건수=7.22; 최근낙찰건수=0.00; 낙찰금액합계=5.60; 창업기업=0.00; 사회적기업=0.00; 사회적협동조합=0.00; 장애인표준사업장=0.00; 공공구매인증서=0.00; 자활용사촌복지공장=0.00; 생산품목매칭=0.00; 부정당제재=-0.00; 현재제재여부=-0.00
370,12.7415,194,4710160802,무기응집제,2840702041,2840702041,대원,0.0,0.0,12.0,3.0,2025-08-22,39232083,470785000.0,0.0,,0.0,,원천_사업자번호집계,현재 후보 목록 기준 정책인증 확정 매칭 없음,0.0,0.0,0.0,,,,,,,,0.0,0.0,0.0,0.0,,,,,,,,,,,,,,,,,,,대표물품=0.00; 제조업체=0.00; 낙찰건수=5.08; 최근낙찰건수=3.96; 낙찰금액합계=3.70; 창업기업=0.00; 사회적기업=0.00; 사회적협동조합=0.00; 장애인표준사업장=0.00; 공공구매인증서=0.00; 자활용사촌복지공장=0.00; 생산품목매칭=0.00; 부정당제재=-0.00; 현재제재여부=-0.00
371,12.7415,244,4710169801,수처리용여과재,2840702041,2840702041,대원,0.0,0.0,12.0,3.0,2025-08-22,39232083,470785000.0,0.0,,0.0,,원천_사업자번호집계,현재 후보 목록 기준 정책인증 확정 매칭 없음,0.0,0.0,0.0,,,,,,,,0.0,0.0,0.0,0.0,,,,,,,,,,,,,,,,,,,대표물품=0.00; 제조업체=0.00; 낙찰건수=5.08; 최근낙찰건수=3.96; 낙찰금액합계=3.70; 창업기업=0.00; 사회적기업=0.00; 사회적협동조합=0.00; 장애인표준사업장=0.00; 공공구매인증서=0.00; 자활용사촌복지공장=0.00; 생산품목매칭=0.00; 부정당제재=-0.00; 현재제재여부=-0.00
372,12.5444,377,4111250101,유량계,6044071787,6044071787,에이치엠,0.0,0.0,13.0,2.0,2025-09-24,40478159,526216073.0,0.0,,0.0,,원천_사업자번호집계,현재 후보 목록 기준 정책인증 확정 매칭 없음,0.0,0.0,0.0,,,,,,,,0.0,0.0,0.0,0.0,,,,,,,,,,,,,,,,,,,대표물품=0.00; 제조업체=0.00; 낙찰건수=5.57; 최근낙찰건수=3.14; 낙찰금액합계=3.84; 창업기업=0.00; 사회적기업=0.00; 사회적협동조합=0.00; 장애인표준사업장=0.00; 공공구매인증서=0.00; 자활용사촌복지공장=0.00; 생산품목매칭=0.00; 부정당제재=-0.00; 현재제재여부=-0.00
373,12.5257,184,4710160802,무기응집제,2218702533,2218702533,주식회사 이화진,0.0,0.0,15.0,1.0,2025-11-04,43337295,650059427.0,0.0,,0.0,,원천_사업자번호집계,현재 후보 목록 기준 정책인증 확정 매칭 없음,0.0,0.0,0.0,,,,,,,,0.0,0.0,0.0,0.0,,,,,,,,,,,,,,,,,,,대표물품=0.00; 제조업체=0.00; 낙찰건수=6.44; 최근낙찰건수=1.98; 낙찰금액합계=4.10; 창업기업=0.00; 사회적기업=0.00; 사회적협동조합=0.00; 장애인표준사업장=0.00; 공공구매인증서=0.00; 자활용사촌복지공장=0.00; 생산품목매칭=0.00; 부정당제재=-0.00; 현재제재여부=-0.00
374,12.433,471,4014169401,제수밸브,5494300900,5494300900,심이유통,0.0,0.0,12.0,3.0,2025-12-09,30638399,367660786.0,0.0,,0.0,,원천_사업자번호집계,현재 후보 목록 기준 정책인증 확정 매칭 없음,0.0,0.0,0.0,,,,,,,,0.0,0.0,0.0,0.0,,,,,,,,,,,,,,,,,,,대표물품=0.00; 제조업체=0.00; 낙찰건수=5.08; 최근낙찰건수=3.96; 낙찰금액합계=3.39; 창업기업=0.00; 사회적기업=0.00; 사회적협동조합=0.00; 장애인표준사업장=0.00; 공공구매인증서=0.00; 자활용사촌복지공장=0.00; 생산품목매칭=0.00; 부정당제재=-0.00; 현재제재여부=-0.00
375,12.3286,477,4014169401,제수밸브,5500201944,5500201944,엔와이씨(NYC),0.0,0.0,10.0,3.0,2025-11-11,81480343,814803430.0,0.0,,0.0,,원천_사업자번호집계,현재 후보 목록 기준 정책인증 확정 매칭 없음,0.0,0.0,0.0,,,,,,,,0.0,0.0,0.0,0.0,,,,,,,,,,,,,,,,,,,대표물품=0.00; 제조업체=0.00; 낙찰건수=3.98; 최근낙찰건수=3.96; 낙찰금액합계=4.38; 창업기업=0.00; 사회적기업=0.00; 사회적협동조합=0.00; 장애인표준사업장=0.00; 공공구매인증서=0.00; 자활용사촌복지공장=0.00; 생산품목매칭=0.00; 부정당제재=-0.00; 현재제재여부=-0.00
376,12.2108,248,4710169801,수처리용여과재,8930801386,8930801386,제이앤컴퍼니,0.0,0.0,11.0,3.0,2025-12-05,42632226,468954490.0,0.0,,0.0,,원천_사업자번호집계,현재 후보 목록 기준 정책인증 확정 매칭 없음,0.0,0.0,0.0,,,,,,,,0.0,0.0,0.0,0.0,,,,,,,,,,,,,,,,,,,대표물품=0.00; 제조업체=0.00; 낙찰건수=4.55; 최근낙찰건수=3.96; 낙찰금액합계=3.69; 창업기업=0.00; 사회적기업=0.00; 사회적협동조합=0.00; 장애인표준사업장=0.00; 공공구매인증서=0.00; 자활용사촌복지공장=0.00; 생산품목매칭=0.00; 부정당제재=-0.00; 현재제재여부=-0.00
377,12.1597,267,4015150501,정량펌프,6868702439,6868702439,주식회사 인팩솔루션,0.0,0.0,12.0,1.0,2025-03-14,120532462,1446389540.0,0.0,,0.0,,원천_사업자번호집계,현재 후보 목록 기준 정책인증 확정 매칭 없음,0.0,0.0,0.0,,,,,,,,0.0,0.0,0.0,0.0,,,,,,,,,,,,,,,,,,,대표물품=0.00; 제조업체=0.00; 낙찰건수=5.08; 최근낙찰건수=1.98; 낙찰금액합계=5.10; 창업기업=0.00; 사회적기업=0.00; 사회적협동조합=0.00; 장애인표준사업장=0.00; 공공구매인증서=0.00; 자활용사촌복지공장=0.00; 생산품목매칭=0.00; 부정당제재=-0.00; 현재제재여부=-0.00
378,12.1597,378,4111250101,유량계,6868702439,6868702439,주식회사 인팩솔루션,0.0,0.0,12.0,1.0,2025-03-14,120532462,1446389540.0,0.0,,0.0,,원천_사업자번호집계,현재 후보 목록 기준 정책인증 확정 매칭 없음,0.0,0.0,0.0,,,,,,,,0.0,0.0,0.0,0.0,,,,,,,,,,,,,,,,,,,대표물품=0.00; 제조업체=0.00; 낙찰건수=5.08; 최근낙찰건수=1.98; 낙찰금액합계=5.10; 창업기업=0.00; 사회적기업=0.00; 사회적협동조합=0.00; 장애인표준사업장=0.00; 공공구매인증서=0.00; 자활용사촌복지공장=0.00; 생산품목매칭=0.00; 부정당제재=-0.00; 현재제재여부=-0.00
379,12.0312,475,4014169401,제수밸브,2111395806,2111395806,에그코리아,0.0,0.0,11.0,2.0,2025-11-18,71381876,785200638.23,0.0,,0.0,,원천_사업자번호집계,현재 후보 목록 기준 정책인증 확정 매칭 없음,0.0,0.0,0.0,,,,,,,,0.0,0.0,0.0,0.0,,,,,,,,,,,,,,,,,,,대표물품=0.00; 제조업체=0.00; 낙찰건수=4.55; 최근낙찰건수=3.14; 낙찰금액합계=4.34; 창업기업=0.00; 사회적기업=0.00; 사회적협동조합=0.00; 장애인표준사업장=0.00; 공공구매인증서=0.00; 자활용사촌복지공장=0.00; 생산품목매칭=0.00; 부정당제재=-0.00; 현재제재여부=-0.00
380,11.8684,175,4710160802,무기응집제,6832501020,6832501020,성희기업,0.0,0.0,18.0,0.0,2024-08-28,42260997,760697939.0,0.0,,0.0,,원천_사업자번호집계,현재 후보 목록 기준 정책인증 확정 매칭 없음,0.0,0.0,0.0,,,,,,,,0.0,0.0,0.0,0.0,,,,,,,,,,,,,,,,,,,대표물품=0.00; 제조업체=0.00; 낙찰건수=7.57; 최근낙찰건수=0.00; 낙찰금액합계=4.30; 창업기업=0.00; 사회적기업=0.00; 사회적협동조합=0.00; 장애인표준사업장=0.00; 공공구매인증서=0.00; 자활용사촌복지공장=0.00; 생산품목매칭=0.00; 부정당제재=-0.00; 현재제재여부=-0.00
381,11.8274,479,4014169401,제수밸브,2963400907,2963400907,재이컴퍼니,0.0,0.0,10.0,3.0,2025-10-29,54527532,545275324.0,0.0,,0.0,,원천_사업자번호집계,현재 후보 목록 기준 정책인증 확정 매칭 없음,0.0,0.0,0.0,,,,,,,,0.0,0.0,0.0,0.0,,,,,,,,,,,,,,,,,,,대표물품=0.00; 제조업체=0.00; 낙찰건수=3.98; 최근낙찰건수=3.96; 낙찰금액합계=3.88; 창업기업=0.00; 사회적기업=0.00; 사회적협동조합=0.00; 장애인표준사업장=0.00; 공공구매인증서=0.00; 자활용사촌복지공장=0.00; 생산품목매칭=0.00; 부정당제재=-0.00; 현재제재여부=-0.00
382,11.7958,480,4014169401,제수밸브,7761201564,7761201564,솜이네,0.0,0.0,10.0,3.0,2025-09-16,53166611,531666110.0,0.0,,0.0,,원천_사업자번호집계,현재 후보 목록 기준 정책인증 확정 매칭 없음,0.0,0.0,0.0,,,,,,,,0.0,0.0,0.0,0.0,,,,,,,,,,,,,,,,,,,대표물품=0.00; 제조업체=0.00; 낙찰건수=3.98; 최근낙찰건수=3.96; 낙찰금액합계=3.85; 창업기업=0.00; 사회적기업=0.00; 사회적협동조합=0.00; 장애인표준사업장=0.00; 공공구매인증서=0.00; 자활용사촌복지공장=0.00; 생산품목매칭=0.00; 부정당제재=-0.00; 현재제재여부=-0.00
383,11.7402,420,4015151301,수중펌프,2338601340,2338601340,창조토건주식회사,0.0,0.0,9.0,4.0,2025-11-04,55956038,503604338.0,0.0,,0.0,,원천_사업자번호집계,현재 후보 목록 기준 정책인증 확정 매칭 없음,0.0,0.0,0.0,,,,,,,,0.0,0.0,0.0,0.0,,,,,,,,,,,,,,,,,,,대표물품=0.00; 제조업체=0.00; 낙찰건수=3.36; 최근낙찰건수=4.60; 낙찰금액합계=3.78; 창업기업=0.00; 사회적기업=0.00; 사회적협동조합=0.00; 장애인표준사업장=0.00; 공공구매인증서=0.00; 자활용사촌복지공장=0.00; 생산품목매칭=0.00; 부정당제재=-0.00; 현재제재여부=-0.00
384,11.7402,485,4014169401,제수밸브,2338601340,2338601340,창조토건주식회사,0.0,0.0,9.0,4.0,2025-11-04,55956038,503604338.0,0.0,,0.0,,원천_사업자번호집계,현재 후보 목록 기준 정책인증 확정 매칭 없음,0.0,0.0,0.0,,,,,,,,0.0,0.0,0.0,0.0,,,,,,,,,,,,,,,,,,,대표물품=0.00; 제조업체=0.00; 낙찰건수=3.36; 최근낙찰건수=4.60; 낙찰금액합계=3.78; 창업기업=0.00; 사회적기업=0.00; 사회적협동조합=0.00; 장애인표준사업장=0.00; 공공구매인증서=0.00; 자활용사촌복지공장=0.00; 생산품목매칭=0.00; 부정당제재=-0.00; 현재제재여부=-0.00
385,11.7285,393,4111250101,유량계,4614300522,4614300522,다이아나,0.0,0.0,10.0,2.0,2025-11-12,97399134,973991336.0,0.0,,0.0,,원천_사업자번호집계,현재 후보 목록 기준 정책인증 확정 매칭 없음,0.0,0.0,0.0,,,,,,,,0.0,0.0,0.0,0.0,,,,,,,,,,,,,,,,,,,대표물품=0.00; 제조업체=0.00; 낙찰건수=3.98; 최근낙찰건수=3.14; 낙찰금액합계=4.60; 창업기업=0.00; 사회적기업=0.00; 사회적협동조합=0.00; 장애인표준사업장=0.00; 공공구매인증서=0.00; 자활용사촌복지공장=0.00; 생산품목매칭=0.00; 부정당제재=-0.00; 현재제재여부=-0.00
386,11.7084,476,4014169401,제수밸브,3081801330,3081801330,봄상사,0.0,0.0,11.0,2.0,2025-07-07,55111393,606225320.0,0.0,,0.0,,원천_사업자번호집계,현재 후보 목록 기준 정책인증 확정 매칭 없음,0.0,0.0,0.0,,,,,,,,0.0,0.0,0.0,0.0,,,,,,,,,,,,,,,,,,,대표물품=0.00; 제조업체=0.00; 낙찰건수=4.55; 최근낙찰건수=3.14; 낙찰금액합계=4.01; 창업기업=0.00; 사회적기업=0.00; 사회적협동조합=0.00; 장애인표준사업장=0.00; 공공구매인증서=0.00; 자활용사촌복지공장=0.00; 생산품목매칭=0.00; 부정당제재=-0.00; 현재제재여부=-0.00
387,11.6794,412,4015151301,수중펌프,4098145197,4098145197,브이원건설 주식회사,0.0,0.0,10.0,1.0,2025-12-29,237167481,2371674810.0,0.0,,0.0,,원천_사업자번호집계,현재 후보 목록 기준 정책인증 확정 매칭 없음,0.0,0.0,0.0,,,,,,,,0.0,0.0,0.0,0.0,,,,,,,,,,,,,,,,,,,대표물품=0.00; 제조업체=0.00; 낙찰건수=3.98; 최근낙찰건수=1.98; 낙찰금액합계=5.72; 창업기업=0.00; 사회적기업=0.00; 사회적협동조합=0.00; 장애인표준사업장=0.00; 공공구매인증서=0.00; 자활용사촌복지공장=0.00; 생산품목매칭=0.00; 부정당제재=-0.00; 현재제재여부=-0.00
388,11.6394,386,4111250101,유량계,6088188906,6088188906,주식회사 모네스틸,0.0,0.0,11.0,1.0,2025-07-31,132073188,1452805062.56,0.0,,0.0,,원천_사업자번호집계,현재 후보 목록 기준 정책인증 확정 매칭 없음,0.0,0.0,0.0,,,,,,,,0.0,0.0,0.0,0.0,,,,,,,,,,,,,,,,,,,대표물품=0.00; 제조업체=0.00; 낙찰건수=4.55; 최근낙찰건수=1.98; 낙찰금액합계=5.10; 창업기업=0.00; 사회적기업=0.00; 사회적협동조합=0.00; 장애인표준사업장=0.00; 공공구매인증서=0.00; 자활용사촌복지공장=0.00; 생산품목매칭=0.00; 부정당제재=-0.00; 현재제재여부=-0.00
389,11.6306,381,4111250101,유량계,7038601174,7038601174,주식회사 제이디글로벌,0.0,0.0,12.0,1.0,2025-06-18,78876196,946514350.0,0.0,,0.0,,원천_사업자번호집계,현재 후보 목록 기준 정책인증 확정 매칭 없음,0.0,0.0,0.0,,,,,,,,0.0,0.0,0.0,0.0,,,,,,,,,,,,,,,,,,,대표물품=0.00; 제조업체=0.00; 낙찰건수=5.08; 최근낙찰건수=1.98; 낙찰금액합계=4.57; 창업기업=0.00; 사회적기업=0.00; 사회적협동조합=0.00; 장애인표준사업장=0.00; 공공구매인증서=0.00; 자활용사촌복지공장=0.00; 생산품목매칭=0.00; 부정당제재=-0.00; 현재제재여부=-0.00
390,11.5723,395,4111250101,유량계,5180600482,5180600482,리얼야구존평거점,0.0,0.0,10.0,3.0,2025-03-21,44446262,444462620.0,0.0,,0.0,,원천_사업자번호집계,현재 후보 목록 기준 정책인증 확정 매칭 없음,0.0,0.0,0.0,,,,,,,,0.0,0.0,0.0,0.0,,,,,,,,,,,,,,,,,,,대표물품=0.00; 제조업체=0.00; 낙찰건수=3.98; 최근낙찰건수=3.96; 낙찰금액합계=3.63; 창업기업=0.00; 사회적기업=0.00; 사회적협동조합=0.00; 장애인표준사업장=0.00; 공공구매인증서=0.00; 자활용사촌복지공장=0.00; 생산품목매칭=0.00; 부정당제재=-0.00; 현재제재여부=-0.00
391,11.5651,382,4111250101,유량계,2198800975,2198800975,주식회사 동빈글로벌,0.0,0.0,12.0,1.0,2025-06-05,74844251,898131010.0,0.0,,0.0,,원천_사업자번호집계,현재 후보 목록 기준 정책인증 확정 매칭 없음,0.0,0.0,0.0,,,,,,,,0.0,0.0,0.0,0.0,,,,,,,,,,,,,,,,,,,대표물품=0.00; 제조업체=0.00; 낙찰건수=5.08; 최근낙찰건수=1.98; 낙찰금액합계=4.50; 창업기업=0.00; 사회적기업=0.00; 사회적협동조합=0.00; 장애인표준사업장=0.00; 공공구매인증서=0.00; 자활용사촌복지공장=0.00; 생산품목매칭=0.00; 부정당제재=-0.00; 현재제재여부=-0.00
392,11.5531,388,4111250101,유량계,1022395874,1022395874,월드코리아,0.0,0.0,11.0,2.0,2025-07-18,48661340,535274736.72,0.0,,0.0,,원천_사업자번호집계,현재 후보 목록 기준 정책인증 확정 매칭 없음,0.0,0.0,0.0,,,,,,,,0.0,0.0,0.0,0.0,,,,,,,,,,,,,,,,,,,대표물품=0.00; 제조업체=0.00; 낙찰건수=4.55; 최근낙찰건수=3.14; 낙찰금액합계=3.86; 창업기업=0.00; 사회적기업=0.00; 사회적협동조합=0.00; 장애인표준사업장=0.00; 공공구매인증서=0.00; 자활용사촌복지공장=0.00; 생산품목매칭=0.00; 부정당제재=-0.00; 현재제재여부=-0.00
393,11.5341,292,4015150501,정량펌프,4188116911,4188116911,유한회사 일도엔지니어링,0.0,1.0,6.0,0.0,2024-06-17,338437767,2030626600.0,0.0,,0.0,,원천_사업자번호집계,현재 후보 목록 기준 정책인증 확정 매칭 없음,0.0,0.0,0.0,,,,,,,,0.0,0.0,0.0,0.0,,,,,,,,,,,,,,,,,,,대표물품=0.00; 제조업체=5.00; 낙찰건수=1.01; 최근낙찰건수=0.00; 낙찰금액합계=5.52; 창업기업=0.00; 사회적기업=0.00; 사회적협동조합=0.00; 장애인표준사업장=0.00; 공공구매인증서=0.00; 자활용사촌복지공장=0.00; 생산품목매칭=0.00; 부정당제재=-0.00; 현재제재여부=-0.00
394,11.4591,484,4014169401,제수밸브,7245500542,7245500542,씨지테크,0.0,0.0,9.0,3.0,2025-10-17,74492484,670432360.0,0.0,,0.0,,원천_사업자번호집계,현재 후보 목록 기준 정책인증 확정 매칭 없음,0.0,0.0,0.0,,,,,,,,0.0,0.0,0.0,0.0,,,,,,,,,,,,,,,,,,,대표물품=0.00; 제조업체=0.00; 낙찰건수=3.36; 최근낙찰건수=3.96; 낙찰금액합계=4.14; 창업기업=0.00; 사회적기업=0.00; 사회적협동조합=0.00; 장애인표준사업장=0.00; 공공구매인증서=0.00; 자활용사촌복지공장=0.00; 생산품목매칭=0.00; 부정당제재=-0.00; 현재제재여부=-0.00
395,11.4398,95,4111331901,기타수질분석기,2081552260,2081552260,제주드림코리아,0.0,0.0,16.0,0.0,2024-05-27,60563375,969013995.0,0.0,0,0.0,,원천_사업자번호집계,현재 후보 목록 기준 정책인증 확정 매칭 없음,0.0,0.0,0.0,,,0.16943,46,5.9178,48,731.0,0.0,0.0,0.0,0.0,,,0,0,0,0,50,12,2,50,12,320.0,72.0,48.0,1475.0,0.0,2.0,0.0,대표물품=0.00; 제조업체=0.00; 낙찰건수=6.84; 최근낙찰건수=0.00; 낙찰금액합계=4.60; 창업기업=0.00; 사회적기업=0.00; 사회적협동조합=0.00; 장애인표준사업장=0.00; 공공구매인증서=0.00; 자활용사촌복지공장=0.00; 생산품목매칭=0.00; 부정당제재=-0.00; 현재제재여부=-0.00
396,11.4398,148,4016150601,여과장치,2081552260,2081552260,제주드림코리아,0.0,0.0,16.0,0.0,2024-05-27,60563375,969013995.0,0.0,0,0.0,,원천_사업자번호집계,현재 후보 목록 기준 정책인증 확정 매칭 없음,0.0,0.0,0.0,,,0.116551,14,5.9178,46,731.0,0.0,0.0,0.0,0.0,,,0,0,0,0,50,9,6,50,9,320.0,17.0,5.0,1124.0,0.0,1.0,0.0,대표물품=0.00; 제조업체=0.00; 낙찰건수=6.84; 최근낙찰건수=0.00; 낙찰금액합계=4.60; 창업기업=0.00; 사회적기업=0.00; 사회적협동조합=0.00; 장애인표준사업장=0.00; 공공구매인증서=0.00; 자활용사촌복지공장=0.00; 생산품목매칭=0.00; 부정당제재=-0.00; 현재제재여부=-0.00
397,11.377,185,4710160802,무기응집제,5250802328,5250802328,일호컴퍼니,0.0,0.0,14.0,0.0,2024-04-15,127208812,1780923370.0,0.0,,0.0,,원천_사업자번호집계,현재 후보 목록 기준 정책인증 확정 매칭 없음,0.0,0.0,0.0,,,,,,,,0.0,0.0,0.0,0.0,,,,,,,,,,,,,,,,,,,대표물품=0.00; 제조업체=0.00; 낙찰건수=6.02; 최근낙찰건수=0.00; 낙찰금액합계=5.36; 창업기업=0.00; 사회적기업=0.00; 사회적협동조합=0.00; 장애인표준사업장=0.00; 공공구매인증서=0.00; 자활용사촌복지공장=0.00; 생산품목매칭=0.00; 부정당제재=-0.00; 현재제재여부=-0.00
398,11.377,237,4710169801,수처리용여과재,5250802328,5250802328,일호컴퍼니,0.0,0.0,14.0,0.0,2024-04-15,127208812,1780923370.0,0.0,,0.0,,원천_사업자번호집계,현재 후보 목록 기준 정책인증 확정 매칭 없음,0.0,0.0,0.0,,,,,,,,0.0,0.0,0.0,0.0,,,,,,,,,,,,,,,,,,,대표물품=0.00; 제조업체=0.00; 낙찰건수=6.02; 최근낙찰건수=0.00; 낙찰금액합계=5.36; 창업기업=0.00; 사회적기업=0.00; 사회적협동조합=0.00; 장애인표준사업장=0.00; 공공구매인증서=0.00; 자활용사촌복지공장=0.00; 생산품목매칭=0.00; 부정당제재=-0.00; 현재제재여부=-0.00
399,11.377,373,4111250101,유량계,5250802328,5250802328,일호컴퍼니,0.0,0.0,14.0,0.0,2024-04-15,127208812,1780923370.0,0.0,,0.0,,원천_사업자번호집계,현재 후보 목록 기준 정책인증 확정 매칭 없음,0.0,0.0,0.0,,,,,,,,0.0,0.0,0.0,0.0,,,,,,,,,,,,,,,,,,,대표물품=0.00; 제조업체=0.00; 낙찰건수=6.02; 최근낙찰건수=0.00; 낙찰금액합계=5.36; 창업기업=0.00; 사회적기업=0.00; 사회적협동조합=0.00; 장애인표준사업장=0.00; 공공구매인증서=0.00; 자활용사촌복지공장=0.00; 생산품목매칭=0.00; 부정당제재=-0.00; 현재제재여부=-0.00
400,11.267,421,4015151301,수중펌프,7180103124,7180103124,제이와이시스템,0.0,0.0,9.0,4.0,2025-11-11,38296549,344668940.0,0.0,,0.0,,원천_사업자번호집계,현재 후보 목록 기준 정책인증 확정 매칭 없음,0.0,0.0,0.0,,,,,,,,0.0,0.0,0.0,0.0,,,,,,,,,,,,,,,,,,,대표물품=0.00; 제조업체=0.00; 낙찰건수=3.36; 최근낙찰건수=4.60; 낙찰금액합계=3.31; 창업기업=0.00; 사회적기업=0.00; 사회적협동조합=0.00; 장애인표준사업장=0.00; 공공구매인증서=0.00; 자활용사촌복지공장=0.00; 생산품목매칭=0.00; 부정당제재=-0.00; 현재제재여부=-0.00
401,11.267,486,4014169401,제수밸브,7180103124,7180103124,제이와이시스템,0.0,0.0,9.0,4.0,2025-11-11,38296549,344668940.0,0.0,,0.0,,원천_사업자번호집계,현재 후보 목록 기준 정책인증 확정 매칭 없음,0.0,0.0,0.0,,,,,,,,0.0,0.0,0.0,0.0,,,,,,,,,,,,,,,,,,,대표물품=0.00; 제조업체=0.00; 낙찰건수=3.36; 최근낙찰건수=4.60; 낙찰금액합계=3.31; 창업기업=0.00; 사회적기업=0.00; 사회적협동조합=0.00; 장애인표준사업장=0.00; 공공구매인증서=0.00; 자활용사촌복지공장=0.00; 생산품목매칭=0.00; 부정당제재=-0.00; 현재제재여부=-0.00
402,11.1624,417,4015151301,수중펌프,4108197415,4108197415,지브이산업 주식회사,0.0,0.0,9.0,2.0,2025-12-29,113555756,1022001800.0,0.0,,0.0,,원천_사업자번호집계,현재 후보 목록 기준 정책인증 확정 매칭 없음,0.0,0.0,0.0,,,,,,,,0.0,0.0,0.0,0.0,,,,,,,,,,,,,,,,,,,대표물품=0.00; 제조업체=0.00; 낙찰건수=3.36; 최근낙찰건수=3.14; 낙찰금액합계=4.66; 창업기업=0.00; 사회적기업=0.00; 사회적협동조합=0.00; 장애인표준사업장=0.00; 공공구매인증서=0.00; 자활용사촌복지공장=0.00; 생산품목매칭=0.00; 부정당제재=-0.00; 현재제재여부=-0.00
403,11.1619,478,4014169401,제수밸브,4991402199,4991402199,제이에이치물산,0.0,0.0,10.0,2.0,2025-12-30,61855477,618554774.0,0.0,,0.0,,원천_사업자번호집계,현재 후보 목록 기준 정책인증 확정 매칭 없음,0.0,0.0,0.0,,,,,,,,0.0,0.0,0.0,0.0,,,,,,,,,,,,,,,,,,,대표물품=0.00; 제조업체=0.00; 낙찰건수=3.98; 최근낙찰건수=3.14; 낙찰금액합계=4.04; 창업기업=0.00; 사회적기업=0.00; 사회적협동조합=0.00; 장애인표준사업장=0.00; 공공구매인증서=0.00; 자활용사촌복지공장=0.00; 생산품목매칭=0.00; 부정당제재=-0.00; 현재제재여부=-0.00
404,11.1551,399,4111250101,유량계,5218102275,5218102275,주식회사 유진기업,0.0,0.0,9.0,2.0,2025-10-21,112894821,1016053384.6,0.0,,0.0,,원천_사업자번호집계,현재 후보 목록 기준 정책인증 확정 매칭 없음,0.0,0.0,0.0,,,,,,,,0.0,0.0,0.0,0.0,,,,,,,,,,,,,,,,,,,대표물품=0.00; 제조업체=0.00; 낙찰건수=3.36; 최근낙찰건수=3.14; 낙찰금액합계=4.66; 창업기업=0.00; 사회적기업=0.00; 사회적협동조합=0.00; 장애인표준사업장=0.00; 공공구매인증서=0.00; 자활용사촌복지공장=0.00; 생산품목매칭=0.00; 부정당제재=-0.00; 현재제재여부=-0.00
405,11.1551,418,4015151301,수중펌프,5218102275,5218102275,주식회사 유진기업,0.0,0.0,9.0,2.0,2025-10-21,112894821,1016053384.6,0.0,,0.0,,원천_사업자번호집계,현재 후보 목록 기준 정책인증 확정 매칭 없음,0.0,0.0,0.0,,,,,,,,0.0,0.0,0.0,0.0,,,,,,,,,,,,,,,,,,,대표물품=0.00; 제조업체=0.00; 낙찰건수=3.36; 최근낙찰건수=3.14; 낙찰금액합계=4.66; 창업기업=0.00; 사회적기업=0.00; 사회적협동조합=0.00; 장애인표준사업장=0.00; 공공구매인증서=0.00; 자활용사촌복지공장=0.00; 생산품목매칭=0.00; 부정당제재=-0.00; 현재제재여부=-0.00
406,11.0732,391,4111250101,유량계,7658101712,7658101712,주식회사 다은컴퍼니,0.0,0.0,10.0,1.0,2025-08-04,145902382,1459023819.12,0.0,,0.0,,원천_사업자번호집계,현재 후보 목록 기준 정책인증 확정 매칭 없음,0.0,0.0,0.0,,,,,,,,0.0,0.0,0.0,0.0,,,,,,,,,,,,,,,,,,,대표물품=0.00; 제조업체=0.00; 낙찰건수=3.98; 최근낙찰건수=1.98; 낙찰금액합계=5.11; 창업기업=0.00; 사회적기업=0.00; 사회적협동조합=0.00; 장애인표준사업장=0.00; 공공구매인증서=0.00; 자활용사촌복지공장=0.00; 생산품목매칭=0.00; 부정당제재=-0.00; 현재제재여부=-0.00
407,10.953,247,4710169801,수처리용여과재,6108170132,6108170132,(주)대교통상,0.0,0.0,11.0,1.0,2025-02-27,76194425,838138679.1,0.0,,0.0,,원천_사업자번호집계,현재 후보 목록 기준 정책인증 확정 매칭 없음,0.0,0.0,0.0,,,,,,,,0.0,0.0,0.0,0.0,,,,,,,,,,,,,,,,,,,대표물품=0.00; 제조업체=0.00; 낙찰건수=4.55; 최근낙찰건수=1.98; 낙찰금액합계=4.42; 창업기업=0.00; 사회적기업=0.00; 사회적협동조합=0.00; 장애인표준사업장=0.00; 공공구매인증서=0.00; 자활용사촌복지공장=0.00; 생산품목매칭=0.00; 부정당제재=-0.00; 현재제재여부=-0.00
408,10.8854,193,4710160802,무기응집제,1081832612,1081832612,에이치아이엠,0.0,0.0,12.0,1.0,2025-02-18,43413200,520958400.0,0.0,,0.0,,원천_사업자번호집계,현재 후보 목록 기준 정책인증 확정 매칭 없음,0.0,0.0,0.0,,,,,,,,0.0,0.0,0.0,0.0,,,,,,,,,,,,,,,,,,,대표물품=0.00; 제조업체=0.00; 낙찰건수=5.08; 최근낙찰건수=1.98; 낙찰금액합계=3.82; 창업기업=0.00; 사회적기업=0.00; 사회적협동조합=0.00; 장애인표준사업장=0.00; 공공구매인증서=0.00; 자활용사촌복지공장=0.00; 생산품목매칭=0.00; 부정당제재=-0.00; 현재제재여부=-0.00
409,10.8549,283,4015150501,정량펌프,6083693694,6083693694,재동상사,0.0,0.0,8.0,4.0,2025-12-31,53920667,431365337.11,0.0,,0.0,,원천_사업자번호집계,현재 후보 목록 기준 정책인증 확정 매칭 없음,0.0,0.0,0.0,,,,,,,,0.0,0.0,0.0,0.0,,,,,,,,,,,,,,,,,,,대표물품=0.00; 제조업체=0.00; 낙찰건수=2.66; 최근낙찰건수=4.60; 낙찰금액합계=3.59; 창업기업=0.00; 사회적기업=0.00; 사회적협동조합=0.00; 장애인표준사업장=0.00; 공공구매인증서=0.00; 자활용사촌복지공장=0.00; 생산품목매칭=0.00; 부정당제재=-0.00; 현재제재여부=-0.00
410,10.8549,493,4014169401,제수밸브,6083693694,6083693694,재동상사,0.0,0.0,8.0,4.0,2025-12-31,53920667,431365337.11,0.0,,0.0,,원천_사업자번호집계,현재 후보 목록 기준 정책인증 확정 매칭 없음,0.0,0.0,0.0,,,,,,,,0.0,0.0,0.0,0.0,,,,,,,,,,,,,,,,,,,대표물품=0.00; 제조업체=0.00; 낙찰건수=2.66; 최근낙찰건수=4.60; 낙찰금액합계=3.59; 창업기업=0.00; 사회적기업=0.00; 사회적협동조합=0.00; 장애인표준사업장=0.00; 공공구매인증서=0.00; 자활용사촌복지공장=0.00; 생산품목매칭=0.00; 부정당제재=-0.00; 현재제재여부=-0.00
411,10.8468,300,4015150501,정량펌프,8468101781,8468101781,(주)나인티에스,0.0,1.0,6.0,1.0,2025-11-20,39841025,239046148.0,0.0,,0.0,,원천_사업자번호집계,현재 후보 목록 기준 정책인증 확정 매칭 없음,0.0,0.0,0.0,,,,,,,,0.0,0.0,0.0,0.0,,,,,,,,,,,,,,,,,,,대표물품=0.00; 제조업체=5.00; 낙찰건수=1.01; 최근낙찰건수=1.98; 낙찰금액합계=2.85; 창업기업=0.00; 사회적기업=0.00; 사회적협동조합=0.00; 장애인표준사업장=0.00; 공공구매인증서=0.00; 자활용사촌복지공장=0.00; 생산품목매칭=0.00; 부정당제재=-0.00; 현재제재여부=-0.00
412,10.8468,440,4015151301,수중펌프,8468101781,8468101781,(주)나인티에스,0.0,1.0,6.0,1.0,2025-11-20,39841025,239046148.0,0.0,,0.0,,원천_사업자번호집계,현재 후보 목록 기준 정책인증 확정 매칭 없음,0.0,0.0,0.0,,,,,,,,0.0,0.0,0.0,0.0,,,,,,,,,,,,,,,,,,,대표물품=0.00; 제조업체=5.00; 낙찰건수=1.01; 최근낙찰건수=1.98; 낙찰금액합계=2.85; 창업기업=0.00; 사회적기업=0.00; 사회적협동조합=0.00; 장애인표준사업장=0.00; 공공구매인증서=0.00; 자활용사촌복지공장=0.00; 생산품목매칭=0.00; 부정당제재=-0.00; 현재제재여부=-0.00
413,10.8434,432,4015151301,수중펌프,3883501352,3883501352,루아프라임,0.0,0.0,7.0,7.0,2025-12-12,38655592,270589146.56,0.0,,0.0,,원천_사업자번호집계,현재 후보 목록 기준 정책인증 확정 매칭 없음,0.0,0.0,0.0,,,,,,,,0.0,0.0,0.0,0.0,,,,,,,,,,,,,,,,,,,대표물품=0.00; 제조업체=0.00; 낙찰건수=1.89; 최근낙찰건수=5.95; 낙찰금액합계=3.01; 창업기업=0.00; 사회적기업=0.00; 사회적협동조합=0.00; 장애인표준사업장=0.00; 공공구매인증서=0.00; 자활용사촌복지공장=0.00; 생산품목매칭=0.00; 부정당제재=-0.00; 현재제재여부=-0.00
414,10.8301,489,4014169401,제수밸브,4801701799,4801701799,와이에스컴퍼니,0.0,0.0,8.0,3.0,2025-11-07,88151271,705210164.08,0.0,,0.0,,원천_사업자번호집계,현재 후보 목록 기준 정책인증 확정 매칭 없음,0.0,0.0,0.0,,,,,,,,0.0,0.0,0.0,0.0,,,,,,,,,,,,,,,,,,,대표물품=0.00; 제조업체=0.00; 낙찰건수=2.66; 최근낙찰건수=3.96; 낙찰금액합계=4.20; 창업기업=0.00; 사회적기업=0.00; 사회적협동조합=0.00; 장애인표준사업장=0.00; 공공구매인증서=0.00; 자활용사촌복지공장=0.00; 생산품목매칭=0.00; 부정당제재=-0.00; 현재제재여부=-0.00
415,10.8063,97,4111331901,기타수질분석기,6108108303,6108108303,대성자원개발 주식회사,0.0,0.0,16.0,3.0,2025-12-31,1520091,24321460.45,0.0,0,0.0,,원천_사업자번호집계,현재 후보 목록 기준 정책인증 확정 매칭 없음,0.0,0.0,0.0,,,0.429478,19,5.5744,49,130.0,0.0,0.0,0.0,0.0,,,0,0,0,0,50,12,2,50,12,20.0,3.0,2.0,159.0,0.0,0.0,3.0,대표물품=0.00; 제조업체=0.00; 낙찰건수=6.84; 최근낙찰건수=3.96; 낙찰금액합계=0.00; 창업기업=0.00; 사회적기업=0.00; 사회적협동조합=0.00; 장애인표준사업장=0.00; 공공구매인증서=0.00; 자활용사촌복지공장=0.00; 생산품목매칭=0.00; 부정당제재=-0.00; 현재제재여부=-0.00
416,10.7051,397,4111250101,유량계,1308665007,1308665007,주식회사아이디에프,0.0,0.0,9.0,1.0,2025-04-09,199356515,1794208631.0,0.0,,0.0,,원천_사업자번호집계,현재 후보 목록 기준 정책인증 확정 매칭 없음,0.0,0.0,0.0,,,,,,,,0.0,0.0,0.0,0.0,,,,,,,,,,,,,,,,,,,대표물품=0.00; 제조업체=0.00; 낙찰건수=3.36; 최근낙찰건수=1.98; 낙찰금액합계=5.37; 창업기업=0.00; 사회적기업=0.00; 사회적협동조합=0.00; 장애인표준사업장=0.00; 공공구매인증서=0.00; 자활용사촌복지공장=0.00; 생산품목매칭=0.00; 부정당제재=-0.00; 현재제재여부=-0.00
417,10.5746,372,4111250101,유량계,8350601275,8350601275,옥이커피,0.0,0.0,15.0,0.0,2024-08-30,44437823,666567347.0,0.0,,0.0,,원천_사업자번호집계,현재 후보 목록 기준 정책인증 확정 매칭 없음,0.0,0.0,0.0,,,,,,,,0.0,0.0,0.0,0.0,,,,,,,,,,,,,,,,,,,대표물품=0.00; 제조업체=0.00; 낙찰건수=6.44; 최근낙찰건수=0.00; 낙찰금액합계=4.13; 창업기업=0.00; 사회적기업=0.00; 사회적협동조합=0.00; 장애인표준사업장=0.00; 공공구매인증서=0.00; 자활용사촌복지공장=0.00; 생산품목매칭=0.00; 부정당제재=-0.00; 현재제재여부=-0.00
418,10.4949,199,4710160802,무기응집제,1078738448,1078738448,(주) 정토산업,0.0,0.0,11.0,3.0,2025-12-10,10778455,118563000.0,0.0,,0.0,,원천_사업자번호집계,현재 후보 목록 기준 정책인증 확정 매칭 없음,0.0,0.0,0.0,,,,,,,,0.0,0.0,0.0,0.0,,,,,,,,,,,,,,,,,,,대표물품=0.00; 제조업체=0.00; 낙찰건수=4.55; 최근낙찰건수=3.96; 낙찰금액합계=1.98; 창업기업=0.00; 사회적기업=0.00; 사회적협동조합=0.00; 장애인표준사업장=0.00; 공공구매인증서=0.00; 자활용사촌복지공장=0.00; 생산품목매칭=0.00; 부정당제재=-0.00; 현재제재여부=-0.00
419,10.4664,274,4015150501,정량펌프,1308182281,1308182281,주식회사 상아엠에스디,0.0,0.0,9.0,1.0,2025-08-13,164641740,1481775660.0,0.0,,0.0,,원천_사업자번호집계,현재 후보 목록 기준 정책인증 확정 매칭 없음,0.0,0.0,0.0,,,,,,,,0.0,0.0,0.0,0.0,,,,,,,,,,,,,,,,,,,대표물품=0.00; 제조업체=0.00; 낙찰건수=3.36; 최근낙찰건수=1.98; 낙찰금액합계=5.13; 창업기업=0.00; 사회적기업=0.00; 사회적협동조합=0.00; 장애인표준사업장=0.00; 공공구매인증서=0.00; 자활용사촌복지공장=0.00; 생산품목매칭=0.00; 부정당제재=-0.00; 현재제재여부=-0.00
420,10.3309,396,4111250101,유량계,4154400910,4154400910,히또컴퍼니,0.0,0.0,10.0,2.0,2025-07-10,31780695,317806954.86,0.0,,0.0,,원천_사업자번호집계,현재 후보 목록 기준 정책인증 확정 매칭 없음,0.0,0.0,0.0,,,,,,,,0.0,0.0,0.0,0.0,,,,,,,,,,,,,,,,,,,대표물품=0.00; 제조업체=0.00; 낙찰건수=3.98; 최근낙찰건수=3.14; 낙찰금액합계=3.21; 창업기업=0.00; 사회적기업=0.00; 사회적협동조합=0.00; 장애인표준사업장=0.00; 공공구매인증서=0.00; 자활용사촌복지공장=0.00; 생산품목매칭=0.00; 부정당제재=-0.00; 현재제재여부=-0.00
421,10.3309,483,4014169401,제수밸브,4154400910,4154400910,히또컴퍼니,0.0,0.0,10.0,2.0,2025-07-10,31780695,317806954.86,0.0,,0.0,,원천_사업자번호집계,현재 후보 목록 기준 정책인증 확정 매칭 없음,0.0,0.0,0.0,,,,,,,,0.0,0.0,0.0,0.0,,,,,,,,,,,,,,,,,,,대표물품=0.00; 제조업체=0.00; 낙찰건수=3.98; 최근낙찰건수=3.14; 낙찰금액합계=3.21; 창업기업=0.00; 사회적기업=0.00; 사회적협동조합=0.00; 장애인표준사업장=0.00; 공공구매인증서=0.00; 자활용사촌복지공장=0.00; 생산품목매칭=0.00; 부정당제재=-0.00; 현재제재여부=-0.00
422,10.2685,273,4015150501,정량펌프,6870801457,6870801457,굿디자인,0.0,0.0,10.0,2.0,2025-12-04,30230318,302303175.0,0.0,,0.0,,원천_사업자번호집계,현재 후보 목록 기준 정책인증 확정 매칭 없음,0.0,0.0,0.0,,,,,,,,0.0,0.0,0.0,0.0,,,,,,,,,,,,,,,,,,,대표물품=0.00; 제조업체=0.00; 낙찰건수=3.98; 최근낙찰건수=3.14; 낙찰금액합계=3.14; 창업기업=0.00; 사회적기업=0.00; 사회적협동조합=0.00; 장애인표준사업장=0.00; 공공구매인증서=0.00; 자활용사촌복지공장=0.00; 생산품목매칭=0.00; 부정당제재=-0.00; 현재제재여부=-0.00
423,10.2685,415,4015151301,수중펌프,6870801457,6870801457,굿디자인,0.0,0.0,10.0,2.0,2025-12-04,30230318,302303175.0,0.0,,0.0,,원천_사업자번호집계,현재 후보 목록 기준 정책인증 확정 매칭 없음,0.0,0.0,0.0,,,,,,,,0.0,0.0,0.0,0.0,,,,,,,,,,,,,,,,,,,대표물품=0.00; 제조업체=0.00; 낙찰건수=3.98; 최근낙찰건수=3.14; 낙찰금액합계=3.14; 창업기업=0.00; 사회적기업=0.00; 사회적협동조합=0.00; 장애인표준사업장=0.00; 공공구매인증서=0.00; 자활용사촌복지공장=0.00; 생산품목매칭=0.00; 부정당제재=-0.00; 현재제재여부=-0.00
424,10.2342,488,4014169401,제수밸브,4530901680,4530901680,케이시라,0.0,0.0,8.0,2.0,2025-08-05,105729799,845838390.0,0.0,,0.0,,원천_사업자번호집계,현재 후보 목록 기준 정책인증 확정 매칭 없음,0.0,0.0,0.0,,,,,,,,0.0,0.0,0.0,0.0,,,,,,,,,,,,,,,,,,,대표물품=0.00; 제조업체=0.00; 낙찰건수=2.66; 최근낙찰건수=3.14; 낙찰금액합계=4.43; 창업기업=0.00; 사회적기업=0.00; 사회적협동조합=0.00; 장애인표준사업장=0.00; 공공구매인증서=0.00; 자활용사촌복지공장=0.00; 생산품목매칭=0.00; 부정당제재=-0.00; 현재제재여부=-0.00
425,10.2253,286,4015150501,정량펌프,4874600729,4874600729,신형,0.0,0.0,7.0,3.0,2025-12-02,115352319,807466230.0,0.0,,0.0,,원천_사업자번호집계,현재 후보 목록 기준 정책인증 확정 매칭 없음,0.0,0.0,0.0,,,,,,,,0.0,0.0,0.0,0.0,,,,,,,,,,,,,,,,,,,대표물품=0.00; 제조업체=0.00; 낙찰건수=1.89; 최근낙찰건수=3.96; 낙찰금액합계=4.37; 창업기업=0.00; 사회적기업=0.00; 사회적협동조합=0.00; 장애인표준사업장=0.00; 공공구매인증서=0.00; 자활용사촌복지공장=0.00; 생산품목매칭=0.00; 부정당제재=-0.00; 현재제재여부=-0.00
426,10.2253,427,4015151301,수중펌프,4874600729,4874600729,신형,0.0,0.0,7.0,3.0,2025-12-02,115352319,807466230.0,0.0,,0.0,,원천_사업자번호집계,현재 후보 목록 기준 정책인증 확정 매칭 없음,0.0,0.0,0.0,,,,,,,,0.0,0.0,0.0,0.0,,,,,,,,,,,,,,,,,,,대표물품=0.00; 제조업체=0.00; 낙찰건수=1.89; 최근낙찰건수=3.96; 낙찰금액합계=4.37; 창업기업=0.00; 사회적기업=0.00; 사회적협동조합=0.00; 장애인표준사업장=0.00; 공공구매인증서=0.00; 자활용사촌복지공장=0.00; 생산품목매칭=0.00; 부정당제재=-0.00; 현재제재여부=-0.00
427,10.2252,500,4014169401,제수밸브,3253301264,3253301264,미정유통,0.0,0.0,7.0,4.0,2025-10-25,69164992,484154945.0,0.0,,0.0,,원천_사업자번호집계,현재 후보 목록 기준 정책인증 확정 매칭 없음,0.0,0.0,0.0,,,,,,,,0.0,0.0,0.0,0.0,,,,,,,,,,,,,,,,,,,대표물품=0.00; 제조업체=0.00; 낙찰건수=1.89; 최근낙찰건수=4.60; 낙찰금액합계=3.73; 창업기업=0.00; 사회적기업=0.00; 사회적협동조합=0.00; 장애인표준사업장=0.00; 공공구매인증서=0.00; 자활용사촌복지공장=0.00; 생산품목매칭=0.00; 부정당제재=-0.00; 현재제재여부=-0.00
428,10.0522,271,4015150501,정량펌프,7262601722,7262601722,창원,0.0,0.0,10.0,1.0,2025-03-13,64380573,643805733.0,0.0,,0.0,,원천_사업자번호집계,현재 후보 목록 기준 정책인증 확정 매칭 없음,0.0,0.0,0.0,,,,,,,,0.0,0.0,0.0,0.0,,,,,,,,,,,,,,,,,,,대표물품=0.00; 제조업체=0.00; 낙찰건수=3.98; 최근낙찰건수=1.98; 낙찰금액합계=4.09; 창업기업=0.00; 사회적기업=0.00; 사회적협동조합=0.00; 장애인표준사업장=0.00; 공공구매인증서=0.00; 자활용사촌복지공장=0.00; 생산품목매칭=0.00; 부정당제재=-0.00; 현재제재여부=-0.00
429,9.9209,250,4710169801,수처리용여과재,2258601811,2258601811,주식회사 원나인텍,0.0,0.0,11.0,1.0,2025-09-23,33321078,366531860.0,0.0,,0.0,,원천_사업자번호집계,현재 후보 목록 기준 정책인증 확정 매칭 없음,0.0,0.0,0.0,,,,,,,,0.0,0.0,0.0,0.0,,,,,,,,,,,,,,,,,,,대표물품=0.00; 제조업체=0.00; 낙찰건수=4.55; 최근낙찰건수=1.98; 낙찰금액합계=3.39; 창업기업=0.00; 사회적기업=0.00; 사회적협동조합=0.00; 장애인표준사업장=0.00; 공공구매인증서=0.00; 자활용사촌복지공장=0.00; 생산품목매칭=0.00; 부정당제재=-0.00; 현재제재여부=-0.00
430,9.8852,400,4111250101,유량계,7201301326,7201301326,차가운 탁구공,0.0,0.0,9.0,1.0,2025-09-09,103342678,930084105.0,0.0,,0.0,,원천_사업자번호집계,현재 후보 목록 기준 정책인증 확정 매칭 없음,0.0,0.0,0.0,,,,,,,,0.0,0.0,0.0,0.0,,,,,,,,,,,,,,,,,,,대표물품=0.00; 제조업체=0.00; 낙찰건수=3.36; 최근낙찰건수=1.98; 낙찰금액합계=4.55; 창업기업=0.00; 사회적기업=0.00; 사회적협동조합=0.00; 장애인표준사업장=0.00; 공공구매인증서=0.00; 자활용사촌복지공장=0.00; 생산품목매칭=0.00; 부정당제재=-0.00; 현재제재여부=-0.00
431,9.873,379,4111250101,유량계,2060684804,2060684804,인텍시스템,0.0,0.0,12.0,0.0,2024-11-28,94451667,1133420000.0,0.0,,0.0,,원천_사업자번호집계,현재 후보 목록 기준 정책인증 확정 매칭 없음,0.0,0.0,0.0,,,,,,,,0.0,0.0,0.0,0.0,,,,,,,,,,,,,,,,,,,대표물품=0.00; 제조업체=0.00; 낙찰건수=5.08; 최근낙찰건수=0.00; 낙찰금액합계=4.79; 창업기업=0.00; 사회적기업=0.00; 사회적협동조합=0.00; 장애인표준사업장=0.00; 공공구매인증서=0.00; 자활용사촌복지공장=0.00; 생산품목매칭=0.00; 부정당제재=-0.00; 현재제재여부=-0.00
432,9.8619,272,4015150501,정량펌프,4556600429,4556600429,승주상사,0.0,0.0,10.0,1.0,2025-04-23,55270744,552707440.0,0.0,,0.0,,원천_사업자번호집계,현재 후보 목록 기준 정책인증 확정 매칭 없음,0.0,0.0,0.0,,,,,,,,0.0,0.0,0.0,0.0,,,,,,,,,,,,,,,,,,,대표물품=0.00; 제조업체=0.00; 낙찰건수=3.98; 최근낙찰건수=1.98; 낙찰금액합계=3.90; 창업기업=0.00; 사회적기업=0.00; 사회적협동조합=0.00; 장애인표준사업장=0.00; 공공구매인증서=0.00; 자활용사촌복지공장=0.00; 생산품목매칭=0.00; 부정당제재=-0.00; 현재제재여부=-0.00
433,9.8619,394,4111250101,유량계,4556600429,4556600429,승주상사,0.0,0.0,10.0,1.0,2025-04-23,55270744,552707440.0,0.0,,0.0,,원천_사업자번호집계,현재 후보 목록 기준 정책인증 확정 매칭 없음,0.0,0.0,0.0,,,,,,,,0.0,0.0,0.0,0.0,,,,,,,,,,,,,,,,,,,대표물품=0.00; 제조업체=0.00; 낙찰건수=3.98; 최근낙찰건수=1.98; 낙찰금액합계=3.90; 창업기업=0.00; 사회적기업=0.00; 사회적협동조합=0.00; 장애인표준사업장=0.00; 공공구매인증서=0.00; 자활용사촌복지공장=0.00; 생산품목매칭=0.00; 부정당제재=-0.00; 현재제재여부=-0.00
434,9.8374,491,4014169401,제수밸브,6276300509,6276300509,이루리,0.0,0.0,8.0,2.0,2025-10-13,76928969,615431750.0,0.0,,0.0,,원천_사업자번호집계,현재 후보 목록 기준 정책인증 확정 매칭 없음,0.0,0.0,0.0,,,,,,,,0.0,0.0,0.0,0.0,,,,,,,,,,,,,,,,,,,대표물품=0.00; 제조업체=0.00; 낙찰건수=2.66; 최근낙찰건수=3.14; 낙찰금액합계=4.03; 창업기업=0.00; 사회적기업=0.00; 사회적협동조합=0.00; 장애인표준사업장=0.00; 공공구매인증서=0.00; 자활용사촌복지공장=0.00; 생산품목매칭=0.00; 부정당제재=-0.00; 현재제재여부=-0.00
435,9.7987,281,4015150501,정량펌프,4848700285,4848700285,주식회사 디케이엔지니어링,0.0,0.0,8.0,2.0,2025-03-10,74582208,596657661.0,0.0,,0.0,,원천_사업자번호집계,현재 후보 목록 기준 정책인증 확정 매칭 없음,0.0,0.0,0.0,,,,,,,,0.0,0.0,0.0,0.0,,,,,,,,,,,,,,,,,,,대표물품=0.00; 제조업체=0.00; 낙찰건수=2.66; 최근낙찰건수=3.14; 낙찰금액합계=3.99; 창업기업=0.00; 사회적기업=0.00; 사회적협동조합=0.00; 장애인표준사업장=0.00; 공공구매인증서=0.00; 자활용사촌복지공장=0.00; 생산품목매칭=0.00; 부정당제재=-0.00; 현재제재여부=-0.00
436,9.656,284,4015150501,정량펌프,2854200988,2854200988,효명엔지니어링,0.0,0.0,8.0,3.0,2025-12-26,34403051,275224405.43,0.0,,0.0,,원천_사업자번호집계,현재 후보 목록 기준 정책인증 확정 매칭 없음,0.0,0.0,0.0,,,,,,,,0.0,0.0,0.0,0.0,,,,,,,,,,,,,,,,,,,대표물품=0.00; 제조업체=0.00; 낙찰건수=2.66; 최근낙찰건수=3.96; 낙찰금액합계=3.03; 창업기업=0.00; 사회적기업=0.00; 사회적협동조합=0.00; 장애인표준사업장=0.00; 공공구매인증서=0.00; 자활용사촌복지공장=0.00; 생산품목매칭=0.00; 부정당제재=-0.00; 현재제재여부=-0.00
437,9.6025,293,4015150501,정량펌프,8521602190,8521602190,휴먼,0.0,0.0,6.0,3.0,2025-07-04,165008334,990050005.0,0.0,,0.0,,원천_사업자번호집계,현재 후보 목록 기준 정책인증 확정 매칭 없음,0.0,0.0,0.0,,,,,,,,0.0,0.0,0.0,0.0,,,,,,,,,,,,,,,,,,,대표물품=0.00; 제조업체=0.00; 낙찰건수=1.01; 최근낙찰건수=3.96; 낙찰금액합계=4.63; 창업기업=0.00; 사회적기업=0.00; 사회적협동조합=0.00; 장애인표준사업장=0.00; 공공구매인증서=0.00; 자활용사촌복지공장=0.00; 생산품목매칭=0.00; 부정당제재=-0.00; 현재제재여부=-0.00
438,9.5987,481,4014169401,제수밸브,7035400363,7035400363,그린유통,0.0,0.0,10.0,1.0,2025-06-27,44760704,447607035.0,0.0,,0.0,,원천_사업자번호집계,현재 후보 목록 기준 정책인증 확정 매칭 없음,0.0,0.0,0.0,,,,,,,,0.0,0.0,0.0,0.0,,,,,,,,,,,,,,,,,,,대표물품=0.00; 제조업체=0.00; 낙찰건수=3.98; 최근낙찰건수=1.98; 낙찰금액합계=3.63; 창업기업=0.00; 사회적기업=0.00; 사회적협동조합=0.00; 장애인표준사업장=0.00; 공공구매인증서=0.00; 자활용사촌복지공장=0.00; 생산품목매칭=0.00; 부정당제재=-0.00; 현재제재여부=-0.00
439,9.5375,282,4015150501,정량펌프,2184100526,2184100526,씨티원 경기지점,0.0,0.0,8.0,2.0,2025-05-15,60495662,483965298.0,0.0,,0.0,,원천_사업자번호집계,현재 후보 목록 기준 정책인증 확정 매칭 없음,0.0,0.0,0.0,,,,,,,,0.0,0.0,0.0,0.0,,,,,,,,,,,,,,,,,,,대표물품=0.00; 제조업체=0.00; 낙찰건수=2.66; 최근낙찰건수=3.14; 낙찰금액합계=3.73; 창업기업=0.00; 사회적기업=0.00; 사회적협동조합=0.00; 장애인표준사업장=0.00; 공공구매인증서=0.00; 자활용사촌복지공장=0.00; 생산품목매칭=0.00; 부정당제재=-0.00; 현재제재여부=-0.00
440,9.483,426,4015151301,수중펌프,1138197829,1138197829,주식회사 드림이앤에프,0.0,0.0,7.0,1.0,2025-08-19,311615293,2181307050.0,0.0,,0.0,,원천_사업자번호집계,현재 후보 목록 기준 정책인증 확정 매칭 없음,0.0,0.0,0.0,,,,,,,,0.0,0.0,0.0,0.0,,,,,,,,,,,,,,,,,,,대표물품=0.00; 제조업체=0.00; 낙찰건수=1.89; 최근낙찰건수=1.98; 낙찰금액합계=5.61; 창업기업=0.00; 사회적기업=0.00; 사회적협동조합=0.00; 장애인표준사업장=0.00; 공공구매인증서=0.00; 자활용사촌복지공장=0.00; 생산품목매칭=0.00; 부정당제재=-0.00; 현재제재여부=-0.00
441,9.4749,482,4014169401,제수밸브,3201402122,3201402122,나도상사,0.0,0.0,10.0,1.0,2025-01-20,40534903,405349030.0,0.0,,0.0,,원천_사업자번호집계,현재 후보 목록 기준 정책인증 확정 매칭 없음,0.0,0.0,0.0,,,,,,,,0.0,0.0,0.0,0.0,,,,,,,,,,,,,,,,,,,대표물품=0.00; 제조업체=0.00; 낙찰건수=3.98; 최근낙찰건수=1.98; 낙찰금액합계=3.51; 창업기업=0.00; 사회적기업=0.00; 사회적협동조합=0.00; 장애인표준사업장=0.00; 공공구매인증서=0.00; 자활용사촌복지공장=0.00; 생산품목매칭=0.00; 부정당제재=-0.00; 현재제재여부=-0.00
442,9.474,433,4015151301,수중펌프,5038118634,5038118634,광진기공(주),0.0,0.0,6.0,2.0,2025-12-22,287827705,1726966230.0,0.0,,0.0,,원천_사업자번호집계,현재 후보 목록 기준 정책인증 확정 매칭 없음,0.0,0.0,0.0,,,,,,,,0.0,0.0,0.0,0.0,,,,,,,,,,,,,,,,,,,대표물품=0.00; 제조업체=0.00; 낙찰건수=1.01; 최근낙찰건수=3.14; 낙찰금액합계=5.32; 창업기업=0.00; 사회적기업=0.00; 사회적협동조합=0.00; 장애인표준사업장=0.00; 공공구매인증서=0.00; 자활용사촌복지공장=0.00; 생산품목매칭=0.00; 부정당제재=-0.00; 현재제재여부=-0.00
443,9.4412,424,4015151301,수중펌프,7648602386,7648602386,유한회사 정석,0.0,0.0,8.0,1.0,2025-05-08,141838379,1134707030.0,0.0,,0.0,,원천_사업자번호집계,현재 후보 목록 기준 정책인증 확정 매칭 없음,0.0,0.0,0.0,,,,,,,,0.0,0.0,0.0,0.0,,,,,,,,,,,,,,,,,,,대표물품=0.00; 제조업체=0.00; 낙찰건수=2.66; 최근낙찰건수=1.98; 낙찰금액합계=4.80; 창업기업=0.00; 사회적기업=0.00; 사회적협동조합=0.00; 장애인표준사업장=0.00; 공공구매인증서=0.00; 자활용사촌복지공장=0.00; 생산품목매칭=0.00; 부정당제재=-0.00; 현재제재여부=-0.00
444,9.3247,192,4710160802,무기응집제,7048802729,7048802729,에스클래스주식회사,0.0,0.0,12.0,0.0,2024-12-31,60864214,730370570.0,0.0,,0.0,,원천_사업자번호집계,현재 후보 목록 기준 정책인증 확정 매칭 없음,0.0,0.0,0.0,,,,,,,,0.0,0.0,0.0,0.0,,,,,,,,,,,,,,,,,,,대표물품=0.00; 제조업체=0.00; 낙찰건수=5.08; 최근낙찰건수=0.00; 낙찰금액합계=4.25; 창업기업=0.00; 사회적기업=0.00; 사회적협동조합=0.00; 장애인표준사업장=0.00; 공공구매인증서=0.00; 자활용사촌복지공장=0.00; 생산품목매칭=0.00; 부정당제재=-0.00; 현재제재여부=-0.00
445,9.3108,200,4710160802,무기응집제,4448101663,4448101663,주식회사 지엔씨,0.0,0.0,10.0,0.0,2024-03-27,174039681,1740396809.0,0.0,,0.0,,원천_사업자번호집계,현재 후보 목록 기준 정책인증 확정 매칭 없음,0.0,0.0,0.0,,,,,,,,0.0,0.0,0.0,0.0,,,,,,,,,,,,,,,,,,,대표물품=0.00; 제조업체=0.00; 낙찰건수=3.98; 최근낙찰건수=0.00; 낙찰금액합계=5.33; 창업기업=0.00; 사회적기업=0.00; 사회적협동조합=0.00; 장애인표준사업장=0.00; 공공구매인증서=0.00; 자활용사촌복지공장=0.00; 생산품목매칭=0.00; 부정당제재=-0.00; 현재제재여부=-0.00
446,9.3098,280,4015150501,정량펌프,6555400458,6555400458,애드톡컴퍼니,0.0,0.0,8.0,1.0,2025-04-17,127659009,1021272070.0,0.0,,0.0,,원천_사업자번호집계,현재 후보 목록 기준 정책인증 확정 매칭 없음,0.0,0.0,0.0,,,,,,,,0.0,0.0,0.0,0.0,,,,,,,,,,,,,,,,,,,대표물품=0.00; 제조업체=0.00; 낙찰건수=2.66; 최근낙찰건수=1.98; 낙찰금액합계=4.66; 창업기업=0.00; 사회적기업=0.00; 사회적협동조합=0.00; 장애인표준사업장=0.00; 공공구매인증서=0.00; 자활용사촌복지공장=0.00; 생산품목매칭=0.00; 부정당제재=-0.00; 현재제재여부=-0.00
447,9.199,278,4015150501,정량펌프,3826700550,3826700550,헤븐산업,0.0,0.0,9.0,2.0,2025-08-11,23543717,211893450.0,0.0,,0.0,,원천_사업자번호집계,현재 후보 목록 기준 정책인증 확정 매칭 없음,0.0,0.0,0.0,,,,,,,,0.0,0.0,0.0,0.0,,,,,,,,,,,,,,,,,,,대표물품=0.00; 제조업체=0.00; 낙찰건수=3.36; 최근낙찰건수=3.14; 낙찰금액합계=2.70; 창업기업=0.00; 사회적기업=0.00; 사회적협동조합=0.00; 장애인표준사업장=0.00; 공공구매인증서=0.00; 자활용사촌복지공장=0.00; 생산품목매칭=0.00; 부정당제재=-0.00; 현재제재여부=-0.00
448,9.1688,487,4014169401,제수밸브,6803001364,6803001364,아프로플러스,0.0,0.0,9.0,2.0,2025-03-14,22979955,206819593.67,0.0,,0.0,,원천_사업자번호집계,현재 후보 목록 기준 정책인증 확정 매칭 없음,0.0,0.0,0.0,,,,,,,,0.0,0.0,0.0,0.0,,,,,,,,,,,,,,,,,,,대표물품=0.00; 제조업체=0.00; 낙찰건수=3.36; 최근낙찰건수=3.14; 낙찰금액합계=2.67; 창업기업=0.00; 사회적기업=0.00; 사회적협동조합=0.00; 장애인표준사업장=0.00; 공공구매인증서=0.00; 자활용사촌복지공장=0.00; 생산품목매칭=0.00; 부정당제재=-0.00; 현재제재여부=-0.00
449,9.1448,287,4015150501,정량펌프,4022170444,4022170444,미래홀딩스,0.0,0.0,7.0,2.0,2025-08-28,93828964,656802750.0,0.0,,0.0,,원천_사업자번호집계,현재 후보 목록 기준 정책인증 확정 매칭 없음,0.0,0.0,0.0,,,,,,,,0.0,0.0,0.0,0.0,,,,,,,,,,,,,,,,,,,대표물품=0.00; 제조업체=0.00; 낙찰건수=1.89; 최근낙찰건수=3.14; 낙찰금액합계=4.11; 창업기업=0.00; 사회적기업=0.00; 사회적협동조합=0.00; 장애인표준사업장=0.00; 공공구매인증서=0.00; 자활용사촌복지공장=0.00; 생산품목매칭=0.00; 부정당제재=-0.00; 현재제재여부=-0.00
450,9.0099,290,4015150501,정량펌프,4162052579,4162052579,로젠스,0.0,0.0,7.0,3.0,2025-11-12,43553451,304874160.0,0.0,,0.0,,원천_사업자번호집계,현재 후보 목록 기준 정책인증 확정 매칭 없음,0.0,0.0,0.0,,,,,,,,0.0,0.0,0.0,0.0,,,,,,,,,,,,,,,,,,,대표물품=0.00; 제조업체=0.00; 낙찰건수=1.89; 최근낙찰건수=3.96; 낙찰금액합계=3.16; 창업기업=0.00; 사회적기업=0.00; 사회적협동조합=0.00; 장애인표준사업장=0.00; 공공구매인증서=0.00; 자활용사촌복지공장=0.00; 생산품목매칭=0.00; 부정당제재=-0.00; 현재제재여부=-0.00
451,8.9394,276,4015150501,정량펌프,4892601333,4892601333,원테크,0.0,0.0,9.0,1.0,2025-06-10,48431704,435885340.0,0.0,,0.0,,원천_사업자번호집계,현재 후보 목록 기준 정책인증 확정 매칭 없음,0.0,0.0,0.0,,,,,,,,0.0,0.0,0.0,0.0,,,,,,,,,,,,,,,,,,,대표물품=0.00; 제조업체=0.00; 낙찰건수=3.36; 최근낙찰건수=1.98; 낙찰금액합계=3.60; 창업기업=0.00; 사회적기업=0.00; 사회적협동조합=0.00; 장애인표준사업장=0.00; 공공구매인증서=0.00; 자활용사촌복지공장=0.00; 생산품목매칭=0.00; 부정당제재=-0.00; 현재제재여부=-0.00
452,8.9043,425,4015151301,수중펌프,7850902363,7850902363,레몬,0.0,0.0,8.0,2.0,2025-04-04,36419249,291353990.0,0.0,,0.0,,원천_사업자번호집계,현재 후보 목록 기준 정책인증 확정 매칭 없음,0.0,0.0,0.0,,,,,,,,0.0,0.0,0.0,0.0,,,,,,,,,,,,,,,,,,,대표물품=0.00; 제조업체=0.00; 낙찰건수=2.66; 최근낙찰건수=3.14; 낙찰금액합계=3.10; 창업기업=0.00; 사회적기업=0.00; 사회적협동조합=0.00; 장애인표준사업장=0.00; 공공구매인증서=0.00; 자활용사촌복지공장=0.00; 생산품목매칭=0.00; 부정당제재=-0.00; 현재제재여부=-0.00
453,8.9043,496,4014169401,제수밸브,7850902363,7850902363,레몬,0.0,0.0,8.0,2.0,2025-04-04,36419249,291353990.0,0.0,,0.0,,원천_사업자번호집계,현재 후보 목록 기준 정책인증 확정 매칭 없음,0.0,0.0,0.0,,,,,,,,0.0,0.0,0.0,0.0,,,,,,,,,,,,,,,,,,,대표물품=0.00; 제조업체=0.00; 낙찰건수=2.66; 최근낙찰건수=3.14; 낙찰금액합계=3.10; 창업기업=0.00; 사회적기업=0.00; 사회적협동조합=0.00; 장애인표준사업장=0.00; 공공구매인증서=0.00; 자활용사촌복지공장=0.00; 생산품목매칭=0.00; 부정당제재=-0.00; 현재제재여부=-0.00
454,8.847,392,4111250101,유량계,6140801143,6140801143,명지산업,0.0,0.0,10.0,0.0,2024-05-17,120010296,1200102960.0,0.0,,0.0,,원천_사업자번호집계,현재 후보 목록 기준 정책인증 확정 매칭 없음,0.0,0.0,0.0,,,,,,,,0.0,0.0,0.0,0.0,,,,,,,,,,,,,,,,,,,대표물품=0.00; 제조업체=0.00; 낙찰건수=3.98; 최근낙찰건수=0.00; 낙찰금액합계=4.87; 창업기업=0.00; 사회적기업=0.00; 사회적협동조합=0.00; 장애인표준사업장=0.00; 공공구매인증서=0.00; 자활용사촌복지공장=0.00; 생산품목매칭=0.00; 부정당제재=-0.00; 현재제재여부=-0.00
455,8.7867,490,4014169401,제수밸브,3973600790,3973600790,레버너스,0.0,0.0,8.0,1.0,2025-07-01,83947769,671582152.0,0.0,,0.0,,원천_사업자번호집계,현재 후보 목록 기준 정책인증 확정 매칭 없음,0.0,0.0,0.0,,,,,,,,0.0,0.0,0.0,0.0,,,,,,,,,,,,,,,,,,,대표물품=0.00; 제조업체=0.00; 낙찰건수=2.66; 최근낙찰건수=1.98; 낙찰금액합계=4.14; 창업기업=0.00; 사회적기업=0.00; 사회적협동조합=0.00; 장애인표준사업장=0.00; 공공구매인증서=0.00; 자활용사촌복지공장=0.00; 생산품목매칭=0.00; 부정당제재=-0.00; 현재제재여부=-0.00
456,8.4644,497,4014169401,제수밸브,5081296304,5081296304,달란트(talent)상사,0.0,0.0,8.0,2.0,2025-05-20,25600830,204806640.49,0.0,,0.0,,원천_사업자번호집계,현재 후보 목록 기준 정책인증 확정 매칭 없음,0.0,0.0,0.0,,,,,,,,0.0,0.0,0.0,0.0,,,,,,,,,,,,,,,,,,,대표물품=0.00; 제조업체=0.00; 낙찰건수=2.66; 최근낙찰건수=3.14; 낙찰금액합계=2.66; 창업기업=0.00; 사회적기업=0.00; 사회적협동조합=0.00; 장애인표준사업장=0.00; 공공구매인증서=0.00; 자활용사촌복지공장=0.00; 생산품목매칭=0.00; 부정당제재=-0.00; 현재제재여부=-0.00
457,8.4598,447,4015151301,수중펌프,8951202544,8951202544,에스이스페이스,0.0,0.0,5.0,5.0,2025-10-30,70442724,352213620.0,0.0,,0.0,,원천_사업자번호집계,현재 후보 목록 기준 정책인증 확정 매칭 없음,0.0,0.0,0.0,,,,,,,,0.0,0.0,0.0,0.0,,,,,,,,,,,,,,,,,,,대표물품=0.00; 제조업체=0.00; 낙찰건수=0.00; 최근낙찰건수=5.12; 낙찰금액합계=3.34; 창업기업=0.00; 사회적기업=0.00; 사회적협동조합=0.00; 장애인표준사업장=0.00; 공공구매인증서=0.00; 자활용사촌복지공장=0.00; 생산품목매칭=0.00; 부정당제재=-0.00; 현재제재여부=-0.00
458,8.4281,492,4014169401,제수밸브,6945900481,6945900481,비앤와이컴퍼니,0.0,0.0,8.0,1.0,2025-06-20,62979068,503832540.0,0.0,,0.0,,원천_사업자번호집계,현재 후보 목록 기준 정책인증 확정 매칭 없음,0.0,0.0,0.0,,,,,,,,0.0,0.0,0.0,0.0,,,,,,,,,,,,,,,,,,,대표물품=0.00; 제조업체=0.00; 낙찰건수=2.66; 최근낙찰건수=1.98; 낙찰금액합계=3.78; 창업기업=0.00; 사회적기업=0.00; 사회적협동조합=0.00; 장애인표준사업장=0.00; 공공구매인증서=0.00; 자활용사촌복지공장=0.00; 생산품목매칭=0.00; 부정당제재=-0.00; 현재제재여부=-0.00
459,8.35,444,4015151301,수중펌프,3118702821,3118702821,유한회사 은광,0.0,0.0,5.0,4.0,2025-10-20,97973181,489865903.86,0.0,,0.0,,원천_사업자번호집계,현재 후보 목록 기준 정책인증 확정 매칭 없음,0.0,0.0,0.0,,,,,,,,0.0,0.0,0.0,0.0,,,,,,,,,,,,,,,,,,,대표물품=0.00; 제조업체=0.00; 낙찰건수=0.00; 최근낙찰건수=4.60; 낙찰금액합계=3.75; 창업기업=0.00; 사회적기업=0.00; 사회적협동조합=0.00; 장애인표준사업장=0.00; 공공구매인증서=0.00; 자활용사촌복지공장=0.00; 생산품목매칭=0.00; 부정당제재=-0.00; 현재제재여부=-0.00
460,8.2324,416,4015151301,수중펌프,4098192439,4098192439,에이원산업 주식회사,0.0,0.0,9.0,0.0,2024-05-03,134588034,1211292310.0,0.0,,0.0,,원천_사업자번호집계,현재 후보 목록 기준 정책인증 확정 매칭 없음,0.0,0.0,0.0,,,,,,,,0.0,0.0,0.0,0.0,,,,,,,,,,,,,,,,,,,대표물품=0.00; 제조업체=0.00; 낙찰건수=3.36; 최근낙찰건수=0.00; 낙찰금액합계=4.88; 창업기업=0.00; 사회적기업=0.00; 사회적협동조합=0.00; 장애인표준사업장=0.00; 공공구매인증서=0.00; 자활용사촌복지공장=0.00; 생산품목매칭=0.00; 부정당제재=-0.00; 현재제재여부=-0.00
461,8.1944,297,4015150501,정량펌프,1501800090,1501800090,가빈,0.0,0.0,6.0,3.0,2025-09-22,53386127,320316760.0,0.0,,0.0,,원천_사업자번호집계,현재 후보 목록 기준 정책인증 확정 매칭 없음,0.0,0.0,0.0,,,,,,,,0.0,0.0,0.0,0.0,,,,,,,,,,,,,,,,,,,대표물품=0.00; 제조업체=0.00; 낙찰건수=1.01; 최근낙찰건수=3.96; 낙찰금액합계=3.22; 창업기업=0.00; 사회적기업=0.00; 사회적협동조합=0.00; 장애인표준사업장=0.00; 공공구매인증서=0.00; 자활용사촌복지공장=0.00; 생산품목매칭=0.00; 부정당제재=-0.00; 현재제재여부=-0.00
462,8.1811,441,4015151301,수중펌프,1928101651,1928101651,주식회사 진흥,0.0,0.0,6.0,5.0,2025-09-18,20855359,125132155.0,0.0,,0.0,,원천_사업자번호집계,현재 후보 목록 기준 정책인증 확정 매칭 없음,0.0,0.0,0.0,,,,,,,,0.0,0.0,0.0,0.0,,,,,,,,,,,,,,,,,,,대표물품=0.00; 제조업체=0.00; 낙찰건수=1.01; 최근낙찰건수=5.12; 낙찰금액합계=2.04; 창업기업=0.00; 사회적기업=0.00; 사회적협동조합=0.00; 장애인표준사업장=0.00; 공공구매인증서=0.00; 자활용사촌복지공장=0.00; 생산품목매칭=0.00; 부정당제재=-0.00; 현재제재여부=-0.00
463,8.155,434,4015151301,수중펌프,1258130442,1258130442,성남건설산업주식회사,0.0,0.0,6.0,1.0,2025-12-19,253322927,1519937560.0,0.0,,0.0,,원천_사업자번호집계,현재 후보 목록 기준 정책인증 확정 매칭 없음,0.0,0.0,0.0,,,,,,,,0.0,0.0,0.0,0.0,,,,,,,,,,,,,,,,,,,대표물품=0.00; 제조업체=0.00; 낙찰건수=1.01; 최근낙찰건수=1.98; 낙찰금액합계=5.16; 창업기업=0.00; 사회적기업=0.00; 사회적협동조합=0.00; 장애인표준사업장=0.00; 공공구매인증서=0.00; 자활용사촌복지공장=0.00; 생산품목매칭=0.00; 부정당제재=-0.00; 현재제재여부=-0.00
464,8.1518,495,4014169401,제수밸브,2292003061,2292003061,엘라시스템,0.0,0.0,8.0,1.0,2025-09-24,50470610,403764880.0,0.0,,0.0,,원천_사업자번호집계,현재 후보 목록 기준 정책인증 확정 매칭 없음,0.0,0.0,0.0,,,,,,,,0.0,0.0,0.0,0.0,,,,,,,,,,,,,,,,,,,대표물품=0.00; 제조업체=0.00; 낙찰건수=2.66; 최근낙찰건수=1.98; 낙찰금액합계=3.51; 창업기업=0.00; 사회적기업=0.00; 사회적협동조합=0.00; 장애인표준사업장=0.00; 공공구매인증서=0.00; 자활용사촌복지공장=0.00; 생산품목매칭=0.00; 부정당제재=-0.00; 현재제재여부=-0.00
465,8.1472,249,4710169801,수처리용여과재,7398102236,7398102236,주식회사 정운씨앤씨,0.0,0.0,11.0,0.0,2024-12-19,39386822,433255040.0,0.0,,0.0,,원천_사업자번호집계,현재 후보 목록 기준 정책인증 확정 매칭 없음,0.0,0.0,0.0,,,,,,,,0.0,0.0,0.0,0.0,,,,,,,,,,,,,,,,,,,대표물품=0.00; 제조업체=0.00; 낙찰건수=4.55; 최근낙찰건수=0.00; 낙찰금액합계=3.59; 창업기업=0.00; 사회적기업=0.00; 사회적협동조합=0.00; 장애인표준사업장=0.00; 공공구매인증서=0.00; 자활용사촌복지공장=0.00; 생산품목매칭=0.00; 부정당제재=-0.00; 현재제재여부=-0.00
466,8.1472,389,4111250101,유량계,7398102236,7398102236,주식회사 정운씨앤씨,0.0,0.0,11.0,0.0,2024-12-19,39386822,433255040.0,0.0,,0.0,,원천_사업자번호집계,현재 후보 목록 기준 정책인증 확정 매칭 없음,0.0,0.0,0.0,,,,,,,,0.0,0.0,0.0,0.0,,,,,,,,,,,,,,,,,,,대표물품=0.00; 제조업체=0.00; 낙찰건수=4.55; 최근낙찰건수=0.00; 낙찰금액합계=3.59; 창업기업=0.00; 사회적기업=0.00; 사회적협동조합=0.00; 장애인표준사업장=0.00; 공공구매인증서=0.00; 자활용사촌복지공장=0.00; 생산품목매칭=0.00; 부정당제재=-0.00; 현재제재여부=-0.00
467,8.0937,390,4111250101,유량계,3854700702,3854700702,에스디씨,0.0,0.0,11.0,0.0,2023-07-26,37732933,415062261.0,0.0,,0.0,,원천_사업자번호집계,현재 후보 목록 기준 정책인증 확정 매칭 없음,0.0,0.0,0.0,,,,,,,,0.0,0.0,0.0,0.0,,,,,,,,,,,,,,,,,,,대표물품=0.00; 제조업체=0.00; 낙찰건수=4.55; 최근낙찰건수=0.00; 낙찰금액합계=3.54; 창업기업=0.00; 사회적기업=0.00; 사회적협동조합=0.00; 장애인표준사업장=0.00; 공공구매인증서=0.00; 자활용사촌복지공장=0.00; 생산품목매칭=0.00; 부정당제재=-0.00; 현재제재여부=-0.00
468,7.9798,299,4015150501,정량펌프,6352100820,6352100820,나린아토,0.0,0.0,6.0,3.0,2025-09-10,44951362,269708170.0,0.0,,0.0,,원천_사업자번호집계,현재 후보 목록 기준 정책인증 확정 매칭 없음,0.0,0.0,0.0,,,,,,,,0.0,0.0,0.0,0.0,,,,,,,,,,,,,,,,,,,대표물품=0.00; 제조업체=0.00; 낙찰건수=1.01; 최근낙찰건수=3.96; 낙찰금액합계=3.00; 창업기업=0.00; 사회적기업=0.00; 사회적협동조합=0.00; 장애인표준사업장=0.00; 공공구매인증서=0.00; 자활용사촌복지공장=0.00; 생산품목매칭=0.00; 부정당제재=-0.00; 현재제재여부=-0.00
469,7.9429,428,4015151301,수중펌프,2362501649,2362501649,영재유통,0.0,0.0,7.0,1.0,2025-06-03,90702153,634915068.04,0.0,,0.0,,원천_사업자번호집계,현재 후보 목록 기준 정책인증 확정 매칭 없음,0.0,0.0,0.0,,,,,,,,0.0,0.0,0.0,0.0,,,,,,,,,,,,,,,,,,,대표물품=0.00; 제조업체=0.00; 낙찰건수=1.89; 최근낙찰건수=1.98; 낙찰금액합계=4.07; 창업기업=0.00; 사회적기업=0.00; 사회적협동조합=0.00; 장애인표준사업장=0.00; 공공구매인증서=0.00; 자활용사촌복지공장=0.00; 생산품목매칭=0.00; 부정당제재=-0.00; 현재제재여부=-0.00
470,7.9429,498,4014169401,제수밸브,2362501649,2362501649,영재유통,0.0,0.0,7.0,1.0,2025-06-03,90702153,634915068.04,0.0,,0.0,,원천_사업자번호집계,현재 후보 목록 기준 정책인증 확정 매칭 없음,0.0,0.0,0.0,,,,,,,,0.0,0.0,0.0,0.0,,,,,,,,,,,,,,,,,,,대표물품=0.00; 제조업체=0.00; 낙찰건수=1.89; 최근낙찰건수=1.98; 낙찰금액합계=4.07; 창업기업=0.00; 사회적기업=0.00; 사회적협동조합=0.00; 장애인표준사업장=0.00; 공공구매인증서=0.00; 자활용사촌복지공장=0.00; 생산품목매칭=0.00; 부정당제재=-0.00; 현재제재여부=-0.00
471,7.8479,448,4015151301,수중펌프,6632301982,6632301982,더보스,0.0,0.0,5.0,4.0,2025-06-24,65514610,327573049.62,0.0,,0.0,,원천_사업자번호집계,현재 후보 목록 기준 정책인증 확정 매칭 없음,0.0,0.0,0.0,,,,,,,,0.0,0.0,0.0,0.0,,,,,,,,,,,,,,,,,,,대표물품=0.00; 제조업체=0.00; 낙찰건수=0.00; 최근낙찰건수=4.60; 낙찰금액합계=3.24; 창업기업=0.00; 사회적기업=0.00; 사회적협동조합=0.00; 장애인표준사업장=0.00; 공공구매인증서=0.00; 자활용사촌복지공장=0.00; 생산품목매칭=0.00; 부정당제재=-0.00; 현재제재여부=-0.00
472,7.8164,442,4015151301,수중펌프,3018137471,3018137471,(주)태성,0.0,0.0,5.0,2.0,2025-12-23,205986132,1029930660.0,0.0,,0.0,,원천_사업자번호집계,현재 후보 목록 기준 정책인증 확정 매칭 없음,0.0,0.0,0.0,,,,,,,,0.0,0.0,0.0,0.0,,,,,,,,,,,,,,,,,,,대표물품=0.00; 제조업체=0.00; 낙찰건수=0.00; 최근낙찰건수=3.14; 낙찰금액합계=4.67; 창업기업=0.00; 사회적기업=0.00; 사회적협동조합=0.00; 장애인표준사업장=0.00; 공공구매인증서=0.00; 자활용사촌복지공장=0.00; 생산품목매칭=0.00; 부정당제재=-0.00; 현재제재여부=-0.00
473,7.7031,291,4015150501,정량펌프,6990802444,6990802444,온그린,0.0,0.0,7.0,2.0,2025-12-15,29549522,206846651.3,0.0,,0.0,,원천_사업자번호집계,현재 후보 목록 기준 정책인증 확정 매칭 없음,0.0,0.0,0.0,,,,,,,,0.0,0.0,0.0,0.0,,,,,,,,,,,,,,,,,,,대표물품=0.00; 제조업체=0.00; 낙찰건수=1.89; 최근낙찰건수=3.14; 낙찰금액합계=2.67; 창업기업=0.00; 사회적기업=0.00; 사회적협동조합=0.00; 장애인표준사업장=0.00; 공공구매인증서=0.00; 자활용사촌복지공장=0.00; 생산품목매칭=0.00; 부정당제재=-0.00; 현재제재여부=-0.00
474,7.6879,436,4015151301,수중펌프,2201169007,2201169007,대경시스템,0.0,0.0,6.0,2.0,2025-12-29,68787978,412727870.0,0.0,,0.0,,원천_사업자번호집계,현재 후보 목록 기준 정책인증 확정 매칭 없음,0.0,0.0,0.0,,,,,,,,0.0,0.0,0.0,0.0,,,,,,,,,,,,,,,,,,,대표물품=0.00; 제조업체=0.00; 낙찰건수=1.01; 최근낙찰건수=3.14; 낙찰금액합계=3.53; 창업기업=0.00; 사회적기업=0.00; 사회적협동조합=0.00; 장애인표준사업장=0.00; 공공구매인증서=0.00; 자활용사촌복지공장=0.00; 생산품목매칭=0.00; 부정당제재=-0.00; 현재제재여부=-0.00
475,7.6252,429,4015151301,수중펌프,2318802328,2318802328,주식회사 제이앤에스,0.0,0.0,7.0,1.0,2025-04-02,70311522,492180657.0,0.0,,0.0,,원천_사업자번호집계,현재 후보 목록 기준 정책인증 확정 매칭 없음,0.0,0.0,0.0,,,,,,,,0.0,0.0,0.0,0.0,,,,,,,,,,,,,,,,,,,대표물품=0.00; 제조업체=0.00; 낙찰건수=1.89; 최근낙찰건수=1.98; 낙찰금액합계=3.75; 창업기업=0.00; 사회적기업=0.00; 사회적협동조합=0.00; 장애인표준사업장=0.00; 공공구매인증서=0.00; 자활용사촌복지공장=0.00; 생산품목매칭=0.00; 부정당제재=-0.00; 현재제재여부=-0.00
476,7.6227,296,4015150501,정량펌프,5541000898,5541000898,유아이네추럴,0.0,0.0,6.0,2.0,2025-12-17,65285768,391714607.0,0.0,,0.0,,원천_사업자번호집계,현재 후보 목록 기준 정책인증 확정 매칭 없음,0.0,0.0,0.0,,,,,,,,0.0,0.0,0.0,0.0,,,,,,,,,,,,,,,,,,,대표물품=0.00; 제조업체=0.00; 낙찰건수=1.01; 최근낙찰건수=3.14; 낙찰금액합계=3.47; 창업기업=0.00; 사회적기업=0.00; 사회적협동조합=0.00; 장애인표준사업장=0.00; 공공구매인증서=0.00; 자활용사촌복지공장=0.00; 생산품목매칭=0.00; 부정당제재=-0.00; 현재제재여부=-0.00
477,7.5009,288,4015150501,정량펌프,8544300608,8544300608,아즈위,0.0,0.0,7.0,1.0,2025-09-05,63645231,445516616.0,0.0,,0.0,,원천_사업자번호집계,현재 후보 목록 기준 정책인증 확정 매칭 없음,0.0,0.0,0.0,,,,,,,,0.0,0.0,0.0,0.0,,,,,,,,,,,,,,,,,,,대표물품=0.00; 제조업체=0.00; 낙찰건수=1.89; 최근낙찰건수=1.98; 낙찰금액합계=3.63; 창업기업=0.00; 사회적기업=0.00; 사회적협동조합=0.00; 장애인표준사업장=0.00; 공공구매인증서=0.00; 자활용사촌복지공장=0.00; 생산품목매칭=0.00; 부정당제재=-0.00; 현재제재여부=-0.00
478,7.3668,430,4015151301,수중펌프,2248124586,2248124586,합자회사 영진이엔지,0.0,0.0,7.0,1.0,2025-08-22,57163229,400142603.0,0.0,,0.0,,원천_사업자번호집계,현재 후보 목록 기준 정책인증 확정 매칭 없음,0.0,0.0,0.0,,,,,,,,0.0,0.0,0.0,0.0,,,,,,,,,,,,,,,,,,,대표물품=0.00; 제조업체=0.00; 낙찰건수=1.89; 최근낙찰건수=1.98; 낙찰금액합계=3.49; 창업기업=0.00; 사회적기업=0.00; 사회적협동조합=0.00; 장애인표준사업장=0.00; 공공구매인증서=0.00; 자활용사촌복지공장=0.00; 생산품목매칭=0.00; 부정당제재=-0.00; 현재제재여부=-0.00
479,7.2808,294,4015150501,정량펌프,8821501991,8821501991,지니어스케이,0.0,0.0,6.0,1.0,2025-06-02,125725888,754355330.0,0.0,,0.0,,원천_사업자번호집계,현재 후보 목록 기준 정책인증 확정 매칭 없음,0.0,0.0,0.0,,,,,,,,0.0,0.0,0.0,0.0,,,,,,,,,,,,,,,,,,,대표물품=0.00; 제조업체=0.00; 낙찰건수=1.01; 최근낙찰건수=1.98; 낙찰금액합계=4.29; 창업기업=0.00; 사회적기업=0.00; 사회적협동조합=0.00; 장애인표준사업장=0.00; 공공구매인증서=0.00; 자활용사촌복지공장=0.00; 생산품목매칭=0.00; 부정당제재=-0.00; 현재제재여부=-0.00
480,7.259,298,4015150501,정량펌프,2130233834,2130233834,한가람커뮤니케이션즈,0.0,0.0,6.0,2.0,2025-03-12,48781046,292686274.0,0.0,,0.0,,원천_사업자번호집계,현재 후보 목록 기준 정책인증 확정 매칭 없음,0.0,0.0,0.0,,,,,,,,0.0,0.0,0.0,0.0,,,,,,,,,,,,,,,,,,,대표물품=0.00; 제조업체=0.00; 낙찰건수=1.01; 최근낙찰건수=3.14; 낙찰금액합계=3.10; 창업기업=0.00; 사회적기업=0.00; 사회적협동조합=0.00; 장애인표준사업장=0.00; 공공구매인증서=0.00; 자활용사촌복지공장=0.00; 생산품목매칭=0.00; 부정당제재=-0.00; 현재제재여부=-0.00
481,7.259,439,4015151301,수중펌프,2130233834,2130233834,한가람커뮤니케이션즈,0.0,0.0,6.0,2.0,2025-03-12,48781046,292686274.0,0.0,,0.0,,원천_사업자번호집계,현재 후보 목록 기준 정책인증 확정 매칭 없음,0.0,0.0,0.0,,,,,,,,0.0,0.0,0.0,0.0,,,,,,,,,,,,,,,,,,,대표물품=0.00; 제조업체=0.00; 낙찰건수=1.01; 최근낙찰건수=3.14; 낙찰금액합계=3.10; 창업기업=0.00; 사회적기업=0.00; 사회적협동조합=0.00; 장애인표준사업장=0.00; 공공구매인증서=0.00; 자활용사촌복지공장=0.00; 생산품목매칭=0.00; 부정당제재=-0.00; 현재제재여부=-0.00
482,7.2554,443,4015151301,수중펌프,7218702921,7218702921,주식회사 이현코리아,0.0,0.0,5.0,2.0,2025-11-27,131405600,657028000.0,0.0,,0.0,,원천_사업자번호집계,현재 후보 목록 기준 정책인증 확정 매칭 없음,0.0,0.0,0.0,,,,,,,,0.0,0.0,0.0,0.0,,,,,,,,,,,,,,,,,,,대표물품=0.00; 제조업체=0.00; 낙찰건수=0.00; 최근낙찰건수=3.14; 낙찰금액합계=4.11; 창업기업=0.00; 사회적기업=0.00; 사회적협동조합=0.00; 장애인표준사업장=0.00; 공공구매인증서=0.00; 자활용사촌복지공장=0.00; 생산품목매칭=0.00; 부정당제재=-0.00; 현재제재여부=-0.00
483,7.1358,289,4015150501,정량펌프,6413200836,6413200836,양현,0.0,0.0,7.0,1.0,2025-12-03,47502743,332519200.0,0.0,,0.0,,원천_사업자번호집계,현재 후보 목록 기준 정책인증 확정 매칭 없음,0.0,0.0,0.0,,,,,,,,0.0,0.0,0.0,0.0,,,,,,,,,,,,,,,,,,,대표물품=0.00; 제조업체=0.00; 낙찰건수=1.89; 최근낙찰건수=1.98; 낙찰금액합계=3.26; 창업기업=0.00; 사회적기업=0.00; 사회적협동조합=0.00; 장애인표준사업장=0.00; 공공구매인증서=0.00; 자활용사촌복지공장=0.00; 생산품목매칭=0.00; 부정당제재=-0.00; 현재제재여부=-0.00
484,7.1358,431,4015151301,수중펌프,6413200836,6413200836,양현,0.0,0.0,7.0,1.0,2025-12-03,47502743,332519200.0,0.0,,0.0,,원천_사업자번호집계,현재 후보 목록 기준 정책인증 확정 매칭 없음,0.0,0.0,0.0,,,,,,,,0.0,0.0,0.0,0.0,,,,,,,,,,,,,,,,,,,대표물품=0.00; 제조업체=0.00; 낙찰건수=1.89; 최근낙찰건수=1.98; 낙찰금액합계=3.26; 창업기업=0.00; 사회적기업=0.00; 사회적협동조합=0.00; 장애인표준사업장=0.00; 공공구매인증서=0.00; 자활용사촌복지공장=0.00; 생산품목매칭=0.00; 부정당제재=-0.00; 현재제재여부=-0.00
485,6.6639,295,4015150501,정량펌프,5612601256,5612601256,엠솔루션,0.0,0.0,6.0,1.0,2025-11-04,76686032,460116190.0,0.0,,0.0,,원천_사업자번호집계,현재 후보 목록 기준 정책인증 확정 매칭 없음,0.0,0.0,0.0,,,,,,,,0.0,0.0,0.0,0.0,,,,,,,,,,,,,,,,,,,대표물품=0.00; 제조업체=0.00; 낙찰건수=1.01; 최근낙찰건수=1.98; 낙찰금액합계=3.67; 창업기업=0.00; 사회적기업=0.00; 사회적협동조합=0.00; 장애인표준사업장=0.00; 공공구매인증서=0.00; 자활용사촌복지공장=0.00; 생산품목매칭=0.00; 부정당제재=-0.00; 현재제재여부=-0.00
486,6.5648,446,4015151301,수중펌프,5172501460,5172501460,기쁜몰,0.0,0.0,5.0,2.0,2025-12-11,75555272,377776362.0,0.0,,0.0,,원천_사업자번호집계,현재 후보 목록 기준 정책인증 확정 매칭 없음,0.0,0.0,0.0,,,,,,,,0.0,0.0,0.0,0.0,,,,,,,,,,,,,,,,,,,대표물품=0.00; 제조업체=0.00; 낙찰건수=0.00; 최근낙찰건수=3.14; 낙찰금액합계=3.42; 창업기업=0.00; 사회적기업=0.00; 사회적협동조합=0.00; 장애인표준사업장=0.00; 공공구매인증서=0.00; 자활용사촌복지공장=0.00; 생산품목매칭=0.00; 부정당제재=-0.00; 현재제재여부=-0.00
487,6.3556,277,4015150501,정량펌프,4012901334,4012901334,솔미,0.0,0.0,9.0,0.0,2024-12-25,29910299,269192689.27,0.0,,0.0,,원천_사업자번호집계,현재 후보 목록 기준 정책인증 확정 매칭 없음,0.0,0.0,0.0,,,,,,,,0.0,0.0,0.0,0.0,,,,,,,,,,,,,,,,,,,대표물품=0.00; 제조업체=0.00; 낙찰건수=3.36; 최근낙찰건수=0.00; 낙찰금액합계=3.00; 창업기업=0.00; 사회적기업=0.00; 사회적협동조합=0.00; 장애인표준사업장=0.00; 공공구매인증서=0.00; 자활용사촌복지공장=0.00; 생산품목매칭=0.00; 부정당제재=-0.00; 현재제재여부=-0.00
488,6.2727,285,4015150501,정량펌프,7928103347,7928103347,주식회사 프리젠,0.0,0.0,7.0,0.0,2024-07-23,116483029,815381200.0,0.0,,0.0,,원천_사업자번호집계,현재 후보 목록 기준 정책인증 확정 매칭 없음,0.0,0.0,0.0,,,,,,,,0.0,0.0,0.0,0.0,,,,,,,,,,,,,,,,,,,대표물품=0.00; 제조업체=0.00; 낙찰건수=1.89; 최근낙찰건수=0.00; 낙찰금액합계=4.38; 창업기업=0.00; 사회적기업=0.00; 사회적협동조합=0.00; 장애인표준사업장=0.00; 공공구매인증서=0.00; 자활용사촌복지공장=0.00; 생산품목매칭=0.00; 부정당제재=-0.00; 현재제재여부=-0.00
489,6.2657,437,4015151301,수중펌프,4938702254,4938702254,(주)오니,0.0,0.0,6.0,1.0,2025-04-03,55735997,334415980.0,0.0,,0.0,,원천_사업자번호집계,현재 후보 목록 기준 정책인증 확정 매칭 없음,0.0,0.0,0.0,,,,,,,,0.0,0.0,0.0,0.0,,,,,,,,,,,,,,,,,,,대표물품=0.00; 제조업체=0.00; 낙찰건수=1.01; 최근낙찰건수=1.98; 낙찰금액합계=3.27; 창업기업=0.00; 사회적기업=0.00; 사회적협동조합=0.00; 장애인표준사업장=0.00; 공공구매인증서=0.00; 자활용사촌복지공장=0.00; 생산품목매칭=0.00; 부정당제재=-0.00; 현재제재여부=-0.00
490,6.1798,494,4014169401,제수밸브,8472101169,8472101169,대일컴퍼니,0.0,0.0,8.0,0.0,2024-06-28,50894972,407159780.0,0.0,,0.0,,원천_사업자번호집계,현재 후보 목록 기준 정책인증 확정 매칭 없음,0.0,0.0,0.0,,,,,,,,0.0,0.0,0.0,0.0,,,,,,,,,,,,,,,,,,,대표물품=0.00; 제조업체=0.00; 낙찰건수=2.66; 최근낙찰건수=0.00; 낙찰금액합계=3.52; 창업기업=0.00; 사회적기업=0.00; 사회적협동조합=0.00; 장애인표준사업장=0.00; 공공구매인증서=0.00; 자활용사촌복지공장=0.00; 생산품목매칭=0.00; 부정당제재=-0.00; 현재제재여부=-0.00
491,5.8313,499,4014169401,제수밸브,4164200700,4164200700,건영,0.0,0.0,7.0,0.0,2024-09-25,81776790,572437530.0,0.0,,0.0,,원천_사업자번호집계,현재 후보 목록 기준 정책인증 확정 매칭 없음,0.0,0.0,0.0,,,,,,,,0.0,0.0,0.0,0.0,,,,,,,,,,,,,,,,,,,대표물품=0.00; 제조업체=0.00; 낙찰건수=1.89; 최근낙찰건수=0.00; 낙찰금액합계=3.94; 창업기업=0.00; 사회적기업=0.00; 사회적협동조합=0.00; 장애인표준사업장=0.00; 공공구매인증서=0.00; 자활용사촌복지공장=0.00; 생산품목매칭=0.00; 부정당제재=-0.00; 현재제재여부=-0.00
492,4.7936,449,4015151301,수중펌프,4011891219,4011891219,반도,0.0,0.0,5.0,1.0,2025-12-04,46280066,231400330.0,0.0,,0.0,,원천_사업자번호집계,현재 후보 목록 기준 정책인증 확정 매칭 없음,0.0,0.0,0.0,,,,,,,,0.0,0.0,0.0,0.0,,,,,,,,,,,,,,,,,,,대표물품=0.00; 제조업체=0.00; 낙찰건수=0.00; 최근낙찰건수=1.98; 낙찰금액합계=2.81; 창업기업=0.00; 사회적기업=0.00; 사회적협동조합=0.00; 장애인표준사업장=0.00; 공공구매인증서=0.00; 자활용사촌복지공장=0.00; 생산품목매칭=0.00; 부정당제재=-0.00; 현재제재여부=-0.00
493,4.2506,438,4015151301,수중펌프,6514700797,6514700797,다산의료기,0.0,0.0,6.0,0.0,2024-07-15,54294348,325766090.0,0.0,,0.0,,원천_사업자번호집계,현재 후보 목록 기준 정책인증 확정 매칭 없음,0.0,0.0,0.0,,,,,,,,0.0,0.0,0.0,0.0,,,,,,,,,,,,,,,,,,,대표물품=0.00; 제조업체=0.00; 낙찰건수=1.01; 최근낙찰건수=0.00; 낙찰금액합계=3.24; 창업기업=0.00; 사회적기업=0.00; 사회적협동조합=0.00; 장애인표준사업장=0.00; 공공구매인증서=0.00; 자활용사촌복지공장=0.00; 생산품목매칭=0.00; 부정당제재=-0.00; 현재제재여부=-0.00
494,3.5234,445,4015151301,수중펌프,3018607477,3018607477,아라온정보통신 주식회사,0.0,0.0,5.0,0.0,2023-07-12,81895674,409478370.0,0.0,,0.0,,원천_사업자번호집계,현재 후보 목록 기준 정책인증 확정 매칭 없음,0.0,0.0,0.0,,,,,,,,0.0,0.0,0.0,0.0,,,,,,,,,,,,,,,,,,,대표물품=0.00; 제조업체=0.00; 낙찰건수=0.00; 최근낙찰건수=0.00; 낙찰금액합계=3.52; 창업기업=0.00; 사회적기업=0.00; 사회적협동조합=0.00; 장애인표준사업장=0.00; 공공구매인증서=0.00; 자활용사촌복지공장=0.00; 생산품목매칭=0.00; 부정당제재=-0.00; 현재제재여부=-0.00
495,2.4721,450,4015151301,수중펌프,1022268268,1022268268,원플랫폼,0.0,0.0,5.0,0.0,2024-04-19,35269098,176345489.0,0.0,,0.0,,원천_사업자번호집계,현재 후보 목록 기준 정책인증 확정 매칭 없음,0.0,0.0,0.0,,,,,,,,0.0,0.0,0.0,0.0,,,,,,,,,,,,,,,,,,,대표물품=0.00; 제조업체=0.00; 낙찰건수=0.00; 최근낙찰건수=0.00; 낙찰금액합계=2.47; 창업기업=0.00; 사회적기업=0.00; 사회적협동조합=0.00; 장애인표준사업장=0.00; 공공구매인증서=0.00; 자활용사촌복지공장=0.00; 생산품목매칭=0.00; 부정당제재=-0.00; 현재제재여부=-0.00
496,-138.7637,114,4016150601,여과장치,3058149402,3058149402,주식회사 아워스,0.0,0.0,31.0,4.0,2025-09-22,71837434,2226960452.0,1.0,1,1.0,2026-06-23,원천_사업자번호집계,현재 후보 목록 기준 정책인증 확정 매칭 없음,0.0,0.0,0.0,,,0.118548,13,-141.4358,47,240.0,0.0,0.0,0.0,0.0,,,0,0,0,0,50,9,6,50,9,61.0,6.0,1.0,1125.0,0.0,0.0,2.0,대표물품=0.00; 제조업체=0.00; 낙찰건수=11.00; 최근낙찰건수=4.60; 낙찰금액합계=5.64; 창업기업=0.00; 사회적기업=0.00; 사회적협동조합=0.00; 장애인표준사업장=0.00; 공공구매인증서=0.00; 자활용사촌복지공장=0.00; 생산품목매칭=0.00; 부정당제재=-100.00; 현재제재여부=-60.00
497,-142.5319,93,4111331901,기타수질분석기,1458102877,1458102877,주식회사 오성테크,0.0,0.0,17.0,5.0,2025-07-30,87057216,1479972680.0,1.0,1,1.0,2026-05-28,원천_사업자번호집계,현재 후보 목록 기준 정책인증 확정 매칭 없음,0.0,0.0,0.0,,,0.200039,37,-148.6963,50,288.0,0.0,0.0,0.0,0.0,,,0,0,0,0,50,12,2,50,12,325.0,78.0,44.0,873.0,0.0,3.0,3.0,대표물품=0.00; 제조업체=0.00; 낙찰건수=7.22; 최근낙찰건수=5.12; 낙찰금액합계=5.13; 창업기업=0.00; 사회적기업=0.00; 사회적협동조합=0.00; 장애인표준사업장=0.00; 공공구매인증서=0.00; 자활용사촌복지공장=0.00; 생산품목매칭=0.00; 부정당제재=-100.00; 현재제재여부=-60.00
498,-142.6387,142,4016150601,여과장치,5073600534,5073600534,엔젤테크,0.0,0.0,17.0,5.0,2025-11-13,79916535,1358581090.0,1.0,2,1.0,2026-06-18,원천_사업자번호집계,현재 후보 목록 기준 정책인증 확정 매칭 없음,0.0,0.0,0.0,,,0.058252,38,-150.9305,50,184.0,0.0,0.0,0.0,0.0,,,0,0,0,0,50,9,6,50,9,391.0,18.0,3.0,1130.0,0.0,0.0,1.0,대표물품=0.00; 제조업체=0.00; 낙찰건수=7.22; 최근낙찰건수=5.12; 낙찰금액합계=5.02; 창업기업=0.00; 사회적기업=0.00; 사회적협동조합=0.00; 장애인표준사업장=0.00; 공공구매인증서=0.00; 자활용사촌복지공장=0.00; 생산품목매칭=0.00; 부정당제재=-100.00; 현재제재여부=-60.00
499,-142.8578,145,4016150601,여과장치,3148612199,3148612199,주식회사 유노미아,0.0,0.0,16.0,4.0,2025-09-04,146172844,2338765499.0,1.0,3,1.0,2026-09-17,원천_사업자번호집계,현재 후보 목록 기준 정책인증 확정 매칭 없음,0.0,0.0,0.0,,,0.146762,12,-150.8553,49,249.0,0.0,0.0,0.0,0.0,,,0,0,0,0,50,9,6,50,9,44.0,3.0,1.0,1125.0,0.0,0.0,1.0,대표물품=0.00; 제조업체=0.00; 낙찰건수=6.84; 최근낙찰건수=4.60; 낙찰금액합계=5.70; 창업기업=0.00; 사회적기업=0.00; 사회적협동조합=0.00; 장애인표준사업장=0.00; 공공구매인증서=0.00; 자활용사촌복지공장=0.00; 생산품목매칭=0.00; 부정당제재=-100.00; 현재제재여부=-60.00
500,-143.5865,125,4016150601,여과장치,2702501178,2702501178,도담,0.0,0.0,22.0,1.0,2025-02-21,98600128,2169202807.0,1.0,1,1.0,2026-05-11,원천_사업자번호집계,현재 후보 목록 기준 정책인증 확정 매칭 없음,0.0,0.0,0.0,,,0.08935,20,-149.8899,48,452.0,0.0,0.0,0.0,0.0,,,0,0,0,0,50,9,6,50,9,38.0,4.0,1.0,1368.0,0.0,0.0,0.0,대표물품=0.00; 제조업체=0.00; 낙찰건수=8.83; 최근낙찰건수=1.98; 낙찰금액합계=5.60; 창업기업=0.00; 사회적기업=0.00; 사회적협동조합=0.00; 장애인표준사업장=0.00; 공공구매인증서=0.00; 자활용사촌복지공장=0.00; 생산품목매칭=0.00; 부정당제재=-100.00; 현재제재여부=-60.00
